GPStime,snr,label,Q-value
1256656529.746,8.199,Blip_Low_Frequency,5.657
1256657570.055,7.53,Low_Frequency_Burst,11.314
1256663977.141,11.548,Low_Frequency_Burst,11.314
1256664707.777,8.124,Blip_Low_Frequency,5.657
1256666262.297,10.123,Fast_Scattering,11.314
1256667120.757,16.574,Blip,5.657
1256667865.973,8.75,Blip_Low_Frequency,5.657
1256667990.25,16.391,Low_Frequency_Lines,45.255
1256669055.742,8.599,Blip,5.657
1256671846.965,19.206,Tomte,5.657
1256673968.801,18.332,Tomte,5.657
1256674995.811,137.261,Koi_Fish,5.657
1256675063.786,367.473,Koi_Fish,5.657
1256675064.633,8.129,Blip,5.657
1256675490.648,9.287,Fast_Scattering,11.314
1256676126.641,8.606,Fast_Scattering,11.314
1256676505.416,8.857,Blip_Low_Frequency,5.657
1256676970.403,16.696,Blip_Low_Frequency,5.657
1256676997.973,8.128,Tomte,5.657
1256677072.84,1468.366,Extremely_Loud,11.314
1256677182.75,9.586,Low_Frequency_Lines,45.255
1256677512.25,11.09,Low_Frequency_Lines,45.255
1256677851.916,1503.484,Extremely_Loud,5.657
1256678631.128,49.308,Koi_Fish,5.657
1256682390.377,614.596,Extremely_Loud,5.657
1256683467.434,16.525,Tomte,5.657
1256684451.227,478.834,Extremely_Loud,11.314
1256684568.75,8.455,Low_Frequency_Lines,45.255
1256685079.655,794.152,Extremely_Loud,5.657
1256686094.959,20.966,Blip_Low_Frequency,5.657
1256687174.731,15.975,Blip,5.657
1256688744.742,852.824,Extremely_Loud,11.314
1256688801.168,8.38,Tomte,5.657
1256689245.639,10.852,Tomte,5.657
1256693320.717,8.258,Blip,5.657
1256694518.229,360.602,Koi_Fish,5.657
1256695141.979,7.696,Blip,5.657
1256695581.494,8.015,Blip_Low_Frequency,5.657
1256697828.201,11.205,Blip_Low_Frequency,5.657
1256699969.192,11.509,Blip,5.657
1256700097.76,11.003,Blip_Low_Frequency,5.657
1256701132.91,7.561,Blip_Low_Frequency,5.657
1256701588.843,1106.969,Koi_Fish,5.657
1256702256.434,14.422,Tomte,5.657
1256705750.533,8.74,Blip,5.657
1256706742.23,17.263,Tomte,5.657
1256710296.064,8.366,Blip_Low_Frequency,5.657
1256711328.332,8.309,Blip_Low_Frequency,5.657
1256711354.191,744.151,Koi_Fish,5.657
1256712858.43,8.492,Blip,5.657
1256713818.224,1181.592,Extremely_Loud,5.657
1256714430.035,11.446,Tomte,5.657
1256715248.194,295.376,Koi_Fish,5.657
1256720300.146,10.787,Tomte,5.657
1256723780.012,20.745,Tomte,5.657
1256724107.887,1183.424,Extremely_Loud,11.314
1256725470.238,10.664,Tomte,5.657
1256725584.012,13.602,Tomte,5.657
1256726290.176,16.004,Tomte,5.657
1256727209.187,16.369,Blip,5.657
1256728497.459,7.645,Blip_Low_Frequency,5.657
1256729256.351,8.974,Blip,5.657
1256729599.75,11.644,Low_Frequency_Lines,45.255
1256729746.672,7.969,Fast_Scattering,11.314
1256729917.732,16.843,Tomte,5.657
1256730182.828,8.809,Fast_Scattering,22.627
1256730339.032,40.392,Blip,5.657
1256730439.256,9.382,Blip_Low_Frequency,5.657
1256730889.586,7.534,Fast_Scattering,11.314
1256731247.715,10.034,Blip,5.657
1256732143.348,6320.325,Extremely_Loud,5.657
1256733061.246,8.105,Blip_Low_Frequency,5.657
1256734825.081,34.813,Blip,5.657
1256736306.978,30.141,Koi_Fish,5.657
1256737967.777,7.786,Blip_Low_Frequency,5.657
1256738813.684,9.468,Tomte,5.657
1256739316.613,1138.663,Extremely_Loud,5.657
1256739338.645,23.497,Tomte,5.657
1256741253.637,10.593,Tomte,5.657
1256741456.197,246.654,Koi_Fish,5.657
1256742076.973,8.146,Blip_Low_Frequency,5.657
1256742363.295,7.766,Blip_Low_Frequency,5.657
1256743031.672,1556.029,Extremely_Loud,5.657
1256743413.47,146.27,Extremely_Loud,5.657
1256743950.232,10.195,Blip,5.657
1256743970.313,8.072,Blip,5.657
1256744577.865,310.236,Extremely_Loud,5.657
1256745125.568,91.566,Koi_Fish,5.657
1256745802.071,615.777,Koi_Fish,5.657
1256746166.762,9.006,Blip_Low_Frequency,5.657
1256746626.535,8.208,Tomte,5.657
1256747471.237,939.398,Extremely_Loud,5.657
1256747828.094,13.556,Blip,5.657
1256749192.708,469.828,Koi_Fish,5.657
1256749203.801,13.257,Tomte,5.657
1256751921.875,36.757,Extremely_Loud,45.255
1256752430.457,26.706,Tomte,5.657
1256753045.691,836.477,Extremely_Loud,11.314
1256753575.238,37.901,Tomte,5.657
1256754718.816,8.074,Blip_Low_Frequency,5.657
1256754854.75,11.113,Low_Frequency_Lines,45.255
1256755155.66,3161.369,Extremely_Loud,11.314
1256766753.762,10.675,Tomte,5.657
1256766917.473,7.968,Blip_Low_Frequency,5.657
1256767039.215,19.589,Whistle,45.255
1256767274.02,15.156,Tomte,5.657
1256768402.35,519.58,Koi_Fish,5.657
1256770115.293,14.366,Tomte,5.657
1256770747.254,8.609,Tomte,5.657
1256771104.496,47.038,Tomte,5.657
1256772607.23,41.373,Whistle,45.255
1256775423.23,21.74,Whistle,45.255
1256775551.23,13.048,Whistle,45.255
1256777341.041,79.549,Koi_Fish,5.657
1256777983.215,24.239,Whistle,45.255
1256778005.699,9.032,Blip_Low_Frequency,5.657
1256778445.347,606.044,Koi_Fish,5.657
1256778820.604,153.265,Koi_Fish,5.657
1256779188.131,843.117,Koi_Fish,5.657
1256779377.559,8.119,Blip_Low_Frequency,5.657
1256780287.215,20.623,Whistle,45.255
1256781621.246,29.785,Tomte,5.657
1256783955.621,9.249,Blip_Low_Frequency,5.657
1256784074.939,73.642,Koi_Fish,5.657
1256784324.303,40.808,Blip,5.657
1256784539.895,8.629,Blip_Low_Frequency,5.657
1256784891.699,34.514,Tomte,5.657
1256784959.238,29.296,Whistle,45.255
1256784993.842,31.736,Koi_Fish,5.657
1256785266.084,38.925,Koi_Fish,5.657
1256786239.225,25.866,Whistle,45.255
1256787011.738,8.709,Blip_Low_Frequency,5.657
1256787892.166,8.803,Blip_Low_Frequency,5.657
1256788297.176,954.944,Extremely_Loud,22.627
1256789119.215,24.264,Whistle,45.255
1256789567.244,28.438,Whistle,45.255
1256789631.244,18.479,Whistle,45.255
1256789759.215,27.361,Whistle,45.255
1256789815.381,10.658,Blip,5.657
1256790847.23,24.202,Whistle,45.255
1256790847.23,24.202,Whistle,45.255
1256792547.49,12.034,Blip_Low_Frequency,5.657
1256792629.306,168.537,Koi_Fish,5.657
1256792767.23,25.754,Whistle,45.255
1256793102.126,515.359,Extremely_Loud,5.657
1256794512.218,144.935,Koi_Fish,5.657
1256795409.051,13.09,Tomte,5.657
1256795757.54,16.888,Blip,5.657
1256795877.584,10.365,Blip_Low_Frequency,5.657
1256797435.331,218.796,Koi_Fish,5.657
1256797525.411,405.434,Extremely_Loud,11.314
1256811381.323,28.131,Blip,5.657
1256816035.207,1796.216,Extremely_Loud,11.314
1256816758.85,9.977,Tomte,5.657
1256819311.027,1013.038,Extremely_Loud,11.314
1256819627.324,10.54,Tomte,5.657
1256820491.105,39.793,Low_Frequency_Burst,5.657
1256829320.559,10.569,Blip_Low_Frequency,5.657
1256829824.696,633.084,Koi_Fish,5.657
1256831958.887,16.551,Tomte,5.657
1256834189.615,214.269,Koi_Fish,5.657
1256835275.277,13.696,Tomte,5.657
1256838622.676,10.428,Tomte,5.657
1256874667.667,14.052,Blip,5.657
1256874667.667,14.052,Blip,5.657
1256874943.183,419.502,Extremely_Loud,5.657
1256875283.477,321.378,Extremely_Loud,22.627
1256875283.477,321.378,Extremely_Loud,22.627
1256875465.949,16.176,Tomte,5.657
1256876438.191,8.329,Blip_Low_Frequency,5.657
1256876438.191,8.329,Blip_Low_Frequency,5.657
1256877119.228,11.771,Whistle,22.627
1256877878.513,7.829,Blip,5.657
1256878635.189,105.959,Koi_Fish,5.657
1256878823.551,10.782,Blip_Low_Frequency,5.657
1256878934.599,27.888,Blip,5.657
1256879978.154,22.881,Tomte,5.657
1256880720.168,196.616,Extremely_Loud,11.314
1256881916.348,8.37,Tomte,5.657
1256882115.237,163.029,Koi_Fish,5.657
1256882115.237,163.029,Koi_Fish,5.657
1256882222.885,9.457,Blip_Low_Frequency,5.657
1256883030.818,12.941,Blip_Low_Frequency,5.657
1256884084.918,13.125,Tomte,5.657
1256885142.022,11.426,Blip,5.657
1256885142.022,11.426,Blip,5.657
1256885518.379,15.888,Blip,5.657
1256885963.379,1413.524,Extremely_Loud,5.657
1256888726.848,25.593,Tomte,5.657
1256889642.738,2734.883,Extremely_Loud,5.657
1256890495.956,88.697,Koi_Fish,5.657
1256891576.095,34.054,Blip,5.657
1256895345.41,18.709,Tomte,5.657
1256895826.842,222.352,Koi_Fish,5.657
1256896289.525,449.986,Extremely_Loud,5.657
1256896304.426,39.444,Tomte,5.657
1256897034.488,23.96,Tomte,5.657
1256897167.335,23.271,Blip,5.657
1256897283.723,17.49,Tomte,5.657
1256898618.523,11.112,Blip,5.657
1256899925.235,42.412,Blip,5.657
1256902020.164,7.897,Fast_Scattering,11.314
1256902108.233,35.832,Blip,5.657
1256902431.215,14.13,Tomte,5.657
1256904018.89,79.198,Koi_Fish,5.657
1256904304.16,18.573,Tomte,5.657
1256905071.337,35.09,Blip,5.657
1256905211.449,8.269,Blip_Low_Frequency,5.657
1256905489.066,15.034,Tomte,5.657
1256905813.24,8.732,Tomte,5.657
1256907021.875,126.686,Extremely_Loud,45.255
1256907021.875,126.686,Extremely_Loud,45.255
1256907022.335,804.863,Extremely_Loud,5.657
1256907138.25,7.837,Low_Frequency_Lines,45.255
1256907138.25,7.837,Low_Frequency_Lines,45.255
1256907577.76,16.936,Tomte,5.657
1256907786.643,17.449,Blip_Low_Frequency,5.657
1256907953.984,1120.371,Extremely_Loud,11.314
1256907954.066,1788.471,Extremely_Loud,11.314
1256907954.066,1788.471,Extremely_Loud,11.314
1256908928.191,8.918,Blip,5.657
1256908979.035,13.634,Tomte,5.657
1256909247.241,10.695,Whistle,22.627
1256909937.951,16.886,Blip_Low_Frequency,5.657
1256910430.427,115.766,Koi_Fish,5.657
1256910430.427,115.766,Koi_Fish,5.657
1256910558.75,22.168,Low_Frequency_Lines,45.255
1256910730.75,7.92,Low_Frequency_Lines,45.255
1256915150.563,20.439,Blip_Low_Frequency,5.657
1256915183.36,8.272,Blip,5.657
1256918463.23,86.92,Whistle,22.627
1256918903.497,7.502,Blip,5.657
1256918948.531,16.798,Low_Frequency_Burst,11.314
1256919746.168,19.728,Tomte,5.657
1256919871.23,18.825,Whistle,22.627
1256920115.08,9.147,Blip_Low_Frequency,5.657
1256920757.09,28.211,Tomte,5.657
1256921546.816,7.711,Blip_Low_Frequency,5.657
1256922296.98,426.703,Koi_Fish,5.657
1256923519.75,309.875,Low_Frequency_Burst,11.314
1256923519.75,309.875,Low_Frequency_Burst,11.314
1256923519.75,309.875,Low_Frequency_Burst,11.314
1256923519.75,309.875,Low_Frequency_Burst,11.314
1256923519.75,309.875,Low_Frequency_Burst,11.314
1256923519.75,309.875,Low_Frequency_Burst,11.314
1256959833.059,13.297,Tomte,5.657
1256965539.824,390.152,Extremely_Loud,11.314
1256972436.965,23.352,Tomte,5.657
1256976460.07,345.015,Extremely_Loud,45.255
1256976575.225,9.571,Whistle,45.255
1256976885.371,1051.233,Extremely_Loud,11.314
1256983770.809,13.059,Tomte,5.657
1256984863.376,31.593,Blip,5.657
1256985705.21,9.172,Blip,5.657
1256986214.816,11.918,Tomte,5.657
1256986378.527,12.877,Tomte,5.657
1256987025.412,10.272,Blip_Low_Frequency,5.657
1256987132.77,9.516,Blip_Low_Frequency,5.657
1256987448.23,7.852,Blip_Low_Frequency,5.657
1256988287.863,13.108,Tomte,5.657
1256989770.031,61.767,Low_Frequency_Burst,22.627
1256990247.013,7.608,Blip,5.657
1256990881.746,10.209,Tomte,5.657
1256991363.115,131.634,Koi_Fish,5.657
1256992486.844,28.0,Blip,5.657
1256992517.947,7.964,Blip_Low_Frequency,5.657
1256992825.684,628.665,Extremely_Loud,11.314
1256992844.193,80.622,Koi_Fish,5.657
1256993262.75,9.039,Low_Frequency_Lines,45.255
1256993390.75,13.279,Low_Frequency_Lines,45.255
1256994835.124,935.026,Extremely_Loud,5.657
1256994949.907,13.863,Blip,5.657
1256996724.152,25.123,Blip,5.657
1256996863.751,7.67,Blip,5.657
1256997932.098,12.615,Tomte,5.657
1256998961.808,91.425,Koi_Fish,5.657
1256999067.104,8.39,Blip_Low_Frequency,5.657
1256999332.396,73.418,Koi_Fish,5.657
1257000035.73,11.905,Tomte,5.657
1257000188.973,27.162,Blip,5.657
1257023122.148,10.383,Fast_Scattering,11.314
1257023336.746,22.96,Tomte,5.657
1257023962.116,12.832,Blip,5.657
1257029428.691,7.865,Blip_Low_Frequency,5.657
1257032190.618,478.786,Extremely_Loud,5.657
1257032511.23,14.297,Whistle,45.255
1257035071.225,33.448,Whistle,45.255
1257035166.032,8.229,Whistle,45.255
1257035328.635,10.516,Whistle,22.627
1257035522.482,8.8,Whistle,22.627
1257035681.356,9.089,Whistle,45.255
1257036053.183,10.035,Whistle,22.627
1257036227.802,9.572,Whistle,45.255
1257036758.875,7.573,Low_Frequency_Lines,45.255
1257037465.668,1650.634,Extremely_Loud,5.657
1257037631.244,21.124,Whistle,45.255
1257038404.254,7.842,Blip_Low_Frequency,5.657
1257039139.74,22.178,Blip,5.657
1257042083.708,9.865,Blip,5.657
1257042843.335,67.87,Koi_Fish,5.657
1257042914.441,1673.493,Extremely_Loud,11.314
1257045244.316,19.265,Tomte,5.657
1257045832.605,187.804,Koi_Fish,5.657
1257046637.314,7.505,Blip,5.657
1257046697.682,9.096,Blip_Low_Frequency,5.657
1257046936.041,268.602,Koi_Fish,5.657
1257047227.25,10.636,Low_Frequency_Lines,45.255
1257047793.766,941.903,Extremely_Loud,5.657
1257048576.707,7.747,Blip_Low_Frequency,5.657
1257050445.465,9.639,Blip_Low_Frequency,5.657
1257052275.651,3295.161,Extremely_Loud,5.657
1257052972.807,13.457,Tomte,5.657
1257053126.084,116.3,Koi_Fish,5.657
1257055056.832,19.488,Tomte,5.657
1257055438.309,11.53,Tomte,5.657
1257056136.121,7.517,Blip_Low_Frequency,5.657
1257057430.024,8.142,Blip,5.657
1257061494.215,12.333,Tomte,5.657
1257065531.254,223.768,Extremely_Loud,5.657
1257067219.004,9.332,Blip_Low_Frequency,5.657
1257068171.949,10.344,Blip_Low_Frequency,5.657
1257069394.664,172.535,Koi_Fish,5.657
1257070115.402,450.326,Koi_Fish,5.657
1257086901.695,9.262,Fast_Scattering,11.314
1257087066.484,10.596,Fast_Scattering,11.314
1257087156.297,14.694,Fast_Scattering,11.314
1257087265.047,13.633,Fast_Scattering,11.314
1257087267.438,14.246,Fast_Scattering,11.314
1257087560.65,89.302,Koi_Fish,5.657
1257087560.65,89.302,Koi_Fish,5.657
1257088051.25,9.412,Low_Frequency_Lines,45.255
1257088309.89,3787.07,Extremely_Loud,5.657
1257088402.811,124.954,Koi_Fish,5.657
1257088402.811,124.954,Koi_Fish,5.657
1257088967.313,7.722,Low_Frequency_Lines,45.255
1257088967.313,7.722,Low_Frequency_Lines,45.255
1257089060.104,29.31,Blip,5.657
1257089110.2,14.157,Blip,5.657
1257089110.2,14.157,Blip,5.657
1257089282.781,15.076,Low_Frequency_Burst,5.657
1257089415.445,7.738,Fast_Scattering,11.314
1257089434.531,9.031,Low_Frequency_Lines,45.255
1257089434.531,9.031,Low_Frequency_Lines,45.255
1257089718.063,7.642,Scattered_Light,45.255
1257090311.481,26.556,Blip_Low_Frequency,5.657
1257090315.328,10.168,Low_Frequency_Burst,11.314
1257090378.172,10.593,Fast_Scattering,11.314
1257090382.547,11.388,Fast_Scattering,11.314
1257090606.83,9.051,Blip_Low_Frequency,5.657
1257090678.504,10.882,Tomte,5.657
1257091263.11,8.249,Blip,5.657
1257091547.323,957.584,Extremely_Loud,5.657
1257091848.77,8.144,Tomte,5.657
1257092348.023,7.773,Fast_Scattering,11.314
1257092948.261,359.662,Koi_Fish,5.657
1257093165.355,21.927,Tomte,5.657
1257093165.355,21.927,Tomte,5.657
1257093538.586,10.03,Fast_Scattering,11.314
1257093648.625,12.656,Scattered_Light,45.255
1257094098.456,47.697,Koi_Fish,5.657
1257094098.456,47.697,Koi_Fish,5.657
1257094291.898,8.1,Fast_Scattering,11.314
1257094415.051,8.049,Blip_Low_Frequency,5.657
1257094616.25,9.984,Low_Frequency_Lines,45.255
1257094616.25,9.984,Low_Frequency_Lines,45.255
1257095040.842,8.43,Blip_Low_Frequency,5.657
1257095299.709,994.371,Extremely_Loud,11.314
1257095606.156,12.458,Low_Frequency_Burst,11.314
1257095656.755,232.176,Koi_Fish,5.657
1257095966.898,9.209,Fast_Scattering,11.314
1257095992.766,10.142,Fast_Scattering,11.314
1257096148.91,11.021,Tomte,5.657
1257098023.022,764.472,Koi_Fish,5.657
1257100161.227,7.968,Fast_Scattering,5.657
1257100253.469,14.744,Blip,5.657
1257100440.051,9.303,Blip_Low_Frequency,5.657
1257100678.352,9.584,Fast_Scattering,11.314
1257100713.398,9.729,Fast_Scattering,11.314
1257101743.75,7.558,Low_Frequency_Lines,45.255
1257101941.245,201.338,Koi_Fish,5.657
1257101941.245,201.338,Koi_Fish,5.657
1257102233.355,63.746,Blip,5.657
1257102305.188,7.52,Scattered_Light,45.255
1257102665.848,10.322,Blip_Low_Frequency,5.657
1257102956.375,8.3,Fast_Scattering,11.314
1257103532.715,85.579,Koi_Fish,5.657
1257104696.192,1688.947,Extremely_Loud,5.657
1257104737.461,8.747,Fast_Scattering,11.314
1257104832.65,8.665,Blip_Low_Frequency,5.657
1257105214.256,8.791,Blip_Low_Frequency,5.657
1257105327.344,8.373,Low_Frequency_Lines,45.255
1257105474.75,12.378,Low_Frequency_Burst,22.627
1257105474.75,12.378,Low_Frequency_Burst,22.627
1257105629.156,13.795,Low_Frequency_Burst,11.314
1257105629.156,13.795,Low_Frequency_Burst,11.314
1257105629.156,13.795,Low_Frequency_Burst,11.314
1257105691.906,7.97,Low_Frequency_Burst,11.314
1257105691.906,7.97,Low_Frequency_Burst,11.314
1257105854.205,16.895,Tomte,5.657
1257105860.824,12.221,Tomte,5.657
1257106160.516,9.593,Low_Frequency_Burst,11.314
1257106613.581,280.726,Extremely_Loud,11.314
1257107348.516,9.765,Fast_Scattering,11.314
1257107362.125,7.606,Scattered_Light,45.255
1257107371.508,7.709,Fast_Scattering,11.314
1257107383.086,8.855,Fast_Scattering,11.314
1257107874.307,8.179,Blip_Low_Frequency,5.657
1257108210.563,7.918,Fast_Scattering,11.314
1257108392.102,8.158,Fast_Scattering,11.314
1257108431.57,8.506,Fast_Scattering,11.314
1257108756.01,347.158,Koi_Fish,5.657
1257108831.258,11.06,Fast_Scattering,11.314
1257108875.523,7.778,Fast_Scattering,11.314
1257108954.192,191.042,Koi_Fish,5.657
1257109127.671,16.353,Blip,5.657
1257109216.734,9.573,Fast_Scattering,11.314
1257131491.113,8.081,Blip_Low_Frequency,5.657
1257132563.621,9.983,Tomte,5.657
1257133896.574,12.519,Tomte,5.657
1257134588.988,30.392,Tomte,5.657
1257135733.327,118.394,Koi_Fish,5.657
1257137578.801,11.698,Tomte,5.657
1257137730.098,556.761,Extremely_Loud,11.314
1257138454.52,76.072,Koi_Fish,5.657
1257139016.896,8.96,Tomte,5.657
1257140264.75,8.06,Low_Frequency_Lines,45.255
1257143125.607,7.634,Blip_Low_Frequency,5.657
1257143330.354,11.364,Blip_Low_Frequency,5.657
1257145369.75,10.382,Low_Frequency_Lines,45.255
1257145770.182,10.761,Blip_Low_Frequency,5.657
1257145770.182,10.761,Blip_Low_Frequency,5.657
1257146492.863,45.555,Koi_Fish,11.314
1257146498.414,1290.137,Extremely_Loud,11.314
1257146514.574,30.563,Tomte,5.657
1257149580.816,24.277,Tomte,5.657
1257149639.056,157.982,Koi_Fish,5.657
1257150052.75,8.176,Low_Frequency_Lines,45.255
1257150248.934,15.175,Tomte,5.657
1257152568.828,34.824,Blip,5.657
1257153098.331,1195.8,Extremely_Loud,5.657
1257153098.331,1195.8,Extremely_Loud,5.657
1257154047.137,7.648,Blip_Low_Frequency,5.657
1257154341.016,14.777,Low_Frequency_Burst,11.314
1257156114.314,1327.382,Extremely_Loud,5.657
1257156766.285,11.847,Tomte,5.657
1257157542.277,12.405,Tomte,5.657
1257157746.001,8.157,Blip,5.657
1257157790.456,340.424,Koi_Fish,5.657
1257157790.456,340.424,Koi_Fish,5.657
1257158097.723,7.972,Blip_Low_Frequency,5.657
1257158143.815,264.564,Koi_Fish,5.657
1257158143.815,264.564,Koi_Fish,5.657
1257158248.059,8.705,Blip_Low_Frequency,5.657
1257158478.664,9.776,Fast_Scattering,11.314
1257158907.957,10.808,Tomte,5.657
1257159285.448,34.505,Blip,5.657
1257159686.551,849.167,Extremely_Loud,11.314
1257160911.806,1049.168,Extremely_Loud,5.657
1257160911.806,1049.168,Extremely_Loud,5.657
1257161527.301,10.636,Tomte,5.657
1257162008.774,8.747,Blip,5.657
1257162159.118,607.6,Koi_Fish,5.657
1257162328.887,8.989,Tomte,5.657
1257162552.939,78.743,Koi_Fish,5.657
1257162552.939,78.743,Koi_Fish,5.657
1257162716.051,8.073,Blip_Low_Frequency,5.657
1257162828.879,10.262,Tomte,5.657
1257163424.986,3022.921,Extremely_Loud,5.657
1257164440.592,8.686,Blip_Low_Frequency,5.657
1257164522.738,57.533,Tomte,5.657
1257165135.978,673.588,Koi_Fish,5.657
1257165819.25,197.026,Low_Frequency_Burst,45.255
1257165819.25,197.026,Low_Frequency_Burst,45.255
1257166979.129,803.143,Extremely_Loud,5.657
1257167047.209,1640.258,Extremely_Loud,5.657
1257167755.152,9.301,Blip_Low_Frequency,5.657
1257167761.59,52.858,Tomte,5.657
1257168338.098,8.101,Blip_Low_Frequency,5.657
1257169125.699,12.082,Tomte,5.657
1257169708.22,64.773,Koi_Fish,5.657
1257169989.129,12.498,Tomte,5.657
1257170281.035,12.378,Tomte,5.657
1257170549.045,8.243,Blip_Low_Frequency,5.657
1257170701.508,9.569,Fast_Scattering,11.314
1257171597.781,196.366,Koi_Fish,5.657
1257171785.105,8.162,Blip_Low_Frequency,5.657
1257171785.105,8.162,Blip_Low_Frequency,5.657
1257172182.236,16.645,Tomte,5.657
1257174270.102,11.352,Fast_Scattering,11.314
1257174478.949,353.283,Extremely_Loud,11.314
1257174583.214,3377.201,Extremely_Loud,5.657
1257174870.035,14.108,Tomte,5.657
1257175490.924,7.539,Blip_Low_Frequency,5.657
1257175564.988,51.12,Tomte,5.657
1257175564.988,51.12,Tomte,5.657
1257176338.363,12.455,Tomte,5.657
1257177086.555,9.126,Fast_Scattering,5.657
1257177597.668,16.406,Tomte,5.657
1257178125.936,10.389,Blip_Low_Frequency,5.657
1257178751.59,390.225,Extremely_Loud,11.314
1257179371.45,1358.711,Extremely_Loud,5.657
1257179371.45,1358.711,Extremely_Loud,5.657
1257180655.391,8.12,Fast_Scattering,11.314
1257180765.986,10.204,Blip_Low_Frequency,5.657
1257192191.23,22.979,Whistle,45.255
1257192824.453,9.673,Fast_Scattering,11.314
1257192840.68,9.778,Fast_Scattering,11.314
1257192945.732,10.342,Blip_Low_Frequency,5.657
1257194000.056,32.399,Blip,5.657
1257195900.895,11.096,Tomte,5.657
1257195900.895,11.096,Tomte,5.657
1257195900.895,11.096,Tomte,5.657
1257225413.503,472.81,Koi_Fish,5.657
1257227671.74,8.154,Blip_Low_Frequency,5.657
1257228018.114,259.721,Koi_Fish,5.657
1257228022.465,9.159,Blip_Low_Frequency,5.657
1257228604.363,28.596,Tomte,5.657
1257229977.938,9.038,Low_Frequency_Burst,22.627
1257232824.688,11.348,Scattered_Light,45.255
1257257591.777,8.594,Blip_Low_Frequency,5.657
1257257736.688,12.813,Scattered_Light,45.255
1257257914.0,27.294,Blip,5.657
1257257914.001,36.55,Blip,5.657
1257258555.801,8.707,Tomte,5.657
1257258888.238,11.853,Blip_Low_Frequency,5.657
1257260225.346,220.452,Koi_Fish,5.657
1257262118.563,8.411,Low_Frequency_Burst,22.627
1257262629.938,11.699,Scattered_Light,45.255
1257262891.75,10.672,Low_Frequency_Lines,45.255
1257263035.726,11.175,Blip,5.657
1257263133.938,8.839,Low_Frequency_Burst,22.627
1257263937.142,47.563,Blip,5.657
1257264757.464,24.898,Blip,5.657
1257265337.156,1687.6,Low_Frequency_Burst,45.255
1257267541.415,15.499,Blip,5.657
1257268590.377,383.543,Koi_Fish,5.657
1257269719.08,15.251,Tomte,5.657
1257272315.75,12.027,Low_Frequency_Lines,45.255
1257272594.125,12.762,Scattered_Light,45.255
1257272831.313,12.147,Scattered_Light,45.255
1257275046.094,8.059,Low_Frequency_Burst,22.627
1257276092.313,8.822,Scattered_Light,45.255
1257276671.585,126.548,Koi_Fish,5.657
1257277156.25,7.906,Low_Frequency_Lines,45.255
1257277287.563,7.649,Low_Frequency_Lines,45.255
1257277608.563,10.82,Low_Frequency_Lines,22.627
1257279338.75,9.221,Low_Frequency_Lines,45.255
1257279706.813,143.953,Scattered_Light,45.255
1257279718.846,11.82,Blip_Low_Frequency,5.657
1257279816.381,40.031,Koi_Fish,5.657
1257279996.781,137.433,Scattered_Light,45.255
1257281135.365,8.135,Blip_Low_Frequency,5.657
1257281201.252,513.047,Koi_Fish,5.657
1257282254.906,43.115,Scattered_Light,45.255
1257282510.313,13.252,Scattered_Light,45.255
1257283500.813,11.747,Scattered_Light,45.255
1257283702.063,9.928,Scattered_Light,45.255
1257284269.672,1262.103,Extremely_Loud,5.657
1257285498.736,14.054,Blip,5.657
1257286314.438,12.294,Scattered_Light,45.255
1257286681.438,74.141,Scattered_Light,45.255
1257287578.375,16.309,Scattered_Light,45.255
1257287708.759,539.893,Koi_Fish,5.657
1257288290.313,33.235,Scattered_Light,45.255
1257288296.813,11.382,Scattered_Light,45.255
1257288736.638,214.055,Koi_Fish,5.657
1257289310.313,12.338,Scattered_Light,45.255
1257289522.688,77.672,Scattered_Light,45.255
1257290764.931,7.781,Blip,5.657
1257293463.813,16.382,Scattered_Light,45.255
1257294391.188,8.759,Scattered_Light,45.255
1257295552.625,32.98,Scattered_Light,45.255
1257295673.813,11.377,Scattered_Light,45.255
1257296130.563,11.643,Scattered_Light,45.255
1257296704.563,12.792,Scattered_Light,45.255
1257296871.063,10.429,Scattered_Light,45.255
1257298440.688,10.793,Scattered_Light,45.255
1257298577.009,68.819,Koi_Fish,5.657
1257300112.063,8.234,Scattered_Light,45.255
1257300277.329,1379.122,Extremely_Loud,5.657
1257301045.188,16.229,Scattered_Light,45.255
1257301490.41,15.677,Tomte,5.657
1257301542.875,18.997,Scattered_Light,45.255
1257302203.436,443.18,Extremely_Loud,5.657
1257302614.199,35.712,Extremely_Loud,22.627
1257302678.707,10.764,Blip_Low_Frequency,5.657
1257302682.063,8.333,Low_Frequency_Lines,45.255
1257304777.375,12.038,Scattered_Light,45.255
1257305282.77,8.093,Blip_Low_Frequency,5.657
1257305400.105,33.96,Tomte,5.657
1257306901.688,8.423,Scattered_Light,45.255
1257306929.487,10.226,Blip,5.657
1257306938.33,18.603,Blip_Low_Frequency,5.657
1257307246.813,16.461,Scattered_Light,45.255
1257307292.024,1619.56,Extremely_Loud,5.657
1257307727.438,9.912,Scattered_Light,45.255
1257307738.188,9.209,Scattered_Light,45.255
1257308243.563,8.289,Low_Frequency_Lines,45.255
1257308250.563,12.145,Scattered_Light,45.255
1257309175.875,7.991,Low_Frequency_Lines,45.255
1257311034.875,7.84,Low_Frequency_Lines,45.255
1257311351.838,15.256,Tomte,5.657
1257311641.25,7.877,Low_Frequency_Lines,45.255
1257312396.188,8.011,Low_Frequency_Lines,45.255
1257313067.48,54.023,Koi_Fish,5.657
1257313295.928,739.947,Koi_Fish,5.657
1257313974.688,11.417,Scattered_Light,45.255
1257314025.545,47.08,Tomte,5.657
1257315883.563,27.438,Scattered_Light,45.255
1257316091.723,261.451,Koi_Fish,5.657
1257316091.723,261.451,Koi_Fish,5.657
1257318579.938,7.525,Low_Frequency_Lines,45.255
1257318586.438,8.756,Scattered_Light,45.255
1257318670.438,9.248,Scattered_Light,45.255
1257318834.313,10.726,Scattered_Light,45.255
1257318928.638,1257.48,Extremely_Loud,5.657
1257318943.375,17.128,Scattered_Light,45.255
1257318968.688,7.911,Low_Frequency_Lines,45.255
1257319617.688,9.488,Low_Frequency_Lines,45.255
1257319723.02,6447.755,Extremely_Loud,11.314
1257319924.938,15.371,Scattered_Light,45.255
1257321561.918,8.974,Blip_Low_Frequency,5.657
1257322558.239,16.601,Blip,5.657
1257322997.201,77.002,Koi_Fish,5.657
1257322997.201,77.002,Koi_Fish,5.657
1257323424.524,10.595,Blip,5.657
1257323492.372,48.766,Blip,5.657
1257324499.375,14.697,Scattered_Light,45.255
1257324747.313,38.665,Scattered_Light,45.255
1257324807.188,51.219,Scattered_Light,45.255
1257325045.225,353.663,Koi_Fish,5.657
1257325045.225,353.663,Koi_Fish,5.657
1257325177.472,2614.008,Extremely_Loud,5.657
1257325583.313,10.449,Scattered_Light,45.255
1257325640.573,8.053,Blip,5.657
1257325658.262,14.485,Tomte,5.657
1257361131.615,14.895,Blip,5.657
1257361969.684,9.499,Tomte,5.657
1257362625.688,8.187,Low_Frequency_Burst,22.627
1257362973.848,7.723,Blip_Low_Frequency,5.657
1257363712.564,11.523,Tomte,5.657
1257364032.021,37.723,Koi_Fish,5.657
1257367370.551,21.94,Tomte,5.657
1257368721.073,15.011,Blip,5.657
1257370219.136,566.491,Koi_Fish,5.657
1257371046.332,11.116,Blip,5.657
1257371712.949,13.492,Tomte,5.657
1257372908.087,1953.493,Extremely_Loud,5.657
1257373232.979,8.922,Blip_Low_Frequency,5.657
1257374158.75,9.017,Low_Frequency_Lines,45.255
1257374917.811,31.472,Blip,5.657
1257375554.125,7.641,Low_Frequency_Lines,45.255
1257380287.207,8.207,Whistle,45.255
1257382295.47,25.132,Blip,5.657
1257386077.621,8.083,Blip_Low_Frequency,5.657
1257386567.517,68.211,Koi_Fish,5.657
1257386890.691,9.141,Tomte,5.657
1257397611.79,19.035,Blip,5.657
1257397802.563,9.601,Low_Frequency_Lines,45.255
1257399458.035,9.112,Blip,11.314
1257399533.841,5557.379,Extremely_Loud,5.657
1257399615.84,10.787,Blip_Low_Frequency,5.657
1257399635.708,1531.426,Extremely_Loud,5.657
1257402979.004,10.538,Blip_Low_Frequency,5.657
1257403185.389,38.54,Blip,5.657
1257405894.48,20.206,Tomte,5.657
1257406512.604,12.884,Blip,5.657
1257408951.688,20.57,Scattered_Light,45.255
1257410011.031,8.011,Low_Frequency_Burst,22.627
1257410386.375,9.315,Low_Frequency_Lines,45.255
1257411318.134,12.392,Blip,5.657
1257411510.125,9.519,Low_Frequency_Lines,45.255
1257418615.625,8.582,Low_Frequency_Lines,45.255
1257418625.993,7.606,Blip,5.657
1257420055.522,784.617,Extremely_Loud,5.657
1257420495.688,9.517,Low_Frequency_Burst,22.627
1257421007.105,1722.457,Koi_Fish,5.657
1257421047.326,42.051,Koi_Fish,5.657
1257422619.432,17.015,Blip,5.657
1257423880.762,8.292,Blip_Low_Frequency,5.657
1257423936.316,12.247,Tomte,5.657
1257424327.157,10.544,Blip,5.657
1257425211.125,8.581,Low_Frequency_Lines,45.255
1257425235.875,8.504,Low_Frequency_Lines,45.255
1257426146.723,8.522,Blip_Low_Frequency,5.657
1257426429.688,85.605,Scattered_Light,45.255
1257427617.792,1840.321,Extremely_Loud,45.255
1257428129.586,7.658,Blip_Low_Frequency,5.657
1257428178.4,9.152,Blip_Low_Frequency,5.657
1257429112.158,3445.076,Extremely_Loud,5.657
1257430666.938,12.465,Scattered_Light,45.255
1257430711.721,15.405,Blip_Low_Frequency,5.657
1257432502.813,7.915,Scattered_Light,45.255
1257433831.381,8.492,Blip_Low_Frequency,5.657
1257433856.158,7.871,Blip_Low_Frequency,5.657
1257434016.625,9.054,Low_Frequency_Lines,45.255
1257435472.753,15.929,Blip,5.657
1257435583.215,8.082,Whistle,45.255
1257438892.84,16.005,Tomte,5.657
1257439914.043,484.433,Extremely_Loud,11.314
1257439947.14,101.348,Extremely_Loud,22.627
1257440587.938,8.58,Low_Frequency_Burst,22.627
1257440610.723,13.501,Tomte,5.657
1257441102.063,49.327,Scattered_Light,45.255
1257442942.063,8.033,Low_Frequency_Lines,45.255
1257443759.625,9.71,Low_Frequency_Lines,45.255
1257444328.188,16.186,Scattered_Light,45.255
1257444406.875,9.026,Low_Frequency_Lines,45.255
1257444940.934,23.44,Blip,5.657
1257444966.688,11.834,Scattered_Light,45.255
1257446927.125,15.176,Scattered_Light,45.255
1257446939.438,9.98,Scattered_Light,45.255
1257447592.84,19.815,Tomte,5.657
1257448230.105,8.971,Blip_Low_Frequency,5.657
1257449694.066,16.344,Tomte,5.657
1257450652.069,84.496,Koi_Fish,5.657
1257451083.813,10.238,Scattered_Light,45.255
1257452046.066,7.548,Blip_Low_Frequency,5.657
1257452101.188,28.401,Scattered_Light,45.255
1257452634.063,7.594,Scattered_Light,45.255
1257452855.495,107.471,Koi_Fish,5.657
1257452936.438,11.995,Scattered_Light,45.255
1257453041.314,9.051,Blip_Low_Frequency,5.657
1257453289.375,14.656,Scattered_Light,45.255
1257454150.875,8.06,Low_Frequency_Lines,45.255
1257454557.137,9.347,Tomte,5.657
1257454697.268,115.044,Koi_Fish,5.657
1257454744.938,9.398,Scattered_Light,45.255
1257455422.625,9.597,Low_Frequency_Lines,45.255
1257455834.566,9.493,Tomte,5.657
1257455891.063,13.509,Scattered_Light,45.255
1257455980.875,11.093,Scattered_Light,45.255
1257457190.109,9.793,Fast_Scattering,11.314
1257457535.215,18.271,Whistle,45.255
1257458119.58,8.303,Blip_Low_Frequency,5.657
1257459500.313,10.291,Scattered_Light,45.255
1257460805.188,13.597,Scattered_Light,45.255
1257461243.629,8.235,Blip_Low_Frequency,5.657
1257461541.332,969.822,Extremely_Loud,5.657
1257461634.027,13.931,Tomte,5.657
1257463044.313,80.784,Scattered_Light,45.255
1257464886.561,8.651,Blip_Low_Frequency,5.657
1257467170.875,26.413,Scattered_Light,45.255
1257467553.875,24.654,Scattered_Light,45.255
1257468712.554,240.232,Koi_Fish,5.657
1257469746.125,13.072,Scattered_Light,45.255
1257469751.293,11.233,Tomte,5.657
1257470086.889,16.359,Tomte,5.657
1257470116.589,757.502,Extremely_Loud,5.657
1257471296.063,9.311,Scattered_Light,45.255
1257472928.369,41.566,Koi_Fish,5.657
1257473311.094,7.515,Low_Frequency_Burst,11.314
1257473720.438,12.442,Scattered_Light,45.255
1257474120.141,1618.212,Koi_Fish,5.657
1257474237.938,10.933,Scattered_Light,45.255
1257475730.563,49.18,Scattered_Light,45.255
1257476131.307,25.614,Tomte,5.657
1257476162.676,8.453,Blip_Low_Frequency,5.657
1257476162.676,8.453,Blip_Low_Frequency,5.657
1257476181.063,10.363,Scattered_Light,45.255
1257476476.938,11.338,Scattered_Light,45.255
1257476634.625,11.892,Scattered_Light,45.255
1257476720.911,617.657,Extremely_Loud,5.657
1257476720.911,617.657,Extremely_Loud,5.657
1257477163.154,47.383,Koi_Fish,5.657
1257477163.154,47.383,Koi_Fish,5.657
1257477449.938,53.909,Scattered_Light,45.255
1257477501.551,9.659,Tomte,5.657
1257478003.496,253.426,Extremely_Loud,22.627
1257478270.563,10.85,Scattered_Light,45.255
1257478392.438,9.182,Scattered_Light,45.255
1257478536.313,9.279,Scattered_Light,45.255
1257478659.309,10.557,Blip_Low_Frequency,5.657
1257478798.293,7.735,Blip_Low_Frequency,5.657
1257479160.21,905.48,Extremely_Loud,5.657
1257479160.21,905.48,Extremely_Loud,5.657
1257479160.21,905.48,Extremely_Loud,5.657
1257479200.375,15.883,Scattered_Light,45.255
1257479307.421,109.217,Koi_Fish,5.657
1257479307.421,109.217,Koi_Fish,5.657
1257479843.358,10.161,Blip_Low_Frequency,5.657
1257479890.313,12.571,Scattered_Light,45.255
1257479897.438,14.293,Scattered_Light,45.255
1257480129.688,13.115,Scattered_Light,45.255
1257480862.497,39.282,Koi_Fish,5.657
1257480928.438,10.698,Scattered_Light,45.255
1257481083.777,8.182,Blip_Low_Frequency,5.657
1257481193.604,11.533,Blip,5.657
1257481472.036,12.947,Blip,5.657
1257481472.036,12.947,Blip,5.657
1257481531.938,7.889,Scattered_Light,45.255
1257481613.438,8.297,Scattered_Light,45.255
1257482120.34,8.678,Blip_Low_Frequency,5.657
1257482132.52,10.572,Tomte,5.657
1257482197.475,9.257,Blip,5.657
1257482197.475,9.257,Blip,5.657
1257482209.063,40.013,Scattered_Light,45.255
1257482866.623,12.661,Tomte,5.657
1257483017.16,9.498,Tomte,5.657
1257483097.37,1148.603,Extremely_Loud,22.627
1257483097.37,1148.603,Extremely_Loud,22.627
1257483720.313,35.833,Scattered_Light,45.255
1257483720.313,35.833,Scattered_Light,45.255
1257483827.799,17.131,Tomte,5.657
1257483936.271,32.351,Tomte,5.657
1257484113.375,18.066,Scattered_Light,45.255
1257484201.063,13.084,Scattered_Light,45.255
1257485267.438,12.658,Scattered_Light,45.255
1257485384.813,7.859,Low_Frequency_Lines,45.255
1257485384.813,7.859,Low_Frequency_Lines,45.255
1257485725.121,8.356,Blip_Low_Frequency,5.657
1257485730.938,13.845,Scattered_Light,45.255
1257485765.875,7.842,Low_Frequency_Lines,45.255
1257486374.188,14.913,Scattered_Light,45.255
1257486434.035,15.513,Tomte,5.657
1257486717.042,10.401,Blip,5.657
1257486752.76,296.64,Koi_Fish,5.657
1257486752.76,296.64,Koi_Fish,5.657
1257486752.76,296.64,Koi_Fish,5.657
1257487539.438,11.865,Scattered_Light,45.255
1257487701.188,10.308,Scattered_Light,45.255
1257488122.143,30.233,Tomte,5.657
1257488655.043,31.465,Tomte,5.657
1257488808.063,13.875,Scattered_Light,45.255
1257488918.219,19.326,Scattered_Light,22.627
1257489120.063,8.298,Scattered_Light,45.255
1257489976.607,26.562,Blip,5.657
1257489976.607,26.562,Blip,5.657
1257490107.938,71.256,Scattered_Light,45.255
1257490581.438,7.835,Scattered_Light,45.255
1257491098.473,33.646,Tomte,5.657
1257491622.188,30.852,Scattered_Light,45.255
1257492163.293,8.917,Blip_Low_Frequency,5.657
1257492163.293,8.917,Blip_Low_Frequency,5.657
1257492570.188,9.808,Scattered_Light,45.255
1257492650.907,195.338,Koi_Fish,5.657
1257492828.813,7.608,Low_Frequency_Burst,22.627
1257493322.481,43.643,Koi_Fish,22.627
1257493562.563,9.32,Scattered_Light,45.255
1257493961.012,12.823,Tomte,5.657
1257494201.656,8.03,Low_Frequency_Burst,22.627
1257494611.188,36.638,Scattered_Light,45.255
1257494792.188,57.532,Scattered_Light,45.255
1257495056.899,18.389,Blip,5.657
1257495212.473,25.834,Tomte,5.657
1257495509.582,11.501,Tomte,5.657
1257495941.137,17.895,Blip_Low_Frequency,5.657
1257495947.715,1417.122,Extremely_Loud,11.314
1257496197.743,8.425,Blip,5.657
1257496197.743,8.425,Blip,5.657
1257497777.045,7.713,Blip_Low_Frequency,5.657
1257498041.459,109.747,Koi_Fish,5.657
1257498336.449,8.87,Blip_Low_Frequency,5.657
1257498890.875,9.645,Low_Frequency_Lines,45.255
1257531117.21,121.13,Koi_Fish,5.657
1257531270.033,14.652,Blip_Low_Frequency,5.657
1257531446.063,11.644,Low_Frequency_Burst,22.627
1257531446.063,11.644,Low_Frequency_Burst,22.627
1257531879.571,19.812,Blip,5.657
1257531913.88,1007.078,Extremely_Loud,5.657
1257533069.438,8.06,Low_Frequency_Burst,22.627
1257533167.625,7.671,Low_Frequency_Lines,45.255
1257534319.184,8.487,Tomte,5.657
1257534965.102,8.775,Fast_Scattering,11.314
1257535797.605,459.403,Koi_Fish,5.657
1257535826.535,10.158,Blip_Low_Frequency,5.657
1257535891.051,11.624,Tomte,5.657
1257535936.25,12.197,Low_Frequency_Lines,45.255
1257536076.586,10.02,Fast_Scattering,11.314
1257536211.051,52.232,Koi_Fish,5.657
1257536332.438,9.871,Scattered_Light,45.255
1257536728.473,147.423,Koi_Fish,5.657
1257537589.813,11.266,Scattered_Light,45.255
1257537611.566,20.931,Tomte,5.657
1257537946.816,15.58,Tomte,5.657
1257539471.988,8.643,Blip_Low_Frequency,5.657
1257539589.465,131.506,Koi_Fish,5.657
1257540717.387,11.006,Tomte,5.657
1257541029.684,7.764,Blip_Low_Frequency,5.657
1257541201.71,263.505,Koi_Fish,5.657
1257541305.527,10.836,Tomte,5.657
1257541409.526,227.513,Koi_Fish,5.657
1257541704.525,263.548,Koi_Fish,5.657
1257542170.006,8.72,Blip_Low_Frequency,5.657
1257542317.34,10.124,Blip_Low_Frequency,5.657
1257543462.473,11.766,Tomte,5.657
1257543663.464,13.844,Blip,5.657
1257543844.408,25.006,Blip,5.657
1257543844.408,25.006,Blip,5.657
1257544365.375,8.249,Low_Frequency_Lines,45.255
1257550140.75,57.179,Extremely_Loud,45.255
1257560726.363,14.976,Tomte,5.657
1257561028.549,1553.747,Extremely_Loud,5.657
1257561542.802,38.797,Blip,5.657
1257561696.978,13.946,Blip,5.657
1257562492.75,7.753,Low_Frequency_Lines,45.255
1257562951.75,7.918,Low_Frequency_Lines,45.255
1257564205.063,8.299,Low_Frequency_Lines,45.255
1257566732.741,22.113,Blip,5.657
1257567741.058,49.34,Koi_Fish,5.657
1257568053.816,12.82,Tomte,5.657
1257568084.375,11.948,Low_Frequency_Lines,45.255
1257569332.375,13.876,Low_Frequency_Lines,45.255
1257569590.063,7.802,Low_Frequency_Burst,22.627
1257570390.623,7.812,Blip_Low_Frequency,5.657
1257570562.375,16.766,Low_Frequency_Lines,45.255
1257570586.75,528.115,Extremely_Loud,45.255
1257570586.75,528.115,Extremely_Loud,45.255
1257570586.75,528.115,Extremely_Loud,45.255
1257570586.75,528.115,Extremely_Loud,45.255
1257570586.75,528.115,Extremely_Loud,45.255
1257570586.75,528.115,Extremely_Loud,45.255
1257570586.75,528.115,Extremely_Loud,45.255
1257570586.75,528.115,Extremely_Loud,45.255
1257570586.75,528.115,Extremely_Loud,45.255
1257570586.75,528.115,Extremely_Loud,45.255
1257570586.75,528.115,Extremely_Loud,45.255
1257643012.938,7.804,Scattered_Light,45.255
1257643203.813,8.629,Low_Frequency_Burst,22.627
1257643728.47,10.223,Blip,5.657
1257644576.938,7.987,Low_Frequency_Burst,22.627
1257645428.438,11.439,Scattered_Light,45.255
1257647530.859,8.335,Scattered_Light,45.255
1257648459.719,11.465,Low_Frequency_Burst,22.627
1257650411.801,5158.244,Extremely_Loud,5.657
1257651223.248,9.356,Blip_Low_Frequency,5.657
1257651811.717,9.903,Tomte,5.657
1257655399.125,8.402,Low_Frequency_Lines,45.255
1257656157.457,360.513,Extremely_Loud,5.657
1257656521.859,911.106,Extremely_Loud,5.657
1257657642.222,227.764,Extremely_Loud,5.657
1257659879.938,10.5,Low_Frequency_Burst,22.627
1257660171.533,103.103,Koi_Fish,5.657
1257661588.714,120.849,Koi_Fish,5.657
1257662377.538,28.804,Blip,5.657
1257662543.956,13.922,Blip,5.657
1257663125.323,231.611,Koi_Fish,5.657
1257664082.141,8.031,Blip,5.657
1257664256.756,589.478,Koi_Fish,5.657
1257665696.207,15.237,Tomte,5.657
1257666111.225,20.354,Whistle,45.255
1257666303.228,16.403,Whistle,45.255
1257666799.293,15.331,Tomte,5.657
1257666993.406,9.204,Low_Frequency_Burst,11.314
1257667097.662,21.284,Blip,5.657
1257667132.932,175.264,Koi_Fish,5.657
1257667245.674,8.239,Blip_Low_Frequency,5.657
1257668417.216,8.171,Blip,5.657
1257668732.379,526.465,Extremely_Loud,5.657
1257668863.23,42.792,Whistle,45.255
1257669183.244,21.785,Whistle,45.255
1257669367.925,136.314,Koi_Fish,5.657
1257669422.231,46.785,Blip,5.657
1257670818.49,40.235,Koi_Fish,5.657
1257670966.313,7.515,Low_Frequency_Burst,22.627
1257672073.313,12.078,Blip,5.657
1257672170.813,11.084,Low_Frequency_Lines,45.255
1257672199.737,22.343,Blip,5.657
1257672608.667,9.266,Blip,5.657
1257672772.821,13.463,Blip,5.657
1257673070.768,10.763,Blip_Low_Frequency,5.657
1257673437.549,94.763,Koi_Fish,5.657
1257673494.96,8.778,Blip,5.657
1257673891.098,15.466,Tomte,5.657
1257674162.767,39.128,Blip,5.657
1257674509.476,10.122,Blip,5.657
1257675185.438,8.086,Blip_Low_Frequency,5.657
1257675683.887,26.182,Blip_Low_Frequency,5.657
1257676031.23,32.75,Whistle,45.255
1257676460.911,7.624,Blip,5.657
1257676631.395,17.873,Blip,5.657
1257676799.23,20.989,Whistle,45.255
1257677388.75,37.963,Low_Frequency_Lines,45.255
1257677823.225,31.173,Whistle,45.255
1257678031.734,7.68,Fast_Scattering,11.314
1257678066.566,8.896,Blip_Low_Frequency,5.657
1257678281.25,8.686,Low_Frequency_Lines,45.255
1257678797.229,13.998,Blip,5.657
1257678978.232,112.523,Koi_Fish,5.657
1257679303.597,41.311,Blip,5.657
1257680478.965,1204.613,Extremely_Loud,11.314
1257680544.686,187.457,Koi_Fish,5.657
1257680678.228,35.425,Blip,5.657
1257681481.51,15.443,Tomte,5.657
1257681564.472,7.934,Blip,5.657
1257681900.25,14.37,Blip,5.657
1257683253.809,62.833,Extremely_Loud,5.657
1257683650.271,9.421,Blip,5.657
1257683784.573,378.849,Extremely_Loud,5.657
1257684292.188,12.532,Scattered_Light,45.255
1257684477.146,49.79,Blip,5.657
1257684750.58,376.572,Koi_Fish,5.657
1257684798.685,227.543,Koi_Fish,5.657
1257684798.685,227.543,Koi_Fish,5.657
1257684875.833,13.756,Blip,5.657
1257684875.833,13.756,Blip,5.657
1257684898.559,50.847,Koi_Fish,5.657
1257685232.829,21.846,Blip,5.657
1257685232.829,21.846,Blip,5.657
1257685308.016,19.082,Blip,5.657
1257685308.016,19.082,Blip,5.657
1257685367.506,62.691,Koi_Fish,5.657
1257685375.228,38.331,Whistle,45.255
1257685375.228,38.331,Whistle,45.255
1257685428.593,150.637,Koi_Fish,5.657
1257685562.188,11.126,Fast_Scattering,11.314
1257685589.658,16.793,Blip,5.657
1257685675.168,16.093,Fast_Scattering,11.314
1257685675.168,16.093,Fast_Scattering,11.314
1257685723.512,14.29,Tomte,5.657
1257686207.228,20.024,Whistle,45.255
1257686504.152,36.274,Fast_Scattering,11.314
1257686548.016,57.57,Blip,5.657
1257686548.016,57.57,Blip,5.657
1257686715.39,17.43,Blip,5.657
1257686736.037,9.062,Blip_Low_Frequency,5.657
1257686759.042,10.199,Blip,5.657
1257686893.706,146.048,Koi_Fish,5.657
1257686893.706,146.048,Koi_Fish,5.657
1257686893.706,146.048,Koi_Fish,5.657
1257686911.409,119.039,Koi_Fish,5.657
1257686991.52,14.557,Tomte,5.657
1257686991.52,14.557,Tomte,5.657
1257687026.921,11.711,Blip,5.657
1257687026.921,11.711,Blip,5.657
1257687026.921,11.711,Blip,5.657
1257687026.921,11.711,Blip,5.657
1257687067.145,26.173,Fast_Scattering,5.657
1257687283.098,35.488,Low_Frequency_Burst,5.657
1257687367.857,70.223,Extremely_Loud,45.255
1257687367.857,70.223,Extremely_Loud,45.255
1257687423.233,33.367,Whistle,22.627
1257687427.182,45.613,Koi_Fish,5.657
1257687427.182,45.613,Koi_Fish,5.657
1257687490.273,39.437,Extremely_Loud,45.255
1257687490.273,39.437,Extremely_Loud,45.255
1257687596.0,25.739,Blip,5.657
1257687611.625,178.611,Extremely_Loud,45.255
1257687611.625,178.611,Extremely_Loud,45.255
1257687626.125,91.232,Extremely_Loud,45.255
1257687626.125,91.232,Extremely_Loud,45.255
1257687666.375,114.472,Extremely_Loud,45.255
1257687666.375,114.472,Extremely_Loud,45.255
1257687671.41,19.354,Fast_Scattering,5.657
1257687884.508,26.473,Low_Frequency_Burst,11.314
1257687884.508,26.473,Low_Frequency_Burst,11.314
1257687884.508,26.473,Low_Frequency_Burst,11.314
1257687922.84,10.676,Blip,5.657
1257688166.266,36.456,Low_Frequency_Burst,22.627
1257688240.526,1626.268,Extremely_Loud,5.657
1257688270.625,99.495,Extremely_Loud,45.255
1257688303.875,106.235,Extremely_Loud,45.255
1257688303.875,106.235,Extremely_Loud,45.255
1257688319.233,23.492,Whistle,22.627
1257688319.233,23.492,Whistle,22.627
1257688389.922,33.579,Low_Frequency_Burst,11.314
1257688406.15,162.205,Koi_Fish,5.657
1257688406.15,162.205,Koi_Fish,5.657
1257688447.233,31.207,Whistle,45.255
1257688447.233,31.207,Whistle,45.255
1257688447.233,31.207,Whistle,45.255
1257688466.6,10.409,Blip_Low_Frequency,5.657
1257688466.6,10.409,Blip_Low_Frequency,5.657
1257688484.568,29.563,Koi_Fish,5.657
1257688511.233,12.996,Whistle,22.627
1257688511.233,12.996,Whistle,22.627
1257688525.906,22.942,Low_Frequency_Burst,22.627
1257688525.906,22.942,Low_Frequency_Burst,22.627
1257688525.906,22.942,Low_Frequency_Burst,22.627
1257688542.188,11.913,Scattered_Light,45.255
1257688591.875,92.527,Extremely_Loud,45.255
1257688591.875,92.527,Extremely_Loud,45.255
1257688640.688,108.77,Extremely_Loud,45.255
1257688807.875,67.003,Extremely_Loud,45.255
1257688864.875,78.245,Extremely_Loud,45.255
1257688864.875,78.245,Extremely_Loud,45.255
1257688864.875,78.245,Extremely_Loud,45.255
1257688984.896,8.529,Blip,5.657
1257688999.555,61.845,Extremely_Loud,45.255
1257688999.555,61.845,Extremely_Loud,45.255
1257689211.813,72.335,Extremely_Loud,45.255
1257689289.992,11.728,Low_Frequency_Burst,22.627
1257689334.375,48.829,Extremely_Loud,45.255
1257689349.625,89.26,Extremely_Loud,45.255
1257689395.75,45.272,Extremely_Loud,45.255
1257689459.095,102.47,Extremely_Loud,5.657
1257689492.875,71.021,Extremely_Loud,45.255
1257689528.875,43.358,Extremely_Loud,45.255
1257689555.875,44.712,Extremely_Loud,45.255
1257689555.875,44.712,Extremely_Loud,45.255
1257689555.875,44.712,Extremely_Loud,45.255
1257689599.235,18.41,Whistle,22.627
1257689612.125,55.611,Extremely_Loud,22.627
1257689612.125,55.611,Extremely_Loud,22.627
1257689612.125,55.611,Extremely_Loud,22.627
1257689638.625,74.745,Extremely_Loud,45.255
1257689638.625,74.745,Extremely_Loud,45.255
1257689702.875,60.183,Extremely_Loud,45.255
1257689702.875,60.183,Extremely_Loud,45.255
1257689716.188,17.563,Scattered_Light,45.255
1257689732.688,85.75,Extremely_Loud,45.255
1257689754.884,26.132,Blip,5.657
1257689754.884,26.132,Blip,5.657
1257689759.75,88.484,Extremely_Loud,45.255
1257689759.75,88.484,Extremely_Loud,45.255
1257689855.234,15.325,Whistle,11.314
1257689882.438,9.776,Low_Frequency_Burst,22.627
1257689882.438,9.776,Low_Frequency_Burst,22.627
1257689922.375,63.101,Extremely_Loud,45.255
1257689922.375,63.101,Extremely_Loud,45.255
1257689933.741,8.876,Blip,5.657
1257689946.392,8.838,Blip,5.657
1257689946.392,8.838,Blip,5.657
1257689946.392,8.838,Blip,5.657
1257690008.875,79.098,Extremely_Loud,45.255
1257690008.875,79.098,Extremely_Loud,45.255
1257690073.875,12.061,Low_Frequency_Burst,11.314
1257690073.875,12.061,Low_Frequency_Burst,11.314
1257690095.516,13.932,Fast_Scattering,11.314
1257690182.213,7.845,Blip_Low_Frequency,5.657
1257690256.625,58.887,Extremely_Loud,45.255
1257690379.141,30.547,Extremely_Loud,11.314
1257690397.094,10.96,Fast_Scattering,11.314
1257690415.875,18.627,Extremely_Loud,11.314
1257690449.875,27.903,Extremely_Loud,45.255
1257690521.625,61.194,Extremely_Loud,45.255
1257690955.039,11.175,Low_Frequency_Burst,11.314
1257690955.039,11.175,Low_Frequency_Burst,11.314
1257690960.406,47.732,Extremely_Loud,5.657
1257690976.821,14.31,Blip,5.657
1257691031.375,16.739,Extremely_Loud,45.255
1257691182.975,12.987,Fast_Scattering,22.627
1257691257.38,9.833,Fast_Scattering,5.657
1257691415.625,20.223,Extremely_Loud,5.657
1257691424.875,19.327,Extremely_Loud,11.314
1257691504.151,8.923,Fast_Scattering,5.657
1257691556.652,11.352,Fast_Scattering,11.314
1257691585.255,121.838,Koi_Fish,5.657
1257691585.255,121.838,Koi_Fish,5.657
1257691585.255,121.838,Koi_Fish,5.657
1257691585.255,121.838,Koi_Fish,5.657
1257691687.333,22.058,Blip,5.657
1257691701.786,28.219,Blip,5.657
1257691701.786,28.219,Blip,5.657
1257691701.786,28.219,Blip,5.657
1257691735.102,8.307,Fast_Scattering,11.314
1257691852.267,10.187,Blip,5.657
1257691852.267,10.187,Blip,5.657
1257691852.267,10.187,Blip,5.657
1257691880.242,12.158,Fast_Scattering,5.657
1257692053.531,9.834,Fast_Scattering,22.627
1257692137.813,10.378,Fast_Scattering,5.657
1257692165.796,13.499,Blip,5.657
1257692165.796,13.499,Blip,5.657
1257692259.77,10.762,Fast_Scattering,11.314
1257692290.438,8.848,Scattered_Light,45.255
1257692305.343,11.606,Blip,5.657
1257692305.343,11.606,Blip,5.657
1257692461.555,33.609,Blip,5.657
1257692461.555,33.609,Blip,5.657
1257692476.722,213.415,Koi_Fish,5.657
1257692476.722,213.415,Koi_Fish,5.657
1257692611.594,8.785,Low_Frequency_Burst,22.627
1257692723.787,13.279,Blip,5.657
1257692723.787,13.279,Blip,5.657
1257692773.822,7.818,Blip_Low_Frequency,5.657
1257692773.822,7.818,Blip_Low_Frequency,5.657
1257739537.441,16.224,Tomte,5.657
1257739626.829,1252.783,Extremely_Loud,5.657
1257740073.606,439.701,Extremely_Loud,22.627
1257740192.156,8.528,Low_Frequency_Burst,22.627
1257740554.875,1125.655,Extremely_Loud,5.657
1257740773.675,16.524,Blip,5.657
1257740787.657,13.502,Blip,5.657
1257741856.469,8.116,Low_Frequency_Burst,22.627
1257742163.613,15.576,Tomte,5.657
1257743493.168,9.039,Blip_Low_Frequency,5.657
1257743861.262,21.716,Tomte,5.657
1257743890.677,68.396,Koi_Fish,5.657
1257744255.793,220.638,Extremely_Loud,11.314
1257744255.793,220.638,Extremely_Loud,11.314
1257744508.866,25.478,Blip,5.657
1257744579.707,16.523,Tomte,5.657
1257744639.683,175.726,Koi_Fish,5.657
1257745762.313,7.747,Low_Frequency_Burst,22.627
1257745911.855,19.863,Tomte,5.657
1257746195.813,7.588,Low_Frequency_Burst,22.627
1257746195.813,7.588,Low_Frequency_Burst,22.627
1257746828.941,9.415,Tomte,5.657
1257746888.082,14.776,Blip,5.657
1257747643.566,1117.501,Extremely_Loud,5.657
1257748571.21,49.876,Koi_Fish,5.657
1257748571.21,49.876,Koi_Fish,5.657
1257748634.818,13.338,Tomte,5.657
1257749026.741,9.226,Blip,5.657
1257749340.195,11.752,Blip,5.657
1257749340.195,11.752,Blip,5.657
1257749626.733,1812.636,Extremely_Loud,5.657
1257749901.997,8.134,Blip_Low_Frequency,5.657
1257750091.17,8.087,Blip_Low_Frequency,5.657
1257750214.688,12.397,Low_Frequency_Burst,22.627
1257750252.387,15.284,Tomte,5.657
1257750269.954,24.753,Blip,5.657
1257750269.954,24.753,Blip,5.657
1257750529.365,1049.902,Extremely_Loud,22.627
1257752046.484,36.1,Blip,5.657
1257752302.591,54.75,Blip,5.657
1257752772.621,2730.265,Extremely_Loud,22.627
1257753548.333,661.889,Koi_Fish,5.657
1257753733.139,10.777,Blip,5.657
1257753830.219,8.491,Low_Frequency_Burst,22.627
1257753964.688,7.684,Scattered_Light,45.255
1257754062.801,3569.018,Extremely_Loud,11.314
1257754102.375,11.757,Low_Frequency_Lines,45.255
1257754106.072,8.66,Blip_Low_Frequency,5.657
1257754987.188,8.754,Low_Frequency_Lines,45.255
1257755488.697,8.079,Blip_Low_Frequency,5.657
1257755517.307,270.926,Koi_Fish,5.657
1257755517.307,270.926,Koi_Fish,5.657
1257755850.969,8.531,Low_Frequency_Burst,22.627
1257756223.23,24.146,Whistle,45.255
1257757046.287,7.503,Blip_Low_Frequency,5.657
1257757806.395,12.293,Tomte,5.657
1257758356.969,8.604,Low_Frequency_Burst,22.627
1257758356.969,8.604,Low_Frequency_Burst,22.627
1257758594.955,15.698,Blip,5.657
1257758764.236,9.956,Blip_Low_Frequency,5.657
1257759068.656,8.198,Low_Frequency_Burst,22.627
1257760139.824,8.223,Tomte,5.657
1257760383.238,11.115,Whistle,22.627
1257760896.191,24.692,Tomte,5.657
1257761489.406,7.846,Low_Frequency_Burst,22.627
1257761614.373,8.332,Blip_Low_Frequency,5.657
1257762169.604,1541.148,Extremely_Loud,5.657
1257762248.287,9.214,Blip,5.657
1257762527.967,15.455,Blip_Low_Frequency,5.657
1257762559.535,11060.086,Extremely_Loud,11.314
1257762559.535,11060.086,Extremely_Loud,11.314
1257762611.941,9.56,Blip_Low_Frequency,5.657
1257762626.496,11.836,Tomte,5.657
1257762768.128,174.791,Koi_Fish,5.657
1257763193.004,8.224,Blip_Low_Frequency,5.657
1257763434.813,8.026,Scattered_Light,45.255
1257763577.316,9.682,Tomte,5.657
1257763646.938,7.812,Scattered_Light,45.255
1257763749.875,141.451,Extremely_Loud,45.255
1257764085.519,14.28,Blip,5.657
1257764682.844,8.156,Low_Frequency_Burst,22.627
1257764682.844,8.156,Low_Frequency_Burst,22.627
1257764803.805,9.061,Fast_Scattering,11.314
1257764828.32,8.573,Fast_Scattering,11.314
1257764857.961,8.954,Fast_Scattering,11.314
1257765020.875,9.151,Scattered_Light,45.255
1257765134.469,8.26,Low_Frequency_Burst,22.627
1257765502.277,7.803,Blip_Low_Frequency,5.657
1257765706.975,10.575,Blip_Low_Frequency,5.657
1257765836.045,10.217,Tomte,5.657
1257765901.588,11.406,Blip_Low_Frequency,5.657
1257766484.938,7.584,Low_Frequency_Burst,22.627
1257766484.938,7.584,Low_Frequency_Burst,22.627
1257766574.848,17.994,Tomte,5.657
1257766741.688,10.005,Scattered_Light,45.255
1257767569.332,12.054,Blip,5.657
1257768042.527,7.81,Blip_Low_Frequency,5.657
1257768251.219,14.685,Fast_Scattering,22.627
1257768261.297,7.943,Fast_Scattering,11.314
1257768551.832,11.158,Tomte,5.657
1257768690.774,36.03,Blip,5.657
1257768690.774,36.03,Blip,5.657
1257768958.438,11.655,Scattered_Light,45.255
1257769082.441,10.764,Blip_Low_Frequency,5.657
1257769082.441,10.764,Blip_Low_Frequency,5.657
1257769138.344,9.718,Low_Frequency_Burst,11.314
1257769138.344,9.718,Low_Frequency_Burst,11.314
1257769661.277,9.37,Tomte,5.657
1257769883.063,25.166,Scattered_Light,45.255
1257770433.094,7.622,Low_Frequency_Burst,22.627
1257770969.633,9.303,Fast_Scattering,11.314
1257771761.594,8.92,Low_Frequency_Burst,11.314
1257771761.594,8.92,Low_Frequency_Burst,11.314
1257771933.875,7.957,Low_Frequency_Lines,45.255
1257771957.316,2963.524,Extremely_Loud,5.657
1257771999.838,530.505,Extremely_Loud,11.314
1257772641.888,47.874,Blip,5.657
1257772838.867,7.709,Fast_Scattering,11.314
1257773428.605,1426.506,Extremely_Loud,5.657
1257773428.605,1426.506,Extremely_Loud,5.657
1257773525.379,17.272,Tomte,5.657
1257773934.057,23.474,Koi_Fish,5.657
1257774097.563,11.774,Scattered_Light,45.255
1257774155.375,14.585,Scattered_Light,45.255
1257774346.188,8.535,Low_Frequency_Lines,45.255
1257774502.527,9.466,Tomte,5.657
1257774701.938,18.571,Scattered_Light,45.255
1257774733.813,14.535,Scattered_Light,45.255
1257775428.188,10.462,Scattered_Light,45.255
1257775837.527,7.689,Blip_Low_Frequency,5.657
1257776049.586,8.411,Fast_Scattering,11.314
1257776480.063,10.93,Scattered_Light,45.255
1257776535.352,9.602,Fast_Scattering,11.314
1257776643.477,10.653,Fast_Scattering,11.314
1257776659.648,8.217,Fast_Scattering,11.314
1257776709.234,9.581,Low_Frequency_Burst,5.657
1257777307.133,7.81,Fast_Scattering,11.314
1257777314.875,7.579,Low_Frequency_Lines,45.255
1257778131.566,10.002,Blip_Low_Frequency,5.657
1257778492.484,13.067,Fast_Scattering,11.314
1257778587.008,8.869,Fast_Scattering,11.314
1257778856.133,10.69,Fast_Scattering,11.314
1257779078.344,8.478,Low_Frequency_Burst,11.314
1257779078.344,8.478,Low_Frequency_Burst,11.314
1257779267.93,8.25,Fast_Scattering,11.314
1257779404.975,8.383,Blip_Low_Frequency,5.657
1257779466.11,1042.275,Koi_Fish,5.657
1257779553.367,10.486,Fast_Scattering,11.314
1257779971.202,183.358,Koi_Fish,5.657
1257780185.563,9.49,Low_Frequency_Lines,45.255
1257780357.777,7.517,Blip_Low_Frequency,5.657
1257780629.125,7.835,Scattered_Light,45.255
1257781101.781,7.657,Low_Frequency_Burst,11.314
1257781362.543,14.478,Tomte,5.657
1257781472.93,10.937,Fast_Scattering,11.314
1257781514.688,13.22,Scattered_Light,45.255
1257781656.055,9.686,Fast_Scattering,11.314
1257781960.125,9.693,Low_Frequency_Lines,45.255
1257782114.82,10.585,Fast_Scattering,11.314
1257782218.74,10.96,Blip_Low_Frequency,5.657
1257782469.148,8.059,Fast_Scattering,11.314
1257782576.395,7.768,Blip_Low_Frequency,5.657
1257783112.205,11.177,Blip_Low_Frequency,5.657
1257783113.523,7.593,Fast_Scattering,11.314
1257783272.953,9.028,Fast_Scattering,11.314
1257783426.078,15.81,Fast_Scattering,11.314
1257783467.328,7.941,Fast_Scattering,11.314
1257783472.422,13.824,Fast_Scattering,11.314
1257783710.375,8.552,Scattered_Light,45.255
1257783942.266,12.015,Fast_Scattering,22.627
1257783958.737,9.378,Blip,5.657
1257784372.808,161.095,Koi_Fish,5.657
1257784590.992,9.56,Fast_Scattering,11.314
1257784655.813,618.576,Extremely_Loud,45.255
1257816315.94,17.317,Blip,5.657
1257816623.813,54.861,Scattered_Light,45.255
1257816821.25,9.201,Low_Frequency_Lines,45.255
1257816853.563,10.185,Low_Frequency_Lines,45.255
1257816989.938,28.652,Scattered_Light,45.255
1257816993.125,7.853,Low_Frequency_Lines,45.255
1257816993.125,7.853,Low_Frequency_Lines,45.255
1257817242.063,9.968,Low_Frequency_Lines,45.255
1257817286.625,9.666,Low_Frequency_Lines,45.255
1257817413.875,11.573,Low_Frequency_Lines,45.255
1257817423.813,11.544,Low_Frequency_Lines,45.255
1257817423.813,11.544,Low_Frequency_Lines,45.255
1257817446.313,11.988,Low_Frequency_Lines,45.255
1257817549.381,26.531,Tomte,5.657
1257817561.607,18.63,Tomte,5.657
1257817929.809,8.468,Blip_Low_Frequency,5.657
1257817995.686,9.505,Blip_Low_Frequency,5.657
1257818031.262,32.333,Tomte,5.657
1257818041.375,14.109,Low_Frequency_Lines,45.255
1257818041.375,14.109,Low_Frequency_Lines,45.255
1257818203.375,14.745,Low_Frequency_Lines,45.255
1257818291.813,8.316,Low_Frequency_Lines,22.627
1257818350.531,7.565,Low_Frequency_Burst,11.314
1257818698.938,9.345,Low_Frequency_Lines,45.255
1257818698.938,9.345,Low_Frequency_Lines,45.255
1257818842.319,274.627,Extremely_Loud,5.657
1257819020.625,9.669,Low_Frequency_Lines,45.255
1257819020.625,9.669,Low_Frequency_Lines,45.255
1257819052.625,8.96,Low_Frequency_Lines,45.255
1257819052.625,8.96,Low_Frequency_Lines,45.255
1257819484.781,8.521,Blip,5.657
1257820184.041,994.257,Koi_Fish,5.657
1257820184.041,994.257,Koi_Fish,5.657
1257820627.625,11.317,Low_Frequency_Lines,45.255
1257820731.063,8.02,Low_Frequency_Lines,45.255
1257820797.438,7.564,Low_Frequency_Lines,22.627
1257820873.543,11.812,Tomte,5.657
1257821197.625,10.875,Low_Frequency_Lines,45.255
1257821274.563,11.765,Low_Frequency_Burst,22.627
1257821568.875,14.289,Low_Frequency_Lines,45.255
1257821824.188,28.141,Scattered_Light,45.255
1257821869.188,20.645,Low_Frequency_Lines,45.255
1257821869.188,20.645,Low_Frequency_Lines,45.255
1257822399.239,16.618,Whistle,22.627
1257822657.918,9.104,Blip_Low_Frequency,5.657
1257822659.688,9.008,Low_Frequency_Burst,22.627
1257823152.438,7.862,Low_Frequency_Lines,45.255
1257823171.688,12.836,Low_Frequency_Lines,45.255
1257823218.954,7.713,Whistle,22.627
1257823256.217,11.123,Blip_Low_Frequency,5.657
1257823910.063,11.974,Low_Frequency_Lines,22.627
1257824802.375,7.722,Low_Frequency_Lines,45.255
1257824978.938,12.289,Low_Frequency_Burst,22.627
1257826728.063,9.062,Low_Frequency_Lines,22.627
1257827792.87,19.828,Blip,5.657
1257827852.188,12.31,Scattered_Light,45.255
1257827868.938,17.751,Scattered_Light,45.255
1257828030.077,13.234,Blip,5.657
1257828111.966,11.035,Blip,5.657
1257828111.966,11.035,Blip,5.657
1257828862.274,644.079,Koi_Fish,5.657
1257829311.063,7.756,Scattered_Light,45.255
1257830112.063,25.803,Scattered_Light,45.255
1257830118.438,18.888,Scattered_Light,45.255
1257830295.964,156.816,Koi_Fish,5.657
1257830295.964,156.816,Koi_Fish,5.657
1257830665.475,17.077,Tomte,5.657
1257831368.683,34.642,Blip,5.657
1257831524.063,23.427,Scattered_Light,45.255
1257832572.625,15.936,Scattered_Light,45.255
1257833186.813,19.18,Scattered_Light,45.255
1257833418.125,7.882,Low_Frequency_Lines,45.255
1257833544.162,10.651,Blip_Low_Frequency,5.657
1257834559.23,12.603,Whistle,22.627
1257834905.87,1114.458,Extremely_Loud,5.657
1257835583.23,8.48,Whistle,22.627
1257835824.813,11.677,Scattered_Light,45.255
1257836004.92,21.89,Tomte,5.657
1257836464.125,9.249,Low_Frequency_Lines,45.255
1257836464.125,9.249,Low_Frequency_Lines,45.255
1257836608.624,537.548,Koi_Fish,5.657
1257836872.262,10.461,Blip_Low_Frequency,5.657
1257837016.384,107.81,Koi_Fish,5.657
1257837058.277,20.205,Tomte,5.657
1257837292.969,9.844,Low_Frequency_Burst,22.627
1257837441.375,8.666,Low_Frequency_Lines,45.255
1257837658.688,16.557,Scattered_Light,45.255
1257838050.703,490.8,Koi_Fish,5.657
1257838157.781,8.495,Low_Frequency_Burst,22.627
1257838157.781,8.495,Low_Frequency_Burst,22.627
1257838346.277,15.889,Tomte,5.657
1257838556.318,8.159,Blip_Low_Frequency,5.657
1257838998.563,10.0,Low_Frequency_Burst,22.627
1257839082.539,1671.524,Extremely_Loud,5.657
1257839124.031,8.038,Low_Frequency_Burst,22.627
1257839794.063,40.497,Scattered_Light,45.255
1257840151.745,95.041,Koi_Fish,5.657
1257840151.745,95.041,Koi_Fish,5.657
1257840519.027,21.683,Tomte,5.657
1257840780.744,11.366,Blip,5.657
1257840780.744,11.366,Blip,5.657
1257841087.23,28.879,Whistle,22.627
1257841158.594,7.87,Low_Frequency_Burst,22.627
1257841158.594,7.87,Low_Frequency_Burst,22.627
1257841562.125,8.781,Low_Frequency_Lines,45.255
1257841601.387,12.314,Tomte,5.657
1257841657.566,24.612,Tomte,5.657
1257842931.625,9.39,Low_Frequency_Lines,45.255
1257843999.139,25.202,Tomte,5.657
1257844026.512,14.217,Tomte,5.657
1257844247.889,8.229,Blip_Low_Frequency,5.657
1257844368.14,711.548,Extremely_Loud,5.657
1257844432.33,13.556,Blip_Low_Frequency,5.657
1257844545.871,19.702,Tomte,5.657
1257844807.563,76.71,Scattered_Light,45.255
1257846793.809,8.35,Tomte,5.657
1257846859.375,7.942,Low_Frequency_Lines,45.255
1257849018.438,8.063,Low_Frequency_Burst,22.627
1257849257.488,8.578,Blip_Low_Frequency,5.657
1257849368.875,13.893,Low_Frequency_Lines,45.255
1257849650.033,155.822,Koi_Fish,5.657
1257850239.491,14.666,Blip,5.657
1257851130.438,25.902,Scattered_Light,45.255
1257851818.813,12.701,Low_Frequency_Lines,45.255
1257852133.313,12.898,Low_Frequency_Lines,45.255
1257852202.022,12.989,Blip,5.657
1257853391.283,8.901,Blip_Low_Frequency,5.657
1257853675.313,10.765,Low_Frequency_Burst,22.627
1257853808.55,15.24,Koi_Fish,5.657
1257854296.121,8.817,Blip_Low_Frequency,5.657
1257854341.104,19.271,Blip,5.657
1257856170.164,8.672,Fast_Scattering,11.314
1257856268.258,8.206,Fast_Scattering,11.314
1257857700.389,7.71,Blip_Low_Frequency,5.657
1257858005.938,7.831,Low_Frequency_Lines,22.627
1257858865.625,10.313,Low_Frequency_Lines,45.255
1257860053.006,4563.886,Extremely_Loud,5.657
1257860479.2,410.062,Koi_Fish,5.657
1257860977.586,10.773,Fast_Scattering,11.314
1257862390.105,25.066,Tomte,5.657
1257862684.891,7.976,Low_Frequency_Burst,11.314
1257862889.07,24.182,Blip,5.657
1257863943.421,21.203,Blip,5.657
1257864417.148,10.097,Fast_Scattering,11.314
1257864804.414,7.941,Fast_Scattering,11.314
1257864906.893,9.196,Blip,5.657
1257864962.871,14.381,Tomte,5.657
1257865519.785,7.762,Tomte,5.657
1257865643.063,11.795,Low_Frequency_Lines,45.255
1257865643.063,11.795,Low_Frequency_Lines,45.255
1257865842.117,7.731,Fast_Scattering,11.314
1257866009.367,8.78,Fast_Scattering,11.314
1257866077.188,7.79,Low_Frequency_Lines,45.255
1257866077.188,7.79,Low_Frequency_Lines,45.255
1257866265.977,9.613,Fast_Scattering,11.314
1257867482.801,11.363,Tomte,5.657
1257867551.701,401.529,Extremely_Loud,5.657
1257867551.701,401.529,Extremely_Loud,5.657
1257867643.508,9.699,Fast_Scattering,11.314
1257867731.656,7.854,Low_Frequency_Burst,22.627
1257868005.592,56.832,Koi_Fish,5.657
1257868036.094,8.561,Fast_Scattering,11.314
1257868066.422,8.115,Fast_Scattering,11.314
1257868341.84,8.712,Blip_Low_Frequency,5.657
1257868376.355,8.497,Blip_Low_Frequency,5.657
1257869226.16,8.698,Blip,5.657
1257869298.48,8.068,Blip_Low_Frequency,5.657
1257869690.715,122.667,Koi_Fish,5.657
1257871348.477,10.199,Fast_Scattering,11.314
1257871843.492,7.551,Fast_Scattering,11.314
1257872097.008,8.213,Fast_Scattering,11.314
1257872279.602,10.157,Fast_Scattering,11.314
1257872777.669,7.677,Blip,5.657
1257872896.899,42.589,Blip_Low_Frequency,5.657
1257872955.738,13.816,Blip_Low_Frequency,5.657
1257874621.513,11.619,Blip,5.657
1257874621.513,11.619,Blip,5.657
1257874670.492,11.066,Fast_Scattering,11.314
1257874739.149,281.364,Koi_Fish,5.657
1257874850.773,9.257,Fast_Scattering,11.314
1257874925.078,9.507,Fast_Scattering,11.314
1257874943.914,7.932,Fast_Scattering,11.314
1257874955.492,9.045,Fast_Scattering,11.314
1257875117.211,11.107,Fast_Scattering,11.314
1257875605.092,10.766,Blip_Low_Frequency,5.657
1257876522.529,14.219,Blip,5.657
1257876522.529,14.219,Blip,5.657
1257876786.047,9.316,Fast_Scattering,11.314
1257877015.354,15.448,Tomte,5.657
1257877130.975,881.14,Extremely_Loud,5.657
1257877588.884,1672.252,Extremely_Loud,5.657
1257877588.884,1672.252,Extremely_Loud,5.657
1257878212.996,9.701,Blip_Low_Frequency,5.657
1257878458.234,8.503,Fast_Scattering,11.314
1257878774.07,10.27,Fast_Scattering,11.314
1257878864.586,10.534,Fast_Scattering,11.314
1257878870.703,18.043,Fast_Scattering,11.314
1257879133.15,8.619,Blip,5.657
1257879133.15,8.619,Blip,5.657
1257879906.945,8.121,Fast_Scattering,11.314
1257879941.477,12.368,Fast_Scattering,11.314
1257879949.417,3624.564,Extremely_Loud,11.314
1257880036.555,8.718,Fast_Scattering,11.314
1257880040.672,15.996,Fast_Scattering,11.314
1257880045.961,11.924,Fast_Scattering,11.314
1257880294.563,27.091,Fast_Scattering,45.255
1257880498.063,8.494,Scattered_Light,45.255
1257880782.32,8.923,Tomte,5.657
1257880911.962,18.201,Blip,5.657
1257882170.129,10.861,Tomte,5.657
1257882528.953,16.244,Fast_Scattering,11.314
1257882700.719,9.645,Low_Frequency_Burst,11.314
1257882753.234,11.353,Fast_Scattering,11.314
1257882822.516,7.599,Fast_Scattering,11.314
1257883213.73,16.166,Tomte,5.657
1257883667.777,242.572,Koi_Fish,5.657
1257883667.777,242.572,Koi_Fish,5.657
1257883879.531,8.32,Low_Frequency_Burst,22.627
1257884167.508,10.105,Fast_Scattering,11.314
1257884324.246,8.328,Blip_Low_Frequency,5.657
1257884385.266,15.738,Fast_Scattering,11.314
1257884645.75,12.351,Low_Frequency_Lines,45.255
1257884683.617,8.318,Fast_Scattering,11.314
1257884688.453,12.643,Fast_Scattering,11.314
1257884971.43,9.993,Fast_Scattering,11.314
1257885053.395,20.377,Tomte,5.657
1257885232.141,12.815,Fast_Scattering,11.314
1257885238.891,18.428,Fast_Scattering,11.314
1257885816.914,8.732,Fast_Scattering,11.314
1257885990.648,9.566,Fast_Scattering,11.314
1257887151.516,472.859,Koi_Fish,5.657
1257887151.516,472.859,Koi_Fish,5.657
1257887374.43,8.457,Fast_Scattering,11.314
1257888068.387,8.206,Blip_Low_Frequency,5.657
1257888121.086,9.56,Fast_Scattering,11.314
1257888159.211,7.899,Fast_Scattering,11.314
1257888340.494,33.915,Tomte,5.657
1257888682.195,8.062,Fast_Scattering,11.314
1257888691.133,8.41,Fast_Scattering,11.314
1257888862.705,304.414,Koi_Fish,5.657
1257888983.789,10.075,Fast_Scattering,11.314
1257888986.195,10.15,Fast_Scattering,11.314
1257888990.555,13.972,Fast_Scattering,11.314
1257889797.615,7.637,Blip_Low_Frequency,5.657
1257889846.648,9.523,Fast_Scattering,11.314
1257889932.711,10.023,Fast_Scattering,11.314
1257890050.873,15.64,Koi_Fish,5.657
1257890515.965,10.716,Tomte,5.657
1257891047.434,38.363,Tomte,5.657
1257891047.434,38.363,Tomte,5.657
1257891521.867,7.942,Fast_Scattering,11.314
1257891558.57,12.53,Fast_Scattering,11.314
1257891714.98,35.293,Tomte,5.657
1257891908.986,7.734,Blip_Low_Frequency,5.657
1257892258.715,41.277,Tomte,5.657
1257894651.166,14.335,Tomte,5.657
1257900489.023,23.643,Blip,5.657
1257901059.729,7.751,Blip_Low_Frequency,5.657
1257901250.831,550.1,Extremely_Loud,5.657
1257901276.781,9.439,Low_Frequency_Burst,11.314
1257901867.52,7.919,Blip_Low_Frequency,5.657
1257902582.5,5221.862,Extremely_Loud,5.657
1257904506.958,442.035,Koi_Fish,5.657
1257904784.122,489.433,Extremely_Loud,5.657
1257906368.238,24.86,Tomte,5.657
1257906666.48,8.546,Blip_Low_Frequency,5.657
1257906812.572,130.483,Koi_Fish,5.657
1257907251.941,7.86,Blip_Low_Frequency,5.657
1257908663.314,86.646,Koi_Fish,5.657
1257911220.156,9.881,Low_Frequency_Burst,22.627
1257912924.465,7.981,Blip_Low_Frequency,5.657
1257913143.995,23.875,Blip,5.657
1257913487.787,118.863,Koi_Fish,5.657
1257913598.949,7.552,Blip_Low_Frequency,5.657
1257916831.807,173.786,Koi_Fish,5.657
1257917920.973,8.367,Tomte,5.657
1257919590.762,7.574,Blip_Low_Frequency,5.657
1257919858.055,8.844,Blip_Low_Frequency,5.657
1257922938.053,10.377,Blip_Low_Frequency,5.657
1257923741.824,27.46,Tomte,5.657
1257924531.607,271.017,Extremely_Loud,5.657
1257925978.871,9.912,Blip_Low_Frequency,5.657
1257927518.326,48.668,Blip,5.657
1257927571.507,253.136,Koi_Fish,5.657
1257928899.809,7.707,Blip_Low_Frequency,5.657
1257929491.949,2577.92,Extremely_Loud,11.314
1257930770.525,9.122,Blip,5.657
1257932339.041,7.651,Blip_Low_Frequency,5.657
1257933056.621,8.523,Blip_Low_Frequency,5.657
1257934824.111,252.178,Koi_Fish,5.657
1257936835.078,12.624,Blip,5.657
1257940043.183,8.747,Blip,5.657
1257940400.684,17.495,Blip,5.657
1257940704.988,8.003,Blip_Low_Frequency,5.657
1257942033.014,345.627,Extremely_Loud,5.657
1257942393.079,20.475,Blip,5.657
1257942431.016,7.92,Fast_Scattering,11.314
1257942502.34,15.55,Tomte,5.657
1257943687.403,33.029,Blip,5.657
1257944873.875,29.319,Extremely_Loud,45.255
1257947021.064,9.698,Blip_Low_Frequency,5.657
1257947412.355,769.427,Extremely_Loud,11.314
1257947566.219,8.574,Low_Frequency_Burst,22.627
1257948223.96,35.175,Blip,5.657
1257948697.475,8.037,Blip_Low_Frequency,5.657
1257950857.223,20.001,Blip,5.657
1257951869.129,7.87,Blip_Low_Frequency,5.657
1257952780.355,7.755,Blip_Low_Frequency,5.657
1257953279.49,14.446,Blip,5.657
1257953434.555,41.928,Koi_Fish,5.657
1257954618.652,2413.254,Extremely_Loud,11.314
1257956420.763,112.411,Koi_Fish,5.657
1257956900.63,11.076,Blip,5.657
1257957749.333,327.172,Extremely_Loud,5.657
1257958102.594,8.028,Low_Frequency_Burst,22.627
1257958151.659,142.535,Koi_Fish,5.657
1257962996.494,9.007,Blip_Low_Frequency,5.657
1257964316.786,12.159,Blip,5.657
1257965549.75,17.4,Low_Frequency_Lines,45.255
1257965987.506,8.394,Blip_Low_Frequency,5.657
1257966129.813,8.68,Low_Frequency_Lines,45.255
1257966648.512,16.288,Tomte,5.657
1257968626.81,263.838,Koi_Fish,5.657
1257968841.84,8.55,Blip_Low_Frequency,5.657
1257969825.406,11.586,Low_Frequency_Burst,11.314
1257970126.75,7.538,Low_Frequency_Lines,45.255
1257970701.55,320.248,Extremely_Loud,5.657
1257971432.574,9.672,Blip_Low_Frequency,5.657
1257971611.555,10.215,Fast_Scattering,11.314
1257974575.457,13.056,Tomte,5.657
1257975501.746,18.706,Tomte,5.657
1257976162.563,8.103,Low_Frequency_Burst,22.627
1257976969.82,12.007,Fast_Scattering,11.314
1257978405.152,876.007,Extremely_Loud,11.314
1257978702.309,8.389,Blip_Low_Frequency,5.657
1257979866.274,84.173,Koi_Fish,5.657
1257980676.219,7.546,Low_Frequency_Burst,22.627
1257982479.512,9.227,Blip_Low_Frequency,5.657
1257982830.018,266.804,Koi_Fish,5.657
1257983361.816,7.627,Blip_Low_Frequency,5.657
1257985149.701,13.185,Tomte,5.657
1257992450.015,42.211,Koi_Fish,5.657
1257995284.754,10.671,Blip_Low_Frequency,5.657
1257996166.876,8.935,Blip,5.657
1257996249.581,1257.111,Extremely_Loud,5.657
1257996487.418,12.287,Tomte,5.657
1257997972.082,13.749,Tomte,5.657
1258001310.994,177.944,Koi_Fish,5.657
1258003029.809,10.424,Blip,5.657
1258003044.031,7.814,Low_Frequency_Burst,22.627
1258003629.313,7.681,Low_Frequency_Burst,22.627
1258003765.848,24.238,Tomte,5.657
1258004369.754,14.536,Blip,5.657
1258004491.809,19.477,Tomte,5.657
1258006492.875,12.384,Low_Frequency_Lines,45.255
1258006656.703,23.959,Koi_Fish,22.627
1258008473.83,4117.782,Extremely_Loud,5.657
1258010907.188,11.88,Low_Frequency_Lines,45.255
1258011632.127,8.045,Blip_Low_Frequency,5.657
1258012270.05,18.501,Blip,5.657
1258013522.133,16.542,Blip,5.657
1258013584.563,12.63,Low_Frequency_Burst,22.627
1258014435.319,157.61,Koi_Fish,5.657
1258015496.375,12.448,Low_Frequency_Lines,45.255
1258015706.591,90.735,Koi_Fish,5.657
1258015807.635,61.307,Koi_Fish,5.657
1258017122.719,8.024,Low_Frequency_Burst,5.657
1258017819.656,9.021,Low_Frequency_Burst,22.627
1258018911.474,11.336,Blip,5.657
1258019713.375,8.106,Low_Frequency_Lines,45.255
1258020231.438,8.583,Low_Frequency_Burst,22.627
1258020587.375,9.14,Low_Frequency_Lines,45.255
1258020636.906,11.693,Low_Frequency_Burst,22.627
1258020745.375,14.864,Low_Frequency_Lines,45.255
1258023696.75,7.653,Low_Frequency_Lines,45.255
1258024207.625,15.112,Low_Frequency_Lines,45.255
1258024475.792,3398.784,Extremely_Loud,5.657
1258026000.875,7.744,Low_Frequency_Lines,45.255
1258026706.656,8.428,Low_Frequency_Burst,11.314
1258027238.895,15.216,Tomte,5.657
1258028445.875,7.587,Low_Frequency_Lines,45.255
1258028670.339,290.271,Extremely_Loud,5.657
1258028971.094,7.668,Low_Frequency_Burst,22.627
1258029849.188,26.584,Scattered_Light,45.255
1258031268.466,405.328,Koi_Fish,5.657
1258031521.625,9.146,Low_Frequency_Lines,45.255
1258031528.125,8.295,Low_Frequency_Lines,45.255
1258031566.699,8.392,Blip_Low_Frequency,5.657
1258031619.813,27.282,Scattered_Light,45.255
1258031857.816,9.968,Blip_Low_Frequency,5.657
1258032925.553,49.209,Koi_Fish,5.657
1258033238.875,13.983,Low_Frequency_Lines,45.255
1258033489.563,9.374,Low_Frequency_Lines,45.255
1258034408.813,12.121,Low_Frequency_Lines,45.255
1258034688.341,9.373,Blip,5.657
1258036462.563,8.393,Low_Frequency_Burst,22.627
1258053385.875,12.189,Scattered_Light,45.255
1258054063.912,233.646,Koi_Fish,5.657
1258056622.125,8.434,Low_Frequency_Lines,45.255
1258056704.375,10.784,Scattered_Light,45.255
1258057023.238,30.587,Whistle,45.255
1258057273.375,9.339,Low_Frequency_Lines,45.255
1258057471.23,15.705,Whistle,22.627
1258058303.238,10.927,Whistle,22.627
1258059321.228,20.299,Blip,5.657
1258059650.406,11.398,Low_Frequency_Burst,11.314
1258060121.114,22.037,Blip,5.657
1258062518.625,22.33,Scattered_Light,45.255
1258062596.479,471.309,Koi_Fish,5.657
1258063238.996,9.673,Blip_Low_Frequency,5.657
1258063409.094,8.372,Low_Frequency_Burst,11.314
1258063701.49,404.491,Extremely_Loud,5.657
1258064383.875,8.179,Low_Frequency_Lines,45.255
1258064843.245,17.523,Blip_Low_Frequency,5.657
1258065024.676,33.404,Tomte,5.657
1258065061.875,11.474,Scattered_Light,45.255
1258065517.375,11.23,Low_Frequency_Lines,45.255
1258066163.375,11.699,Low_Frequency_Lines,45.255
1258066367.238,12.816,Whistle,22.627
1258066657.625,11.853,Low_Frequency_Lines,45.255
1258067071.228,15.668,Whistle,22.627
1258067180.379,8.213,Blip,5.657
1258068210.689,24.709,Tomte,5.657
1258068657.129,9.087,Blip_Low_Frequency,5.657
1258068938.438,11.751,Scattered_Light,45.255
1258069238.438,15.374,Scattered_Light,45.255
1258069571.063,9.721,Scattered_Light,45.255
1258069842.861,7.849,Blip_Low_Frequency,5.657
1258070021.563,10.976,Scattered_Light,45.255
1258071530.938,8.206,Low_Frequency_Burst,22.627
1258073471.23,26.399,Whistle,45.255
1258073708.783,15.153,Tomte,5.657
1258074357.688,8.704,Low_Frequency_Burst,22.627
1258074831.563,10.475,Scattered_Light,45.255
1258075585.063,7.684,Low_Frequency_Lines,45.255
1258075768.094,33.976,Scattered_Light,45.255
1258075908.688,16.147,Scattered_Light,45.255
1258075987.688,15.842,Scattered_Light,45.255
1258076180.313,14.781,Scattered_Light,45.255
1258078382.813,10.228,Scattered_Light,45.255
1258078736.438,10.801,Scattered_Light,45.255
1258078851.938,8.205,Scattered_Light,45.255
1258079733.332,14.203,Tomte,5.657
1258079817.313,14.111,Scattered_Light,45.255
1258080518.973,36.383,Tomte,5.657
1258081092.125,15.682,Scattered_Light,45.255
1258081663.228,13.781,Whistle,45.255
1258082810.762,132.276,Koi_Fish,11.314
1258083647.23,14.636,Whistle,45.255
1258084445.668,16.26,Blip_Low_Frequency,5.657
1258085063.301,8.302,Blip_Low_Frequency,5.657
1258085074.468,25.958,Blip,5.657
1258085116.938,12.791,Scattered_Light,45.255
1258085119.23,25.054,Whistle,45.255
1258085470.871,4060.936,Extremely_Loud,11.314
1258085567.23,26.154,Whistle,22.627
1258085798.66,19.728,Tomte,5.657
1258086298.688,8.131,Low_Frequency_Lines,45.255
1258086337.688,12.939,Scattered_Light,45.255
1258086638.313,38.928,Scattered_Light,45.255
1258087288.063,3157.664,Extremely_Loud,5.657
1258087684.313,8.487,Low_Frequency_Lines,45.255
1258088867.051,8.091,Blip_Low_Frequency,5.657
1258089197.199,11.074,Tomte,5.657
1258089293.438,9.817,Scattered_Light,45.255
1258089881.688,9.059,Scattered_Light,45.255
1258091134.379,9.548,Blip_Low_Frequency,5.657
1258092507.792,1459.006,Extremely_Loud,5.657
1258094026.438,8.155,Scattered_Light,45.255
1258094501.688,10.208,Scattered_Light,45.255
1258095880.832,8.723,Tomte,5.657
1258095928.188,9.781,Scattered_Light,45.255
1258096951.464,88.904,Koi_Fish,5.657
1258097629.426,119.494,Koi_Fish,11.314
1258100968.229,596.116,Extremely_Loud,5.657
1258103716.146,2260.039,Extremely_Loud,5.657
1258103955.434,6227.604,Extremely_Loud,11.314
1258104014.438,8.857,Scattered_Light,45.255
1258104213.316,7.818,Blip_Low_Frequency,5.657
1258107537.691,8.533,Blip_Low_Frequency,5.657
1258111729.088,8.593,Blip_Low_Frequency,5.657
1258112600.168,12.713,Blip,5.657
1258113712.875,7.564,Low_Frequency_Lines,45.255
1258114518.838,44.821,Koi_Fish,5.657
1258116689.801,2379.342,Extremely_Loud,11.314
1258116761.582,15.135,Tomte,5.657
1258117348.438,8.226,Scattered_Light,45.255
1258117364.578,12.74,Fast_Scattering,11.314
1258117849.496,8.748,Blip_Low_Frequency,5.657
1258118217.75,8.885,Low_Frequency_Lines,45.255
1258118710.135,14.137,Blip,5.657
1258119350.445,7.938,Fast_Scattering,11.314
1258119996.625,8.103,Fast_Scattering,11.314
1258120580.461,11.778,Blip,5.657
1258122684.757,21.72,Blip,5.657
1258122993.602,8.156,Fast_Scattering,11.314
1258124278.664,8.564,Fast_Scattering,11.314
1258124863.238,15.856,Whistle,22.627
1258126013.543,26.509,Tomte,5.657
1258126484.365,9.777,Blip_Low_Frequency,5.657
1258126700.536,8.539,Blip,5.657
1258127167.23,17.955,Whistle,22.627
1258128511.238,18.106,Whistle,45.255
1258128812.936,8.541,Blip_Low_Frequency,5.657
1258142039.078,8.926,Fast_Scattering,11.314
1258142759.563,33.757,Scattered_Light,45.255
1258143399.064,33.1,Koi_Fish,5.657
1258143453.188,24.396,Scattered_Light,45.255
1258143491.684,7.731,Blip_Low_Frequency,5.657
1258143972.315,158.333,Koi_Fish,5.657
1258145428.59,108.586,Koi_Fish,5.657
1258146245.043,8.759,Blip_Low_Frequency,5.657
1258146848.063,15.561,Scattered_Light,45.255
1258146960.07,8.978,Fast_Scattering,11.314
1258147225.947,14.641,Blip,5.657
1258147404.958,63.62,Blip,5.657
1258147856.743,190.421,Koi_Fish,5.657
1258148251.139,13.064,Tomte,5.657
1258148543.23,20.17,Whistle,45.255
1258148735.238,11.188,Whistle,45.255
1258152920.349,2134.562,Extremely_Loud,11.314
1258154395.233,47.317,Blip,5.657
1258154549.063,8.233,Low_Frequency_Lines,45.255
1258155975.688,10.457,Scattered_Light,45.255
1258156534.654,23.783,Tomte,5.657
1258157683.59,10.268,Tomte,5.657
1258158544.691,16.969,Tomte,5.657
1258158878.027,7.624,Blip_Low_Frequency,5.657
1258159273.23,10.008,Tomte,5.657
1258159512.77,9.149,Tomte,5.657
1258159785.361,781.071,Koi_Fish,5.657
1258161778.365,15.141,Tomte,5.657
1258162608.696,19.326,Blip,5.657
1258163810.584,7.615,Blip_Low_Frequency,5.657
1258164560.801,8.498,Blip_Low_Frequency,5.657
1258164835.815,85.276,Koi_Fish,5.657
1258166027.375,9.135,Low_Frequency_Lines,45.255
1258169997.875,10.333,Low_Frequency_Lines,45.255
1258170700.528,74.754,Koi_Fish,5.657
1258172093.749,203.743,Koi_Fish,5.657
1258172093.749,203.743,Koi_Fish,5.657
1258172742.395,2712.292,Extremely_Loud,11.314
1258173424.895,3829.647,Extremely_Loud,11.314
1258173897.535,8.194,Blip_Low_Frequency,5.657
1258174602.962,406.464,Koi_Fish,5.657
1258175458.826,330.537,Koi_Fish,5.657
1258178386.504,8.074,Blip_Low_Frequency,5.657
1258180754.375,8.762,Low_Frequency_Lines,45.255
1258181092.139,405.337,Koi_Fish,5.657
1258181106.113,14.615,Tomte,5.657
1258181323.629,685.644,Extremely_Loud,11.314
1258183737.281,419.013,Koi_Fish,5.657
1258186309.832,381.957,Extremely_Loud,5.657
1258186646.331,8.327,Whistle,22.627
1258186718.043,9.767,Tomte,5.657
1258187831.149,113.375,Koi_Fish,5.657
1258189623.925,201.175,Koi_Fish,5.657
1258189990.02,13.287,Tomte,5.657
1258190466.168,8.702,Tomte,5.657
1258190626.105,9.635,Blip_Low_Frequency,5.657
1258192170.785,10.175,Tomte,5.657
1258192980.105,20.019,Tomte,5.657
1258194330.67,8.133,Blip_Low_Frequency,5.657
1258196188.396,24.722,Tomte,5.657
1258197638.598,755.257,Extremely_Loud,11.314
1258198314.52,10.418,Tomte,5.657
1258198615.111,14.54,Tomte,5.657
1258198699.098,15.195,Tomte,5.657
1258199282.504,1443.809,Extremely_Loud,5.657
1258199702.628,8.238,Blip,5.657
1258200420.861,16.681,Tomte,5.657
1258200654.504,12.315,Tomte,5.657
1258201068.875,8.088,Fast_Scattering,11.314
1258202930.658,37.274,Tomte,5.657
1258203990.448,34.915,Blip,5.657
1258204617.217,11.046,Blip_Low_Frequency,5.657
1258204863.244,21.596,Whistle,45.255
1258204991.254,18.775,Whistle,45.255
1258205287.484,8.046,Low_Frequency_Burst,11.314
1258205461.814,2873.001,Extremely_Loud,5.657
1258205769.096,295.653,Koi_Fish,5.657
1258207183.684,23.858,Tomte,5.657
1258207572.061,19.153,Blip,5.657
1258207693.734,8.846,Fast_Scattering,11.314
1258208033.391,9.076,Fast_Scattering,11.314
1258245247.23,160.402,Whistle,22.627
1258246526.355,96.643,Koi_Fish,5.657
1258247476.188,8.593,Low_Frequency_Burst,22.627
1258250940.711,3452.45,Extremely_Loud,5.657
1258251403.074,7.93,Tomte,5.657
1258252841.904,247.5,Koi_Fish,5.657
1258253732.332,15.275,Tomte,5.657
1258254289.018,8.653,Blip_Low_Frequency,5.657
1258259197.482,20.446,Tomte,5.657
1258259320.658,1756.929,Extremely_Loud,5.657
1258259320.658,1756.929,Extremely_Loud,5.657
1258276585.75,8.191,Low_Frequency_Lines,45.255
1258278706.316,20.494,Tomte,5.657
1258280891.733,40.039,Blip,5.657
1258281601.052,20.422,Blip,5.657
1258284550.398,9.824,Fast_Scattering,11.314
1258284683.877,2148.378,Extremely_Loud,11.314
1258285709.477,8.673,Fast_Scattering,11.314
1258285968.307,1547.838,Extremely_Loud,5.657
1258286534.296,7.638,Blip,5.657
1258287341.758,524.013,Koi_Fish,5.657
1258290620.117,9.265,Fast_Scattering,11.314
1258291201.803,8.771,Blip_Low_Frequency,5.657
1258291261.705,8.276,Blip_Low_Frequency,5.657
1258291631.052,31.346,Blip,5.657
1258291903.238,36.322,Whistle,45.255
1258291965.277,8.127,Blip_Low_Frequency,5.657
1258292456.105,260.707,Koi_Fish,5.657
1258292583.234,8.787,Fast_Scattering,11.314
1258294386.203,10.134,Fast_Scattering,11.314
1258294999.326,10.136,Blip_Low_Frequency,5.657
1258295206.875,8.274,Fast_Scattering,11.314
1258295978.602,10.435,Fast_Scattering,11.314
1258296139.35,112.759,Koi_Fish,5.657
1258296156.398,8.58,Fast_Scattering,5.657
1258298281.922,10.226,Fast_Scattering,11.314
1258298395.563,7.658,Fast_Scattering,11.314
1258298979.725,8.435,Blip_Low_Frequency,5.657
1258300017.563,14.451,Low_Frequency_Burst,22.627
1258300485.023,10.67,Scattered_Light,45.255
1258300623.094,9.203,Low_Frequency_Burst,22.627
1258300945.707,9.051,Blip_Low_Frequency,5.657
1258303097.807,9.342,Blip_Low_Frequency,5.657
1258303473.113,67.177,Tomte,5.657
1258303856.91,121.726,Koi_Fish,11.314
1258304901.625,13.549,Low_Frequency_Lines,45.255
1258305026.75,12.134,Low_Frequency_Lines,45.255
1258305440.973,9.663,Tomte,5.657
1258305714.938,9.477,Fast_Scattering,11.314
1258305785.25,15.659,Low_Frequency_Lines,45.255
1258306055.24,4543.938,Extremely_Loud,5.657
1258308058.082,8.478,Blip_Low_Frequency,5.657
1258310200.171,265.867,Extremely_Loud,5.657
1258310705.43,10.22,Fast_Scattering,11.314
1258310712.719,8.381,Scattered_Light,45.255
1258311024.766,9.487,Fast_Scattering,11.314
1258315642.141,8.557,Fast_Scattering,11.314
1258315663.713,22.417,Blip,5.657
1258316811.898,7.527,Fast_Scattering,11.314
1258317488.43,9.666,Fast_Scattering,11.314
1258317627.809,8.345,Blip_Low_Frequency,5.657
1258318091.086,8.804,Fast_Scattering,11.314
1258325128.75,13.315,Low_Frequency_Lines,45.255
1258325135.75,25.247,Low_Frequency_Lines,45.255
1258328232.514,8.838,Blip_Low_Frequency,5.657
1258328298.424,7.521,Blip_Low_Frequency,5.657
1258328417.375,8.744,Low_Frequency_Lines,45.255
1258329000.551,9.788,Tomte,5.657
1258329637.316,9.26,Tomte,5.657
1258332954.402,20.105,Tomte,5.657
1258338762.781,7.696,Low_Frequency_Burst,5.657
1258339373.676,7.797,Blip_Low_Frequency,5.657
1258340962.613,7.655,Blip_Low_Frequency,5.657
1258342214.184,22.368,Tomte,5.657
1258342523.849,5015.891,Extremely_Loud,5.657
1258344652.996,1012.578,Extremely_Loud,11.314
1258346473.238,17.146,Blip,5.657
1258347953.875,13.297,Extremely_Loud,45.255
1258349269.926,12.217,Tomte,5.657
1258349485.039,7.731,Blip_Low_Frequency,5.657
1258349670.504,25.7,Tomte,5.657
1258350195.129,12.387,Tomte,5.657
1258352283.848,8.779,Tomte,5.657
1258352856.832,7.511,Blip_Low_Frequency,5.657
1258355265.686,4222.145,Extremely_Loud,5.657
1258355364.686,808.103,Extremely_Loud,22.627
1258358113.271,9.804,Blip_Low_Frequency,5.657
1258358453.276,1284.917,Koi_Fish,5.657
1258359995.98,10.137,Tomte,5.657
1258360772.137,49.291,Tomte,5.657
1258363237.25,11.183,Low_Frequency_Lines,45.255
1258363309.565,679.048,Extremely_Loud,5.657
1258363774.413,52.15,Koi_Fish,5.657
1258367313.145,10.478,Tomte,5.657
1258368184.393,172.25,Koi_Fish,5.657
1258369609.02,10.351,Tomte,5.657
1258371676.964,51.469,Koi_Fish,5.657
1258374413.422,12.172,Low_Frequency_Burst,11.314
1258375712.84,8.176,Tomte,5.657
1258378070.773,9.466,Fast_Scattering,11.314
1258378388.609,8.42,Fast_Scattering,11.314
1258378391.063,9.477,Scattered_Light,45.255
1258378533.602,8.206,Fast_Scattering,11.314
1258378716.23,7.6,Blip_Low_Frequency,5.657
1258379356.828,8.712,Fast_Scattering,11.314
1258379602.898,9.034,Fast_Scattering,5.657
1258380151.555,8.401,Fast_Scattering,11.314
1258380700.273,8.035,Fast_Scattering,11.314
1258381171.25,14.829,Low_Frequency_Lines,45.255
1258381774.734,8.413,Fast_Scattering,11.314
1258382219.56,10.271,Blip,5.657
1258383653.955,8.396,Blip_Low_Frequency,5.657
1258384300.789,82.56,Low_Frequency_Burst,11.314
1258384362.656,7.83,Low_Frequency_Burst,11.314
1258384880.063,8.674,Low_Frequency_Burst,22.627
1258386407.57,11.057,Fast_Scattering,11.314
1258388623.691,43.707,Blip,5.657
1258388981.625,7.77,Fast_Scattering,11.314
1258390774.879,614.404,Extremely_Loud,11.314
1258391340.141,8.785,Fast_Scattering,11.314
1258392661.664,7.777,Fast_Scattering,11.314
1258393038.606,44.862,Blip,5.657
1258393580.289,8.465,Fast_Scattering,11.314
1258393850.949,7.523,Blip_Low_Frequency,5.657
1258394121.473,1819.802,Extremely_Loud,11.314
1258394340.663,5615.412,Extremely_Loud,5.657
1258394378.828,10.235,Fast_Scattering,11.314
1258396259.414,8.281,Fast_Scattering,5.657
1258397421.068,11.188,Blip_Low_Frequency,5.657
1258397505.453,12.766,Fast_Scattering,11.314
1258398579.785,1181.273,Extremely_Loud,5.657
1258398763.484,9.626,Fast_Scattering,11.314
1258398846.039,7.704,Fast_Scattering,11.314
1258399516.383,7.943,Fast_Scattering,11.314
1258399760.212,336.424,Koi_Fish,5.657
1258400107.958,42.783,Koi_Fish,5.657
1258400130.43,8.431,Fast_Scattering,11.314
1258400191.953,8.766,Fast_Scattering,11.314
1258400593.872,82.404,Koi_Fish,5.657
1258401947.732,434.848,Koi_Fish,5.657
1258402681.685,22.619,Blip,5.657
1258402894.633,74.044,Koi_Fish,5.657
1258404353.164,8.21,Fast_Scattering,11.314
1258405663.25,7.958,Low_Frequency_Lines,45.255
1258405903.164,8.032,Fast_Scattering,11.314
1258405921.727,8.057,Fast_Scattering,11.314
1258406677.215,3382.944,Extremely_Loud,5.657
1258406839.751,243.619,Koi_Fish,5.657
1258407078.864,116.622,Koi_Fish,5.657
1258407844.75,19.732,Low_Frequency_Lines,45.255
1258408753.336,8.294,Fast_Scattering,11.314
1258410337.436,7.853,Blip_Low_Frequency,5.657
1258412627.875,11.094,Low_Frequency_Lines,45.255
1258415680.909,77.087,Koi_Fish,5.657
1258416069.389,8.941,Blip,5.657
1258418524.93,672.679,Extremely_Loud,5.657
1258418555.75,980.891,Low_Frequency_Burst,11.314
1258423392.811,6833.938,Extremely_Loud,11.314
1258424101.311,8.387,Blip_Low_Frequency,5.657
1258427701.096,535.695,Extremely_Loud,5.657
1258430123.136,642.142,Extremely_Loud,5.657
1258431768.371,7.551,Blip_Low_Frequency,5.657
1258435512.049,12.033,Tomte,5.657
1258439201.134,267.296,Koi_Fish,5.657
1258448134.871,69.11,Koi_Fish,5.657
1258458323.879,7.837,Blip_Low_Frequency,5.657
1258459181.238,10.462,Tomte,5.657
1258459773.508,10.458,Fast_Scattering,11.314
1258461041.307,873.422,Extremely_Loud,22.627
1258461596.955,272.341,Koi_Fish,5.657
1258462548.625,9.274,Fast_Scattering,11.314
1258462729.633,8.682,Fast_Scattering,11.314
1258462769.446,3341.073,Extremely_Loud,11.314
1258463009.8,398.782,Koi_Fish,5.657
1258463049.523,8.729,Fast_Scattering,11.314
1258463775.555,9.502,Fast_Scattering,11.314
1258464252.953,10.36,Fast_Scattering,11.314
1258464624.797,10.419,Fast_Scattering,11.314
1258465267.117,8.849,Fast_Scattering,11.314
1258465525.758,11.168,Fast_Scattering,11.314
1258466178.891,10.142,Fast_Scattering,11.314
1258466450.245,2295.503,Extremely_Loud,5.657
1258467521.836,7.555,Fast_Scattering,11.314
1258467780.43,8.647,Fast_Scattering,11.314
1258467846.832,168.28,Koi_Fish,5.657
1258468049.523,11.781,Fast_Scattering,11.314
1258468384.488,7.954,Tomte,5.657
1258468895.961,8.927,Tomte,5.657
1258469031.609,9.608,Fast_Scattering,11.314
1258471137.445,10.853,Fast_Scattering,11.314
1258471462.375,7.628,Low_Frequency_Lines,45.255
1258472289.543,10.63,Tomte,5.657
1258473405.602,9.043,Fast_Scattering,11.314
1258473869.297,11.577,Fast_Scattering,11.314
1258474270.164,8.586,Fast_Scattering,5.657
1258474319.518,8.819,Blip_Low_Frequency,5.657
1258474380.258,8.466,Fast_Scattering,11.314
1258474645.055,8.267,Fast_Scattering,11.314
1258474739.516,7.679,Fast_Scattering,11.314
1258474879.266,10.326,Fast_Scattering,11.314
1258474923.984,11.727,Fast_Scattering,11.314
1258475479.43,9.882,Fast_Scattering,11.314
1258475527.797,9.791,Fast_Scattering,11.314
1258475892.285,7.859,Blip_Low_Frequency,5.657
1258476140.625,8.784,Fast_Scattering,11.314
1258476152.039,11.364,Fast_Scattering,11.314
1258476597.297,8.02,Fast_Scattering,11.314
1258476606.711,8.204,Fast_Scattering,11.314
1258477233.535,23.332,Tomte,5.657
1258478723.832,16.771,Tomte,5.657
1258479081.016,7.659,Fast_Scattering,22.627
1258480054.75,8.082,Low_Frequency_Lines,45.255
1258487046.258,16.346,Fast_Scattering,11.314
1258487465.969,8.988,Fast_Scattering,11.314
1258488453.523,7.56,Fast_Scattering,11.314
1258489928.359,15.421,Low_Frequency_Burst,11.314
1258491825.839,78.817,Koi_Fish,5.657
1258492504.289,9.943,Blip_Low_Frequency,5.657
1258493111.304,12.166,Blip,5.657
1258493274.496,20.084,Tomte,5.657
1258495139.59,1599.506,Extremely_Loud,5.657
1258497425.75,10.283,Low_Frequency_Lines,45.255
1258498256.625,78.648,Koi_Fish,5.657
1258500901.941,14.752,Tomte,5.657
1258502321.704,21.559,Blip,5.657
1258502531.043,8.706,Tomte,5.657
1258503740.75,8.917,Low_Frequency_Lines,45.255
1258503856.033,11.019,Blip_Low_Frequency,5.657
1258505721.752,40.05,Blip,5.657
1258506169.533,128.982,Koi_Fish,5.657
1258507382.988,8.391,Blip_Low_Frequency,5.657
1258507693.94,1237.292,Extremely_Loud,5.657
1258510911.814,640.841,Extremely_Loud,22.627
1258511682.971,11.69,Blip_Low_Frequency,5.657
1258513221.127,7.715,Blip_Low_Frequency,5.657
1258514939.707,161.578,Extremely_Loud,11.314
1258515184.561,9.115,Blip_Low_Frequency,5.657
1258515315.508,29.924,Blip,5.657
1258515606.191,8.027,Blip_Low_Frequency,5.657
1258516077.937,12.929,Blip,5.657
1258516250.06,1849.768,Extremely_Loud,5.657
1258517561.027,59.646,Tomte,5.657
1258518412.213,47.521,Koi_Fish,5.657
1258518766.84,8.088,Blip_Low_Frequency,5.657
1258519128.223,7.755,Blip_Low_Frequency,5.657
1258519852.418,10.911,Blip_Low_Frequency,5.657
1258520538.168,12.478,Tomte,5.657
1258521685.723,11.681,Tomte,5.657
1258521898.091,3878.101,Extremely_Loud,5.657
1258522413.883,16.954,Blip,5.657
1258522586.777,10.839,Tomte,5.657
1258522736.418,8.695,Blip_Low_Frequency,5.657
1258523150.798,10.599,Blip,5.657
1258525433.707,8.82,Blip_Low_Frequency,5.657
1258526387.941,10.693,Tomte,5.657
1258528151.363,7.73,Blip_Low_Frequency,5.657
1258533105.371,11.801,Tomte,5.657
1258535957.926,9.41,Blip,5.657
1258538613.531,9.246,Low_Frequency_Burst,11.314
1258539115.133,16.873,Blip,5.657
1258539992.25,11.114,Low_Frequency_Lines,45.255
1258540465.182,9.621,Blip_Low_Frequency,5.657
1258541417.082,8.168,Blip_Low_Frequency,5.657
1258541626.465,7.672,Blip_Low_Frequency,5.657
1258541643.424,13.733,Blip_Low_Frequency,5.657
1258544868.25,10.083,Low_Frequency_Lines,45.255
1258545401.332,28.4,Tomte,5.657
1258546774.035,7.546,Blip_Low_Frequency,5.657
1258548532.246,9.585,Blip_Low_Frequency,5.657
1258551040.874,9.192,Blip,5.657
1258551217.944,287.366,Koi_Fish,5.657
1258553157.512,17.707,Tomte,5.657
1258554418.2,775.02,Koi_Fish,5.657
1258556723.813,12.057,Scattered_Light,45.255
1258556744.688,11.336,Scattered_Light,45.255
1258556747.938,7.567,Low_Frequency_Lines,45.255
1258556756.438,13.404,Scattered_Light,45.255
1258556929.061,9.813,Blip_Low_Frequency,5.657
1258557146.52,9.428,Blip_Low_Frequency,5.657
1258559842.474,947.804,Extremely_Loud,5.657
1258560235.535,26.189,Tomte,5.657
1258560759.034,19.998,Blip,5.657
1258562152.955,8.135,Blip_Low_Frequency,5.657
1258562587.762,84.945,Koi_Fish,5.657
1258562793.605,38.224,Tomte,5.657
1258562838.014,9.734,Tomte,5.657
1258563316.961,7.631,Blip_Low_Frequency,11.314
1258565435.676,7.543,Blip_Low_Frequency,5.657
1258566272.294,165.807,Koi_Fish,5.657
1258568335.754,956.159,Extremely_Loud,11.314
1258568928.875,7.649,Low_Frequency_Lines,45.255
1258569066.209,1076.308,Koi_Fish,5.657
1258570182.312,51.825,Blip_Low_Frequency,5.657
1258571417.598,7.848,Blip_Low_Frequency,5.657
1258571557.031,9.53,Low_Frequency_Burst,11.314
1258572115.041,8.991,Blip_Low_Frequency,5.657
1258572119.927,946.246,Extremely_Loud,5.657
1258572770.938,8.509,Low_Frequency_Lines,45.255
1258573654.324,92.713,Koi_Fish,5.657
1258574101.893,346.164,Koi_Fish,5.657
1258574322.49,491.298,Koi_Fish,5.657
1258576072.52,21.228,Tomte,5.657
1258576271.688,7.881,Low_Frequency_Lines,45.255
1258576304.158,8.008,Blip,5.657
1258576548.875,9.347,Scattered_Light,45.255
1258577124.191,9.184,Blip_Low_Frequency,5.657
1258579103.374,688.482,Extremely_Loud,5.657
1258579707.163,12.664,Blip,5.657
1258579748.323,32.09,Blip_Low_Frequency,5.657
1258580022.292,9.97,Blip,5.657
1258580629.324,8.934,Blip_Low_Frequency,5.657
1258580870.888,7.663,Blip,5.657
1258582046.219,11.495,Low_Frequency_Burst,22.627
1258582191.969,21.369,Low_Frequency_Burst,22.627
1258582212.063,61.905,Low_Frequency_Burst,22.627
1258582841.813,9.141,Low_Frequency_Lines,45.255
1258585109.965,338.257,Extremely_Loud,11.314
1258585604.138,520.059,Koi_Fish,5.657
1258585658.213,7.591,Blip_Low_Frequency,5.657
1258586193.438,9.974,Scattered_Light,45.255
1258588467.313,9.901,Scattered_Light,45.255
1258590713.795,9.919,Blip_Low_Frequency,5.657
1258591571.938,9.968,Scattered_Light,45.255
1258592517.951,561.972,Extremely_Loud,5.657
1258593379.313,28.303,Scattered_Light,45.255
1258593860.529,13.29,Blip_Low_Frequency,5.657
1258594055.375,32.982,Scattered_Light,45.255
1258606923.875,15.339,Low_Frequency_Lines,45.255
1258610204.823,19.986,Blip,5.657
1258613248.156,8.88,Low_Frequency_Burst,11.314
1258614969.678,112.062,Koi_Fish,5.657
1258616197.219,15.609,Low_Frequency_Burst,11.314
1258617467.084,8.087,Blip_Low_Frequency,5.657
1258617547.514,7.64,Blip,5.657
1258617666.83,13.332,Tomte,5.657
1258618504.193,55.947,Tomte,5.657
1258621511.878,15.034,Blip,5.657
1258621660.329,197.045,Koi_Fish,5.657
1258622126.691,56.756,Tomte,5.657
1258624040.529,17.292,Tomte,5.657
1258624289.098,10.298,Blip_Low_Frequency,5.657
1258624292.925,758.104,Extremely_Loud,5.657
1258625924.324,8.35,Blip_Low_Frequency,5.657
1258627200.068,10.599,Blip_Low_Frequency,5.657
1258628772.946,30.048,Blip,5.657
1258629240.534,29.401,Blip,5.657
1258629851.697,24.507,Tomte,5.657
1258631627.585,8.681,Blip,5.657
1258632075.834,148.928,Koi_Fish,5.657
1258635327.018,17.222,Blip,5.657
1258636471.542,76.322,Koi_Fish,5.657
1258637165.361,397.888,Koi_Fish,5.657
1258637322.458,53.51,Koi_Fish,5.657
1258638337.75,7.905,Low_Frequency_Lines,45.255
1258638343.713,1658.768,Extremely_Loud,5.657
1258638717.652,13.363,Tomte,5.657
1258642147.644,13.861,Blip_Low_Frequency,5.657
1258645116.504,1184.517,Extremely_Loud,5.657
1258647514.99,7.904,Blip_Low_Frequency,5.657
1258647694.594,8.507,Low_Frequency_Burst,11.314
1258648254.719,10.532,Low_Frequency_Burst,5.657
1258649905.219,13.901,Low_Frequency_Burst,22.627
1258650562.438,10.147,Scattered_Light,45.255
1258651778.91,16.215,Tomte,5.657
1258652631.951,178.06,Extremely_Loud,5.657
1258653083.277,22.274,Tomte,5.657
1258654575.184,542.504,Extremely_Loud,22.627
1258655159.06,10.979,Blip,5.657
1258655507.874,244.925,Koi_Fish,5.657
1258656415.242,945.71,Extremely_Loud,22.627
1258657056.594,9.536,Low_Frequency_Burst,11.314
1258657546.324,32.375,Tomte,5.657
1258657756.634,49.818,Blip,5.657
1258659875.066,15.844,Tomte,5.657
1258664232.061,9.328,Blip_Low_Frequency,5.657
1258665170.406,38.4,Low_Frequency_Burst,22.627
1258665198.938,48.518,Low_Frequency_Burst,22.627
1258668804.074,78.311,Tomte,5.657
1258670847.84,7.828,Blip_Low_Frequency,5.657
1258671985.127,10.335,Blip_Low_Frequency,5.657
1258672287.719,13.616,Low_Frequency_Burst,11.314
1258675899.952,567.305,Extremely_Loud,5.657
1258676720.188,9.639,Scattered_Light,45.255
1258677246.501,9.721,Blip,5.657
1258678262.965,7.632,Blip_Low_Frequency,5.657
1258679070.684,7.983,Blip_Low_Frequency,5.657
1258679196.691,26.359,Tomte,5.657
1258682244.504,182.13,Extremely_Loud,11.314
1258685106.254,17.61,Tomte,5.657
1258686826.785,8.38,Blip_Low_Frequency,5.657
1258688161.699,14.309,Tomte,5.657
1258691296.02,25.789,Tomte,5.657
1258691370.043,12.744,Tomte,5.657
1258693760.668,1069.999,Extremely_Loud,11.314
1258694698.404,7.587,Blip_Low_Frequency,5.657
1258696019.52,17.501,Tomte,5.657
1258699006.063,96.69,Koi_Fish,5.657
1258700406.378,135.628,Koi_Fish,5.657
1258707781.785,9.382,Tomte,5.657
1258711904.798,111.77,Koi_Fish,5.657
1258713201.676,11.256,Tomte,5.657
1258713614.675,17.468,Blip,5.657
1258714404.832,7.689,Tomte,5.657
1258715513.396,10.112,Blip,5.657
1258716604.895,8.257,Blip_Low_Frequency,5.657
1258717764.603,19.322,Blip,5.657
1258719550.445,11.987,Fast_Scattering,11.314
1258720792.269,22.254,Blip,5.657
1258721194.688,10.451,Fast_Scattering,11.314
1258721259.057,16.553,Blip,5.657
1258721405.469,8.758,Fast_Scattering,22.627
1258722526.304,210.009,Extremely_Loud,5.657
1258722712.477,8.142,Fast_Scattering,11.314
1258722719.938,11.12,Fast_Scattering,11.314
1258722722.141,14.814,Fast_Scattering,11.314
1258723528.321,2261.482,Extremely_Loud,5.657
1258723722.631,7.948,Blip_Low_Frequency,5.657
1258724266.961,10.055,Fast_Scattering,11.314
1258724351.799,28.85,Blip,5.657
1258724373.188,11.135,Scattered_Light,45.255
1258724680.889,585.775,Koi_Fish,5.657
1258726192.359,8.508,Fast_Scattering,11.314
1258726335.828,14.064,Fast_Scattering,11.314
1258726626.047,8.129,Fast_Scattering,11.314
1258727147.188,11.381,Fast_Scattering,11.314
1258727691.523,7.616,Tomte,5.657
1258727922.75,9.175,Low_Frequency_Lines,45.255
1258727948.406,17.212,Low_Frequency_Burst,11.314
1258727967.305,9.129,Fast_Scattering,11.314
1258728068.406,16.534,Low_Frequency_Burst,11.314
1258728689.266,8.33,Fast_Scattering,11.314
1258729585.844,9.512,Low_Frequency_Burst,22.627
1258729750.016,9.094,Fast_Scattering,11.314
1258730051.578,9.337,Fast_Scattering,11.314
1258730141.25,7.529,Low_Frequency_Lines,45.255
1258730336.016,9.0,Fast_Scattering,11.314
1258731339.18,8.268,Fast_Scattering,11.314
1258731895.859,11.474,Fast_Scattering,11.314
1258732094.203,8.651,Fast_Scattering,11.314
1258732182.555,7.635,Fast_Scattering,11.314
1258732215.352,7.773,Fast_Scattering,11.314
1258732962.213,12.584,Blip_Low_Frequency,5.657
1258732965.961,11.548,Blip,5.657
1258733258.25,9.231,Low_Frequency_Lines,45.255
1258733523.342,301.597,Extremely_Loud,5.657
1258733621.703,11.489,Fast_Scattering,11.314
1258733747.133,8.856,Fast_Scattering,11.314
1258733979.867,8.235,Fast_Scattering,11.314
1258735986.98,8.185,Blip_Low_Frequency,5.657
1258736845.283,8.607,Blip_Low_Frequency,5.657
1258736931.426,9.199,Blip_Low_Frequency,5.657
1258737480.352,576.003,Extremely_Loud,11.314
1258738648.836,8.678,Fast_Scattering,11.314
1258739006.063,7.674,Fast_Scattering,11.314
1258739616.711,8.308,Fast_Scattering,11.314
1258739675.168,30.151,Tomte,5.657
1258741966.195,8.806,Fast_Scattering,11.314
1258743655.25,12.059,Low_Frequency_Lines,45.255
1258744026.17,8.74,Blip_Low_Frequency,5.657
1258745569.987,26.099,Blip,5.657
1258745999.734,9.914,Fast_Scattering,11.314
1258746413.266,7.732,Blip_Low_Frequency,11.314
1258746921.34,15.566,Tomte,5.657
1258747377.707,11.121,Tomte,5.657
1258748124.669,100.928,Koi_Fish,5.657
1258748694.906,8.805,Low_Frequency_Burst,11.314
1258749120.209,14.19,Whistle,45.255
1258749973.457,8.37,Tomte,5.657
1258758262.26,489.76,Extremely_Loud,5.657
1258761150.743,106.363,Koi_Fish,5.657
1258762517.582,22.641,Tomte,5.657
1258763055.473,15.139,Tomte,5.657
1258763464.706,2782.32,Extremely_Loud,11.314
1258768912.09,37.531,Tomte,5.657
1258769750.86,1075.415,Extremely_Loud,5.657
1258772842.688,747.908,Extremely_Loud,45.255
1258785189.938,32.792,Low_Frequency_Burst,11.314
1258785411.719,11.167,Low_Frequency_Burst,22.627
1258785581.957,35.541,Blip,5.657
1258785869.672,7.949,Low_Frequency_Burst,11.314
1258786717.176,8.081,Blip_Low_Frequency,5.657
1258787346.387,29.27,Tomte,5.657
1258787743.72,2705.223,Extremely_Loud,5.657
1258790462.402,55.454,Tomte,5.657
1258791123.319,7.853,Blip,5.657
1258791678.838,17.987,Tomte,5.657
1258791711.003,12.819,Koi_Fish,22.627
1258794442.912,11.26,Blip,5.657
1258795360.535,11.906,Tomte,5.657
1258796146.004,8.595,Tomte,5.657
1258796314.645,19.878,Tomte,5.657
1258796813.566,54.095,Tomte,5.657
1258797347.373,8.873,Blip,5.657
1258800216.061,17.746,Tomte,5.657
1258801530.58,23.875,Blip_Low_Frequency,5.657
1258801660.813,27.395,Low_Frequency_Burst,22.627
1258802336.324,4732.132,Extremely_Loud,11.314
1258806533.381,307.266,Koi_Fish,5.657
1258808353.352,8.739,Fast_Scattering,11.314
1258808869.952,82.865,Koi_Fish,5.657
1258810298.488,9.402,Tomte,5.657
1258810718.953,11.175,Low_Frequency_Burst,11.314
1258811290.486,127.606,Extremely_Loud,5.657
1258812331.688,8.292,Fast_Scattering,11.314
1258813058.584,11.879,Blip_Low_Frequency,5.657
1258813248.734,7.504,Fast_Scattering,11.314
1258815687.069,99.891,Blip,5.657
1258815797.957,14.457,Tomte,5.657
1258838450.322,7.942,Blip_Low_Frequency,5.657
1258838885.586,9.292,Fast_Scattering,11.314
1258841313.583,303.867,Koi_Fish,5.657
1258841621.75,7.619,Low_Frequency_Lines,45.255
1258842201.25,9.519,Low_Frequency_Lines,45.255
1258842258.793,10.844,Tomte,5.657
1258843121.75,7.813,Low_Frequency_Lines,45.255
1258843739.605,56.567,Tomte,5.657
1258847907.262,7.732,Blip_Low_Frequency,5.657
1258848465.683,1038.521,Extremely_Loud,5.657
1258850332.512,9.95,Tomte,5.657
1258853514.449,14.065,Tomte,5.657
1258854498.613,31.618,Koi_Fish,5.657
1258856431.013,630.058,Extremely_Loud,22.627
1258857051.203,46.229,Blip,5.657
1258857959.75,9.635,Low_Frequency_Lines,45.255
1258858876.027,92.379,Koi_Fish,5.657
1258858997.988,13.225,Tomte,5.657
1258859365.31,22.28,Blip,5.657
1258859827.241,9.601,Blip,5.657
1258860416.005,171.596,Koi_Fish,5.657
1258861262.987,112.18,Koi_Fish,5.657
1258862970.138,9.69,Blip,5.657
1258863214.442,106.44,Koi_Fish,5.657
1258863494.293,12.341,Tomte,5.657
1258863556.277,954.157,Extremely_Loud,5.657
1258864126.336,9.794,Fast_Scattering,11.314
1258864484.879,8.027,Blip_Low_Frequency,5.657
1258864747.121,85.462,Koi_Fish,5.657
1258868479.615,12.286,Blip_Low_Frequency,5.657
1258869396.956,1326.781,Extremely_Loud,5.657
1258869723.129,9.939,Blip_Low_Frequency,5.657
1258870982.684,8.502,Blip_Low_Frequency,5.657
1258871660.184,64.583,Tomte,5.657
1258872630.046,1968.142,Extremely_Loud,5.657
1258873071.379,10.371,Tomte,5.657
1258876849.699,196.668,Koi_Fish,5.657
1258879714.02,9.446,Blip_Low_Frequency,5.657
1258880430.535,8.263,Blip_Low_Frequency,5.657
1258881793.926,8.131,Tomte,5.657
1258882644.371,7.735,Blip_Low_Frequency,5.657
1258883931.699,7.595,Blip_Low_Frequency,5.657
1258884951.152,10.45,Blip,5.657
1258885442.762,10.335,Blip_Low_Frequency,5.657
1258888874.291,124.987,Koi_Fish,5.657
1258891584.086,7.552,Fast_Scattering,11.314
1258891884.668,88.066,Koi_Fish,5.657
1258892123.199,9.598,Blip_Low_Frequency,5.657
1258892808.825,22.081,Blip,5.657
1258893386.059,155.201,Koi_Fish,5.657
1258893938.137,8.513,Tomte,5.657
1258894650.875,15.02,Scattered_Light,45.255
1258894942.396,524.883,Koi_Fish,5.657
1258895410.739,2320.777,Extremely_Loud,5.657
1258896220.191,45.875,Koi_Fish,5.657
1258896827.629,16.529,Tomte,5.657
1258897715.332,7.895,Blip_Low_Frequency,5.657
1258898279.413,17.736,Blip,5.657
1258898731.25,7.663,Low_Frequency_Lines,45.255
1258901254.094,30.533,Low_Frequency_Burst,22.627
1258901390.469,10.862,Low_Frequency_Burst,22.627
1258902098.628,9.996,Blip,5.657
1258902902.484,8.089,Fast_Scattering,11.314
1258905161.787,10.652,Blip_Low_Frequency,5.657
1258905407.882,39.572,Koi_Fish,5.657
1258905936.227,10.011,Blip_Low_Frequency,5.657
1258905996.758,9.831,Fast_Scattering,11.314
1258906731.445,7.755,Scattered_Light,45.255
1258907025.875,10.235,Scattered_Light,45.255
1258907128.461,260.885,Koi_Fish,5.657
1258907386.59,13.648,Tomte,5.657
1258907587.865,1073.567,Extremely_Loud,5.657
1258908295.75,8.471,Low_Frequency_Lines,45.255
1258908723.999,214.814,Koi_Fish,5.657
1258908958.646,15.218,Blip,5.657
1258911269.082,11.642,Tomte,5.657
1258911618.305,9.477,Fast_Scattering,11.314
1258912145.42,25.242,Tomte,5.657
1258912921.023,10.448,Fast_Scattering,11.314
1258915216.391,7.507,Low_Frequency_Burst,11.314
1258921888.934,20.364,Tomte,5.657
1258922179.686,7.966,Blip_Low_Frequency,5.657
1258922541.422,9.512,Low_Frequency_Burst,11.314
1258922595.344,14.521,Low_Frequency_Burst,11.314
1258931089.098,12.096,Tomte,5.657
1258931184.895,9.646,Tomte,5.657
1258931725.502,34.645,Koi_Fish,5.657
1258933014.457,73.24,Tomte,5.657
1258933595.309,10.361,Blip_Low_Frequency,5.657
1258934381.184,8.459,Blip_Low_Frequency,5.657
1258936200.215,25.314,Tomte,5.657
1258936816.406,8.543,Low_Frequency_Burst,22.627
1258936987.215,8.799,Blip_Low_Frequency,5.657
1258939761.084,25.086,Tomte,5.657
1258941877.875,21.749,Extremely_Loud,45.255
1258942445.488,9.909,Tomte,5.657
1258944125.455,8.099,Blip_Low_Frequency,5.657
1258946319.064,7.708,Blip_Low_Frequency,5.657
1258949804.094,7.624,Low_Frequency_Burst,11.314
1258950560.499,144.241,Koi_Fish,5.657
1258953038.679,152.733,Koi_Fish,5.657
1258954363.121,8.628,Tomte,5.657
1258955265.777,10.191,Tomte,5.657
1258957502.713,16.616,Blip_Low_Frequency,5.657
1258960702.96,447.098,Extremely_Loud,22.627
1258961353.285,21.542,Tomte,5.657
1258963135.918,8.124,Blip_Low_Frequency,5.657
1258964541.543,8.8,Tomte,5.657
1258965651.035,25.655,Tomte,5.657
1258965897.458,90.778,Koi_Fish,5.657
1258967436.014,13.171,Blip,5.657
1258969820.926,9.905,Tomte,5.657
1258970910.916,17.279,Tomte,5.657
1258971135.391,7.686,Low_Frequency_Burst,5.657
1258972054.816,8.534,Blip_Low_Frequency,5.657
1258972189.035,9.381,Tomte,5.657
1258972852.402,831.101,Extremely_Loud,11.314
1258973291.939,14.368,Tomte,5.657
1258974482.282,50.59,Blip,5.657
1258974929.621,11.195,Blip_Low_Frequency,5.657
1258976636.613,14.606,Tomte,5.657
1258977683.033,46.74,Koi_Fish,5.657
1258977881.037,478.752,Koi_Fish,5.657
1258978636.082,138.039,Koi_Fish,5.657
1258981355.463,278.142,Koi_Fish,5.657
1258984113.652,9.221,Blip_Low_Frequency,5.657
1258992623.406,24.062,Low_Frequency_Burst,11.314
1258992777.844,17.356,Low_Frequency_Burst,11.314
1258993056.781,33.981,Low_Frequency_Burst,22.627
1258993728.906,18.939,Low_Frequency_Burst,22.627
1258995396.152,9.522,Blip_Low_Frequency,5.657
1258995420.699,8.912,Blip_Low_Frequency,5.657
1258995996.441,45.865,Extremely_Loud,11.314
1258996523.994,8.846,Blip_Low_Frequency,5.657
1258997788.207,13.662,Tomte,5.657
1258997991.215,108.227,Koi_Fish,5.657
1259001523.327,4050.126,Extremely_Loud,5.657
1259003143.832,20.448,Tomte,5.657
1259006602.797,10.207,Low_Frequency_Burst,11.314
1259007707.855,8.781,Blip_Low_Frequency,5.657
1259008528.955,112.004,Koi_Fish,5.657
1259008564.324,7.939,Tomte,5.657
1259009276.483,88.094,Koi_Fish,5.657
1259010511.145,23.645,Tomte,5.657
1259012498.076,70.06,Koi_Fish,5.657
1259014539.996,7.533,Blip_Low_Frequency,5.657
1259015891.605,9.387,Blip_Low_Frequency,5.657
1259020601.826,12.37,Tomte,5.657
1259022871.582,9.559,Tomte,5.657
1259023885.402,14.296,Tomte,5.657
1259023963.486,728.869,Extremely_Loud,5.657
1259024678.281,12.939,Low_Frequency_Burst,11.314
1259026887.75,7.694,Low_Frequency_Lines,45.255
1259027065.911,282.118,Koi_Fish,5.657
1259029905.879,7.614,Blip_Low_Frequency,5.657
1259029935.496,8.763,Blip_Low_Frequency,5.657
1259030469.988,14.762,Tomte,5.657
1259032228.543,6226.04,Extremely_Loud,5.657
1259033909.801,7.911,Blip_Low_Frequency,5.657
1259041324.594,9.362,Low_Frequency_Burst,11.314
1259042931.379,1037.343,Extremely_Loud,11.314
1259045927.109,11.534,Low_Frequency_Burst,22.627
1259046982.535,11.388,Blip,5.657
1259048566.642,7.684,Blip,5.657
1259049616.574,10.658,Tomte,5.657
1259050382.185,17.311,Blip,5.657
1259050425.848,17.196,Tomte,5.657
1259053700.329,208.941,Koi_Fish,5.657
1259056757.485,10.512,Blip,5.657
1259059390.77,11.4,Tomte,5.657
1259059541.344,86.705,Low_Frequency_Burst,45.255
1259059660.672,11.875,Low_Frequency_Burst,11.314
1259059877.016,11.973,Low_Frequency_Burst,11.314
1259060024.656,8.528,Low_Frequency_Burst,5.657
1259060191.372,524.0,Koi_Fish,5.657
1259061174.219,14.291,Low_Frequency_Burst,22.627
1259061215.844,15.504,Low_Frequency_Burst,11.314
1259062299.342,230.168,Koi_Fish,5.657
1259063125.462,112.065,Koi_Fish,5.657
1259066418.723,49.988,Tomte,5.657
1259067492.215,11.247,Tomte,5.657
1259067785.996,7.838,Blip_Low_Frequency,5.657
1259068406.605,9.54,Blip_Low_Frequency,5.657
1259069878.42,11.469,Blip_Low_Frequency,5.657
1259070303.889,629.476,Extremely_Loud,11.314
1259072774.804,43.083,Blip,5.657
1259073976.941,15.103,Tomte,5.657
1259074771.285,57.734,Blip,5.657
1259077685.656,11.931,Low_Frequency_Burst,22.627
1259078125.551,2415.087,Extremely_Loud,11.314
1259078431.684,56.731,Tomte,5.657
1259079887.793,26.165,Tomte,5.657
1259081791.293,44.019,Tomte,5.657
1259081821.25,815.126,Koi_Fish,5.657
1259084431.399,30.133,Blip,5.657
1259085318.223,8.573,Blip_Low_Frequency,5.657
1259086957.558,169.771,Koi_Fish,5.657
1259088536.669,10.082,Blip,5.657
1259089064.344,34.512,Low_Frequency_Burst,22.627
1259089091.188,22.821,Low_Frequency_Burst,22.627
1259090618.082,9.787,Tomte,5.657
1259092278.777,8.787,Blip_Low_Frequency,5.657
1259093730.72,10.393,Blip,5.657
1259094641.23,914.78,Extremely_Loud,11.314
1259095625.709,47.567,Koi_Fish,5.657
1259095929.863,7.533,Blip_Low_Frequency,5.657
1259097084.969,9.046,Low_Frequency_Burst,11.314
1259097263.061,7.819,Blip_Low_Frequency,5.657
1259099641.91,12.411,Tomte,5.657
1259104479.822,145.255,Koi_Fish,5.657
1259105048.66,8.248,Tomte,5.657
1259106744.963,9.566,Tomte,5.657
1259108392.979,12.856,Tomte,5.657
1259108563.527,15.185,Tomte,5.657
1259109958.865,18.957,Blip,5.657
1259115195.59,356.986,Extremely_Loud,11.314
1259115320.895,9.583,Blip_Low_Frequency,5.657
1259116900.059,7.691,Blip_Low_Frequency,5.657
1259117598.683,22.889,Blip,5.657
1259119464.209,184.062,Koi_Fish,5.657
1259120244.91,121.684,Koi_Fish,5.657
1259121514.654,8.452,Blip_Low_Frequency,5.657
1259123167.52,1254.569,Extremely_Loud,5.657
1259126053.75,851.915,Low_Frequency_Burst,11.314
1259126053.75,851.915,Low_Frequency_Burst,11.314
1259131411.281,10.803,Low_Frequency_Burst,11.314
1259131663.219,8.985,Low_Frequency_Burst,11.314
1259133199.76,46.899,Koi_Fish,5.657
1259133410.926,217.555,Koi_Fish,5.657
1259133410.926,217.555,Koi_Fish,5.657
1259135468.301,12.514,Tomte,5.657
1259135556.672,11.368,Low_Frequency_Burst,11.314
1259135764.313,9.43,Low_Frequency_Lines,22.627
1259139838.906,15.114,Low_Frequency_Burst,22.627
1259139974.496,8.62,Blip_Low_Frequency,5.657
1259140882.895,20.423,Tomte,5.657
1259140966.906,7.681,Low_Frequency_Burst,11.314
1259141049.906,24.014,Low_Frequency_Burst,22.627
1259141500.719,17.285,Low_Frequency_Burst,11.314
1259143536.52,7.608,Blip_Low_Frequency,5.657
1259143658.406,18.576,Low_Frequency_Burst,22.627
1259149635.188,17.835,Low_Frequency_Burst,22.627
1259149726.27,7.745,Blip_Low_Frequency,5.657
1259149996.004,15.679,Tomte,5.657
1259150044.721,146.221,Koi_Fish,5.657
1259151162.201,288.767,Koi_Fish,5.657
1259151369.441,30.898,Koi_Fish,5.657
1259151663.348,8.789,Tomte,5.657
1259154376.457,12.07,Blip_Low_Frequency,5.657
1259158327.785,11.273,Tomte,5.657
1259160818.473,4094.243,Extremely_Loud,11.314
1259161160.387,43.295,Tomte,5.657
1259161178.784,10.297,Blip,5.657
1259161533.25,12.737,Low_Frequency_Lines,45.255
1259163217.74,15.914,Tomte,5.657
1259163730.156,9.729,Low_Frequency_Burst,11.314
1259169349.129,956.085,Extremely_Loud,5.657
1259173949.594,12.435,Low_Frequency_Burst,11.314
1259175135.824,23.188,Tomte,5.657
1259175776.875,7.57,Low_Frequency_Lines,45.255
1259175863.613,17.687,Tomte,5.657
1259176208.031,75.18,Low_Frequency_Burst,45.255
1259176424.531,7.564,Low_Frequency_Burst,11.314
1259176608.537,1053.339,Extremely_Loud,5.657
1259176733.188,7.939,Low_Frequency_Burst,22.627
1259177086.668,8.495,Blip_Low_Frequency,5.657
1259178410.813,51.447,Scattered_Light,45.255
1259179542.844,7.7,Low_Frequency_Burst,22.627
1259180881.313,12.366,Scattered_Light,45.255
1259182011.31,46.653,Koi_Fish,5.657
1259182262.258,1317.011,Extremely_Loud,5.657
1259182385.438,22.116,Scattered_Light,45.255
1259183261.837,40.908,Blip,5.657
1259198526.563,9.958,Scattered_Light,45.255
1259198854.969,8.552,Low_Frequency_Burst,11.314
1259198910.063,11.872,Scattered_Light,45.255
1259199703.565,43.42,Blip,5.657
1259199720.438,7.758,Scattered_Light,45.255
1259200009.771,7.952,Blip,5.657
1259200048.063,51.497,Scattered_Light,45.255
1259200117.563,9.195,Scattered_Light,45.255
1259200230.498,154.927,Koi_Fish,5.657
1259200276.801,8.622,Blip_Low_Frequency,5.657
1259200983.688,54.41,Scattered_Light,45.255
1259201044.378,1023.86,Extremely_Loud,5.657
1259201371.719,10.34,Scattered_Light,45.255
1259202304.484,7.851,Low_Frequency_Burst,5.657
1259202692.688,43.714,Scattered_Light,45.255
1259202809.063,9.775,Scattered_Light,45.255
1259202953.344,8.866,Low_Frequency_Burst,22.627
1259203098.063,74.125,Scattered_Light,45.255
1259204287.813,10.234,Scattered_Light,45.255
1259205862.813,7.736,Low_Frequency_Burst,22.627
1259206206.625,10.372,Scattered_Light,45.255
1259206614.777,9.068,Blip_Low_Frequency,5.657
1259207043.563,9.289,Scattered_Light,45.255
1259207435.313,69.616,Scattered_Light,45.255
1259207792.777,9.581,Blip_Low_Frequency,5.657
1259207839.818,67.578,Koi_Fish,5.657
1259208184.863,7.657,Blip_Low_Frequency,5.657
1259208201.875,16.51,Scattered_Light,45.255
1259209733.605,1069.382,Extremely_Loud,11.314
1259209964.875,7.883,Low_Frequency_Lines,45.255
1259210005.063,48.395,Scattered_Light,45.255
1259211001.688,7.914,Scattered_Light,45.255
1259211008.125,15.719,Low_Frequency_Lines,45.255
1259212100.375,9.813,Low_Frequency_Lines,45.255
1259212402.688,7.939,Low_Frequency_Lines,45.255
1259213183.188,99.107,Scattered_Light,45.255
1259214123.813,90.601,Scattered_Light,45.255
1259214542.594,16.384,Low_Frequency_Burst,22.627
1259215140.225,1553.31,Extremely_Loud,11.314
1259215234.594,24.954,Scattered_Light,45.255
1259216800.031,10.907,Low_Frequency_Burst,11.314
1259216940.688,81.896,Scattered_Light,45.255
1259216961.875,8.965,Low_Frequency_Lines,22.627
1259217222.312,18.446,Blip,5.657
1259219812.918,127.871,Koi_Fish,5.657
1259219830.205,48.082,Tomte,5.657
1259220977.438,49.002,Scattered_Light,45.255
1259221297.625,29.612,Scattered_Light,45.255
1259221308.105,28.03,Tomte,5.657
1259221363.688,110.172,Scattered_Light,45.255
1259221593.906,12.464,Fast_Scattering,22.627
1259221596.766,9.594,Fast_Scattering,22.627
1259222456.394,2332.317,Extremely_Loud,5.657
1259222598.625,12.639,Low_Frequency_Lines,45.255
1259222642.412,15.42,Tomte,5.657
1259222860.188,11.286,Low_Frequency_Lines,22.627
1259223010.063,64.706,Scattered_Light,45.255
1259223666.063,11.745,Scattered_Light,45.255
1259223737.125,14.576,Low_Frequency_Lines,45.255
1259224163.875,9.84,Low_Frequency_Lines,45.255
1259224241.906,20.273,Low_Frequency_Burst,11.314
1259224583.188,146.772,Scattered_Light,45.255
1259225303.438,7.833,Low_Frequency_Burst,22.627
1259225560.566,8.856,Blip_Low_Frequency,5.657
1259225674.313,124.973,Scattered_Light,45.255
1259225784.027,89.395,Extremely_Loud,45.255
1259227170.063,63.681,Scattered_Light,45.255
1259227445.969,41.606,Scattered_Light,22.627
1259227606.359,10.168,Low_Frequency_Burst,11.314
1259228275.188,7.709,Low_Frequency_Lines,22.627
1259228280.174,16.498,Blip,5.657
1259228342.654,1038.543,Koi_Fish,5.657
1259228432.563,32.111,Scattered_Light,45.255
1259228548.563,9.27,Low_Frequency_Lines,22.627
1259229053.063,8.488,Low_Frequency_Lines,45.255
1259230386.813,32.733,Scattered_Light,45.255
1259230525.088,9.679,Blip_Low_Frequency,5.657
1259231230.438,90.933,Scattered_Light,45.255
1259231643.025,19.74,Tomte,5.657
1259232352.938,48.162,Scattered_Light,45.255
1259233107.188,46.084,Scattered_Light,45.255
1259233524.344,159.482,Scattered_Light,45.255
1259233598.188,25.78,Scattered_Light,45.255
1259234091.468,11.857,Blip,5.657
1259234341.563,42.214,Scattered_Light,45.255
1259234653.875,8.226,Scattered_Light,45.255
1259234678.844,20.55,Scattered_Light,45.255
1259234975.563,55.491,Scattered_Light,45.255
1259235000.438,110.689,Scattered_Light,45.255
1259235174.125,15.284,Low_Frequency_Lines,45.255
1259235488.375,9.201,Low_Frequency_Lines,45.255
1259236630.906,17.776,Scattered_Light,45.255
1259236821.375,42.226,Scattered_Light,45.255
1259236899.656,64.435,Scattered_Light,45.255
1259237037.438,8.363,Low_Frequency_Lines,22.627
1259237145.719,38.539,Scattered_Light,45.255
1259237195.063,10.077,Low_Frequency_Lines,22.627
1259237241.813,8.516,Low_Frequency_Lines,22.627
1259237262.875,8.07,Low_Frequency_Lines,45.255
1259237834.531,12.746,Low_Frequency_Burst,22.627
1259238604.438,12.892,Scattered_Light,45.255
1259239374.438,9.271,Low_Frequency_Lines,22.627
1259239568.188,13.817,Scattered_Light,45.255
1259239695.688,26.693,Scattered_Light,45.255
1259239918.063,29.015,Scattered_Light,45.255
1259240396.313,29.603,Scattered_Light,45.255
1259240415.406,9.173,Scattered_Light,45.255
1259240946.563,8.079,Low_Frequency_Lines,22.627
1259241005.875,11.56,Low_Frequency_Lines,45.255
1259241587.564,12.48,Tomte,5.657
1259241669.938,11.617,Low_Frequency_Lines,22.627
1259242883.188,11.217,Scattered_Light,45.255
1259243026.125,8.273,Low_Frequency_Lines,22.627
1259243489.469,27.974,Scattered_Light,45.255
1259243752.938,55.115,Scattered_Light,45.255
1259244137.438,92.695,Scattered_Light,45.255
1259244384.709,11.246,Blip_Low_Frequency,5.657
1259244797.563,31.992,Scattered_Light,45.255
1259244866.563,23.095,Scattered_Light,45.255
1259244873.438,17.005,Scattered_Light,45.255
1259245269.314,12.026,Tomte,5.657
1259245645.031,14.005,Low_Frequency_Burst,11.314
1259245785.868,3795.562,Extremely_Loud,5.657
1259246252.656,19.906,Low_Frequency_Burst,22.627
1259246703.813,24.074,Scattered_Light,45.255
1259246934.813,10.915,Low_Frequency_Lines,22.627
1259246941.375,69.779,Scattered_Light,45.255
1259247031.102,69.807,Blip,5.657
1259247045.281,11.053,Low_Frequency_Burst,22.627
1259247067.906,13.779,Low_Frequency_Burst,11.314
1259247096.563,46.292,Scattered_Light,45.255
1259247602.844,11.809,Scattered_Light,45.255
1259248720.813,54.158,Scattered_Light,45.255
1259249512.625,13.564,Scattered_Light,45.255
1259249733.188,8.681,Low_Frequency_Lines,22.627
1259249821.781,8.158,Low_Frequency_Burst,22.627
1259250119.313,26.357,Scattered_Light,45.255
1259250326.438,36.767,Scattered_Light,45.255
1259250754.063,43.109,Scattered_Light,45.255
1259251566.063,29.84,Scattered_Light,45.255
1259251605.313,41.667,Scattered_Light,45.255
1259251931.063,39.301,Scattered_Light,45.255
1259252219.938,110.174,Scattered_Light,45.255
1259252464.057,9.399,Blip_Low_Frequency,5.657
1259252613.594,8.824,Scattered_Light,45.255
1259252729.232,44.766,Koi_Fish,5.657
1259252865.813,30.452,Scattered_Light,45.255
1259253107.063,20.363,Scattered_Light,45.255
1259253509.563,15.7,Scattered_Light,45.255
1259253678.031,16.251,Scattered_Light,45.255
1259254089.813,42.779,Scattered_Light,45.255
1259254392.098,9.733,Blip_Low_Frequency,5.657
1259255373.063,14.468,Scattered_Light,45.255
1259256387.563,27.512,Scattered_Light,45.255
1259256850.438,30.892,Scattered_Light,45.255
1259257325.688,40.22,Scattered_Light,45.255
1259257365.375,8.526,Low_Frequency_Lines,45.255
1259257374.938,8.831,Low_Frequency_Lines,22.627
1259257572.563,25.199,Scattered_Light,45.255
1259257655.813,8.204,Low_Frequency_Burst,11.314
1259257723.438,7.679,Scattered_Light,45.255
1259257926.438,21.294,Scattered_Light,45.255
1259257942.313,30.635,Scattered_Light,45.255
1259257945.938,21.655,Scattered_Light,45.255
1259258305.938,111.868,Scattered_Light,45.255
1259258396.438,15.287,Scattered_Light,45.255
1259259684.777,11.475,Tomte,5.657
1259259711.094,25.986,Scattered_Light,45.255
1259260490.188,20.171,Scattered_Light,45.255
1259260768.094,12.827,Scattered_Light,22.627
1259261411.188,55.547,Scattered_Light,45.255
1259261471.188,31.834,Scattered_Light,45.255
1259261713.579,1220.335,Extremely_Loud,5.657
1259261766.406,9.385,Low_Frequency_Burst,22.627
1259262010.813,19.393,Scattered_Light,45.255
1259262251.063,17.779,Scattered_Light,45.255
1259262761.469,93.655,Scattered_Light,45.255
1259263482.813,25.43,Scattered_Light,45.255
1259263510.688,9.123,Scattered_Light,45.255
1259263751.563,18.009,Scattered_Light,45.255
1259263757.063,40.889,Scattered_Light,45.255
1259264045.563,20.673,Scattered_Light,45.255
1259264372.406,15.728,Scattered_Light,22.627
1259264702.438,42.434,Scattered_Light,45.255
1259264853.125,11.859,Scattered_Light,45.255
1259265346.469,9.951,Low_Frequency_Burst,22.627
1259265421.813,24.83,Scattered_Light,45.255
1259265504.188,28.087,Scattered_Light,45.255
1259265529.906,19.258,Scattered_Light,45.255
1259265551.063,24.819,Scattered_Light,45.255
1259265969.938,9.035,Scattered_Light,45.255
1259266265.063,41.297,Scattered_Light,45.255
1259266497.625,8.481,Low_Frequency_Lines,45.255
1259266653.256,905.793,Extremely_Loud,5.657
1259266659.688,25.903,Scattered_Light,45.255
1259266971.625,12.99,Low_Frequency_Lines,45.255
1259267095.063,10.537,Low_Frequency_Lines,45.255
1259267451.906,17.577,Scattered_Light,45.255
1259267602.188,40.311,Scattered_Light,45.255
1259267709.313,29.193,Scattered_Light,45.255
1259267925.188,8.324,Low_Frequency_Lines,22.627
1259267936.625,8.489,Low_Frequency_Lines,22.627
1259267959.813,46.725,Scattered_Light,45.255
1259268033.094,27.848,Low_Frequency_Burst,22.627
1259268050.313,39.883,Scattered_Light,45.255
1259268447.688,76.656,Scattered_Light,45.255
1259268658.813,16.557,Scattered_Light,45.255
1259268664.313,7.944,Low_Frequency_Lines,22.627
1259269193.938,32.83,Scattered_Light,45.255
1259269272.188,64.495,Scattered_Light,45.255
1259269570.469,13.929,Fast_Scattering,22.627
1259269641.063,30.528,Scattered_Light,45.255
1259269927.703,8.92,Low_Frequency_Burst,11.314
1259270034.063,11.887,Scattered_Light,45.255
1259270248.938,7.946,Low_Frequency_Lines,45.255
1259270341.585,54.978,Blip,5.657
1259271144.688,24.565,Scattered_Light,45.255
1259271647.188,16.584,Scattered_Light,45.255
1259271741.188,49.808,Scattered_Light,45.255
1259271825.891,12.063,Scattered_Light,22.627
1259271905.188,17.942,Scattered_Light,45.255
1259272006.906,9.829,Scattered_Light,45.255
1259272729.688,19.029,Scattered_Light,45.255
1259273102.938,11.223,Scattered_Light,45.255
1259273308.813,7.878,Scattered_Light,45.255
1259273428.438,64.403,Scattered_Light,45.255
1259274270.063,7.758,Scattered_Light,45.255
1259275221.822,628.91,Extremely_Loud,5.657
1259275420.563,41.368,Scattered_Light,45.255
1259275543.938,16.983,Scattered_Light,45.255
1259275578.969,8.841,Low_Frequency_Burst,11.314
1259275880.563,10.577,Scattered_Light,45.255
1259275953.563,21.386,Scattered_Light,45.255
1259276706.875,9.387,Low_Frequency_Lines,22.627
1259277025.375,12.35,Scattered_Light,22.627
1259277104.813,54.832,Scattered_Light,45.255
1259277373.125,46.489,Scattered_Light,45.255
1259278290.766,8.125,Low_Frequency_Burst,11.314
1259278652.125,60.431,Scattered_Light,45.255
1259278730.438,8.642,Scattered_Light,45.255
1259278787.938,14.805,Scattered_Light,45.255
1259278791.188,93.355,Scattered_Light,45.255
1259278857.688,12.213,Scattered_Light,45.255
1259279018.313,20.889,Scattered_Light,45.255
1259279062.688,13.38,Scattered_Light,45.255
1259279066.188,12.828,Scattered_Light,45.255
1259279749.656,115.677,Scattered_Light,45.255
1259280057.723,8.375,Blip_Low_Frequency,5.657
1259280227.188,57.938,Scattered_Light,45.255
1259280467.375,10.467,Scattered_Light,45.255
1259281390.01,26.617,Tomte,5.657
1259281400.694,81.041,Koi_Fish,5.657
1259281408.563,37.086,Scattered_Light,45.255
1259282347.313,10.959,Scattered_Light,45.255
1259282912.025,997.231,Extremely_Loud,5.657
1259283561.563,24.59,Scattered_Light,45.255
1259284026.938,10.295,Scattered_Light,45.255
1259284333.813,10.694,Scattered_Light,45.255
1259284483.938,23.097,Scattered_Light,45.255
1259284593.063,23.148,Scattered_Light,45.255
1259284971.438,43.127,Scattered_Light,45.255
1259285267.688,13.967,Scattered_Light,45.255
1259286297.469,26.887,Scattered_Light,45.255
1259286440.13,1427.121,Extremely_Loud,5.657
1259286997.188,24.082,Scattered_Light,45.255
1259287536.563,7.895,Scattered_Light,45.255
1259288230.078,143.494,Koi_Fish,5.657
1259288388.188,8.521,Scattered_Light,45.255
1259288459.877,1157.498,Extremely_Loud,5.657
1259288634.48,10.659,Blip_Low_Frequency,5.657
1259289420.688,13.104,Scattered_Light,45.255
1259289426.688,19.205,Scattered_Light,45.255
1259289522.563,7.771,Low_Frequency_Burst,22.627
1259289632.438,16.794,Scattered_Light,45.255
1259291814.938,42.14,Scattered_Light,45.255
1259292079.938,9.452,Scattered_Light,22.627
1259293061.063,9.109,Scattered_Light,45.255
1259293834.563,8.287,Low_Frequency_Burst,22.627
1259294392.688,37.445,Scattered_Light,45.255
1259294419.313,19.2,Scattered_Light,45.255
1259294924.875,304.181,Low_Frequency_Burst,11.314
1259294924.875,304.181,Low_Frequency_Burst,11.314
1259297621.781,14.469,Low_Frequency_Burst,11.314
1259297969.84,48.84,Tomte,5.657
1259298959.543,20.106,Blip,5.657
1259299328.531,8.135,Low_Frequency_Lines,45.255
1259299474.313,12.178,Scattered_Light,45.255
1259309068.094,12.105,Low_Frequency_Burst,11.314
1259309172.219,38.904,Low_Frequency_Burst,22.627
1259310269.281,8.731,Low_Frequency_Burst,11.314
1259311160.535,8.428,Blip_Low_Frequency,5.657
1259311294.531,8.123,Low_Frequency_Burst,11.314
1259312556.182,7.722,Blip_Low_Frequency,5.657
1259314539.18,10.285,Blip,5.657
1259314746.489,293.368,Koi_Fish,5.657
1259318292.59,23.27,Blip,5.657
1259319975.026,10.586,Blip,5.657
1259322137.324,8.807,Blip_Low_Frequency,5.657
1259324233.916,7.818,Blip_Low_Frequency,5.657
1259327071.426,7.794,Blip_Low_Frequency,5.657
1259328170.232,8.3,Blip_Low_Frequency,5.657
1259328875.453,8.886,Low_Frequency_Burst,11.314
1259328890.125,9.601,Fast_Scattering,11.314
1259330189.225,22.01,Blip_Low_Frequency,5.657
1259330276.805,8.499,Fast_Scattering,11.314
1259331514.906,7.927,Low_Frequency_Burst,22.627
1259331614.68,7.604,Fast_Scattering,11.314
1259332488.094,19.559,Low_Frequency_Burst,22.627
1259335025.183,8.709,Blip,5.657
1259335025.183,8.709,Blip,5.657
1259335572.957,8.781,Blip_Low_Frequency,5.657
1259336956.078,7.567,Fast_Scattering,11.314
1259337916.973,61.927,Tomte,5.657
1259338596.855,1008.689,Extremely_Loud,11.314
1259338838.851,1234.611,Extremely_Loud,45.255
1259339992.044,8.992,Blip,5.657
1259341166.406,16.447,Low_Frequency_Burst,11.314
1259342766.945,7.782,Fast_Scattering,11.314
1259343964.95,285.244,Extremely_Loud,5.657
1259344344.969,14.474,Low_Frequency_Burst,11.314
1259346272.821,19.822,Blip,5.657
1259347115.609,9.071,Low_Frequency_Burst,11.314
1259347171.344,19.524,Low_Frequency_Burst,11.314
1259347726.484,12.302,Low_Frequency_Burst,11.314
1259347776.234,12.713,Low_Frequency_Burst,45.255
1259348188.799,134.129,Koi_Fish,5.657
1259349394.252,2417.83,Extremely_Loud,5.657
1259350653.215,8.428,Blip_Low_Frequency,5.657
1259354426.063,7.77,Fast_Scattering,11.314
1259354588.006,26.026,Koi_Fish,5.657
1259355622.297,8.374,Fast_Scattering,11.314
1259356384.115,19.32,Blip,5.657
1259362756.188,8.153,Low_Frequency_Burst,11.314
1259363487.27,12.961,Tomte,5.657
1259373207.404,12.566,Tomte,5.657
1259375514.563,117.944,Koi_Fish,5.657
1259376275.391,9.31,Blip,5.657
1259379627.868,83.69,Koi_Fish,5.657
1259384149.203,1180.839,Extremely_Loud,5.657
1259384493.64,258.799,Koi_Fish,5.657
1259385168.395,38.047,Tomte,5.657
1259385422.91,9.296,Tomte,5.657
1259386441.631,8.483,Blip_Low_Frequency,5.657
1259386879.793,1063.702,Extremely_Loud,11.314
1259387108.191,9.599,Blip_Low_Frequency,5.657
1259396385.877,21.989,Tomte,5.657
1259399049.063,8.548,Scattered_Light,45.255
1259399717.378,439.394,Extremely_Loud,5.657
1259399860.563,8.438,Scattered_Light,45.255
1259399939.875,11.836,Low_Frequency_Lines,45.255
1259400326.022,204.977,Koi_Fish,5.657
1259400446.063,10.396,Low_Frequency_Lines,45.255
1259403395.392,8.013,Blip,5.657
1259403395.392,8.013,Blip,5.657
1259407101.6,8.694,Blip_Low_Frequency,5.657
1259408609.207,34.967,Tomte,5.657
1259408908.574,1490.196,Extremely_Loud,11.314
1259409025.768,9.638,Blip_Low_Frequency,5.657
1259410358.364,21.153,Blip,5.657
1259412414.78,12.272,Blip,5.657
1259412741.753,7.609,Blip,5.657
1259413196.765,359.265,Extremely_Loud,5.657
1259413569.077,10.086,Blip,5.657
1259413639.754,8.801,Blip_Low_Frequency,5.657
1259418275.875,15.302,Low_Frequency_Lines,45.255
1259418893.875,9.525,Extremely_Loud,45.255
1259419174.762,12.268,Tomte,5.657
1259419357.495,551.584,Extremely_Loud,5.657
1259420385.25,10.128,Low_Frequency_Lines,45.255
1259444432.818,9.012,Blip,5.657
1259444872.796,17.662,Blip,5.657
1259445046.832,7.627,Blip_Low_Frequency,5.657
1259445518.698,146.745,Koi_Fish,5.657
1259446221.801,11.013,Tomte,5.657
1259448407.934,8.158,Blip_Low_Frequency,5.657
1259450202.125,7.668,Low_Frequency_Lines,45.255
1259451648.012,10.011,Tomte,5.657
1259452547.27,9.782,Tomte,5.657
1259456422.885,856.489,Extremely_Loud,5.657
1259456830.706,17.683,Blip,5.657
1259463906.559,39.922,Tomte,5.657
1259465663.785,7.65,Blip_Low_Frequency,5.657
1259465813.989,249.792,Koi_Fish,5.657
1259467016.875,7.602,Low_Frequency_Lines,45.255
1259467567.141,10.94,Low_Frequency_Burst,11.314
1259468042.22,259.698,Koi_Fish,5.657
1259468068.629,8.349,Blip_Low_Frequency,5.657
1259468087.285,234.162,Koi_Fish,5.657
1259470851.965,13.846,Blip,5.657
1259470908.724,577.65,Koi_Fish,5.657
1259471299.215,16.06,Tomte,5.657
1259471467.488,36.772,Tomte,5.657
1259472408.163,1223.015,Extremely_Loud,5.657
1259474752.277,48.237,Tomte,5.657
1259475702.809,29.987,Tomte,5.657
1259476354.375,24.776,Low_Frequency_Lines,45.255
1259477657.66,18.841,Tomte,5.657
1259477772.066,29.881,Tomte,5.657
1259480243.77,19.029,Tomte,5.657
1259485928.457,48.733,Tomte,5.657
1259486689.324,12.298,Tomte,5.657
1259488646.356,24.947,Blip,5.657
1259489187.833,82.071,Koi_Fish,5.657
1259490100.381,20.911,Blip,5.657
1259490433.627,12.138,Blip_Low_Frequency,5.657
1259492795.949,33.519,Tomte,5.657
1259494032.832,209.425,Koi_Fish,5.657
1259494188.394,437.85,Koi_Fish,5.657
1259494522.521,12.631,Blip,5.657
1259495611.96,16.713,Blip,5.657
1259496681.617,8.526,Fast_Scattering,11.314
1259499249.414,9.363,Fast_Scattering,11.314
1259499331.971,1138.38,Koi_Fish,5.657
1259500789.016,7.753,Fast_Scattering,11.314
1259503092.832,23.196,Tomte,5.657
1259503195.811,12.905,Blip_Low_Frequency,5.657
1259503623.723,8.639,Blip_Low_Frequency,5.657
1259504112.518,26.043,Koi_Fish,5.657
1259504398.154,188.51,Koi_Fish,5.657
1259505357.949,8.256,Blip_Low_Frequency,5.657
1259505463.934,7.669,Blip_Low_Frequency,5.657
1259506217.75,12.19,Low_Frequency_Lines,45.255
1259506633.117,44.192,Blip,5.657
1259507059.25,9.095,Low_Frequency_Lines,45.255
1259508699.742,7.518,Blip_Low_Frequency,11.314
1259510575.895,7.977,Blip_Low_Frequency,11.314
1259510592.098,7.648,Blip_Low_Frequency,11.314
1259510899.75,10.699,Low_Frequency_Lines,45.255
1259511536.73,19.783,Tomte,5.657
1259515738.932,549.455,Koi_Fish,5.657
1259516169.338,7.913,Blip_Low_Frequency,5.657
1259518223.673,22.52,Blip,5.657
1259519157.926,8.584,Blip_Low_Frequency,5.657
1259519676.829,8.967,Blip,5.657
1259523241.66,9.457,Blip_Low_Frequency,5.657
1259523973.27,8.236,Blip_Low_Frequency,5.657
1259525024.955,12.221,Blip,5.657
1259525446.814,106.198,Koi_Fish,5.657
1259527101.891,8.256,Fast_Scattering,11.314
1259528156.512,905.269,Extremely_Loud,11.314
1259528211.315,12.455,Blip,5.657
1259535429.629,7.664,Blip_Low_Frequency,5.657
1259536052.086,697.7,Extremely_Loud,11.314
1259537444.238,2189.567,Extremely_Loud,45.255
1259540007.892,10.554,Blip,5.657
1259540747.218,1766.327,Extremely_Loud,5.657
1259541965.74,11.994,Tomte,5.657
1259544022.777,8.62,Blip_Low_Frequency,5.657
1259549448.86,8.377,Blip,5.657
1259549624.402,14.573,Tomte,5.657
1259550909.416,10.998,Blip,5.657
1259551316.27,8.805,Blip_Low_Frequency,5.657
1259551367.787,10.222,Blip_Low_Frequency,5.657
1259559553.637,1553.042,Extremely_Loud,5.657
1259561971.059,13.531,Tomte,5.657
1259562541.573,122.653,Koi_Fish,5.657
1259564433.898,592.895,Extremely_Loud,11.314
1259577138.557,9.027,Blip_Low_Frequency,5.657
1259582215.344,9.045,Low_Frequency_Burst,11.314
1259583039.313,11.949,Low_Frequency_Burst,11.314
1259583090.844,10.791,Low_Frequency_Burst,11.314
1259583317.531,33.872,Low_Frequency_Burst,22.627
1259583370.469,12.207,Low_Frequency_Burst,11.314
1259583374.281,9.596,Low_Frequency_Burst,11.314
1259583508.219,34.868,Low_Frequency_Burst,22.627
1259583535.594,13.762,Low_Frequency_Burst,22.627
1259583567.656,18.471,Low_Frequency_Burst,11.314
1259583616.594,8.47,Low_Frequency_Burst,22.627
1259583620.594,25.829,Low_Frequency_Burst,22.627
1259583666.344,15.485,Low_Frequency_Burst,22.627
1259583699.156,16.33,Low_Frequency_Burst,22.627
1259583756.219,8.321,Low_Frequency_Burst,11.314
1259583845.156,15.135,Low_Frequency_Burst,11.314
1259583865.045,12.926,Tomte,5.657
1259586294.773,8.041,Fast_Scattering,11.314
1259589153.445,7.681,Fast_Scattering,11.314
1259589746.542,812.179,Koi_Fish,5.657
1259591207.869,467.159,Koi_Fish,5.657
1259591434.533,16.505,Blip,5.657
1259593648.998,17.897,Tomte,5.657
1259594094.017,28.783,Blip,5.657
1259594578.752,10.679,Blip_Low_Frequency,5.657
1259594889.822,14.569,Tomte,5.657
1259595411.086,268.902,Extremely_Loud,11.314
1259598070.244,11.05,Blip_Low_Frequency,5.657
1259598271.936,585.498,Koi_Fish,5.657
1259602056.637,9.259,Tomte,5.657
1259602078.52,10.466,Blip_Low_Frequency,5.657
1259602770.75,11.747,Low_Frequency_Lines,45.255
1259605669.546,20.845,Blip,5.657
1259605743.184,28.586,Tomte,5.657
1259606282.25,11.795,Low_Frequency_Lines,45.255
1259606775.198,19.986,Blip,5.657
1259607380.072,24.045,Blip,5.657
1259607722.132,8.049,Blip,5.657
1259610338.338,8.457,Tomte,5.657
1259611292.516,7.899,Low_Frequency_Burst,5.657
1259612155.062,377.559,Koi_Fish,5.657
1259613537.508,7.864,Blip_Low_Frequency,11.314
1259613568.881,9.515,Blip,5.657
1259614281.75,8.305,Low_Frequency_Lines,45.255
1259615352.72,1454.863,Extremely_Loud,5.657
1259616487.563,11.025,Low_Frequency_Burst,11.314
1259617439.011,4560.426,Extremely_Loud,5.657
1259618970.21,239.165,Koi_Fish,5.657
1259620292.717,225.165,Koi_Fish,5.657
1259620304.75,11.899,Low_Frequency_Lines,45.255
1259622146.285,15.468,Blip_Low_Frequency,5.657
1259625954.152,86.546,Extremely_Loud,45.255
1259626328.52,40.686,Tomte,5.657
1259626763.883,10.509,Tomte,5.657
1259626866.189,91.856,Koi_Fish,5.657
1259627438.046,277.86,Koi_Fish,5.657
1259628757.427,22.822,Blip,5.657
1259639731.855,13.241,Tomte,5.657
1259643489.666,1119.847,Extremely_Loud,11.314
1259650869.996,136.692,Koi_Fish,5.657
1259651315.563,267.158,Extremely_Loud,5.657
1259652114.25,11.097,Low_Frequency_Lines,45.255
1259654024.768,13.691,Blip,5.657
1259659887.248,10.095,Blip_Low_Frequency,5.657
1259660176.572,15.032,Tomte,5.657
1259662594.998,518.338,Extremely_Loud,22.627
1259663103.693,549.558,Extremely_Loud,5.657
1259663560.25,7.803,Low_Frequency_Lines,45.255
1259665312.139,536.641,Extremely_Loud,5.657
1259665443.076,11.288,Blip,5.657
1259666372.465,121.485,Koi_Fish,5.657
1259668768.996,8.902,Blip,5.657
1259669628.606,95.371,Koi_Fish,5.657
1259672107.364,63.686,Koi_Fish,5.657
1259673540.423,13.332,Blip,5.657
1259674373.625,8.911,Low_Frequency_Lines,45.255
1259675358.516,11.146,Fast_Scattering,11.314
1259676029.594,25.836,Scattered_Light,45.255
1259677474.56,12.667,Blip,5.657
1259678579.252,534.273,Extremely_Loud,5.657
1259679169.918,9.65,Blip,11.314
1259679259.527,7.932,Blip_Low_Frequency,11.314
1259679621.734,9.185,Fast_Scattering,11.314
1259681924.25,8.217,Low_Frequency_Lines,45.255
1259682170.086,7.657,Fast_Scattering,11.314
1259685561.07,7.643,Fast_Scattering,11.314
1259687644.75,7.699,Low_Frequency_Lines,45.255
1259693666.41,14.78,Tomte,5.657
1259694815.379,7.73,Blip_Low_Frequency,5.657
1259696536.541,237.144,Extremely_Loud,5.657
1259697241.152,1794.638,Extremely_Loud,11.314
1259697874.452,207.903,Koi_Fish,5.657
1259698081.75,8.581,Low_Frequency_Lines,45.255
1259699632.691,1084.844,Extremely_Loud,11.314
1259700553.169,9.235,Blip,5.657
1259701498.324,8.437,Blip_Low_Frequency,5.657
1259701750.09,9.747,Blip_Low_Frequency,5.657
1259703264.035,7.587,Blip_Low_Frequency,5.657
1259704291.86,16.725,Blip,5.657
1259705807.25,8.198,Low_Frequency_Lines,45.255
1259705807.25,8.198,Low_Frequency_Lines,45.255
1259708020.61,189.8,Koi_Fish,5.657
1259711967.691,7.511,Blip_Low_Frequency,5.657
1259713356.824,7.574,Blip_Low_Frequency,5.657
1259714958.585,414.947,Extremely_Loud,5.657
1259716198.976,728.059,Koi_Fish,5.657
1259716377.596,197.631,Extremely_Loud,5.657
1259721167.775,8.455,Blip_Low_Frequency,5.657
1259721544.991,276.143,Koi_Fish,5.657
1259724378.662,20.751,Blip_Low_Frequency,5.657
1259724970.345,631.642,Extremely_Loud,5.657
1259727029.379,14.257,Tomte,5.657
1259727531.057,665.188,Koi_Fish,5.657
1259730475.902,248.784,Extremely_Loud,11.314
1259730690.801,8.441,Blip_Low_Frequency,5.657
1259732269.949,14.611,Tomte,5.657
1259735038.209,9.819,Blip,5.657
1259735259.053,91.121,Koi_Fish,5.657
1259736024.1,7.988,Blip,5.657
1259736444.683,18.879,Blip,5.657
1259736941.27,12.537,Tomte,5.657
1259737699.197,10.638,Tomte,5.657
1259737873.032,115.781,Koi_Fish,5.657
1259738534.956,504.811,Extremely_Loud,5.657
1259738592.655,10.704,Blip,5.657
1259738915.909,134.105,Koi_Fish,5.657
1259739400.073,8.406,Whistle,45.255
1259739952.369,12.472,Blip,5.657
1259740345.722,13.734,Blip,5.657
1259741869.059,8.044,Blip_Low_Frequency,5.657
1259744237.967,72.104,Koi_Fish,5.657
1259744238.008,20.033,Koi_Fish,5.657
1259748813.559,7.704,Blip_Low_Frequency,5.657
1259752875.527,8.338,Blip_Low_Frequency,5.657
1259755365.082,9.224,Blip_Low_Frequency,5.657
1259757701.129,13.248,Tomte,5.657
1259759667.063,7.825,Low_Frequency_Lines,45.255
1259761082.16,12.491,Tomte,5.657
1259761322.121,1464.039,Extremely_Loud,11.314
1259761885.304,4287.438,Extremely_Loud,5.657
1259762688.254,9.515,Blip_Low_Frequency,5.657
1259764393.705,10.168,Blip_Low_Frequency,5.657
1259764543.188,12.789,Low_Frequency_Burst,22.627
1259764872.941,12.052,Tomte,5.657
1259792877.952,133.42,Koi_Fish,5.657
1259798695.688,9.304,Low_Frequency_Burst,11.314
1259802758.469,10.464,Low_Frequency_Burst,11.314
1259803989.715,22.258,Tomte,5.657
1259808780.41,577.775,Extremely_Loud,5.657
1259813787.819,1357.177,Extremely_Loud,11.314
1259814056.868,276.436,Extremely_Loud,22.627
1259814838.785,14.465,Tomte,5.657
1259818740.087,428.099,Koi_Fish,5.657
1259818969.75,7.939,Low_Frequency_Lines,45.255
1259819848.79,47.896,Koi_Fish,5.657
1259820471.293,8.392,Tomte,5.657
1259822604.184,18.304,Tomte,5.657
1259822906.757,20.064,Blip,5.657
1259824182.463,25.335,Tomte,5.657
1259826646.047,7.662,Low_Frequency_Burst,5.657
1259828000.614,138.022,Koi_Fish,5.657
1259829732.154,206.834,Koi_Fish,5.657
1259833570.051,8.756,Blip_Low_Frequency,5.657
1259836884.762,9.335,Blip_Low_Frequency,5.657
1259837926.355,13.387,Blip_Low_Frequency,5.657
1259839115.833,399.435,Extremely_Loud,22.627
1259842106.844,14.094,Low_Frequency_Burst,11.314
1259844974.754,8.238,Blip_Low_Frequency,5.657
1259845124.188,8.036,Low_Frequency_Lines,45.255
1259846577.963,9.273,Blip,5.657
1259851547.375,9.167,Low_Frequency_Lines,45.255
1259852998.943,522.431,Extremely_Loud,5.657
1259853341.202,2170.212,Extremely_Loud,5.657
1259853685.957,2233.751,Extremely_Loud,11.314
1259853763.77,20.929,Tomte,5.657
1259853827.031,8.305,Low_Frequency_Burst,11.314
1259857791.719,15.19,Low_Frequency_Burst,11.314
1259858091.594,12.413,Low_Frequency_Burst,11.314
1259860406.664,8.544,Blip_Low_Frequency,5.657
1259861892.195,121.991,Extremely_Loud,11.314
1259867070.008,8.138,Blip,5.657
1259867679.004,1121.241,Koi_Fish,5.657
1259867955.777,1357.571,Extremely_Loud,11.314
1259869038.969,14.47,Low_Frequency_Burst,22.627
1259869048.531,35.573,Low_Frequency_Burst,22.627
1259869699.797,10.512,Low_Frequency_Burst,11.314
1259870241.168,19.471,Tomte,5.657
1259872576.469,7.541,Low_Frequency_Burst,11.314
1259874414.02,7.707,Blip_Low_Frequency,5.657
1259875528.344,11.836,Low_Frequency_Burst,11.314
1259877278.391,8.878,Low_Frequency_Burst,11.314
1259877460.693,57.197,Koi_Fish,5.657
1259878788.578,8.927,Low_Frequency_Burst,11.314
1259879998.667,36.133,Blip,5.657
1259882057.469,13.617,Low_Frequency_Burst,11.314
1259884375.238,53.008,Koi_Fish,5.657
1259885229.447,11.874,Blip_Low_Frequency,5.657
1259885412.916,152.94,Extremely_Loud,11.314
1259885420.324,7.82,Blip_Low_Frequency,5.657
1259888174.75,11.064,Low_Frequency_Lines,45.255
1259893742.375,7.637,Low_Frequency_Lines,45.255
1259893789.056,125.806,Blip,5.657
1259896384.923,567.964,Extremely_Loud,5.657
1259898116.492,3840.495,Extremely_Loud,11.314
1259898430.679,17.139,Blip,5.657
1259899965.98,14.463,Tomte,5.657
1259900038.507,261.435,Koi_Fish,5.657
1259900221.896,11.084,Blip,5.657
1259902066.414,437.759,Extremely_Loud,11.314
1259903256.863,245.241,Extremely_Loud,22.627
1259908357.309,20.612,Tomte,5.657
1259917835.207,65.343,Koi_Fish,5.657
1259918422.465,8.851,Blip,5.657
1259920255.849,16.263,Blip,5.657
1259923317.221,9.462,Blip_Low_Frequency,5.657
1259924393.008,341.58,Koi_Fish,5.657
1259928515.117,8.021,Fast_Scattering,11.314
1259928932.648,7.688,Fast_Scattering,11.314
1259929958.43,9.035,Blip_Low_Frequency,11.314
1259930263.536,13.401,Blip,5.657
1259931741.747,716.104,Extremely_Loud,5.657
1259932594.813,9.615,Fast_Scattering,11.314
1259934112.617,7.942,Blip_Low_Frequency,11.314
1259935400.342,14.013,Blip_Low_Frequency,5.657
1259935689.27,21.383,Tomte,5.657
1259936151.133,7.65,Fast_Scattering,11.314
1259936440.609,541.788,Extremely_Loud,5.657
1259936591.391,8.16,Fast_Scattering,11.314
1259937740.641,7.996,Fast_Scattering,11.314
1259938095.391,8.437,Fast_Scattering,11.314
1259938850.211,8.123,Blip_Low_Frequency,11.314
1259940934.328,10.374,Fast_Scattering,11.314
1259941816.719,7.558,Scattered_Light,45.255
1259942146.203,7.887,Fast_Scattering,22.627
1259944318.408,30.233,Tomte,5.657
1259944491.621,14.671,Tomte,5.657
1259945499.922,7.839,Fast_Scattering,11.314
1259946058.039,7.631,Blip_Low_Frequency,11.314
1259946505.107,7.94,Blip_Low_Frequency,5.657
1259947293.549,19.394,Tomte,5.657
1259948608.906,9.847,Low_Frequency_Burst,11.314
1259949643.358,614.853,Extremely_Loud,5.657
1259950659.547,9.355,Fast_Scattering,11.314
1259951260.266,8.578,Fast_Scattering,11.314
1259953994.115,10.213,Blip_Low_Frequency,5.657
1259956738.25,17.204,Low_Frequency_Lines,45.255
1259957216.75,8.15,Low_Frequency_Lines,45.255
1259957426.464,1169.441,Extremely_Loud,5.657
1259958253.156,14.556,Low_Frequency_Burst,11.314
1259960883.658,8.316,Blip_Low_Frequency,5.657
1259962081.255,105.131,Koi_Fish,5.657
1259962925.734,8.965,Fast_Scattering,11.314
1259967921.969,8.453,Scattered_Light,45.255
1259968027.813,3905.702,Extremely_Loud,5.657
1259968089.53,66.134,Koi_Fish,5.657
1259970725.901,13.755,Blip,5.657
1259972559.162,19.895,Blip,5.657
1259972649.684,8.437,Blip_Low_Frequency,5.657
1259973993.58,15.713,Tomte,5.657
1259974189.726,291.808,Koi_Fish,5.657
1259976532.06,12.345,Blip,5.657
1259976735.469,13.54,Low_Frequency_Burst,11.314
1259981997.536,34.537,Blip,5.657
1259983737.009,7.599,Blip,5.657
1259985457.706,537.552,Extremely_Loud,5.657
1259989358.871,10.76,Tomte,5.657
1259990044.445,8.885,Blip,5.657
1259991465.566,7.933,Tomte,5.657
1259993496.965,14.865,Tomte,5.657
1259999440.216,555.722,Extremely_Loud,22.627
1260000881.99,9.369,Blip_Low_Frequency,5.657
1260003172.094,13.134,Low_Frequency_Burst,11.314
1260005075.094,11.95,Low_Frequency_Burst,22.627
1260005532.199,9.643,Blip_Low_Frequency,5.657
1260008183.261,7.617,Blip,5.657
1260008606.345,360.929,Extremely_Loud,5.657
1260012774.62,1704.505,Extremely_Loud,5.657
1260015743.365,1424.832,Extremely_Loud,5.657
1260015871.755,69.539,Koi_Fish,5.657
1260016236.785,10.287,Blip_Low_Frequency,5.657
1260017163.438,9.135,Fast_Scattering,11.314
1260018205.811,47.613,Tomte,5.657
1260018672.578,10.449,Low_Frequency_Burst,5.657
1260020002.52,22.387,Tomte,5.657
1260022084.57,7.72,Fast_Scattering,11.314
1260022908.563,9.319,Scattered_Light,45.255
1260023124.453,10.186,Fast_Scattering,22.627
1260024267.883,8.014,Fast_Scattering,11.314
1260025185.25,11.51,Low_Frequency_Lines,45.255
1260087453.688,7.729,Scattered_Light,45.255
1260088162.125,10.064,Low_Frequency_Lines,45.255
1260088491.661,572.244,Extremely_Loud,5.657
1260088777.281,7.922,Low_Frequency_Burst,22.627
1260089117.139,125.692,Koi_Fish,5.657
1260090030.938,9.116,Low_Frequency_Burst,22.627
1260091308.031,8.616,Low_Frequency_Burst,11.314
1260091806.688,7.668,Scattered_Light,45.255
1260091843.438,9.669,Low_Frequency_Burst,22.627
1260092303.313,31.342,Scattered_Light,45.255
1260092896.836,21.795,Blip,5.657
1260093372.473,881.165,Extremely_Loud,5.657
1260094831.188,8.795,Low_Frequency_Burst,22.627
1260098721.625,7.715,Low_Frequency_Lines,45.255
1260099925.125,15.582,Scattered_Light,45.255
1260100497.125,7.513,Blip_Low_Frequency,5.657
1260100783.65,253.368,Koi_Fish,5.657
1260100896.437,185.279,Koi_Fish,5.657
1260103385.848,190.541,Koi_Fish,5.657
1260104354.507,8.379,Blip,5.657
1260104630.273,7.883,Tomte,5.657
1260106245.012,9.71,Tomte,5.657
1260106451.75,7.738,Low_Frequency_Lines,45.255
1260107013.59,993.279,Extremely_Loud,5.657
1260107216.934,350.116,Koi_Fish,5.657
1260107796.869,1092.582,Extremely_Loud,11.314
1260110167.375,7.807,Low_Frequency_Lines,45.255
1260110256.313,23.609,Scattered_Light,45.255
1260110342.065,10.561,Blip,5.657
1260110461.406,16.524,Low_Frequency_Burst,22.627
1260110803.403,264.603,Koi_Fish,5.657
1260110854.812,11.014,Blip,5.657
1260110873.258,2645.055,Extremely_Loud,5.657
1260112184.891,9.2,Low_Frequency_Burst,11.314
1260112868.944,432.138,Koi_Fish,5.657
1260113079.875,10.566,Scattered_Light,45.255
1260113662.781,9.323,Scattered_Light,45.255
1260114293.125,17.838,Scattered_Light,45.255
1260114457.25,16.563,Low_Frequency_Lines,45.255
1260115193.696,2987.899,Extremely_Loud,5.657
1260116844.234,8.081,Fast_Scattering,11.314
1260116944.297,7.641,Fast_Scattering,11.314
1260117311.263,205.557,Koi_Fish,5.657
1260119810.375,11.251,Low_Frequency_Lines,45.255
1260119856.711,8.847,Fast_Scattering,11.314
1260120623.188,9.056,Scattered_Light,45.255
1260121210.572,7.974,Blip_Low_Frequency,5.657
1260121412.125,10.274,Scattered_Light,45.255
1260121574.188,27.724,Scattered_Light,45.255
1260122678.688,11.737,Scattered_Light,45.255
1260122734.761,29.034,Blip_Low_Frequency,5.657
1260122769.875,16.774,Scattered_Light,45.255
1260123491.563,9.431,Low_Frequency_Burst,22.627
1260124472.438,77.029,Scattered_Light,45.255
1260124886.563,12.939,Scattered_Light,45.255
1260124961.711,9.1,Fast_Scattering,11.314
1260125065.063,50.727,Scattered_Light,45.255
1260125340.914,8.608,Fast_Scattering,11.314
1260125583.688,9.667,Scattered_Light,45.255
1260125934.615,11.682,Blip_Low_Frequency,5.657
1260126830.891,7.603,Fast_Scattering,11.314
1260127417.625,29.531,Scattered_Light,45.255
1260127420.138,86.4,Koi_Fish,11.314
1260128164.672,7.952,Fast_Scattering,11.314
1260129729.625,24.661,Scattered_Light,45.255
1260130030.25,9.793,Low_Frequency_Lines,45.255
1260130118.266,7.648,Fast_Scattering,22.627
1260130123.102,8.484,Fast_Scattering,11.314
1260130510.656,25.432,Fast_Scattering,22.627
1260132383.336,9.832,Fast_Scattering,22.627
1260132483.281,7.743,Low_Frequency_Burst,22.627
1260132787.063,19.56,Scattered_Light,45.255
1260143222.051,247.994,Koi_Fish,5.657
1260143460.063,16.253,Scattered_Light,45.255
1260143768.625,24.142,Scattered_Light,45.255
1260143951.827,148.796,Extremely_Loud,22.627
1260144316.563,11.306,Scattered_Light,45.255
1260145867.112,27.814,Blip,5.657
1260146546.938,16.302,Scattered_Light,45.255
1260146726.344,10.202,Low_Frequency_Burst,11.314
1260147550.285,9.747,Blip_Low_Frequency,5.657
1260147985.188,14.429,Scattered_Light,45.255
1260148648.438,12.495,Low_Frequency_Burst,22.627
1260149120.063,49.528,Scattered_Light,45.255
1260150082.063,10.024,Scattered_Light,45.255
1260150109.688,22.901,Scattered_Light,45.255
1260150357.188,10.374,Scattered_Light,45.255
1260151458.563,13.271,Scattered_Light,45.255
1260151864.938,15.18,Scattered_Light,45.255
1260152325.463,10.246,Blip_Low_Frequency,5.657
1260153165.063,7.833,Low_Frequency_Lines,45.255
1260154325.438,7.531,Low_Frequency_Lines,45.255
1260155343.796,69.437,Koi_Fish,5.657
1260157621.604,8.41,Blip_Low_Frequency,5.657
1260157677.688,22.252,Scattered_Light,45.255
1260158064.688,8.995,Scattered_Light,45.255
1260158075.063,15.979,Scattered_Light,45.255
1260158283.688,46.932,Scattered_Light,45.255
1260158550.813,11.999,Scattered_Light,45.255
1260158710.813,1594.553,Extremely_Loud,5.657
1260159269.875,9.856,Scattered_Light,45.255
1260159978.438,55.865,Scattered_Light,45.255
1260160934.271,12.183,Blip,5.657
1260161245.563,15.356,Scattered_Light,45.255
1260161309.318,9.265,Blip_Low_Frequency,5.657
1260161464.188,8.784,Scattered_Light,45.255
1260161644.652,7.536,Blip_Low_Frequency,5.657
1260162673.188,16.022,Scattered_Light,45.255
1260163011.188,9.521,Scattered_Light,45.255
1260163127.813,10.857,Scattered_Light,45.255
1260163856.063,12.103,Scattered_Light,45.255
1260165222.938,9.596,Scattered_Light,45.255
1260165391.063,127.955,Scattered_Light,45.255
1260165467.375,9.33,Low_Frequency_Lines,45.255
1260165785.421,1182.487,Extremely_Loud,11.314
1260168061.563,66.281,Scattered_Light,45.255
1260169690.313,34.176,Scattered_Light,45.255
1260170667.922,1082.426,Extremely_Loud,22.627
1260171609.438,63.874,Scattered_Light,45.255
1260172168.375,11.595,Scattered_Light,45.255
1260172571.813,8.361,Scattered_Light,45.255
1260172634.813,57.024,Scattered_Light,45.255
1260173071.938,10.528,Scattered_Light,45.255
1260173284.063,8.38,Scattered_Light,45.255
1260173645.938,24.401,Scattered_Light,45.255
1260173977.688,24.485,Scattered_Light,45.255
1260174194.063,8.321,Scattered_Light,45.255
1260176366.313,10.799,Scattered_Light,45.255
1260176404.424,11.76,Blip_Low_Frequency,5.657
1260176520.563,11.178,Scattered_Light,45.255
1260177034.058,400.7,Extremely_Loud,5.657
1260177138.563,27.328,Scattered_Light,45.255
1260177553.12,448.924,Koi_Fish,5.657
1260178336.313,42.037,Scattered_Light,45.255
1260178681.424,8.627,Blip_Low_Frequency,5.657
1260179314.982,216.343,Koi_Fish,5.657
1260181260.375,8.324,Low_Frequency_Lines,45.255
1260181502.359,20.931,Low_Frequency_Burst,11.314
1260181646.331,50.061,Koi_Fish,5.657
1260181771.313,37.267,Scattered_Light,45.255
1260181774.875,22.495,Scattered_Light,45.255
1260181890.563,51.645,Scattered_Light,45.255
1260182063.938,28.109,Scattered_Light,45.255
1260182898.438,33.422,Scattered_Light,45.255
1260182900.395,14.188,Tomte,5.657
1260185201.438,12.993,Scattered_Light,45.255
1260185440.375,11.066,Low_Frequency_Lines,45.255
1260185692.063,90.072,Scattered_Light,45.255
1260186753.125,7.712,Low_Frequency_Lines,45.255
1260186916.688,33.093,Scattered_Light,45.255
1260187470.063,14.127,Scattered_Light,45.255
1260187629.875,9.284,Low_Frequency_Lines,45.255
1260188865.531,8.078,Low_Frequency_Burst,22.627
1260189593.938,66.847,Scattered_Light,45.255
1260189897.688,227.446,Scattered_Light,45.255
1260190896.381,20.591,Tomte,5.657
1260192069.688,7.786,Scattered_Light,45.255
1260192709.375,16.638,Low_Frequency_Lines,45.255
1260193016.121,10.788,Blip,5.657
1260193119.037,8.249,Blip_Low_Frequency,5.657
1260193236.813,11.902,Scattered_Light,45.255
1260195049.293,9.522,Blip_Low_Frequency,5.657
1260195871.923,29.006,Koi_Fish,5.657
1260195978.563,14.704,Scattered_Light,45.255
1260196203.875,12.012,Low_Frequency_Lines,45.255
1260196447.762,11.122,Tomte,5.657
1260197189.299,7.838,Blip_Low_Frequency,5.657
1260197264.875,10.845,Low_Frequency_Lines,45.255
1260197875.375,8.427,Low_Frequency_Lines,45.255
1260198533.363,8.58,Blip_Low_Frequency,5.657
1260198922.313,19.338,Scattered_Light,45.255
1260199610.375,15.576,Low_Frequency_Lines,45.255
1260203165.125,19.555,Low_Frequency_Lines,45.255
1260203363.313,23.955,Scattered_Light,45.255
1260203957.393,12.404,Blip_Low_Frequency,5.657
1260204614.937,39.644,Blip,5.657
1260204760.875,9.881,Low_Frequency_Lines,45.255
1260205077.875,16.578,Low_Frequency_Lines,45.255
1260205102.486,372.912,Koi_Fish,5.657
1260205483.188,23.033,Scattered_Light,45.255
1260205706.938,107.554,Scattered_Light,45.255
1260205725.938,10.958,Scattered_Light,45.255
1260205862.125,14.145,Low_Frequency_Lines,45.255
1260206266.188,37.556,Scattered_Light,45.255
1260206285.25,9.29,Low_Frequency_Lines,45.255
1260206579.625,16.207,Low_Frequency_Lines,45.255
1260206713.188,44.726,Scattered_Light,45.255
1260206875.875,51.678,Scattered_Light,45.255
1260207256.563,24.689,Scattered_Light,45.255
1260207892.472,54.468,Koi_Fish,5.657
1260208317.875,9.361,Low_Frequency_Lines,45.255
1260208345.563,39.527,Scattered_Light,45.255
1260208542.344,8.123,Low_Frequency_Burst,22.627
1260210464.326,84.405,Koi_Fish,5.657
1260210698.125,14.723,Low_Frequency_Lines,45.255
1260211225.688,31.103,Scattered_Light,45.255
1260211295.313,8.933,Scattered_Light,45.255
1260212141.375,19.102,Scattered_Light,45.255
1260212488.563,21.497,Scattered_Light,45.255
1260214244.313,43.5,Scattered_Light,45.255
1260216073.931,12.328,Blip,5.657
1260216381.125,7.528,Low_Frequency_Lines,45.255
1260217235.938,55.229,Scattered_Light,45.255
1260218100.688,12.718,Low_Frequency_Lines,45.255
1260218634.125,11.664,Low_Frequency_Lines,45.255
1260219832.617,8.125,Fast_Scattering,11.314
1260220114.313,42.398,Scattered_Light,45.255
1260220892.813,26.973,Scattered_Light,45.255
1260225491.188,11.736,Scattered_Light,45.255
1260226217.256,11.927,Blip,5.657
1260226709.625,12.275,Low_Frequency_Lines,45.255
1260226992.875,9.795,Scattered_Light,45.255
1260227918.25,9.212,Low_Frequency_Lines,45.255
1260228939.688,42.094,Scattered_Light,45.255
1260229815.438,20.151,Scattered_Light,45.255
1260230196.438,44.91,Scattered_Light,45.255
1260230464.188,11.816,Scattered_Light,45.255
1260230742.543,284.467,Koi_Fish,5.657
1260231411.563,19.98,Scattered_Light,45.255
1260231613.438,33.69,Scattered_Light,45.255
1260231986.66,25.024,Tomte,5.657
1260233100.375,8.829,Low_Frequency_Lines,45.255
1260233600.938,134.969,Scattered_Light,45.255
1260233708.938,7.577,Low_Frequency_Lines,22.627
1260233867.875,7.887,Low_Frequency_Lines,45.255
1260235007.793,19.651,Tomte,5.657
1260235620.625,9.434,Low_Frequency_Lines,45.255
1260238880.438,28.648,Scattered_Light,45.255
1260239879.918,8.435,Blip_Low_Frequency,5.657
1260242417.469,8.545,Scattered_Light,45.255
1260242502.074,14.719,Tomte,5.657
1260242602.875,10.454,Scattered_Light,45.255
1260242701.563,51.601,Scattered_Light,45.255
1260242888.267,7.843,Blip,5.657
1260243664.313,8.148,Scattered_Light,45.255
1260243900.313,28.916,Scattered_Light,45.255
1260245921.125,7.927,Low_Frequency_Lines,45.255
1260246088.688,90.99,Scattered_Light,45.255
1260246173.063,7.82,Scattered_Light,45.255
1260246320.563,8.896,Scattered_Light,45.255
1260248338.875,10.432,Low_Frequency_Lines,45.255
1260248491.313,8.89,Low_Frequency_Lines,45.255
1260248686.063,20.012,Scattered_Light,45.255
1260249457.872,610.947,Koi_Fish,5.657
1260251115.813,9.668,Scattered_Light,45.255
1260252293.063,33.065,Scattered_Light,45.255
1260254065.313,49.189,Scattered_Light,45.255
1260254419.813,15.705,Scattered_Light,45.255
1260254496.438,9.195,Scattered_Light,45.255
1260254862.588,11.125,Blip_Low_Frequency,5.657
1260254888.313,8.455,Scattered_Light,45.255
1260255763.438,30.107,Scattered_Light,45.255
1260256479.875,7.615,Low_Frequency_Lines,45.255
1260257025.813,31.779,Scattered_Light,45.255
1260257350.125,13.504,Low_Frequency_Lines,22.627
1260257413.438,36.137,Scattered_Light,45.255
1260257455.813,10.936,Scattered_Light,45.255
1260257521.281,7.858,Low_Frequency_Lines,45.255
1260257732.55,22.831,Blip,5.657
1260257762.438,152.424,Scattered_Light,45.255
1260258787.551,2614.852,Extremely_Loud,11.314
1260258955.563,8.99,Scattered_Light,45.255
1260259437.61,39.818,Koi_Fish,5.657
1260259747.813,10.42,Low_Frequency_Lines,45.255
1260259781.386,23.839,Blip,5.657
1260260408.938,23.41,Scattered_Light,45.255
1260260458.938,14.451,Low_Frequency_Lines,22.627
1260260644.188,33.093,Scattered_Light,45.255
1260261642.688,8.351,Scattered_Light,45.255
1260263479.563,61.515,Scattered_Light,45.255
1260263491.563,31.06,Scattered_Light,45.255
1260263657.438,47.961,Scattered_Light,45.255
1260263697.875,8.324,Low_Frequency_Lines,45.255
1260264524.188,20.862,Scattered_Light,45.255
1260264934.375,7.644,Low_Frequency_Lines,45.255
1260265415.375,9.81,Scattered_Light,45.255
1260265664.938,15.765,Scattered_Light,45.255
1260266128.438,88.612,Scattered_Light,45.255
1260266135.375,17.777,Scattered_Light,45.255
1260266212.681,52.333,Blip,5.657
1260266959.375,17.641,Scattered_Light,45.255
1260267019.188,41.297,Scattered_Light,45.255
1260267291.875,9.188,Scattered_Light,45.255
1260267367.375,9.831,Low_Frequency_Lines,45.255
1260267379.567,92.205,Koi_Fish,5.657
1260269482.684,13.693,Tomte,5.657
1260270243.313,105.224,Scattered_Light,45.255
1260272454.375,8.317,Low_Frequency_Lines,45.255
1260273180.652,1246.73,Extremely_Loud,11.314
1260273221.625,15.823,Low_Frequency_Lines,45.255
1260273309.125,16.834,Low_Frequency_Lines,45.255
1260273923.688,48.942,Scattered_Light,45.255
1260274999.688,8.453,Scattered_Light,45.255
1260275126.625,7.668,Low_Frequency_Lines,45.255
1260275240.012,7.974,Blip_Low_Frequency,5.657
1260275464.641,12.296,Blip,5.657
1260275600.063,8.628,Low_Frequency_Lines,22.627
1260277776.563,11.356,Scattered_Light,45.255
1260279965.188,7.945,Low_Frequency_Lines,45.255
1260280014.938,21.142,Scattered_Light,45.255
1260281626.453,10.694,Fast_Scattering,11.314
1260282251.137,455.242,Koi_Fish,5.657
1260282706.656,30.838,Scattered_Light,45.255
1260282865.063,12.59,Scattered_Light,45.255
1260282891.025,180.104,Koi_Fish,5.657
1260282894.063,11.626,Scattered_Light,45.255
1260283155.688,24.092,Scattered_Light,45.255
1260283647.688,33.654,Scattered_Light,45.255
1260283846.79,32.553,Koi_Fish,11.314
1260283848.003,20.618,Blip,5.657
1260284754.738,10.236,Blip_Low_Frequency,5.657
1260286196.814,7.743,Blip_Low_Frequency,5.657
1260286346.16,8.39,Blip_Low_Frequency,5.657
1260286831.373,151.34,Koi_Fish,5.657
1260287396.914,8.323,Blip_Low_Frequency,11.314
1260287997.125,15.05,Low_Frequency_Lines,45.255
1260288035.563,10.565,Low_Frequency_Lines,45.255
1260288616.813,33.848,Scattered_Light,45.255
1260288633.125,17.107,Low_Frequency_Lines,45.255
1260288868.883,11.136,Fast_Scattering,11.314
1260289871.078,7.743,Fast_Scattering,11.314
1260290925.547,8.016,Fast_Scattering,11.314
1260290933.438,34.447,Scattered_Light,45.255
1260290959.688,94.342,Koi_Fish,5.657
1260291292.063,18.398,Scattered_Light,22.627
1260291438.125,22.169,Scattered_Light,45.255
1260291558.438,15.79,Low_Frequency_Lines,45.255
1260291705.875,10.973,Low_Frequency_Lines,45.255
1260292674.875,8.899,Low_Frequency_Lines,45.255
1260292775.125,20.081,Low_Frequency_Lines,45.255
1260292868.563,42.215,Scattered_Light,45.255
1260293703.813,26.982,Scattered_Light,45.255
1260293729.031,12.143,Low_Frequency_Burst,11.314
1260295661.969,41.823,Low_Frequency_Burst,22.627
1260296014.813,11.088,Scattered_Light,45.255
1260297220.299,796.681,Extremely_Loud,5.657
1260297321.375,8.294,Low_Frequency_Lines,45.255
1260297505.781,8.214,Low_Frequency_Burst,11.314
1260298947.25,10.713,Low_Frequency_Lines,45.255
1260299056.313,39.098,Scattered_Light,45.255
1260299130.438,39.911,Scattered_Light,45.255
1260302226.563,12.482,Scattered_Light,45.255
1260302943.317,152.663,Koi_Fish,5.657
1260303111.563,15.499,Scattered_Light,45.255
1260303276.188,13.61,Scattered_Light,45.255
1260303446.313,16.71,Scattered_Light,45.255
1260303823.125,11.707,Scattered_Light,45.255
1260303996.188,15.511,Scattered_Light,45.255
1260304258.688,12.56,Scattered_Light,45.255
1260304654.719,17.2,Scattered_Light,45.255
1260305576.563,13.109,Scattered_Light,45.255
1260307105.88,1001.027,Extremely_Loud,5.657
1260307446.938,10.298,Scattered_Light,22.627
1260308839.313,59.606,Scattered_Light,45.255
1260309288.656,23.716,Scattered_Light,45.255
1260309670.848,253.166,Koi_Fish,5.657
1260309761.764,8.676,Blip_Low_Frequency,5.657
1260310348.063,13.244,Scattered_Light,45.255
1260310754.938,11.346,Scattered_Light,45.255
1260312811.438,32.53,Scattered_Light,45.255
1260314832.873,96.808,Koi_Fish,5.657
1260315293.813,7.834,Scattered_Light,45.255
1260315562.949,8.956,Blip_Low_Frequency,5.657
1260316256.916,261.201,Extremely_Loud,5.657
1260316710.563,42.736,Scattered_Light,45.255
1260316965.563,8.195,Scattered_Light,45.255
1260317154.375,19.306,Scattered_Light,45.255
1260318493.75,8.166,Low_Frequency_Lines,45.255
1260319302.875,13.701,Scattered_Light,45.255
1260320884.719,7.565,Low_Frequency_Burst,22.627
1260321563.813,31.657,Scattered_Light,45.255
1260321706.813,28.429,Scattered_Light,45.255
1260324490.938,13.781,Scattered_Light,45.255
1260324659.438,36.465,Scattered_Light,45.255
1260326085.564,84.952,Koi_Fish,5.657
1260326155.926,54.152,Blip,5.657
1260327561.688,12.507,Scattered_Light,45.255
1260328167.17,7.585,Blip_Low_Frequency,5.657
1260329581.03,1326.662,Extremely_Loud,22.627
1260330477.188,8.969,Scattered_Light,45.255
1260330801.164,237.087,Extremely_Loud,11.314
1260331460.362,11.968,Blip,5.657
1260336684.188,7.745,Scattered_Light,45.255
1260337981.117,8.69,Blip,5.657
1260340473.551,8.991,Blip_Low_Frequency,5.657
1260341550.625,14.457,Scattered_Light,45.255
1260341665.939,761.157,Extremely_Loud,5.657
1260341967.379,9.07,Blip_Low_Frequency,5.657
1260344649.801,57.635,Tomte,5.657
1260344964.875,2854.094,Extremely_Loud,5.657
1260346654.676,20.409,Tomte,5.657
1260347941.391,10.179,Low_Frequency_Burst,11.314
1260348033.438,11.774,Low_Frequency_Burst,11.314
1260348119.656,8.741,Low_Frequency_Burst,11.314
1260348360.809,22.615,Blip,5.657
1260352189.938,8.849,Scattered_Light,45.255
1260352939.031,10.893,Blip,5.657
1260353852.637,20.337,Tomte,5.657
1260357197.826,2226.297,Extremely_Loud,11.314
1260358368.75,8.215,Low_Frequency_Lines,45.255
1260364879.633,7.511,Fast_Scattering,11.314
1260365231.532,174.703,Koi_Fish,5.657
1260365499.538,11.646,Blip,5.657
1260365873.205,7.789,Blip_Low_Frequency,5.657
1260369069.297,7.518,Fast_Scattering,11.314
1260371184.52,7.936,Blip_Low_Frequency,11.314
1260374521.18,7.693,Fast_Scattering,11.314
1260375581.933,30.45,Blip,5.657
1260377611.809,764.751,Extremely_Loud,5.657
1260380538.914,133.718,Koi_Fish,5.657
1260382945.664,7.948,Fast_Scattering,11.314
1260383811.813,31.954,Low_Frequency_Burst,22.627
1260385212.462,101.273,Koi_Fish,5.657
1260385663.449,38.803,Tomte,5.657
1260385779.667,52.831,Koi_Fish,5.657
1260386165.285,16.903,Tomte,5.657
1260396659.743,2697.82,Extremely_Loud,5.657
1260397113.371,84.285,Koi_Fish,5.657
1260400027.938,11.323,Low_Frequency_Burst,22.627
1260400480.309,9.453,Tomte,5.657
1260407112.785,33.437,Tomte,5.657
1260408156.848,66.249,Tomte,5.657
1260410198.918,66.688,Tomte,5.657
1260410239.004,459.916,Koi_Fish,5.657
1260410878.09,339.449,Koi_Fish,11.314
1260413252.705,34.676,Koi_Fish,5.657
1260416841.967,672.596,Extremely_Loud,5.657
1260419499.428,11.213,Blip,5.657
1260420147.496,39.086,Tomte,5.657
1260420252.418,7.595,Blip_Low_Frequency,5.657
1260425239.781,8.702,Low_Frequency_Burst,5.657
1260425545.336,10.359,Blip,5.657
1260427332.516,9.227,Low_Frequency_Burst,5.657
1260427372.938,45.405,Scattered_Light,45.255
1260427469.875,116.455,Scattered_Light,45.255
1260427692.563,11.749,Scattered_Light,45.255
1260427992.148,84.505,Blip,5.657
1260428305.875,8.257,Low_Frequency_Lines,45.255
1260428435.563,216.686,Extremely_Loud,5.657
1260428435.563,216.686,Extremely_Loud,5.657
1260439773.583,1446.253,Extremely_Loud,5.657
1260440885.25,8.702,Low_Frequency_Lines,45.255
1260441609.223,8.992,Blip_Low_Frequency,5.657
1260443022.781,22.938,Low_Frequency_Burst,11.314
1260443026.984,7.78,Low_Frequency_Burst,11.314
1260443093.656,11.28,Low_Frequency_Burst,11.314
1260443114.531,13.207,Low_Frequency_Burst,11.314
1260443322.697,23.328,Blip,5.657
1260443413.406,25.258,Low_Frequency_Burst,11.314
1260443729.582,2113.23,Extremely_Loud,11.314
1260451348.207,7.676,Blip_Low_Frequency,5.657
1260452265.25,8.123,Low_Frequency_Lines,45.255
1260455321.918,16.565,Tomte,5.657
1260456986.656,17.37,Low_Frequency_Burst,11.314
1260459526.285,1427.465,Extremely_Loud,5.657
1260462521.969,1498.854,Extremely_Loud,5.657
1260462693.147,8.973,Blip,5.657
1260465252.25,8.578,Low_Frequency_Lines,45.255
1260465418.261,2981.031,Extremely_Loud,5.657
1260468554.52,838.056,Koi_Fish,5.657
1260471116.274,11.054,Blip,5.657
1260471379.344,14.945,Low_Frequency_Burst,11.314
1260471392.688,8.259,Low_Frequency_Lines,22.627
1260471401.297,21.112,Low_Frequency_Burst,11.314
1260471442.156,10.705,Low_Frequency_Burst,22.627
1260471562.225,124.474,Koi_Fish,5.657
1260472255.363,9.292,Tomte,5.657
1260474706.877,875.366,Extremely_Loud,5.657
1260477414.746,184.905,Koi_Fish,5.657
1260479592.098,10.883,Tomte,5.657
1260480307.213,1388.916,Extremely_Loud,5.657
1260484444.582,41.494,Tomte,5.657
1260485078.211,130.295,Koi_Fish,5.657
1260486444.035,7.588,Blip_Low_Frequency,5.657
1260486946.561,7.97,Blip_Low_Frequency,5.657
1260487990.432,7.748,Blip_Low_Frequency,5.657
1260489328.137,9.382,Tomte,5.657
1260489814.122,18.539,Blip,5.657
1260491921.004,92.605,Koi_Fish,5.657
1260492974.236,199.683,Koi_Fish,5.657
1260496180.077,8.906,Blip,5.657
1260496756.768,8.991,Blip_Low_Frequency,5.657
1260498012.306,1306.314,Extremely_Loud,5.657
1260500930.263,120.864,Koi_Fish,5.657
1260501359.691,331.435,Extremely_Loud,11.314
1260503725.938,8.011,Low_Frequency_Burst,22.627
1260503869.75,8.054,Low_Frequency_Lines,45.255
1260504009.8,2207.406,Extremely_Loud,11.314
1260505352.103,507.832,Extremely_Loud,5.657
1260507764.504,286.395,Koi_Fish,5.657
1260513502.625,8.033,Low_Frequency_Lines,45.255
1260516707.04,9.535,Blip,5.657
1260517150.39,507.752,Extremely_Loud,5.657
1260519585.25,11.056,Low_Frequency_Lines,45.255
1260521164.813,10.328,Low_Frequency_Lines,45.255
1260522036.969,11.481,Low_Frequency_Burst,22.627
1260522084.904,9.558,Blip_Low_Frequency,5.657
1260525061.59,19.847,Blip,5.657
1260525770.926,12.379,Tomte,5.657
1260527665.97,1607.977,Extremely_Loud,5.657
1260528438.639,511.997,Extremely_Loud,5.657
1260528611.365,9.187,Blip_Low_Frequency,5.657
1260529336.188,8.039,Low_Frequency_Lines,45.255
1260529736.558,1313.45,Extremely_Loud,5.657
1260532557.293,10.168,Tomte,5.657
1260532892.815,100.292,Koi_Fish,5.657
1260533182.438,9.852,Scattered_Light,45.255
1260533199.936,158.239,Koi_Fish,5.657
1260533435.094,8.621,Low_Frequency_Burst,11.314
1260533452.609,8.471,Fast_Scattering,11.314
1260535236.08,9.067,Blip_Low_Frequency,5.657
1260536424.118,7.737,Blip_Low_Frequency,5.657
1260537001.818,8.328,Blip_Low_Frequency,5.657
1260537988.875,12.129,Scattered_Light,45.255
1260538446.531,7.717,Low_Frequency_Burst,22.627
1260538489.008,9.863,Fast_Scattering,11.314
1260538979.609,8.725,Fast_Scattering,11.314
1260539220.25,7.561,Low_Frequency_Lines,45.255
1260539915.813,9.471,Scattered_Light,45.255
1260540234.563,19.123,Scattered_Light,45.255
1260540458.367,8.085,Fast_Scattering,11.314
1260540877.688,8.792,Low_Frequency_Burst,22.627
1260540984.75,552.038,Extremely_Loud,22.627
1260540984.75,552.038,Extremely_Loud,22.627
1260540984.75,552.038,Extremely_Loud,22.627
1260540984.75,552.038,Extremely_Loud,22.627
1260540984.75,552.038,Extremely_Loud,22.627
1260540984.75,552.038,Extremely_Loud,22.627
1260540984.75,552.038,Extremely_Loud,22.627
1260540984.75,552.038,Extremely_Loud,22.627
1260540984.75,552.038,Extremely_Loud,22.627
1260540984.75,552.038,Extremely_Loud,22.627
1260540984.75,552.038,Extremely_Loud,22.627
1260540984.75,552.038,Extremely_Loud,22.627
1260540984.75,552.038,Extremely_Loud,22.627
1260540984.75,552.038,Extremely_Loud,22.627
1260540984.75,552.038,Extremely_Loud,22.627
1260540984.75,552.038,Extremely_Loud,22.627
1260540984.75,552.038,Extremely_Loud,22.627
1260540984.75,552.038,Extremely_Loud,22.627
1260540984.75,552.038,Extremely_Loud,22.627
1260757651.25,10.213,Low_Frequency_Lines,45.255
1260763547.887,7.955,Blip_Low_Frequency,5.657
1260764321.498,19.344,Tomte,5.657
1260764844.296,63.554,Blip,5.657
1260765453.577,749.188,Extremely_Loud,11.314
1260766017.413,7.678,Blip,5.657
1260770615.645,24.572,Tomte,5.657
1260772770.25,16.362,Low_Frequency_Lines,45.255
1260774489.35,54.065,Koi_Fish,5.657
1260775351.098,16.031,Tomte,5.657
1260776750.844,7.649,Low_Frequency_Burst,11.314
1260777893.671,48.235,Blip,5.657
1260779494.756,113.225,Koi_Fish,5.657
1260780998.794,150.086,Koi_Fish,5.657
1260783955.027,8.092,Blip_Low_Frequency,5.657
1260788508.217,41.468,Blip,5.657
1260788998.125,7.986,Low_Frequency_Lines,45.255
1260789458.512,10.987,Blip,5.657
1260791505.931,12.197,Blip,5.657
1260791995.562,13.693,Blip,5.657
1260794374.441,13.045,Tomte,5.657
1260794494.317,12.292,Blip_Low_Frequency,5.657
1260794864.313,249.272,Scattered_Light,45.255
1260802603.094,15.865,Low_Frequency_Burst,22.627
1260803029.656,14.002,Low_Frequency_Burst,11.314
1260803398.087,7.501,Blip,5.657
1260803736.75,7.527,Low_Frequency_Lines,45.255
1260803841.078,10.93,Fast_Scattering,11.314
1260804446.125,8.984,Low_Frequency_Lines,45.255
1260804988.672,8.95,Fast_Scattering,11.314
1260805265.68,8.66,Fast_Scattering,11.314
1260805286.477,7.794,Fast_Scattering,11.314
1260805593.25,12.026,Low_Frequency_Lines,45.255
1260805985.525,21.717,Blip,5.657
1260806769.969,18.825,Low_Frequency_Burst,11.314
1260807674.36,18.879,Blip,5.657
1260808582.25,9.619,Low_Frequency_Lines,45.255
1260809027.453,9.682,Fast_Scattering,11.314
1260809279.711,9.051,Fast_Scattering,11.314
1260809637.258,8.126,Fast_Scattering,11.314
1260809978.051,14.712,Blip,5.657
1260810416.066,7.839,Blip_Low_Frequency,11.314
1260811114.09,9.391,Fast_Scattering,11.314
1260811238.297,14.396,Fast_Scattering,11.314
1260811695.813,29.482,Scattered_Light,45.255
1260811754.68,7.509,Fast_Scattering,11.314
1260811784.836,8.238,Fast_Scattering,11.314
1260811865.75,8.41,Low_Frequency_Lines,45.255
1260812291.691,20.607,Blip,5.657
1260812327.878,15.984,Blip_Low_Frequency,5.657
1260812606.75,8.44,Low_Frequency_Lines,45.255
1260813283.641,9.522,Fast_Scattering,11.314
1260813285.805,8.295,Fast_Scattering,22.627
1260813377.25,16.002,Low_Frequency_Lines,45.255
1260813534.953,8.37,Fast_Scattering,11.314
1260813701.117,7.693,Fast_Scattering,11.314
1260814741.75,7.702,Low_Frequency_Burst,11.314
1260814857.762,8.593,Fast_Scattering,11.314
1260815528.016,8.268,Fast_Scattering,11.314
1260815567.938,9.096,Low_Frequency_Burst,22.627
1260815657.336,10.905,Fast_Scattering,11.314
1260816139.125,8.12,Low_Frequency_Lines,45.255
1260816795.641,8.121,Blip,5.657
1260817556.875,7.852,Low_Frequency_Lines,45.255
1260817563.375,11.748,Low_Frequency_Lines,45.255
1260817716.82,8.921,Fast_Scattering,11.314
1260818210.898,8.859,Fast_Scattering,11.314
1260818213.754,7.697,Fast_Scattering,5.657
1260818856.391,7.992,Fast_Scattering,22.627
1260819912.188,10.254,Low_Frequency_Burst,22.627
1260820218.438,10.202,Fast_Scattering,11.314
1260820417.477,7.934,Fast_Scattering,11.314
1260821372.438,47.246,Scattered_Light,45.255
1260821460.703,7.61,Fast_Scattering,11.314
1260821670.629,8.124,Blip_Low_Frequency,11.314
1260822343.75,10.354,Low_Frequency_Lines,45.255
1260822925.367,7.569,Fast_Scattering,11.314
1260823078.467,1010.005,Extremely_Loud,5.657
1260824466.27,8.732,Blip_Low_Frequency,5.657
1260824575.438,38.717,Scattered_Light,45.255
1260824607.188,7.528,Fast_Scattering,11.314
1260825103.789,8.271,Fast_Scattering,11.314
1260825213.137,8.265,Blip_Low_Frequency,11.314
1260825462.836,8.316,Fast_Scattering,11.314
1260825914.984,11.025,Fast_Scattering,22.627
1260826015.311,14.561,Blip_Low_Frequency,5.657
1260826222.993,186.384,Extremely_Loud,5.657
1260826365.578,12.44,Fast_Scattering,11.314
1260826595.377,230.421,Koi_Fish,5.657
1260826607.459,13.816,Blip,5.657
1260826676.438,11.816,Scattered_Light,45.255
1260826783.094,8.619,Low_Frequency_Burst,22.627
1260827012.391,8.489,Fast_Scattering,11.314
1260827245.938,8.355,Low_Frequency_Burst,22.627
1260827312.689,9.064,Blip_Low_Frequency,5.657
1260827473.094,8.69,Low_Frequency_Burst,22.627
1260827502.953,8.355,Fast_Scattering,11.314
1260828091.563,7.979,Scattered_Light,45.255
1260828257.125,10.547,Low_Frequency_Lines,45.255
1260829913.938,7.776,Scattered_Light,45.255
1260830448.75,11.113,Low_Frequency_Lines,45.255
1260831877.938,7.697,Low_Frequency_Burst,22.627
1260832508.313,10.941,Scattered_Light,45.255
1260834183.375,13.335,Scattered_Light,45.255
1260835427.063,13.23,Scattered_Light,45.255
1260835771.656,9.855,Low_Frequency_Burst,11.314
1260836922.19,8.494,Blip,5.657
1260837403.25,10.27,Low_Frequency_Lines,45.255
1260838120.813,13.019,Scattered_Light,45.255
1260839191.238,10.351,Blip_Low_Frequency,5.657
1260839281.092,314.066,Koi_Fish,5.657
1260840179.375,27.443,Scattered_Light,45.255
1260844276.818,93.132,Koi_Fish,5.657
1260844432.938,37.896,Scattered_Light,45.255
1260844758.156,23.796,Scattered_Light,45.255
1260845183.473,1852.949,Extremely_Loud,5.657
1260848693.505,10.192,Blip,5.657
1260848710.841,86.016,Koi_Fish,11.314
1260849495.192,74.187,Koi_Fish,5.657
1260850375.813,8.378,Low_Frequency_Lines,45.255
1260854382.563,14.008,Low_Frequency_Burst,22.627
1260854697.438,19.035,Scattered_Light,45.255
1260856531.188,11.257,Scattered_Light,45.255
1260857365.188,18.16,Scattered_Light,45.255
1260858877.813,21.373,Scattered_Light,45.255
1260859298.313,17.466,Scattered_Light,45.255
1260859476.875,8.23,Low_Frequency_Lines,45.255
1260860789.063,7.975,Low_Frequency_Burst,22.627
1260860851.875,10.406,Low_Frequency_Lines,45.255
1260861356.688,11.057,Scattered_Light,45.255
1260862778.625,9.632,Low_Frequency_Lines,45.255
1260866524.313,22.298,Scattered_Light,45.255
1260867118.965,8.235,Blip_Low_Frequency,5.657
1260868317.448,163.257,Koi_Fish,5.657
1260868705.656,36.748,Low_Frequency_Burst,22.627
1260869423.313,11.997,Scattered_Light,45.255
1260870492.188,12.703,Scattered_Light,45.255
1260871833.972,31.758,Blip_Low_Frequency,5.657
1260872160.438,41.648,Scattered_Light,45.255
1260872262.813,18.426,Scattered_Light,45.255
1260872394.087,306.436,Koi_Fish,5.657
1260873801.188,14.393,Scattered_Light,45.255
1260874197.813,17.492,Scattered_Light,45.255
1260874261.438,8.174,Scattered_Light,45.255
1260875609.344,9.656,Scattered_Light,45.255
1260875878.632,270.107,Koi_Fish,5.657
1260876348.438,9.274,Low_Frequency_Lines,45.255
1260877327.063,10.692,Scattered_Light,45.255
1260878284.464,18.589,Blip,5.657
1260878916.649,58.444,Blip,5.657
1260880282.125,8.267,Low_Frequency_Lines,45.255
1260880901.289,7.725,Fast_Scattering,11.314
1260880998.844,8.356,Low_Frequency_Burst,22.627
1260881075.742,10.168,Fast_Scattering,11.314
1260881793.8,30.084,Blip,5.657
1260882093.086,10.039,Fast_Scattering,11.314
1260882275.633,9.882,Fast_Scattering,11.314
1260882500.039,10.764,Fast_Scattering,11.314
1260882768.008,9.67,Fast_Scattering,11.314
1260883153.836,12.505,Fast_Scattering,11.314
1260883310.328,11.949,Fast_Scattering,11.314
1260884315.078,8.355,Fast_Scattering,11.314
1260884437.297,12.239,Fast_Scattering,11.314
1260885696.611,142.676,Extremely_Loud,5.657
1260885920.742,8.674,Fast_Scattering,11.314
1260885925.555,8.912,Fast_Scattering,22.627
1260886095.773,8.263,Fast_Scattering,11.314
1260886913.836,10.785,Fast_Scattering,11.314
1260886916.477,8.991,Fast_Scattering,11.314
1260886962.031,9.87,Low_Frequency_Burst,11.314
1260887289.203,8.811,Fast_Scattering,11.314
1260887598.359,9.9,Fast_Scattering,11.314
1260887685.859,10.243,Fast_Scattering,11.314
1260887776.688,10.195,Fast_Scattering,11.314
1260887871.641,10.635,Fast_Scattering,11.314
1260887918.503,221.433,Koi_Fish,5.657
1260888201.073,9.426,Blip,5.657
1260888270.398,11.27,Fast_Scattering,11.314
1260888506.063,8.684,Fast_Scattering,11.314
1260889523.797,8.224,Low_Frequency_Burst,5.657
1260889583.055,14.386,Fast_Scattering,11.314
1260889854.547,8.114,Low_Frequency_Burst,11.314
1260890620.876,14.273,Blip,5.657
1260890661.477,8.258,Fast_Scattering,11.314
1260890773.102,1203.12,Extremely_Loud,11.314
1260890952.896,8.533,Blip_Low_Frequency,5.657
1260891064.461,9.912,Fast_Scattering,11.314
1260891852.873,18.365,Blip,5.657
1260892680.805,9.483,Fast_Scattering,11.314
1260893531.409,46.376,Koi_Fish,5.657
1260893804.773,8.941,Fast_Scattering,11.314
1260894457.578,7.923,Fast_Scattering,11.314
1260894568.972,17.811,Blip,5.657
1260895144.277,12.353,Blip,5.657
1260895522.445,9.955,Fast_Scattering,22.627
1260896379.969,17.313,Blip,5.657
1260896487.328,9.388,Fast_Scattering,11.314
1260897815.875,7.799,Low_Frequency_Lines,45.255
1260897830.602,8.212,Blip_Low_Frequency,5.657
1260898038.887,1116.178,Extremely_Loud,5.657
1260898085.246,12.201,Tomte,5.657
1260898272.555,8.867,Fast_Scattering,11.314
1260898529.922,8.646,Fast_Scattering,11.314
1260898847.516,8.284,Fast_Scattering,11.314
1260899423.875,7.517,Low_Frequency_Lines,45.255
1260901950.188,8.026,Fast_Scattering,11.314
1260902815.859,7.553,Blip_Low_Frequency,11.314
1260903008.828,7.653,Fast_Scattering,11.314
1260903754.773,8.046,Fast_Scattering,11.314
1260904190.687,8.888,Blip_Low_Frequency,5.657
1260904633.391,8.111,Fast_Scattering,11.314
1260904688.957,128.023,Koi_Fish,5.657
1260904962.32,8.285,Fast_Scattering,11.314
1260907695.742,9.998,Fast_Scattering,11.314
1260907709.977,11.815,Fast_Scattering,11.314
1260908497.688,8.008,Fast_Scattering,11.314
1260909190.875,8.014,Low_Frequency_Lines,45.255
1260920855.995,292.676,Koi_Fish,5.657
1260921491.947,223.65,Koi_Fish,5.657
1260921915.063,15.271,Scattered_Light,45.255
1260922964.188,11.118,Low_Frequency_Burst,11.314
1260924716.563,14.53,Scattered_Light,45.255
1260925012.926,9.966,Tomte,5.657
1260925164.585,8.817,Blip,5.657
1260925295.125,15.334,Scattered_Light,45.255
1260925441.895,18.349,Blip,5.657
1260925813.813,38.121,Scattered_Light,45.255
1260926041.688,21.186,Scattered_Light,45.255
1260926423.98,10.42,Blip_Low_Frequency,5.657
1260927948.691,131.131,Koi_Fish,5.657
1260930490.863,12.981,Tomte,5.657
1260931050.563,10.095,Scattered_Light,45.255
1260931208.016,10.925,Low_Frequency_Burst,11.314
1260931220.496,16.007,Tomte,5.657
1260931924.385,221.135,Extremely_Loud,5.657
1260932258.688,7.925,Scattered_Light,45.255
1260933207.125,21.684,Scattered_Light,45.255
1260933598.506,1014.155,Extremely_Loud,5.657
1260934158.61,119.701,Koi_Fish,5.657
1260934246.605,144.677,Koi_Fish,5.657
1260935616.813,8.027,Low_Frequency_Lines,45.255
1260935923.293,13.79,Tomte,5.657
1260936228.203,20.39,Blip,5.657
1260937208.031,7.985,Low_Frequency_Burst,11.314
1260938425.205,9.802,Blip_Low_Frequency,5.657
1260938544.563,16.712,Scattered_Light,45.255
1260938781.313,18.274,Scattered_Light,45.255
1260939014.865,12.733,Tomte,5.657
1260939693.938,18.048,Scattered_Light,45.255
1260942051.285,26.011,Tomte,5.657
1260942171.875,18.205,Scattered_Light,45.255
1260943507.277,7.535,Blip_Low_Frequency,5.657
1260943547.438,13.483,Scattered_Light,45.255
1260944800.313,42.87,Scattered_Light,45.255
1260945148.621,32.421,Tomte,5.657
1260949235.188,29.279,Scattered_Light,45.255
1260949270.563,40.927,Scattered_Light,45.255
1260949285.438,10.305,Scattered_Light,45.255
1260949306.625,10.056,Scattered_Light,45.255
1260951632.313,51.748,Scattered_Light,45.255
1260951804.688,60.627,Scattered_Light,45.255
1260952186.438,9.728,Scattered_Light,22.627
1260952283.313,74.804,Scattered_Light,45.255
1260952724.668,28.867,Tomte,5.657
1260952748.858,311.466,Koi_Fish,5.657
1260953038.563,9.086,Scattered_Light,45.255
1260953539.188,9.488,Scattered_Light,45.255
1260953782.063,109.981,Scattered_Light,45.255
1260954912.656,21.173,Scattered_Light,22.627
1260956255.438,10.686,Scattered_Light,45.255
1260956668.469,36.164,Scattered_Light,45.255
1260957386.625,9.639,Scattered_Light,45.255
1260957392.547,7.601,Low_Frequency_Burst,5.657
1260958727.563,12.531,Scattered_Light,45.255
1260958973.375,7.568,Low_Frequency_Lines,45.255
1260960285.625,9.194,Low_Frequency_Lines,45.255
1260960849.065,139.345,Koi_Fish,5.657
1260962514.906,10.454,Scattered_Light,45.255
1260962562.688,10.652,Scattered_Light,45.255
1260962658.685,7.799,Whistle,11.314
1260963587.313,11.654,Scattered_Light,45.255
1260963845.813,10.851,Scattered_Light,45.255
1260964037.188,8.386,Scattered_Light,45.255
1260965609.188,10.909,Scattered_Light,45.255
1260966309.813,8.409,Scattered_Light,45.255
1260966847.188,20.529,Scattered_Light,45.255
1260967562.398,160.482,Koi_Fish,5.657
1260967865.188,38.087,Scattered_Light,45.255
1260968654.063,8.293,Scattered_Light,45.255
1260969470.188,12.209,Scattered_Light,45.255
1260971749.563,49.188,Scattered_Light,45.255
1260972128.438,9.835,Scattered_Light,45.255
1260974361.762,7.953,Blip_Low_Frequency,5.657
1260974373.063,10.78,Scattered_Light,45.255
1260974596.655,13.283,Blip,5.657
1260975121.063,7.581,Low_Frequency_Lines,45.255
1260976269.063,17.843,Scattered_Light,45.255
1260976483.438,15.941,Scattered_Light,45.255
1260977838.563,9.29,Scattered_Light,45.255
1260977983.031,29.009,Scattered_Light,45.255
1260978160.598,7.603,Blip_Low_Frequency,5.657
1260979444.938,8.281,Scattered_Light,45.255
1260979969.035,14.569,Tomte,5.657
1261007919.285,27.564,Tomte,5.657
1261008255.117,8.672,Blip_Low_Frequency,5.657
1261008381.344,64.073,Scattered_Light,45.255
1261010736.75,7.896,Low_Frequency_Lines,45.255
1261011097.375,10.164,Low_Frequency_Lines,45.255
1261011844.48,7.726,Blip_Low_Frequency,5.657
1261014051.396,9.289,Blip_Low_Frequency,5.657
1261014501.313,7.944,Low_Frequency_Lines,45.255
1261016438.223,2997.413,Extremely_Loud,5.657
1261018510.813,8.012,Scattered_Light,45.255
1261019247.479,8.488,Blip,5.657
1261019572.473,20.547,Tomte,5.657
1261020873.629,8.424,Blip_Low_Frequency,5.657
1261021431.344,12.415,Scattered_Light,45.255
1261021760.813,8.196,Scattered_Light,45.255
1261022335.449,23.586,Tomte,5.657
1261023390.125,9.755,Scattered_Light,45.255
1261024274.281,45.602,Scattered_Light,45.255
1261024719.438,14.219,Scattered_Light,45.255
1261025819.512,9.111,Blip_Low_Frequency,5.657
1261026317.938,45.972,Scattered_Light,45.255
1261034781.625,8.465,Low_Frequency_Lines,45.255
1261035254.125,9.477,Low_Frequency_Lines,45.255
1261035355.063,8.036,Low_Frequency_Burst,22.627
1261035400.976,175.183,Koi_Fish,5.657
1261035910.688,12.554,Scattered_Light,45.255
1261036022.625,8.247,Low_Frequency_Lines,45.255
1261036396.313,41.109,Scattered_Light,45.255
1261036584.875,14.264,Scattered_Light,45.255
1261037099.313,11.817,Scattered_Light,45.255
1261037435.651,9.314,Blip,5.657
1261039937.036,63.818,Koi_Fish,5.657
1261040471.625,14.387,Scattered_Light,45.255
1261041605.559,1529.967,Extremely_Loud,11.314
1261041764.875,29.841,Scattered_Light,45.255
1261042575.938,20.915,Scattered_Light,45.255
1261043734.688,43.197,Scattered_Light,45.255
1261045374.45,1056.468,Extremely_Loud,5.657
1261046111.504,8.608,Blip_Low_Frequency,5.657
1261047873.625,13.211,Scattered_Light,45.255
1261048725.783,11.64,Blip_Low_Frequency,5.657
1261048734.652,9.277,Blip_Low_Frequency,5.657
1261048741.688,11.87,Scattered_Light,45.255
1261049521.933,20.729,Blip,5.657
1261051742.48,8.343,Blip_Low_Frequency,5.657
1261052159.813,17.687,Scattered_Light,45.255
1261052846.313,50.552,Scattered_Light,45.255
1261052951.188,8.691,Scattered_Light,45.255
1261052956.406,8.598,Scattered_Light,45.255
1261054933.938,17.331,Scattered_Light,45.255
1261055216.938,16.552,Scattered_Light,45.255
1261056385.781,26.534,Scattered_Light,45.255
1261057879.969,32.285,Scattered_Light,45.255
1261057966.134,86.278,Koi_Fish,5.657
1261058207.688,10.356,Scattered_Light,45.255
1261058255.549,172.249,Koi_Fish,5.657
1261058482.563,8.026,Low_Frequency_Lines,45.255
1261060409.938,8.93,Scattered_Light,45.255
1261060413.625,17.342,Scattered_Light,45.255
1261061075.938,25.98,Scattered_Light,45.255
1261061153.938,13.303,Scattered_Light,45.255
1261061564.801,1384.311,Extremely_Loud,5.657
1261063218.938,8.184,Low_Frequency_Burst,22.627
1261063273.063,12.516,Scattered_Light,45.255
1261066336.078,8.467,Fast_Scattering,11.314
1261067074.467,15.676,Blip,5.657
1261067389.813,13.537,Scattered_Light,45.255
1261068935.688,10.678,Scattered_Light,45.255
1261069534.246,29.679,Tomte,5.657
1261070036.25,9.242,Low_Frequency_Lines,45.255
1261070187.121,8.028,Blip_Low_Frequency,5.657
1261070422.938,52.104,Scattered_Light,45.255
1261071904.875,10.679,Low_Frequency_Lines,45.255
1261071937.154,21.544,Tomte,5.657
1261072294.188,23.351,Scattered_Light,45.255
1261072310.125,17.685,Scattered_Light,45.255
1261072778.855,270.504,Koi_Fish,5.657
1261075353.438,7.543,Low_Frequency_Lines,45.255
1261075651.57,15.479,Blip,5.657
1261077228.125,9.756,Low_Frequency_Lines,45.255
1261078099.77,123.347,Koi_Fish,5.657
1261078255.313,7.64,Low_Frequency_Lines,45.255
1261078959.313,10.616,Scattered_Light,45.255
1261079854.25,12.803,Low_Frequency_Lines,45.255
1261079863.405,33.535,Koi_Fish,5.657
1261082535.688,8.543,Low_Frequency_Lines,22.627
1261083216.129,9.969,Blip_Low_Frequency,5.657
1261083478.855,14.598,Tomte,5.657
1261083534.716,63.001,Koi_Fish,5.657
1261091463.063,10.508,Scattered_Light,45.255
1261092585.316,7.654,Blip_Low_Frequency,5.657
1261095283.805,11.565,Blip,5.657
1261097535.75,12.358,Low_Frequency_Lines,45.255
1261097870.271,10.678,Blip,5.657
1261108192.38,7.723,Blip_Low_Frequency,5.657
1261108418.266,46.632,Blip,5.657
1261109276.996,9.223,Tomte,5.657
1261111759.115,136.991,Extremely_Loud,5.657
1261112887.374,165.034,Koi_Fish,5.657
1261113798.043,8.097,Blip_Low_Frequency,5.657
1261115656.639,12.461,Blip,5.657
1261116392.497,1400.522,Extremely_Loud,5.657
1261119410.721,1133.046,Extremely_Loud,5.657
1261119881.501,15.928,Blip,5.657
1261120224.187,25.459,Blip_Low_Frequency,5.657
1261125725.023,989.12,Extremely_Loud,45.255
1261126913.68,15.647,Tomte,5.657
1261130785.793,13.783,Tomte,5.657
1261131801.954,33.425,Koi_Fish,5.657
1261131922.473,14.4,Tomte,5.657
1261132351.16,7.723,Blip_Low_Frequency,5.657
1261132463.738,10.582,Tomte,5.657
1261134418.223,13.822,Tomte,5.657
1261135730.879,8.347,Blip_Low_Frequency,5.657
1261136214.137,9.705,Blip_Low_Frequency,5.657
1261137722.777,20.153,Tomte,5.657
1261138738.595,10.183,Blip,5.657
1261143041.32,10.0,Fast_Scattering,11.314
1261143262.181,104.597,Koi_Fish,5.657
1261146559.039,7.893,Fast_Scattering,11.314
1261147545.674,19.409,Blip,5.657
1261147912.111,21.284,Blip_Low_Frequency,5.657
1261149913.081,12.604,Blip,5.657
1261151763.813,24.57,Scattered_Light,45.255
1261161417.406,8.846,Low_Frequency_Burst,11.314
1261161671.32,7.639,Fast_Scattering,11.314
1261162206.57,8.43,Fast_Scattering,11.314
1261162593.75,7.926,Low_Frequency_Burst,22.627
1261162885.486,340.122,Extremely_Loud,5.657
1261164465.328,12.191,Fast_Scattering,11.314
1261182125.25,8.623,Low_Frequency_Lines,45.255
1261184475.135,33.574,Tomte,5.657
1261185020.926,15.553,Tomte,5.657
1261185278.887,26.066,Tomte,5.657
1261185848.647,422.122,Koi_Fish,5.657
1261187949.815,17.55,Blip,5.657
1261188495.346,8.291,Blip_Low_Frequency,5.657
1261190446.535,8.264,Blip_Low_Frequency,5.657
1261190522.265,440.828,Extremely_Loud,5.657
1261190579.25,10.319,Low_Frequency_Lines,45.255
1261190663.061,259.202,Extremely_Loud,11.314
1261193390.401,718.123,Extremely_Loud,5.657
1261193944.996,15.295,Tomte,5.657
1261194593.434,8.869,Tomte,5.657
1261196984.895,65.507,Tomte,5.657
1261197593.457,31.352,Tomte,5.657
1261200248.301,12.979,Tomte,5.657
1261200684.538,8.12,Blip,5.657
1261201395.051,9.013,Blip_Low_Frequency,5.657
1261201794.25,10.333,Low_Frequency_Lines,45.255
1261202516.934,8.159,Blip_Low_Frequency,5.657
1261203251.906,10.238,Low_Frequency_Burst,11.314
1261203409.16,898.2,Extremely_Loud,11.314
1261206315.418,1346.809,Extremely_Loud,5.657
1261207806.23,8.315,Blip_Low_Frequency,5.657
1261208908.553,63.903,Blip,5.657
1261209321.381,10.793,Blip_Low_Frequency,5.657
1261213437.441,10.305,Tomte,5.657
1261213604.469,8.855,Low_Frequency_Burst,11.314
1261214436.276,1079.502,Extremely_Loud,5.657
1261216299.868,126.706,Koi_Fish,5.657
1261216318.557,9.445,Blip_Low_Frequency,5.657
1261219263.893,18.364,Tomte,5.657
1261221281.918,12.736,Tomte,5.657
1261223490.047,9.546,Low_Frequency_Burst,11.314
1261226812.489,7.913,Blip,5.657
1261227307.999,392.573,Koi_Fish,5.657
1261228165.619,11.95,Tomte,5.657
1261228851.75,8.08,Low_Frequency_Lines,45.255
1261231252.652,87.559,Koi_Fish,5.657
1261231935.508,9.293,Blip_Low_Frequency,5.657
1261232461.25,11.041,Low_Frequency_Lines,45.255
1261234767.941,7.629,Blip_Low_Frequency,5.657
1261235419.16,34.753,Tomte,5.657
1261235518.426,17.129,Tomte,5.657
1261236062.781,91.634,Koi_Fish,5.657
1261236790.75,9.22,Low_Frequency_Lines,45.255
1261238364.145,8.745,Tomte,5.657
1261239125.836,7.501,Tomte,5.657
1261239755.25,10.912,Low_Frequency_Lines,45.255
1261239947.656,11.646,Blip,5.657
1261241472.162,704.121,Koi_Fish,5.657
1261244346.277,10.058,Blip_Low_Frequency,5.657
1261245148.522,38.733,Blip,5.657
1261249851.938,8.708,Low_Frequency_Burst,22.627
1261250162.875,15.928,Scattered_Light,45.255
1261250179.969,68.366,Scattered_Light,45.255
1261266252.863,593.109,Extremely_Loud,5.657
1261269827.875,9.249,Low_Frequency_Lines,45.255
1261269829.506,7.603,Blip_Low_Frequency,5.657
1261269899.676,14.576,Tomte,5.657
1261270671.537,17.716,Tomte,5.657
1261272999.875,8.835,Scattered_Light,45.255
1261273626.588,9.428,Blip,5.657
1261274101.596,7.922,Blip_Low_Frequency,5.657
1261274327.051,8.013,Blip_Low_Frequency,5.657
1261274940.309,11.396,Tomte,5.657
1261276565.25,10.028,Low_Frequency_Lines,45.255
1261276760.506,80.999,Koi_Fish,5.657
1261277755.844,7.99,Low_Frequency_Lines,22.627
1261277986.27,10.149,Tomte,5.657
1261279033.75,11.738,Low_Frequency_Lines,45.255
1261279600.962,9.539,Blip,5.657
1261291909.324,947.756,Extremely_Loud,11.314
1261292238.328,8.091,Blip,5.657
1261292981.938,14.974,Scattered_Light,45.255
1261296968.079,321.831,Koi_Fish,5.657
1261297856.198,353.087,Koi_Fish,5.657
1261298389.801,8.342,Tomte,5.657
1261300225.625,9.147,Low_Frequency_Lines,45.255
1261301712.204,11.368,Blip_Low_Frequency,5.657
1261301871.231,7.738,Blip,5.657
1261302395.77,2118.867,Extremely_Loud,11.314
1261305156.848,185.421,Extremely_Loud,11.314
1261305291.367,9.031,Fast_Scattering,11.314
1261306878.84,45.884,Tomte,5.657
1261307845.322,9.458,Blip_Low_Frequency,5.657
1261310301.31,17.941,Blip,5.657
1261315113.654,749.958,Koi_Fish,5.657
1261316042.996,8.882,Blip_Low_Frequency,5.657
1261318069.713,1109.937,Extremely_Loud,22.627
1261318129.371,8.343,Tomte,5.657
1261318671.926,9.926,Blip_Low_Frequency,5.657
1261318970.75,9.603,Low_Frequency_Lines,45.255
1261320851.98,2217.776,Extremely_Loud,5.657
1261322090.188,7.748,Low_Frequency_Lines,45.255
1261325481.572,1503.606,Extremely_Loud,5.657
1261326166.625,7.762,Low_Frequency_Burst,22.627
1261331413.25,7.742,Low_Frequency_Lines,45.255
1261333303.17,2696.559,Extremely_Loud,5.657
1261333318.738,18.385,Blip_Low_Frequency,5.657
1261334386.512,7.897,Blip_Low_Frequency,5.657
1261335030.52,15.688,Blip_Low_Frequency,5.657
1261338224.75,8.505,Low_Frequency_Lines,45.255
1261341614.188,9.425,Scattered_Light,45.255
1261342425.938,9.372,Low_Frequency_Burst,22.627
1261345629.166,114.733,Koi_Fish,5.657
1261346822.009,17.109,Blip,5.657
1261347798.197,7.953,Blip_Low_Frequency,5.657
1261350973.02,17.117,Tomte,5.657
1261351562.866,7.57,Blip,5.657
1261354361.905,15.01,Blip,5.657
1261356459.84,8.02,Blip,5.657
1261356550.863,952.853,Extremely_Loud,11.314
1261356739.332,13.734,Tomte,5.657
1261357572.611,94.189,Koi_Fish,5.657
1261359088.745,106.756,Koi_Fish,5.657
1261359669.408,9.07,Blip,5.657
1261361223.09,17.882,Tomte,5.657
1261361367.957,9.942,Blip_Low_Frequency,5.657
1261362348.147,15.167,Blip,5.657
1261363837.294,338.563,Koi_Fish,5.657
1261363878.596,44.107,Koi_Fish,5.657
1261364208.676,1341.068,Extremely_Loud,5.657
1261365078.004,1314.342,Extremely_Loud,11.314
1261366051.402,11.05,Tomte,5.657
1261371915.996,4151.355,Extremely_Loud,11.314
1261373032.121,16.004,Tomte,5.657
1261373509.813,11.721,Scattered_Light,45.255
1261374623.188,9.147,Scattered_Light,45.255
1261384184.75,9.141,Low_Frequency_Burst,5.657
1261386264.314,8.757,Blip_Low_Frequency,5.657
1261386301.125,9.148,Low_Frequency_Lines,45.255
1261386899.301,9.402,Blip_Low_Frequency,5.657
1261387348.75,9.855,Low_Frequency_Lines,45.255
1261391778.973,13.326,Tomte,5.657
1261394147.375,9.977,Low_Frequency_Lines,45.255
1261400992.191,8.346,Tomte,5.657
1261401331.542,355.881,Koi_Fish,5.657
1261401800.867,8.523,Fast_Scattering,5.657
1261402659.723,9.845,Tomte,5.657
1261403000.93,7.662,Tomte,5.657
1261404501.016,8.357,Fast_Scattering,11.314
1261406523.547,7.773,Fast_Scattering,11.314
1261408326.375,7.576,Low_Frequency_Lines,45.255
1261408577.431,25.984,Blip,5.657
1261410052.119,12.089,Blip,5.657
1261411600.696,1804.65,Extremely_Loud,5.657
1261411747.092,65.918,Koi_Fish,5.657
1261413027.896,8.427,Blip_Low_Frequency,5.657
1261417482.949,8.426,Blip_Low_Frequency,5.657
1261417659.887,11.707,Blip_Low_Frequency,5.657
1261425466.09,11.499,Tomte,5.657
1261425846.426,10.425,Blip_Low_Frequency,5.657
1261425867.855,105.52,Koi_Fish,5.657
1261426640.23,25.906,Tomte,5.657
1261429380.309,1104.114,Extremely_Loud,22.627
1261430212.201,17.148,Blip_Low_Frequency,5.657
1261431032.063,8.646,Low_Frequency_Burst,22.627
1261432900.226,8.61,Blip_Low_Frequency,5.657
1261437020.344,18.668,Low_Frequency_Burst,11.314
1261437077.75,8.0,Low_Frequency_Lines,45.255
1261438021.781,8.477,Low_Frequency_Burst,22.627
1261439344.527,11.795,Tomte,5.657
1261439876.413,33.092,Blip,5.657
1261441680.938,17.314,Scattered_Light,45.255
1261447883.875,10.187,Low_Frequency_Lines,45.255
1261448622.813,8.51,Low_Frequency_Lines,45.255
1261448995.813,7.533,Low_Frequency_Lines,45.255
1261449069.068,7.808,Blip,5.657
1261449288.875,8.368,Low_Frequency_Lines,45.255
1261450917.813,98.281,Scattered_Light,45.255
1261451247.188,10.972,Scattered_Light,45.255
1261451261.855,8.185,Blip_Low_Frequency,5.657
1261452598.059,9.209,Blip_Low_Frequency,5.657
1261452908.063,9.361,Scattered_Light,45.255
1261453832.875,7.836,Low_Frequency_Lines,45.255
1261454022.113,17.921,Tomte,5.657
1261454050.125,8.472,Scattered_Light,45.255
1261454577.578,7.753,Low_Frequency_Burst,5.657
1261454722.875,7.552,Low_Frequency_Lines,45.255
1261454891.698,497.358,Extremely_Loud,5.657
1261454975.063,37.377,Scattered_Light,45.255
1261455400.063,15.59,Scattered_Light,45.255
1261455593.563,56.237,Scattered_Light,45.255
1261456251.84,12.594,Tomte,5.657
1261456978.531,8.936,Scattered_Light,45.255
1261457607.063,15.016,Scattered_Light,45.255
1261458012.375,12.88,Scattered_Light,45.255
1261458016.188,11.2,Scattered_Light,45.255
1261458427.82,7.944,Blip_Low_Frequency,5.657
1261459276.738,17.336,Tomte,5.657
1261459340.688,12.204,Scattered_Light,45.255
1261460260.068,42.549,Koi_Fish,5.657
1261460478.75,8.849,Low_Frequency_Lines,45.255
1261460517.25,8.57,Low_Frequency_Lines,45.255
1261460707.238,13.793,Tomte,5.657
1261461129.188,39.842,Scattered_Light,45.255
1261462282.125,23.921,Scattered_Light,45.255
1261462568.813,12.931,Scattered_Light,45.255
1261462940.063,70.6,Scattered_Light,45.255
1261463371.125,8.04,Low_Frequency_Lines,45.255
1261463841.375,28.032,Scattered_Light,45.255
1261463961.191,9.79,Blip_Low_Frequency,5.657
1261464094.938,11.634,Scattered_Light,45.255
1261466068.688,10.073,Scattered_Light,45.255
1261466129.979,8.291,Blip,5.657
1261466301.063,90.485,Scattered_Light,45.255
1261466460.467,9.957,Blip_Low_Frequency,5.657
1261466676.619,69.538,Blip,5.657
1261467361.438,10.773,Scattered_Light,45.255
1261468192.938,8.955,Scattered_Light,45.255
1261468647.563,15.543,Scattered_Light,45.255
1261470567.063,17.49,Scattered_Light,45.255
1261471409.813,69.027,Scattered_Light,45.255
1261471413.625,17.794,Scattered_Light,45.255
1261471942.219,23.811,Scattered_Light,45.255
1261472317.215,42.344,Tomte,5.657
1261472567.233,197.406,Koi_Fish,5.657
1261472881.688,44.189,Scattered_Light,45.255
1261473134.438,40.034,Scattered_Light,45.255
1261474359.188,7.839,Scattered_Light,45.255
1261474576.551,24.101,Tomte,5.657
1261475420.813,7.6,Scattered_Light,45.255
1261475693.625,10.448,Low_Frequency_Lines,45.255
1261475733.063,10.117,Scattered_Light,45.255
1261476497.625,9.338,Low_Frequency_Lines,45.255
1261476910.125,22.448,Low_Frequency_Lines,45.255
1261477247.963,888.01,Extremely_Loud,5.657
1261477503.563,47.741,Scattered_Light,45.255
1261478398.029,5438.04,Extremely_Loud,5.657
1261479353.563,77.525,Scattered_Light,45.255
1261479654.688,9.193,Scattered_Light,45.255
1261480825.563,61.989,Scattered_Light,45.255
1261482893.854,3197.601,Extremely_Loud,5.657
1261483524.593,905.425,Extremely_Loud,5.657
1261483914.625,18.795,Scattered_Light,45.255
1261484528.063,15.233,Scattered_Light,45.255
1261485151.875,21.136,Scattered_Light,45.255
1261485293.521,17.687,Blip,5.657
1261485510.063,16.64,Scattered_Light,45.255
1261486344.563,22.994,Scattered_Light,45.255
1261487103.146,662.151,Koi_Fish,5.657
1261487865.438,9.92,Scattered_Light,45.255
1261489055.469,24.875,Scattered_Light,45.255
1261489328.313,16.181,Scattered_Light,45.255
1261489424.814,76.192,Koi_Fish,5.657
1261490151.434,10.476,Blip_Low_Frequency,5.657
1261490428.375,8.789,Scattered_Light,22.627
1261490443.125,8.469,Scattered_Light,22.627
1261491915.483,7.632,Blip,5.657
1261493203.346,7.588,Blip_Low_Frequency,5.657
1261493247.688,8.025,Scattered_Light,45.255
1261494824.191,9.417,Tomte,5.657
1261495589.188,10.296,Scattered_Light,45.255
1261496230.605,7.934,Blip_Low_Frequency,5.657
1261497886.563,19.81,Scattered_Light,45.255
1261500001.063,15.276,Scattered_Light,45.255
1261500022.813,64.109,Scattered_Light,45.255
1261500397.563,7.525,Low_Frequency_Lines,45.255
1261501789.813,8.91,Scattered_Light,45.255
1261502825.137,15.956,Tomte,5.657
1261503642.168,9.577,Blip_Low_Frequency,5.657
1261503866.879,9.832,Blip_Low_Frequency,5.657
1261505138.563,8.056,Scattered_Light,45.255
1261505606.063,12.923,Scattered_Light,45.255
1261505851.063,9.34,Scattered_Light,45.255
1261507164.301,8.654,Blip_Low_Frequency,5.657
1261508582.063,29.684,Scattered_Light,45.255
1261509331.637,2338.575,Extremely_Loud,11.314
1261509843.538,10.757,Blip,5.657
1261509964.188,13.387,Scattered_Light,45.255
1261510549.375,18.383,Scattered_Light,45.255
1261512471.75,10.003,Low_Frequency_Lines,45.255
1261513917.173,144.815,Koi_Fish,5.657
1261514492.8,535.407,Extremely_Loud,5.657
1261515190.688,11.891,Scattered_Light,45.255
1261516246.576,8.813,Blip_Low_Frequency,5.657
1261517730.492,26.764,Tomte,5.657
1261519215.566,16.225,Blip,5.657
1261519311.73,12.472,Tomte,5.657
1261520627.441,36.531,Tomte,5.657
1261524607.25,8.638,Low_Frequency_Lines,45.255
1261527161.56,24.199,Blip,5.657
1261527911.629,13.641,Tomte,5.657
1261531442.64,733.324,Extremely_Loud,5.657
1261535755.154,21.971,Blip,5.657
1261536159.512,13.627,Blip,5.657
1261536266.166,833.098,Koi_Fish,5.657
1261536323.155,25.434,Blip,5.657
1261537429.438,12.765,Scattered_Light,45.255
1261538930.892,141.627,Koi_Fish,5.657
1261540080.516,7.706,Low_Frequency_Burst,5.657
1261540156.816,7.977,Blip_Low_Frequency,5.657
1261540660.225,11.173,Blip_Low_Frequency,5.657
1261541073.25,12.08,Low_Frequency_Lines,45.255
1261542121.027,8.416,Blip_Low_Frequency,5.657
1261544760.265,38.537,Blip,5.657
1261544782.004,16.085,Tomte,5.657
1261547414.59,8.046,Tomte,5.657
1261550167.373,205.777,Koi_Fish,5.657
1261551147.84,174.786,Koi_Fish,5.657
1261551672.03,14.679,Blip,5.657
1261552625.563,37.977,Scattered_Light,45.255
1261552920.0,224.36,Koi_Fish,5.657
1261554740.875,7.575,Low_Frequency_Lines,45.255
1261556448.949,10.507,Tomte,5.657
1261557186.077,10.566,Blip_Low_Frequency,5.657
1261558107.91,26.736,Tomte,5.657
1261560078.762,13.002,Tomte,5.657
1261564104.438,7.941,Low_Frequency_Lines,45.255
1261565388.207,10.024,Blip_Low_Frequency,5.657
1261566872.746,52.98,Tomte,5.657
1261570826.064,561.087,Koi_Fish,5.657
1261574686.395,13.395,Tomte,5.657
1261575664.25,8.53,Low_Frequency_Lines,45.255
1261576211.994,104.084,Koi_Fish,5.657
1261577739.311,49.686,Koi_Fish,5.657
1261577807.107,10.568,Tomte,5.657
1261578340.563,8.419,Scattered_Light,45.255
1261580227.313,8.183,Low_Frequency_Lines,45.255
1261588390.689,9.496,Blip_Low_Frequency,5.657
1261588838.25,8.734,Low_Frequency_Lines,45.255
1261590716.277,236.501,Extremely_Loud,22.627
1261591435.402,14.702,Tomte,5.657
1261591572.563,11.857,Scattered_Light,45.255
1261592872.936,26.928,Tomte,5.657
1261595018.434,19.677,Tomte,5.657
1261595479.754,37.695,Koi_Fish,5.657
1261595942.125,14.06,Scattered_Light,45.255
1261597014.75,7.619,Low_Frequency_Burst,22.627
1261601735.082,9.646,Blip_Low_Frequency,5.657
1261601792.174,8.002,Blip_Low_Frequency,5.657
1261603846.219,37.045,Low_Frequency_Burst,22.627
1261603895.031,12.437,Low_Frequency_Burst,11.314
1261604882.859,13.528,Blip,5.657
1261606215.75,10.263,Low_Frequency_Lines,45.255
1261606833.75,8.321,Low_Frequency_Lines,45.255
1261607388.25,8.631,Low_Frequency_Lines,45.255
1261607515.884,1076.746,Extremely_Loud,5.657
1261607736.551,7.707,Tomte,5.657
1261608985.121,13.5,Tomte,5.657
1261609590.77,1288.855,Extremely_Loud,11.314
1261612284.648,816.674,Extremely_Loud,5.657
1261615766.283,701.694,Extremely_Loud,5.657
1261616586.281,8.244,Scattered_Light,45.255
1261619178.555,23.15,Blip,5.657
1261664175.504,40.325,Tomte,5.657
1261664580.426,8.765,Blip_Low_Frequency,5.657
1261664781.438,10.116,Scattered_Light,45.255
1261665987.355,1201.0,Extremely_Loud,11.314
1261666643.813,10.89,Scattered_Light,45.255
1261667122.813,9.178,Scattered_Light,45.255
1261667865.188,52.324,Scattered_Light,45.255
1261669974.125,7.805,Low_Frequency_Lines,45.255
1261670195.938,8.95,Scattered_Light,45.255
1261671978.527,77.03,Koi_Fish,5.657
1261673414.125,8.701,Low_Frequency_Lines,45.255
1261674371.966,145.056,Koi_Fish,5.657
1261674655.251,12.544,Blip,5.657
1261675449.035,22.366,Tomte,5.657
1261675564.591,16.538,Blip_Low_Frequency,5.657
1261676658.438,12.426,Scattered_Light,45.255
1261677822.178,160.981,Koi_Fish,5.657
1261678681.501,451.962,Extremely_Loud,5.657
1261680277.199,42.413,Tomte,5.657
1261681061.625,9.488,Scattered_Light,45.255
1261682487.375,7.546,Low_Frequency_Lines,45.255
1261687409.549,599.788,Extremely_Loud,11.314
1261689865.497,9.114,Blip,5.657
1261690646.25,9.146,Low_Frequency_Lines,45.255
1261690740.566,11.833,Tomte,5.657
1261691821.25,7.769,Low_Frequency_Lines,45.255
1261691867.878,18.92,Blip,5.657
1261692912.188,7.667,Low_Frequency_Burst,22.627
1261693729.605,9.292,Tomte,5.657
1261694156.438,21.114,Scattered_Light,45.255
1261694753.463,25.794,Blip,5.657
1261695397.41,9.536,Tomte,5.657
1261696705.195,12.021,Tomte,5.657
1261697772.082,7.935,Blip_Low_Frequency,5.657
1261698193.777,17.09,Tomte,5.657
1261698196.795,63.181,Tomte,5.657
1261699035.184,8.33,Blip_Low_Frequency,5.657
1261701369.23,10.454,Tomte,5.657
1261701684.273,200.37,Extremely_Loud,11.314
1261701751.25,7.898,Low_Frequency_Lines,45.255
1261702580.504,8.075,Blip,5.657
1261702803.375,9.398,Low_Frequency_Lines,45.255
1261704268.719,13.048,Low_Frequency_Burst,11.314
1261705882.87,175.126,Koi_Fish,5.657
1261707478.347,11.355,Blip,5.657
1261709173.857,10.467,Blip_Low_Frequency,5.657
1261711148.328,8.168,Low_Frequency_Burst,5.657
1261712786.94,73.268,Koi_Fish,5.657
1261713038.884,3857.7,Extremely_Loud,5.657
1261717480.363,2392.674,Extremely_Loud,5.657
1261720418.75,8.866,Low_Frequency_Lines,45.255
1261722831.998,13.371,Tomte,5.657
1261724452.379,8.333,Blip_Low_Frequency,5.657
1261725258.816,8.649,Blip_Low_Frequency,5.657
1261725714.248,2212.658,Extremely_Loud,5.657
1261727642.824,17.357,Tomte,5.657
1261731847.924,80.458,Koi_Fish,5.657
1261731864.092,1834.772,Extremely_Loud,11.314
1261733701.588,28.975,Koi_Fish,5.657
1261735118.029,912.852,Extremely_Loud,5.657
1261735352.598,8.529,Tomte,5.657
1261737832.387,12.843,Tomte,5.657
1261739968.288,69.527,Koi_Fish,5.657
1261743580.569,20.692,Koi_Fish,5.657
1261749556.832,30.054,Tomte,5.657
1261752523.422,8.484,Fast_Scattering,11.314
1261753105.973,8.169,Blip_Low_Frequency,5.657
1261753378.259,12.425,Blip,5.657
1261754965.454,57.071,Koi_Fish,5.657
1261755877.637,7.794,Blip_Low_Frequency,5.657
1261759956.703,10.586,Fast_Scattering,22.627
1261760247.438,7.621,Low_Frequency_Lines,45.255
1261761315.264,12.082,Blip,5.657
1261767796.25,7.788,Low_Frequency_Lines,45.255
1261768828.453,8.709,Blip,5.657
1261769525.25,8.004,Low_Frequency_Lines,45.255
1261775478.285,2789.005,Extremely_Loud,11.314
1261776988.658,8.333,Blip_Low_Frequency,5.657
1261777049.605,7.561,Blip_Low_Frequency,5.657
1261778999.141,8.67,Fast_Scattering,11.314
1261782466.488,11.643,Tomte,5.657
1261785132.06,147.939,Koi_Fish,5.657
1261785834.266,403.189,Extremely_Loud,22.627
1261787042.48,30.167,Tomte,5.657
1261787157.245,23.573,Blip,5.657
1261792188.186,7.854,Blip_Low_Frequency,5.657
1261792972.063,9.128,Scattered_Light,45.255
1261794137.793,12.533,Tomte,5.657
1261794656.906,8.894,Low_Frequency_Burst,11.314
1261797017.254,10.674,Blip,5.657
1261799493.28,17.741,Blip_Low_Frequency,5.657
1261800067.38,1410.144,Extremely_Loud,5.657
1261804030.137,57.558,Tomte,5.657
1261806331.605,9.376,Tomte,5.657
1261808909.777,772.144,Extremely_Loud,5.657
1261814851.406,15.08,Low_Frequency_Burst,22.627
1261815754.895,19.147,Tomte,5.657
1261816969.859,146.679,Extremely_Loud,22.627
1261817542.388,22.059,Blip,5.657
1261821616.594,8.696,Low_Frequency_Burst,11.314
1261822295.919,325.542,Koi_Fish,5.657
1261825088.019,44.289,Blip,5.657
1261826429.933,45.347,Blip,5.657
1261827317.375,8.621,Fast_Scattering,11.314
1261827561.117,8.476,Fast_Scattering,11.314
1261828411.22,27.125,Blip,5.657
1261830920.356,1465.263,Extremely_Loud,5.657
1261831618.225,17.567,Blip,5.657
1261834504.566,20.515,Tomte,5.657
1261837321.813,23.345,Blip,5.657
1261838777.75,7.644,Low_Frequency_Lines,45.255
1261840018.888,11.169,Blip,5.657
1261843110.291,98.649,Koi_Fish,5.657
1261846662.156,7.918,Blip,5.657
1261847252.888,184.173,Koi_Fish,5.657
1261855876.1,7.586,Blip_Low_Frequency,5.657
1261856251.93,9.388,Fast_Scattering,11.314
1261857928.129,11.813,Tomte,5.657
1261858039.25,8.676,Low_Frequency_Lines,45.255
1261859563.717,8.013,Blip,5.657
1261859594.099,7.684,Blip,5.657
1261859782.879,95.867,Koi_Fish,5.657
1261862328.17,9.042,Blip_Low_Frequency,5.657
1261863187.656,9.482,Low_Frequency_Burst,11.314
1261867448.734,18.468,Low_Frequency_Burst,11.314
1261870852.063,11.333,Scattered_Light,45.255
1261871674.179,10.964,Blip,5.657
1261873834.914,10.849,Blip_Low_Frequency,5.657
1261876610.039,9.912,Blip_Low_Frequency,5.657
1261877009.301,1107.919,Extremely_Loud,11.314
1261884035.848,8.491,Blip_Low_Frequency,5.657
1261884442.535,7.567,Blip_Low_Frequency,5.657
1261885416.941,8.866,Blip_Low_Frequency,5.657
1261885951.99,934.378,Extremely_Loud,5.657
1261888741.533,8.576,Blip,5.657
1261889247.23,9.767,Tomte,5.657
1261889893.012,22.948,Tomte,5.657
1261893928.449,10.255,Blip_Low_Frequency,5.657
1261894473.813,8.068,Low_Frequency_Burst,22.627
1261896446.426,14.215,Tomte,5.657
1261896942.157,8.331,Blip,5.657
1261898678.105,8.714,Tomte,5.657
1261899624.214,1370.582,Extremely_Loud,5.657
1261900299.457,8.494,Blip_Low_Frequency,5.657
1261901486.496,9.033,Blip_Low_Frequency,5.657
1261903114.25,7.546,Low_Frequency_Lines,45.255
1261904174.309,11.117,Tomte,5.657
1261904891.84,8.084,Blip,5.657
1261906950.887,61.237,Koi_Fish,5.657
1261908817.896,2488.195,Extremely_Loud,5.657
1261908948.41,27.304,Koi_Fish,5.657
1261911071.09,18.986,Tomte,5.657
1261911293.031,17.609,Low_Frequency_Burst,22.627
1261913000.625,8.624,Low_Frequency_Lines,45.255
1261913957.941,28.614,Tomte,5.657
1261920143.75,8.974,Low_Frequency_Lines,45.255
1261922202.781,60.425,Low_Frequency_Burst,45.255
1261922554.262,10.809,Tomte,5.657
1261924547.293,17.762,Tomte,5.657
1261925864.277,9.126,Tomte,5.657
1261925869.938,10.983,Scattered_Light,45.255
1261927230.577,39.08,Blip,5.657
1261928744.188,8.006,Blip,5.657
1261929618.723,75.371,Tomte,5.657
1261930851.074,8.444,Blip_Low_Frequency,5.657
1261932569.081,2335.359,Extremely_Loud,5.657
1261933222.97,18.851,Blip,5.657
1261934671.816,544.946,Extremely_Loud,11.314
1261935019.858,33.187,Blip,5.657
1261936197.281,10.737,Low_Frequency_Burst,22.627
1261939176.25,7.866,Low_Frequency_Lines,45.255
1261939609.139,26.823,Tomte,5.657
1261943187.354,7.597,Blip,5.657
1261943235.715,136.097,Koi_Fish,5.657
1261943932.75,7.551,Low_Frequency_Lines,45.255
1261947211.859,7.983,Fast_Scattering,11.314
1261950628.004,13.427,Tomte,5.657
1261950867.324,9.15,Blip_Low_Frequency,5.657
1261950959.373,16.158,Tomte,5.657
1261951595.066,7.538,Blip_Low_Frequency,5.657
1261952494.702,414.884,Koi_Fish,5.657
1261952912.598,27.188,Tomte,5.657
1261954492.891,535.483,Koi_Fish,5.657
1261957011.113,1545.199,Extremely_Loud,5.657
1261957622.691,18.836,Tomte,5.657
1261962202.938,8.12,Low_Frequency_Lines,45.255
1261962580.027,7.785,Tomte,5.657
1261962674.134,55.787,Koi_Fish,5.657
1261963449.406,11.069,Low_Frequency_Burst,11.314
1261964278.566,2161.991,Extremely_Loud,22.627
1261967435.762,52.629,Blip,5.657
1261972046.301,3687.378,Extremely_Loud,5.657
1261972447.091,7.971,Blip,5.657
1261974699.293,8.803,Blip_Low_Frequency,5.657
1261974821.613,24.478,Tomte,5.657
1261975670.129,101.322,Koi_Fish,5.657
1261977840.184,16.726,Tomte,5.657
1261977921.875,9.255,Low_Frequency_Lines,45.255
1261981063.938,11.346,Scattered_Light,45.255
1261982732.848,7.996,Blip_Low_Frequency,5.657
1261983132.938,7.951,Low_Frequency_Lines,45.255
1261983235.952,19.891,Blip,5.657
1261984233.452,58.806,Koi_Fish,5.657
1261987517.444,215.677,Extremely_Loud,5.657
1261987708.168,62.442,Tomte,5.657
1261988416.488,16.001,Tomte,5.657
1261988866.188,10.59,Scattered_Light,22.627
1261989051.563,8.06,Scattered_Light,45.255
1261990069.169,9.688,Blip,5.657
1261990184.3,8.266,Blip,5.657
1261992643.125,19.721,Scattered_Light,45.255
1261992653.438,22.868,Scattered_Light,45.255
1261992689.75,8.597,Low_Frequency_Lines,45.255
1261992856.821,2607.779,Extremely_Loud,5.657
1261995283.042,8.116,Blip,5.657
1261995341.215,11.444,Tomte,5.657
1261995352.988,20.11,Blip,5.657
1261996702.566,33.77,Tomte,5.657
1261997553.563,9.851,Scattered_Light,45.255
1261998965.018,17.612,Tomte,5.657
1261999418.938,16.733,Scattered_Light,45.255
1262000583.75,7.86,Low_Frequency_Lines,45.255
1262000621.858,483.73,Koi_Fish,5.657
1262000824.563,8.168,Scattered_Light,45.255
1262002355.949,2447.945,Extremely_Loud,5.657
1262003162.813,10.44,Scattered_Light,45.255
1262008927.938,7.518,Low_Frequency_Lines,45.255
1262010703.11,246.828,Koi_Fish,5.657
1262010846.438,17.687,Scattered_Light,45.255
1262011960.938,8.992,Scattered_Light,45.255
1262012151.567,297.422,Koi_Fish,5.657
1262012446.063,30.17,Scattered_Light,45.255
1262013035.031,7.909,Low_Frequency_Lines,45.255
1262013183.619,17.77,Tomte,5.657
1262013531.375,12.301,Scattered_Light,45.255
1262013623.813,26.87,Scattered_Light,45.255
1262014311.688,69.008,Scattered_Light,45.255
1262014376.131,47.818,Blip,5.657
1262018376.188,9.587,Scattered_Light,45.255
1262018409.563,29.055,Scattered_Light,45.255
1262020519.773,8.42,Fast_Scattering,11.314
1262020860.34,621.059,Extremely_Loud,22.627
1262021522.438,59.073,Scattered_Light,45.255
1262021893.875,8.037,Low_Frequency_Lines,45.255
1262023761.813,8.794,Scattered_Light,45.255
1262025400.75,8.609,Low_Frequency_Lines,45.255
1262026150.688,21.051,Scattered_Light,45.255
1262027211.57,7.66,Fast_Scattering,11.314
1262027321.375,8.423,Low_Frequency_Lines,45.255
1262027358.938,9.101,Scattered_Light,45.255
1262029120.636,15.97,Blip,5.657
1262029996.616,56.899,Koi_Fish,5.657
1262033938.465,9.103,Tomte,5.657
1262035010.25,21.803,Low_Frequency_Lines,45.255
1262035274.75,9.442,Low_Frequency_Lines,45.255
1262036200.653,75.277,Blip,5.657
1262039213.344,10.735,Low_Frequency_Burst,22.627
1262040551.121,8.746,Tomte,5.657
1262041083.824,14.373,Tomte,5.657
1262041710.527,13.202,Blip_Low_Frequency,5.657
1262043886.563,8.399,Low_Frequency_Lines,45.255
1262043952.838,10.309,Tomte,5.657
1262044748.104,139.63,Koi_Fish,5.657
1262049466.173,1646.808,Extremely_Loud,5.657
1262050430.336,9.076,Blip_Low_Frequency,5.657
1262050586.08,327.041,Koi_Fish,5.657
1262050726.556,531.76,Extremely_Loud,5.657
1262052005.848,11.731,Blip_Low_Frequency,5.657
1262054341.408,7.554,Blip_Low_Frequency,5.657
1262055212.313,8.927,Scattered_Light,45.255
1262055983.188,8.61,Scattered_Light,45.255
1262058309.73,9.446,Tomte,5.657
1262062307.309,7.914,Blip_Low_Frequency,5.657
1262062817.302,644.863,Koi_Fish,5.657
1262063496.34,14.001,Tomte,5.657
1262069561.734,33.3,Blip,5.657
1262069983.778,71.747,Koi_Fish,5.657
1262077379.314,88.751,Koi_Fish,5.657
1262079755.535,13.444,Tomte,5.657
1262085562.035,14.523,Tomte,5.657
1262086321.316,8.562,Blip_Low_Frequency,5.657
1262088067.215,8.057,Blip_Low_Frequency,5.657
1262088080.029,42.477,Koi_Fish,5.657
1262090469.171,636.357,Extremely_Loud,5.657
1262090511.638,153.261,Koi_Fish,5.657
1262091843.438,7.59,Low_Frequency_Lines,45.255
1262093102.152,15.957,Tomte,5.657
1262093257.938,8.968,Scattered_Light,45.255
1262094206.356,180.049,Koi_Fish,5.657
1262103434.348,1542.701,Extremely_Loud,11.314
1262104215.25,23.284,Low_Frequency_Lines,45.255
1262111060.582,14.704,Tomte,5.657
1262111575.277,9.228,Tomte,5.657
1262111886.719,9.508,Scattered_Light,45.255
1262112581.621,1786.413,Extremely_Loud,11.314
1262117211.748,16.909,Blip,5.657
1262118694.622,83.877,Koi_Fish,5.657
1262118703.34,28.08,Tomte,5.657
1262120077.063,7.828,Scattered_Light,45.255
1262121045.438,11.874,Scattered_Light,45.255
1262121641.309,10.284,Tomte,5.657
1262124880.434,12.358,Tomte,5.657
1262131301.938,15.928,Scattered_Light,45.255
1262133459.84,24.542,Tomte,5.657
1262135120.75,7.81,Low_Frequency_Lines,45.255
1262141871.249,15.236,Blip,5.657
1262145089.957,36.808,Tomte,5.657
1262145894.6,8.074,Blip_Low_Frequency,5.657
1262148373.465,35.637,Tomte,5.657
1262149326.52,9.566,Tomte,5.657
1262154673.203,34.236,Blip,5.657
1262158041.237,1975.398,Extremely_Loud,5.657
1262158077.827,1623.385,Extremely_Loud,5.657
1262159014.304,46.37,Koi_Fish,5.657
1262163672.93,49.396,Blip,5.657
1262168625.875,9.189,Low_Frequency_Lines,45.255
1262169453.649,75.422,Koi_Fish,5.657
1262170750.282,82.061,Koi_Fish,5.657
1262173058.108,377.251,Extremely_Loud,5.657
1262176858.801,10.588,Blip_Low_Frequency,5.657
1262176947.882,11.915,Blip,5.657
1262177212.012,7.672,Blip_Low_Frequency,5.657
1262178303.969,8.314,Low_Frequency_Burst,22.627
1262179319.292,11.918,Blip_Low_Frequency,5.657
1262179365.27,813.451,Extremely_Loud,11.314
1262179483.13,119.434,Koi_Fish,5.657
1262179760.959,299.316,Koi_Fish,5.657
1262179918.969,10.872,Low_Frequency_Burst,11.314
1262180951.527,438.957,Koi_Fish,5.657
1262182763.789,9.349,Fast_Scattering,11.314
1262183002.031,9.639,Low_Frequency_Burst,22.627
1262184759.955,19.239,Tomte,5.657
1262185724.118,21.302,Blip,5.657
1262186242.309,15.171,Tomte,5.657
1262188729.875,1704.032,Low_Frequency_Burst,11.314
1262198150.156,8.269,Low_Frequency_Burst,11.314
1262198858.75,878.855,Extremely_Loud,11.314
1262202168.063,14.004,Scattered_Light,45.255
1262202288.813,7.712,Low_Frequency_Lines,45.255
1262203168.122,101.124,Koi_Fish,5.657
1262203434.723,34.135,Tomte,5.657
1262204155.688,8.39,Scattered_Light,45.255
1262204425.25,7.74,Low_Frequency_Lines,45.255
1262204771.063,11.224,Scattered_Light,45.255
1262204779.799,12.523,Tomte,5.657
1262205759.438,7.615,Low_Frequency_Lines,45.255
1262206199.688,56.666,Scattered_Light,45.255
1262207646.125,15.874,Scattered_Light,45.255
1262210303.863,7.666,Blip_Low_Frequency,5.657
1262212248.477,6293.4,Extremely_Loud,5.657
1262213240.814,81.137,Koi_Fish,5.657
1262213269.34,9.345,Blip_Low_Frequency,5.657
1262214079.254,8.734,Whistle,45.255
1262214485.684,789.533,Extremely_Loud,11.314
1262214712.832,8.995,Tomte,5.657
1262219797.957,7.548,Blip_Low_Frequency,5.657
1262220148.379,8.108,Blip_Low_Frequency,5.657
1262221488.785,41.544,Tomte,5.657
1262222757.332,2230.931,Extremely_Loud,5.657
1262223077.188,8.042,Low_Frequency_Lines,45.255
1262224173.621,47.969,Koi_Fish,5.657
1262224173.621,47.969,Koi_Fish,5.657
1262228237.395,1342.463,Extremely_Loud,11.314
1262229375.238,10.449,Whistle,45.255
1262233671.91,11.782,Tomte,5.657
1262239585.662,1564.533,Extremely_Loud,5.657
1262239807.227,17.472,Whistle,22.627
1262239821.75,7.556,Low_Frequency_Lines,45.255
1262240026.813,7.507,Low_Frequency_Lines,45.255
1262240361.672,42.657,Blip,5.657
1262241157.52,429.878,Extremely_Loud,5.657
1262241609.572,19.651,Koi_Fish,5.657
1262241883.957,11.379,Tomte,5.657
1262244090.517,46.267,Koi_Fish,5.657
1262244538.994,732.639,Extremely_Loud,5.657
1262246256.728,15.585,Blip,5.657
1262247491.703,10.992,Blip,5.657
1262251608.254,8.345,Blip_Low_Frequency,5.657
1262252239.59,756.148,Extremely_Loud,11.314
1262252925.366,9.24,Blip,5.657
1262254748.833,194.124,Extremely_Loud,5.657
1262257451.012,9.632,Tomte,5.657
1262258742.58,13.26,Blip,5.657
1262258952.962,20.144,Blip,5.657
1262260434.319,12.116,Blip,5.657
1262261242.146,1430.84,Extremely_Loud,5.657
1262266586.005,10.73,Blip,5.657
1262266917.637,495.921,Extremely_Loud,45.255
1262268934.958,739.247,Extremely_Loud,5.657
1262271191.25,8.111,Low_Frequency_Lines,45.255
1262272852.725,12.221,Tomte,5.657
1262273832.536,83.804,Koi_Fish,5.657
1262275635.948,614.864,Extremely_Loud,11.314
1262281343.23,16.079,Whistle,45.255
1262281411.121,248.977,Koi_Fish,11.314
1262281471.221,7.999,Whistle,22.627
1262283087.25,9.122,Low_Frequency_Lines,45.255
1262286035.98,222.583,Extremely_Loud,5.657
1262287248.75,9.302,Low_Frequency_Lines,45.255
1262287532.969,12.206,Low_Frequency_Burst,11.314
1262287995.499,460.788,Extremely_Loud,5.657
1262288450.304,116.697,Koi_Fish,5.657
1262289738.22,2522.918,Extremely_Loud,5.657
1262293337.598,30.81,Tomte,5.657
1262295312.887,1464.895,Extremely_Loud,11.314
1262296056.758,8.402,Fast_Scattering,11.314
1262298303.254,9.331,Whistle,45.255
1262300702.191,9.535,Tomte,5.657
1262300986.25,9.685,Low_Frequency_Lines,45.255
1262302439.735,422.009,Koi_Fish,5.657
1262305622.512,14.544,Tomte,5.657
1262306495.23,10.158,Whistle,45.255
1262309101.75,7.759,Low_Frequency_Lines,45.255
1262310089.336,12.582,Blip,5.657
1262310304.505,928.409,Extremely_Loud,5.657
1262310800.343,84.448,Koi_Fish,5.657
1262312723.389,872.747,Koi_Fish,5.657
1262313407.242,10.882,Whistle,45.255
1262317439.254,12.772,Whistle,45.255
1262317722.223,26.167,Tomte,5.657
1262319295.23,8.834,Whistle,45.255
1262319463.658,8.785,Blip_Low_Frequency,5.657
1262319871.248,10.986,Whistle,45.255
1262327743.238,12.509,Whistle,22.627
1262327831.221,28.257,Blip,5.657
1262328127.23,11.141,Whistle,45.255
1262329171.75,37.598,Extremely_Loud,22.627
1262333503.242,15.907,Whistle,45.255
1262335224.75,275.084,Low_Frequency_Burst,11.314
1262340280.359,99.128,Extremely_Loud,22.627
1262340799.248,9.334,Whistle,45.255
1262353279.221,12.147,Whistle,22.627
1262355812.124,9.601,Blip,5.657
1262356146.813,264.446,Koi_Fish,5.657
1262356628.75,8.039,Low_Frequency_Lines,45.255
1262357907.347,347.994,Koi_Fish,5.657
1262358678.594,2038.634,Extremely_Loud,5.657
1262358963.616,23.22,Blip,5.657
1262359772.875,9.391,Low_Frequency_Lines,45.255
1262359879.565,9.457,Blip,5.657
1262360313.313,17.863,Low_Frequency_Burst,22.627
1262360511.227,14.743,Whistle,45.255
1262362900.613,16.05,Tomte,5.657
1262364287.242,17.275,Whistle,45.255
1262364415.221,11.3,Whistle,45.255
1262364770.563,10.738,Scattered_Light,45.255
1262365276.313,47.474,Scattered_Light,45.255
1262365503.242,9.567,Whistle,45.255
1262366335.244,14.202,Whistle,22.627
1262366463.242,10.359,Whistle,45.255
1262366655.23,9.666,Whistle,22.627
1262368259.281,26.527,Scattered_Light,22.627
1262369486.188,12.172,Scattered_Light,45.255
1262370153.07,8.209,Fast_Scattering,11.314
1262370202.313,43.951,Scattered_Light,45.255
1262370661.188,35.843,Scattered_Light,45.255
1262370781.438,9.057,Scattered_Light,45.255
1262371057.625,9.12,Scattered_Light,45.255
1262371455.254,13.456,Whistle,22.627
1262371687.188,7.679,Scattered_Light,45.255
1262373531.688,12.984,Low_Frequency_Lines,22.627
1262373545.125,9.593,Scattered_Light,45.255
1262373845.688,62.973,Scattered_Light,45.255
1262374235.438,40.591,Scattered_Light,45.255
1262374366.03,12.886,Blip,5.657
1262374662.063,23.4,Scattered_Light,45.255
1262374769.016,8.1,Fast_Scattering,22.627
1262374798.688,16.454,Scattered_Light,45.255
1262375084.188,76.737,Scattered_Light,45.255
1262375134.563,110.292,Scattered_Light,45.255
1262375604.563,82.042,Scattered_Light,45.255
1262375647.438,16.625,Scattered_Light,45.255
1262376046.938,8.999,Scattered_Light,45.255
1262377146.031,22.895,Scattered_Light,45.255
1262377460.2,13.106,Blip,5.657
1262377495.925,819.741,Extremely_Loud,5.657
1262377841.188,177.423,Scattered_Light,45.255
1262377957.313,22.894,Scattered_Light,45.255
1262377977.813,8.464,Scattered_Light,45.255
1262378216.063,41.705,Scattered_Light,45.255
1262378805.938,19.747,Scattered_Light,45.255
1262378809.188,21.92,Scattered_Light,45.255
1262378979.061,12.971,Blip_Low_Frequency,5.657
1262379277.063,83.06,Scattered_Light,45.255
1262379329.375,14.946,Scattered_Light,45.255
1262382348.625,8.622,Low_Frequency_Lines,45.255
1262382456.813,27.45,Scattered_Light,45.255
1262382765.313,21.41,Scattered_Light,22.627
1262383554.002,13.291,Blip_Low_Frequency,5.657
1262384027.589,1393.877,Extremely_Loud,5.657
1262384452.938,40.95,Scattered_Light,45.255
1262385210.156,18.939,Scattered_Light,22.627
1262386286.188,54.416,Scattered_Light,45.255
1262388143.563,18.689,Scattered_Light,45.255
1262388246.313,10.506,Scattered_Light,45.255
1262389230.063,232.826,Scattered_Light,45.255
1262389416.438,8.363,Scattered_Light,45.255
1262389786.875,9.676,Low_Frequency_Lines,45.255
1262389955.563,11.408,Low_Frequency_Lines,22.627
1262390433.375,7.72,Low_Frequency_Lines,45.255
1262390436.375,8.194,Scattered_Light,45.255
1262391290.344,18.578,Scattered_Light,22.627
1262391775.063,132.314,Scattered_Light,45.255
1262391816.813,58.907,Scattered_Light,45.255
1262392032.688,76.878,Scattered_Light,45.255
1262392259.625,12.228,Scattered_Light,45.255
1262392275.688,62.102,Scattered_Light,45.255
1262393575.563,69.549,Scattered_Light,45.255
1262393749.375,94.54,Scattered_Light,45.255
1262393975.188,8.295,Scattered_Light,22.627
1262394232.906,8.351,Scattered_Light,45.255
1262394284.163,12.5,Whistle,45.255
1262394514.146,8.101,Whistle,11.314
1262394675.188,7.521,Scattered_Light,45.255
1262394726.688,15.096,Scattered_Light,45.255
1262394867.188,64.823,Scattered_Light,45.255
1262395077.793,18.93,Whistle,45.255
1262395119.375,13.846,Low_Frequency_Lines,45.255
1262395129.813,210.357,Scattered_Light,45.255
1262395607.063,19.403,Scattered_Light,45.255
1262395624.688,71.517,Scattered_Light,45.255
1262395667.313,66.243,Scattered_Light,45.255
1262396603.068,9.313,Blip_Low_Frequency,5.657
1262396801.313,17.502,Scattered_Light,45.255
1262396994.751,10.968,Whistle,45.255
1262397594.188,142.109,Scattered_Light,45.255
1262397634.491,8.295,Whistle,11.314
1262397667.313,46.65,Scattered_Light,45.255
1262397790.688,44.417,Scattered_Light,45.255
1262398335.438,93.907,Extremely_Loud,45.255
1262398370.043,22.653,Tomte,5.657
1262398435.188,39.642,Scattered_Light,45.255
1262398463.242,28.091,Whistle,45.255
1262398630.813,47.966,Scattered_Light,45.255
1262398655.041,9.148,Whistle,11.314
1262398911.254,20.643,Whistle,45.255
1262399243.938,10.393,Scattered_Light,45.255
1262400063.23,11.623,Whistle,45.255
1262400292.563,41.597,Scattered_Light,45.255
1262400295.813,55.049,Scattered_Light,45.255
1262400305.438,14.719,Scattered_Light,45.255
1262400315.563,29.006,Scattered_Light,45.255
1262400350.813,7.685,Scattered_Light,45.255
1262400656.698,9.745,Whistle,45.255
1262400957.625,8.668,Scattered_Light,45.255
1262400992.813,27.605,Scattered_Light,45.255
1262401103.063,108.264,Scattered_Light,45.255
1262401859.918,8.739,Whistle,45.255
1262402377.934,10.531,Blip_Low_Frequency,5.657
1262402480.625,22.664,Low_Frequency_Lines,45.255
1262402599.313,35.638,Scattered_Light,45.255
1262402821.344,12.162,Low_Frequency_Burst,11.314
1262402828.313,11.938,Low_Frequency_Burst,22.627
1262402838.526,10.639,Whistle,11.314
1262402848.332,17.203,Tomte,5.657
1262403889.813,38.787,Whistle,45.255
1262404058.063,19.042,Scattered_Light,45.255
1262404071.021,8.628,Blip_Low_Frequency,5.657
1262404126.875,15.258,Scattered_Light,45.255
1262404140.563,17.965,Low_Frequency_Lines,22.627
1262404215.688,38.356,Scattered_Light,45.255
1262404739.313,9.839,Scattered_Light,45.255
1262405375.254,8.773,Whistle,45.255
1262406021.188,20.688,Scattered_Light,45.255
1262406737.813,38.367,Scattered_Light,45.255
1262407838.285,8.181,Whistle,45.255
1262407864.609,9.138,Whistle,22.627
1262408423.938,24.542,Scattered_Light,45.255
1262408818.399,9.513,Whistle,45.255
1262408899.045,8.817,Whistle,22.627
1262409063.528,10.267,Whistle,22.627
1262409169.144,10.755,Whistle,45.255
1262409374.38,12.083,Whistle,22.627
1262409466.925,11.161,Whistle,22.627
1262409548.479,7.957,Whistle,22.627
1262409602.688,7.969,Scattered_Light,45.255
1262410433.385,200.663,Koi_Fish,5.657
1262410445.662,11.36,Whistle,45.255
1262410452.373,39.389,Tomte,5.657
1262410545.561,11.816,Whistle,45.255
1262410572.006,106.657,Koi_Fish,5.657
1262410774.404,7.65,Blip,5.657
1262410781.174,8.107,Whistle,11.314
1262411100.407,12.672,Whistle,22.627
1262411186.452,8.941,Whistle,11.314
1262411428.093,7.772,Whistle,22.627
1262411962.313,20.603,Scattered_Light,45.255
1262411968.875,11.515,Low_Frequency_Lines,45.255
1262412259.375,19.934,Low_Frequency_Lines,45.255
1262412322.563,118.817,Scattered_Light,45.255
1262412340.388,1017.791,Koi_Fish,5.657
1262412352.375,13.942,Low_Frequency_Lines,45.255
1262440519.344,15.799,Low_Frequency_Burst,22.627
1262440627.656,13.498,Low_Frequency_Burst,11.314
1262440705.844,11.451,Low_Frequency_Burst,11.314
1262440767.221,53.823,Whistle,22.627
1262440843.594,7.506,Low_Frequency_Burst,11.314
1262441488.98,16.76,Blip,5.657
1262443272.978,7.785,Blip,5.657
1262459662.969,35.773,Low_Frequency_Burst,22.627
1262459758.844,7.754,Low_Frequency_Burst,11.314
1262459787.313,10.36,Low_Frequency_Burst,11.314
1262459836.25,7.735,Low_Frequency_Lines,45.255
1262459869.977,9.384,Fast_Scattering,11.314
1262459915.406,17.206,Low_Frequency_Burst,11.314
1262460312.656,8.585,Low_Frequency_Burst,11.314
1262460791.055,11.162,Fast_Scattering,11.314
1262460944.922,10.366,Fast_Scattering,11.314
1262461843.234,13.18,Low_Frequency_Burst,11.314
1262462271.227,13.302,Whistle,45.255
1262462993.25,14.508,Low_Frequency_Lines,45.255
1262463875.252,171.887,Koi_Fish,5.657
1262465127.75,9.507,Low_Frequency_Lines,45.255
1262472301.25,8.73,Low_Frequency_Lines,45.255
1262473652.988,9.939,Tomte,5.657
1262475010.197,232.96,Koi_Fish,5.657
1262476259.282,290.117,Extremely_Loud,5.657
1262478576.75,9.284,Low_Frequency_Lines,45.255
1262483912.385,1355.677,Extremely_Loud,5.657
1262484534.457,22.531,Tomte,5.657
1262487022.471,10.198,Blip_Low_Frequency,5.657
1262487763.608,9.247,Blip,5.657
1262491119.557,9.733,Blip,5.657
1262492080.799,26.474,Blip,5.657
1262493442.902,8.997,Blip_Low_Frequency,5.657
1262493719.458,103.906,Koi_Fish,5.657
1262493740.75,8.146,Low_Frequency_Lines,45.255
1262495396.807,22.258,Blip_Low_Frequency,5.657
1262497919.227,11.132,Whistle,22.627
1262499270.577,27.639,Koi_Fish,5.657
1262500677.267,43.298,Koi_Fish,5.657
1262505192.478,161.943,Koi_Fish,5.657
1262507742.613,13.338,Tomte,5.657
1262511393.862,3108.075,Extremely_Loud,5.657
1262511864.668,11.769,Blip,5.657
1262514047.221,9.004,Whistle,22.627
1262515067.389,178.877,Koi_Fish,5.657
1262516479.227,15.047,Whistle,45.255
1262517996.41,8.53,Blip_Low_Frequency,5.657
1262521089.086,7.767,Tomte,5.657
1262521279.254,11.016,Whistle,45.255
1262521791.215,17.547,Whistle,45.255
1262523197.432,586.792,Extremely_Loud,5.657
1262527768.586,9.106,Fast_Scattering,5.657
1262527822.715,13.276,Fast_Scattering,11.314
1262528451.84,7.783,Tomte,5.657
1262528955.773,15.87,Fast_Scattering,22.627
1262529727.227,15.001,Whistle,45.255
1262531709.133,8.844,Fast_Scattering,11.314
1262533249.41,9.074,Blip_Low_Frequency,5.657
1262533311.227,11.664,Whistle,45.255
1262533379.75,7.917,Low_Frequency_Lines,45.255
1262533503.242,9.682,Whistle,45.255
1262533567.244,11.318,Whistle,45.255
1262534183.344,8.205,Low_Frequency_Burst,22.627
1262534874.915,896.602,Extremely_Loud,5.657
1262535327.578,13.03,Low_Frequency_Burst,11.314
1262535405.605,8.292,Blip_Low_Frequency,5.657
1262536743.442,970.412,Extremely_Loud,11.314
1262537182.379,19.427,Tomte,5.657
1262537855.227,13.289,Whistle,45.255
1262538267.983,44.479,Blip,5.657
1262540085.938,679.046,Extremely_Loud,45.255
1262541371.205,14.285,Tomte,5.657
1262542352.911,16.055,Blip,5.657
1262542796.473,9.426,Blip_Low_Frequency,5.657
1262543127.813,7.718,Low_Frequency_Burst,22.627
1262543180.25,8.41,Low_Frequency_Burst,22.627
1262543489.214,9.966,Blip,5.657
1262544456.039,7.939,Fast_Scattering,11.314
1262544632.572,7.913,Blip,5.657
1262545688.797,7.868,Fast_Scattering,11.314
1262545737.461,8.87,Fast_Scattering,11.314
1262545919.227,21.505,Whistle,45.255
1262547030.75,8.443,Low_Frequency_Lines,45.255
1262547086.29,1074.825,Extremely_Loud,5.657
1262547423.281,7.909,Low_Frequency_Burst,11.314
1262547686.93,9.436,Fast_Scattering,11.314
1262550049.828,8.488,Fast_Scattering,11.314
1262550055.507,11.748,Blip,5.657
1262550463.717,83.984,Koi_Fish,5.657
1262553603.032,11.185,Blip,5.657
1262554554.617,11.44,Fast_Scattering,11.314
1262554722.82,26.104,Tomte,5.657
1262555331.564,3729.387,Extremely_Loud,5.657
1262555965.016,9.14,Fast_Scattering,22.627
1262556092.398,8.259,Fast_Scattering,11.314
1262556251.07,8.709,Fast_Scattering,11.314
1262559008.906,12.085,Low_Frequency_Burst,11.314
1262559745.781,11.994,Low_Frequency_Burst,11.314
1262560225.563,71.853,Low_Frequency_Burst,45.255
1262561521.262,7.922,Blip_Low_Frequency,5.657
1262562245.25,9.15,Low_Frequency_Lines,45.255
1262564163.267,8.91,Blip,5.657
1262565161.75,9.233,Low_Frequency_Lines,45.255
1262566175.941,1513.001,Extremely_Loud,11.314
1262566742.25,8.046,Low_Frequency_Lines,45.255
1262567060.145,14.426,Tomte,5.657
1262567407.75,10.935,Low_Frequency_Lines,45.255
1262569196.331,119.077,Koi_Fish,5.657
1262570576.52,8.209,Blip_Low_Frequency,5.657
1262574004.746,26.334,Blip,5.657
1262574509.221,17.077,Blip,5.657
1262579797.238,7.767,Blip_Low_Frequency,5.657
1262583001.305,7.573,Blip_Low_Frequency,5.657
1262587531.066,9.891,Blip_Low_Frequency,5.657
1262588366.709,1370.504,Extremely_Loud,5.657
1262589708.324,355.769,Extremely_Loud,5.657
1262589846.33,156.078,Koi_Fish,5.657
1262594983.688,15.466,Low_Frequency_Burst,11.314
1262607665.844,9.952,Low_Frequency_Burst,11.314
1262608709.75,11.901,Low_Frequency_Lines,45.255
1262610219.75,8.823,Low_Frequency_Lines,45.255
1262610839.113,33.846,Tomte,5.657
1262610952.413,2257.464,Extremely_Loud,5.657
1262611768.145,17.968,Tomte,5.657
1262612004.434,11.772,Tomte,5.657
1262615546.234,7.681,Fast_Scattering,11.314
1262619736.25,9.853,Low_Frequency_Lines,45.255
1262620120.484,13.556,Fast_Scattering,11.314
1262625068.25,9.711,Low_Frequency_Lines,45.255
1262625150.402,20.19,Tomte,5.657
1262627348.586,146.837,Koi_Fish,5.657
1262628973.887,7.653,Blip_Low_Frequency,5.657
1262630060.876,13.191,Blip,5.657
1262630331.297,9.79,Fast_Scattering,11.314
1262631074.088,19.392,Tomte,5.657
1262631161.422,9.622,Fast_Scattering,11.314
1262631913.926,684.363,Extremely_Loud,11.314
1262632790.219,12.385,Low_Frequency_Burst,11.314
1262632849.559,8.459,Tomte,5.657
1262633079.164,7.598,Fast_Scattering,11.314
1262635347.086,7.637,Fast_Scattering,11.314
1262638654.336,7.713,Fast_Scattering,11.314
1262644155.305,9.339,Whistle,45.255
1262645391.639,9.982,Whistle,45.255
1262645445.603,8.039,Whistle,22.627
1262645784.712,10.971,Whistle,45.255
1262646708.686,17.049,Whistle,45.255
1262646828.938,7.818,Whistle,45.255
1262648236.094,7.774,Low_Frequency_Burst,22.627
1262648315.875,7.554,Low_Frequency_Lines,45.255
1262648339.041,13.082,Whistle,22.627
1262648424.293,20.536,Tomte,5.657
1262648490.587,9.186,Whistle,22.627
1262648647.274,10.797,Whistle,22.627
1262649100.979,14.528,Whistle,45.255
1262649954.707,615.428,Extremely_Loud,11.314
1262649958.819,10.18,Whistle,45.255
1262651101.883,1116.371,Extremely_Loud,11.314
1262651222.366,10.913,Whistle,22.627
1262651229.667,10.364,Whistle,22.627
1262651798.25,9.441,Low_Frequency_Lines,45.255
1262652013.751,9.902,Whistle,45.255
1262652015.17,12.405,Whistle,22.627
1262652045.171,10.098,Whistle,45.255
1262652804.815,10.473,Whistle,45.255
1262653944.421,8.963,Whistle,45.255
1262654359.558,9.088,Whistle,22.627
1262654507.188,9.179,Low_Frequency_Burst,22.627
1262654572.797,9.04,Whistle,22.627
1262654603.354,10.021,Whistle,22.627
1262654608.191,9.07,Whistle,45.255
1262655286.21,9.981,Whistle,11.314
1262656188.169,31.099,Blip,5.657
1262656409.501,12.171,Whistle,45.255
1262656586.051,7.606,Blip_Low_Frequency,5.657
1262656668.286,7.524,Blip,5.657
1262657030.52,10.724,Whistle,22.627
1262657044.51,9.691,Whistle,11.314
1262657104.956,11.582,Whistle,45.255
1262657106.969,11.369,Whistle,22.627
1262657259.253,7.554,Whistle,45.255
1262657324.803,11.527,Whistle,45.255
1262657415.674,11.383,Whistle,11.314
1262657680.659,12.9,Whistle,22.627
1262657865.688,8.139,Low_Frequency_Burst,22.627
1262658218.91,8.516,Whistle,22.627
1262658221.178,8.928,Whistle,22.627
1262658387.191,9.635,Whistle,22.627
1262658411.033,8.508,Blip,5.657
1262658421.71,8.313,Whistle,22.627
1262658449.471,10.146,Whistle,22.627
1262658658.314,9.521,Whistle,11.314
1262658846.066,10.2,Blip,5.657
1262658860.465,8.183,Whistle,45.255
1262659024.092,9.132,Whistle,45.255
1262659322.852,11.711,Whistle,45.255
1262660055.014,10.657,Whistle,5.657
1262660281.69,11.34,Whistle,11.314
1262660289.155,10.79,Blip,5.657
1262660795.07,8.19,Whistle,22.627
1262660947.027,12.972,Whistle,45.255
1262661081.97,11.222,Whistle,22.627
1262661475.934,8.705,Blip_Low_Frequency,5.657
1262661838.52,8.828,Blip_Low_Frequency,5.657
1262661994.633,230.769,Koi_Fish,5.657
1262664427.477,11.441,Whistle,45.255
1262664577.143,9.659,Whistle,45.255
1262664713.426,7.529,Whistle,45.255
1262664719.551,10.107,Tomte,5.657
1262665321.622,3790.356,Extremely_Loud,5.657
1262665507.765,28.377,Whistle,22.627
1262665608.322,7.504,Blip_Low_Frequency,5.657
1262666455.127,9.31,Whistle,45.255
1262666476.381,26.747,Whistle,22.627
1262666984.196,55.727,Whistle,45.255
1262667183.932,7.521,Whistle,22.627
1262667446.86,38.417,Whistle,11.314
1262667641.26,20.504,Whistle,11.314
1262667839.801,7.704,Whistle,45.255
1262668864.736,29.209,Whistle,11.314
1262668868.594,23.28,Whistle,11.314
1262668917.938,9.335,Whistle,45.255
1262669072.973,17.307,Tomte,5.657
1262669783.291,30.704,Whistle,11.314
1262669833.171,35.745,Whistle,11.314
1262669978.322,7.535,Whistle,45.255
1262670875.398,31.372,Whistle,11.314
1262671094.24,9.886,Whistle,45.255
1262671376.418,218.821,Koi_Fish,5.657
1262671855.641,14.085,Low_Frequency_Burst,11.314
1262672041.063,16.572,Low_Frequency_Burst,22.627
1262672051.161,26.649,Whistle,11.314
1262672093.389,42.865,Whistle,45.255
1262672237.602,35.873,Whistle,22.627
1262672823.595,36.853,Whistle,11.314
1262673123.235,7.573,Whistle,45.255
1262673601.18,27.972,Whistle,22.627
1262673608.569,34.736,Whistle,11.314
1262673639.385,29.859,Whistle,11.314
1262673734.668,10.848,Whistle,45.255
1262673744.822,9.109,Whistle,22.627
1262674654.512,8.152,Blip_Low_Frequency,5.657
1262674736.43,26.426,Whistle,22.627
1262674972.122,8.102,Whistle,22.627
1262674977.258,37.231,Whistle,22.627
1262675194.481,64.221,Whistle,45.255
1262675241.324,8.193,Whistle,22.627
1262675739.264,27.649,Whistle,22.627
1262675836.148,29.84,Whistle,22.627
1262675926.711,51.216,Whistle,22.627
1262675957.965,28.458,Whistle,22.627
1262675984.791,30.472,Whistle,22.627
1262675998.53,33.662,Whistle,22.627
1262676024.552,30.06,Whistle,22.627
1262676062.089,27.312,Whistle,22.627
1262676136.678,7.763,Whistle,45.255
1262676229.62,23.643,Whistle,5.657
1262676466.23,7.96,Blip_Low_Frequency,5.657
1262676522.381,7.83,Whistle,22.627
1262676635.788,9.06,Whistle,45.255
1262677092.111,4313.785,Extremely_Loud,11.314
1262677637.948,7.917,Whistle,22.627
1262677770.284,31.551,Whistle,11.314
1262677803.359,31.154,Whistle,22.627
1262677978.887,34.374,Whistle,22.627
1262678050.463,1385.118,Extremely_Loud,5.657
1262678542.635,29.107,Whistle,22.627
1262678546.698,21.217,Whistle,11.314
1262678956.521,9.007,Blip,5.657
1262679288.528,10.005,Blip,5.657
1262679316.845,32.918,Whistle,22.627
1262679610.191,26.006,Tomte,5.657
1262679755.441,7.623,Whistle,45.255
1262680088.715,36.946,Whistle,22.627
1262681454.283,7.594,Whistle,45.255
1262681709.542,33.472,Whistle,22.627
1262681817.098,8.237,Whistle,22.627
1262682599.887,841.66,Extremely_Loud,11.314
1262682769.946,7.797,Whistle,22.627
1262682783.328,8.76,Whistle,45.255
1262682923.122,34.312,Whistle,22.627
1262683155.129,10.215,Whistle,45.255
1262685158.267,32.047,Whistle,22.627
1262685877.852,25.427,Whistle,22.627
1262686024.551,15.882,Whistle,45.255
1262686330.719,10.519,Low_Frequency_Burst,22.627
1262686414.197,12.942,Whistle,45.255
1262686523.715,19.303,Whistle,11.314
1262686525.86,33.032,Whistle,22.627
1262686596.545,9.67,Whistle,22.627
1262686718.396,23.311,Whistle,22.627
1262686983.954,19.97,Whistle,5.657
1262687263.031,7.792,Low_Frequency_Burst,22.627
1262687680.764,7.817,Whistle,45.255
1262687694.307,7.947,Whistle,11.314
1262687992.111,8.132,Whistle,45.255
1262687999.641,23.375,Whistle,11.314
1262688056.188,27.049,Whistle,22.627
1262688063.183,23.38,Whistle,11.314
1262689106.064,7.838,Whistle,22.627
1262689634.987,28.244,Whistle,11.314
1262690090.516,7.503,Low_Frequency_Burst,11.314
1262690092.113,290.671,Koi_Fish,5.657
1262690759.024,25.882,Whistle,22.627
1262690790.729,34.201,Whistle,22.627
1262690874.263,16.232,Whistle,5.657
1262690876.052,26.683,Whistle,11.314
1262690878.837,63.324,Whistle,22.627
1262691541.293,13.745,Tomte,5.657
1262692208.42,25.885,Whistle,22.627
1262692226.595,29.904,Whistle,22.627
1262692262.725,32.719,Whistle,22.627
1262692488.222,26.511,Whistle,22.627
1262692558.035,29.327,Whistle,22.627
1262692584.081,26.044,Whistle,11.314
1262692715.285,9.982,Whistle,45.255
1262692791.854,30.311,Whistle,22.627
1262693904.911,28.838,Whistle,22.627
1262693924.621,83.658,Whistle,45.255
1262694013.196,26.208,Whistle,11.314
1262694477.842,26.932,Whistle,11.314
1262695217.694,28.36,Whistle,22.627
1262695243.133,26.335,Whistle,22.627
1262695732.89,28.839,Whistle,22.627
1262695901.144,28.34,Whistle,22.627
1262696005.031,22.129,Whistle,22.627
1262696054.376,23.246,Whistle,22.627
1262696055.259,25.192,Whistle,22.627
1262696238.95,23.045,Whistle,22.627
1262696402.896,26.668,Whistle,22.627
1262696536.916,8.686,Whistle,45.255
1262696990.311,20.059,Whistle,11.314
1262697509.348,14.301,Tomte,5.657
1262697522.27,53.864,Whistle,45.255
1262697754.086,26.254,Whistle,22.627
1262697839.383,32.198,Whistle,22.627
1262697944.107,28.945,Whistle,22.627
1262698033.907,21.655,Whistle,22.627
1262698090.191,59.163,Extremely_Loud,45.255
1262698475.166,86.34,Whistle,45.255
1262698693.254,29.66,Whistle,22.627
1262698737.133,38.374,Whistle,11.314
1262698758.044,67.94,Whistle,45.255
1262698821.817,20.407,Whistle,22.627
1262698829.435,25.572,Whistle,22.627
1262699234.02,39.464,Whistle,45.255
1262699368.075,12.226,Whistle,22.627
1262699435.374,25.303,Whistle,22.627
1262699644.75,7.826,Low_Frequency_Lines,45.255
1262699658.793,71.414,Whistle,45.255
1262699773.93,27.631,Whistle,22.627
1262700362.75,30.384,Low_Frequency_Lines,45.255
1262700372.667,25.441,Whistle,22.627
1262700595.805,20.684,Whistle,11.314
1262700665.921,22.907,Whistle,22.627
1262700706.537,19.935,Whistle,22.627
1262700979.012,119.901,Whistle,45.255
1262701004.686,25.051,Whistle,22.627
1262701692.28,20.293,Whistle,11.314
1262701963.153,1324.529,Extremely_Loud,5.657
1262702739.11,8.252,Whistle,45.255
1262702755.098,9.29,Blip_Low_Frequency,5.657
1262702806.256,22.221,Whistle,11.314
1262702950.479,62.447,Whistle,22.627
1262703299.531,9.178,Low_Frequency_Burst,11.314
1262703405.979,48.058,Whistle,45.255
1262703673.405,25.809,Whistle,45.255
1262703696.019,34.255,Whistle,11.314
1262703841.289,14.821,Whistle,11.314
1262704107.256,54.244,Whistle,45.255
1262704267.417,17.612,Whistle,22.627
1262704491.171,26.736,Whistle,22.627
1262704543.316,22.596,Whistle,22.627
1262704676.439,50.006,Whistle,45.255
1262704857.083,7.712,Whistle,22.627
1262704992.129,8.616,Whistle,45.255
1262705035.951,63.426,Whistle,45.255
1262705063.749,26.318,Whistle,22.627
1262705265.226,8.283,Extremely_Loud,45.255
1262705300.129,10.947,Whistle,22.627
1262705387.922,8.166,Low_Frequency_Burst,5.657
1262705520.064,33.321,Whistle,45.255
1262705674.754,249.491,Extremely_Loud,11.314
1262705696.894,27.422,Whistle,45.255
1262705712.186,17.372,Whistle,11.314
1262705731.516,111.682,Extremely_Loud,45.255
1262705758.454,10.76,Whistle,22.627
1262705787.446,111.156,Koi_Fish,22.627
1262711730.031,9.264,Low_Frequency_Burst,11.314
1262711841.969,14.358,Low_Frequency_Burst,22.627
1262712000.703,14.52,Fast_Scattering,11.314
1262712337.484,10.618,Fast_Scattering,22.627
1262712959.531,11.805,Low_Frequency_Burst,22.627
1262713076.031,12.227,Low_Frequency_Burst,11.314
1262713082.406,12.904,Low_Frequency_Burst,11.314
1262716330.258,8.224,Tomte,5.657
1262717496.098,9.911,Blip_Low_Frequency,5.657
1262721043.638,14.175,Blip,5.657
1262725749.625,9.448,Low_Frequency_Burst,22.627
1262726519.141,8.243,Low_Frequency_Burst,5.657
1262727465.297,8.272,Fast_Scattering,11.314
1262727524.578,7.92,Fast_Scattering,11.314
1262727754.389,8.055,Blip_Low_Frequency,5.657
1262731631.297,8.891,Fast_Scattering,11.314
1262732600.027,13.493,Tomte,5.657
1262733044.972,692.714,Extremely_Loud,5.657
1262733300.078,9.161,Fast_Scattering,11.314
1262733386.75,7.639,Low_Frequency_Lines,45.255
1262738373.471,2213.521,Extremely_Loud,5.657
1262742592.998,93.502,Koi_Fish,5.657
1262743438.849,2577.327,Extremely_Loud,5.657
1262745127.193,8.906,Blip_Low_Frequency,5.657
1262745182.527,39.275,Tomte,5.657
1262745950.941,15.413,Tomte,5.657
1262748173.934,14.293,Tomte,5.657
1262748294.53,153.291,Koi_Fish,5.657
1262748455.938,8.303,Low_Frequency_Burst,22.627
1262750177.281,12.659,Low_Frequency_Burst,11.314
1262753482.548,1515.353,Extremely_Loud,5.657
1262755045.43,7.86,Fast_Scattering,11.314
1262755550.75,8.009,Low_Frequency_Lines,45.255
1262755704.621,11.477,Tomte,5.657
1262756265.801,113.607,Koi_Fish,5.657
1262757716.375,31.875,Low_Frequency_Lines,45.255
1262757932.563,7.808,Low_Frequency_Burst,22.627
1262758107.935,22.764,Blip,5.657
1262758301.609,9.106,Fast_Scattering,11.314
1262759089.859,10.512,Fast_Scattering,11.314
1262759319.832,19.117,Tomte,5.657
1262761491.797,7.782,Low_Frequency_Burst,11.314
1262762303.516,8.34,Fast_Scattering,11.314
1262762358.477,8.205,Fast_Scattering,11.314
1262763063.239,7.969,Whistle,22.627
1262763126.322,228.329,Koi_Fish,5.657
1262763168.23,9.194,Blip_Low_Frequency,5.657
1262763180.338,8.674,Whistle,22.627
1262763681.227,11.471,Whistle,11.314
1262763703.414,7.693,Fast_Scattering,11.314
1262763968.403,9.823,Whistle,45.255
1262764120.861,9.343,Whistle,45.255
1262764263.888,7.985,Whistle,22.627
1262764281.215,9.703,Whistle,45.255
1262764505.695,9.121,Whistle,45.255
1262764989.114,7.976,Whistle,45.255
1262765267.594,9.424,Low_Frequency_Burst,22.627
1262766113.552,7.749,Whistle,22.627
1262766646.719,7.619,Low_Frequency_Burst,22.627
1262767745.329,9.227,Whistle,45.255
1262767957.75,7.534,Low_Frequency_Lines,45.255
1262768661.828,11.024,Low_Frequency_Burst,11.314
1262768665.083,9.356,Whistle,45.255
1262768977.848,10.934,Tomte,5.657
1262769174.923,8.829,Whistle,22.627
1262769295.738,8.026,Blip_Low_Frequency,5.657
1262769429.235,24.539,Koi_Fish,5.657
1262769578.055,8.135,Fast_Scattering,11.314
1262770029.906,8.675,Low_Frequency_Burst,11.314
1262770133.197,8.096,Whistle,11.314
1262770901.002,4235.109,Extremely_Loud,5.657
1262771036.672,7.562,Fast_Scattering,11.314
1262771156.539,4235.033,Extremely_Loud,5.657
1262771224.125,35.973,Low_Frequency_Lines,45.255
1262771330.625,14.204,Low_Frequency_Lines,45.255
1262771413.109,10.204,Fast_Scattering,22.627
1262771566.552,8.083,Whistle,45.255
1262771601.25,7.595,Low_Frequency_Lines,45.255
1262771697.633,7.972,Fast_Scattering,11.314
1262771850.406,7.926,Low_Frequency_Burst,22.627
1262772183.703,7.818,Fast_Scattering,11.314
1262772310.693,8.654,Whistle,45.255
1262772705.832,10.097,Whistle,45.255
1262834027.656,14.999,Low_Frequency_Burst,11.314
1262834071.594,23.687,Low_Frequency_Burst,11.314
1262834413.322,855.887,Extremely_Loud,5.657
1262834761.172,27.91,Blip,5.657
1262837427.594,8.03,Low_Frequency_Burst,11.314
1262839391.824,47.848,Tomte,5.657
1262841395.251,317.312,Extremely_Loud,5.657
1262843298.801,25.217,Tomte,5.657
1262845414.915,48.593,Koi_Fish,5.657
1262850085.485,21.214,Blip,5.657
1262852432.754,32.694,Tomte,5.657
1262852669.719,7.876,Low_Frequency_Burst,22.627
1262854740.594,7.937,Low_Frequency_Burst,22.627
1262857642.838,30.609,Blip,5.657
1262860671.144,9.567,Blip,5.657
1262862539.994,325.55,Extremely_Loud,5.657
1262862762.604,78.328,Koi_Fish,5.657
1262863445.525,8.032,Blip,5.657
1262863951.891,15.28,Low_Frequency_Burst,11.314
1262866892.059,300.121,Extremely_Loud,45.255
1262867136.355,10.347,Tomte,5.657
1262868918.634,12.647,Blip,5.657
1262869261.248,11.083,Blip,5.657
1262869359.231,10.911,Blip,5.657
1262870734.559,14.312,Tomte,5.657
1262874432.967,8.51,Blip,5.657
1262874437.175,17.235,Blip,5.657
1262875061.98,7.864,Blip,5.657
1262878181.656,31.638,Low_Frequency_Burst,22.627
1262878188.047,15.007,Low_Frequency_Burst,11.314
1262879082.281,7.841,Low_Frequency_Burst,11.314
1262879116.797,10.398,Low_Frequency_Burst,11.314
1262879137.531,8.681,Low_Frequency_Burst,11.314
1262879291.516,7.668,Low_Frequency_Burst,11.314
1262885920.661,979.65,Extremely_Loud,5.657
1262886018.473,7.66,Blip_Low_Frequency,5.657
1262886720.096,118.657,Koi_Fish,5.657
1262887157.751,1522.006,Extremely_Loud,5.657
1262894394.465,21.423,Tomte,5.657
1262896596.25,8.041,Low_Frequency_Lines,45.255
1262897322.49,17.586,Tomte,5.657
1262897383.194,99.111,Koi_Fish,5.657
1262898776.444,3741.04,Extremely_Loud,5.657
1262899551.951,242.054,Koi_Fish,5.657
1262908814.094,15.069,Low_Frequency_Burst,11.314
1262908929.531,11.408,Low_Frequency_Burst,11.314
1262910021.75,8.076,Low_Frequency_Lines,45.255
1262910062.484,7.555,Low_Frequency_Burst,5.657
1262910523.656,36.755,Low_Frequency_Burst,11.314
1262911186.813,11.837,Low_Frequency_Burst,11.314
1262911301.474,153.928,Koi_Fish,5.657
1262911375.658,420.661,Extremely_Loud,5.657
1262911705.814,11.19,Blip_Low_Frequency,5.657
1262916108.375,7.904,Low_Frequency_Lines,45.255
1262916414.219,20.232,Low_Frequency_Burst,11.314
1262918250.25,12.906,Low_Frequency_Lines,45.255
1262921762.597,272.672,Extremely_Loud,5.657
1262922008.152,851.418,Extremely_Loud,11.314
1262922671.719,7.69,Low_Frequency_Burst,11.314
1262922739.906,17.524,Scattered_Light,45.255
1262923400.418,1330.569,Extremely_Loud,5.657
1262923534.551,9.079,Blip_Low_Frequency,5.657
1262924259.184,7.567,Blip_Low_Frequency,5.657
1262926463.978,1827.187,Extremely_Loud,5.657
1262928846.64,1127.515,Extremely_Loud,5.657
1262930244.828,10.162,Low_Frequency_Burst,22.627
1262931070.33,9.867,Blip,5.657
1262931769.672,10.783,Fast_Scattering,22.627
1262933686.125,7.919,Low_Frequency_Lines,45.255
1262940344.977,10.286,Tomte,5.657
1262940584.969,9.263,Low_Frequency_Burst,11.314
1262941804.344,7.8,Low_Frequency_Lines,22.627
1262941816.588,8.25,Blip_Low_Frequency,5.657
1262942993.031,8.003,Low_Frequency_Burst,11.314
1262943083.563,42.722,Low_Frequency_Burst,22.627
1262944535.75,586.507,Extremely_Loud,45.255
1262947488.781,9.318,Low_Frequency_Burst,11.314
1262948034.685,11.646,Blip,5.657
1262948226.625,8.059,Low_Frequency_Lines,45.255
1262949848.125,9.722,Low_Frequency_Lines,45.255
1262950589.047,8.73,Fast_Scattering,22.627
1262951540.47,133.141,Koi_Fish,5.657
1262952369.375,8.271,Low_Frequency_Lines,45.255
1262952377.406,64.562,Low_Frequency_Burst,22.627
1262953253.141,8.495,Low_Frequency_Burst,11.314
1262955532.875,9.517,Low_Frequency_Lines,45.255
1262955989.188,7.527,Scattered_Light,45.255
1262957390.543,7.553,Blip_Low_Frequency,5.657
1262960938.844,10.805,Low_Frequency_Burst,11.314
1262961682.222,2479.047,Extremely_Loud,5.657
1262962021.031,24.0,Low_Frequency_Burst,22.627
1262965534.34,1315.68,Extremely_Loud,11.314
1262969497.004,8.592,Blip_Low_Frequency,5.657
1262970140.631,8.927,Blip,5.657
1262970592.75,8.803,Low_Frequency_Lines,45.255
1262972105.27,16.075,Tomte,5.657
1262973195.613,17.247,Tomte,5.657
1262977100.375,7.989,Low_Frequency_Lines,45.255
1262978546.375,7.547,Low_Frequency_Lines,45.255
1262978873.533,17.297,Blip,5.657
1262979181.969,9.865,Low_Frequency_Burst,11.314
1262979375.598,167.839,Koi_Fish,5.657
1262981449.441,12.201,Tomte,5.657
1262981640.301,34.144,Koi_Fish,5.657
1262983012.125,10.131,Scattered_Light,45.255
1262985036.281,9.024,Low_Frequency_Burst,11.314
1262985494.156,53.484,Low_Frequency_Burst,11.314
1262985771.563,11.966,Low_Frequency_Lines,45.255
1262986390.75,10.148,Low_Frequency_Burst,5.657
1262986470.016,8.158,Fast_Scattering,11.314
1262986478.781,8.772,Low_Frequency_Burst,11.314
1262986548.453,7.693,Fast_Scattering,11.314
1262987221.166,7.566,Blip_Low_Frequency,5.657
1262987331.031,7.707,Low_Frequency_Burst,22.627
1262987493.75,8.285,Low_Frequency_Lines,45.255
1262988431.553,31.644,Tomte,5.657
1262989173.525,377.548,Koi_Fish,5.657
1262992617.75,9.591,Low_Frequency_Lines,45.255
1262993363.251,8.338,Blip,5.657
1262994828.25,12.498,Low_Frequency_Lines,45.255
1262998491.241,667.388,Koi_Fish,5.657
1262999698.137,20.772,Tomte,5.657
1263000501.375,8.433,Low_Frequency_Lines,45.255
1263002834.125,7.647,Low_Frequency_Lines,45.255
1263004110.625,9.017,Low_Frequency_Lines,45.255
1263005564.322,208.658,Koi_Fish,5.657
1263005717.98,10.46,Tomte,5.657
1263007619.031,18.678,Low_Frequency_Burst,22.627
1263008205.906,15.183,Low_Frequency_Burst,11.314
1263008379.969,9.543,Low_Frequency_Burst,11.314
1263009024.281,45.597,Low_Frequency_Burst,11.314
1263010633.063,9.106,Low_Frequency_Lines,45.255
1263011695.375,8.84,Low_Frequency_Lines,45.255
1263011756.488,8.575,Blip_Low_Frequency,5.657
1263012879.012,14.026,Tomte,5.657
1263014510.768,189.628,Koi_Fish,5.657
1263014596.063,9.157,Scattered_Light,45.255
1263018523.938,8.022,Low_Frequency_Lines,45.255
1263020750.125,97.555,Extremely_Loud,45.255
1263024553.484,8.162,Low_Frequency_Lines,22.627
1263024848.946,11.014,Blip,5.657
1263024967.79,9.493,Blip,5.657
1263029084.736,7.817,Blip_Low_Frequency,5.657
1263032812.02,154.404,Koi_Fish,5.657
1263033398.375,7.646,Low_Frequency_Lines,45.255
1263033643.875,8.022,Low_Frequency_Lines,45.255
1263034381.207,22.601,Tomte,5.657
1263036024.401,13.557,Blip,5.657
1263039709.852,2316.219,Extremely_Loud,11.314
1263039876.691,8.438,Blip_Low_Frequency,5.657
1263041845.438,8.758,Scattered_Light,45.255
1263041947.173,2097.358,Extremely_Loud,5.657
1263042410.216,256.445,Koi_Fish,5.657
1263044476.375,9.896,Scattered_Light,45.255
1263046450.59,119.502,Koi_Fish,5.657
1263067321.809,8.035,Blip_Low_Frequency,5.657
1263067481.398,11.478,Fast_Scattering,11.314
1263079041.75,8.247,Low_Frequency_Lines,45.255
1263081145.325,11.729,Blip_Low_Frequency,5.657
1263081522.344,7.545,Low_Frequency_Lines,22.627
1263081572.388,17.603,Blip,5.657
1263082092.656,18.386,Low_Frequency_Burst,11.314
1263082356.088,7.572,Blip,5.657
1263082997.059,9.167,Blip_Low_Frequency,5.657
1263083382.75,33.385,Low_Frequency_Burst,11.314
1263084927.236,7.625,Blip,5.657
1263084970.531,8.171,Low_Frequency_Burst,5.657
1263085218.281,23.349,Low_Frequency_Burst,11.314
1263085269.594,24.934,Low_Frequency_Burst,11.314
1263085861.379,48.175,Tomte,5.657
1263086628.66,8.437,Blip_Low_Frequency,5.657
1263087367.375,8.044,Low_Frequency_Lines,45.255
1263087622.688,13.679,Low_Frequency_Burst,11.314
1263087829.861,8.505,Blip_Low_Frequency,5.657
1263087906.406,29.757,Low_Frequency_Burst,22.627
1263088945.824,8.825,Blip_Low_Frequency,5.657
1263089199.969,15.045,Low_Frequency_Burst,11.314
1263090227.996,138.869,Koi_Fish,5.657
1263091059.66,7.65,Blip_Low_Frequency,5.657
1263091645.875,7.727,Low_Frequency_Lines,45.255
1263092407.939,14.955,Tomte,5.657
1263092664.598,2948.25,Extremely_Loud,5.657
1263094019.594,8.536,Scattered_Light,45.255
1263096394.801,13.043,Tomte,5.657
1263097971.253,161.552,Koi_Fish,5.657
1263098594.181,9.691,Blip,5.657
1263100204.25,8.33,Low_Frequency_Lines,45.255
1263100700.375,9.484,Low_Frequency_Lines,45.255
1263101397.246,31.408,Tomte,5.657
1263101415.139,8.78,Blip_Low_Frequency,5.657
1263101527.188,7.874,Low_Frequency_Lines,45.255
1263101940.629,7.989,Blip_Low_Frequency,5.657
1263104160.738,11.287,Blip_Low_Frequency,5.657
1263104246.625,8.588,Low_Frequency_Lines,45.255
1263109458.438,13.904,Low_Frequency_Burst,22.627
1263111261.309,8.569,Blip_Low_Frequency,5.657
1263111805.781,16.044,Low_Frequency_Burst,22.627
1263113777.714,159.962,Koi_Fish,5.657
1263114041.578,9.039,Scattered_Light,45.255
1263117034.406,9.814,Low_Frequency_Burst,11.314
1263117865.527,11.908,Tomte,5.657
1263119207.156,34.16,Low_Frequency_Burst,11.314
1263120124.688,10.781,Scattered_Light,45.255
1263121598.625,8.161,Low_Frequency_Lines,45.255
1263123207.223,8.594,Blip_Low_Frequency,5.657
1263124706.656,13.896,Low_Frequency_Burst,11.314
1263125981.689,822.515,Koi_Fish,5.657
1263127006.625,8.002,Low_Frequency_Lines,45.255
1263127299.875,8.312,Low_Frequency_Lines,45.255
1263127511.406,14.776,Low_Frequency_Burst,11.314
1263129558.844,29.462,Low_Frequency_Burst,22.627
1263134051.082,9.838,Blip_Low_Frequency,5.657
1263134587.844,26.509,Low_Frequency_Burst,11.314
1263135265.336,9.468,Blip_Low_Frequency,5.657
1263136336.938,9.163,Low_Frequency_Lines,45.255
1263137363.422,8.193,Fast_Scattering,22.627
1263137743.021,194.27,Koi_Fish,5.657
1263137760.469,10.423,Low_Frequency_Burst,11.314
1263139397.207,8.354,Blip_Low_Frequency,5.657
1263140520.788,62.137,Koi_Fish,5.657
1263140753.25,11.585,Low_Frequency_Lines,45.255
1263141502.906,16.975,Low_Frequency_Burst,11.314
1263141912.887,10.503,Blip_Low_Frequency,5.657
1263142244.219,13.749,Low_Frequency_Burst,11.314
1263142316.316,9.248,Blip_Low_Frequency,5.657
1263143563.199,8.606,Blip_Low_Frequency,5.657
1263144220.314,153.53,Extremely_Loud,5.657
1263148296.688,8.834,Scattered_Light,45.255
1263148865.572,21.148,Blip_Low_Frequency,5.657
1263150533.121,9.886,Blip_Low_Frequency,5.657
1263151012.656,9.685,Low_Frequency_Burst,11.314
1263151669.025,8.046,Blip_Low_Frequency,5.657
1263152330.281,9.321,Scattered_Light,45.255
1263152441.14,624.384,Extremely_Loud,11.314
1263153427.406,14.561,Low_Frequency_Burst,11.314
1263153501.226,272.063,Koi_Fish,5.657
1263153510.625,7.902,Low_Frequency_Lines,45.255
1263156044.623,651.053,Extremely_Loud,5.657
1263164781.625,8.107,Low_Frequency_Lines,45.255
1263166706.688,7.643,Low_Frequency_Burst,22.627
1263168328.514,8.043,Blip_Low_Frequency,5.657
1263168595.031,10.938,Low_Frequency_Burst,11.314
1263168687.443,9.484,Blip_Low_Frequency,5.657
1263168747.313,9.646,Low_Frequency_Lines,45.255
1263171987.125,7.651,Low_Frequency_Lines,45.255
1263173705.926,25.691,Tomte,5.657
1263174074.7,91.254,Koi_Fish,5.657
1263174686.178,18.409,Tomte,5.657
1263174728.708,466.709,Koi_Fish,5.657
1263175064.375,8.291,Low_Frequency_Lines,45.255
1263176341.625,7.732,Low_Frequency_Lines,45.255
1263176857.66,8.322,Blip_Low_Frequency,5.657
1263177397.938,12.377,Scattered_Light,45.255
1263178377.688,30.22,Low_Frequency_Burst,22.627
1263178422.958,951.878,Extremely_Loud,5.657
1263178701.154,36.501,Koi_Fish,5.657
1263179061.594,14.032,Low_Frequency_Burst,22.627
1263179494.098,1508.013,Extremely_Loud,11.314
1263180053.191,7.753,Blip_Low_Frequency,5.657
1263184877.698,17.078,Blip,5.657
1263190315.563,69.644,Low_Frequency_Burst,22.627
1263190787.094,31.116,Low_Frequency_Burst,11.314
1263190921.469,17.024,Low_Frequency_Burst,22.627
1263191193.574,21.263,Tomte,5.657
1263191555.188,23.941,Low_Frequency_Burst,22.627
1263191661.551,8.014,Blip_Low_Frequency,5.657
1263192044.219,8.024,Low_Frequency_Lines,45.255
1263193693.57,635.634,Extremely_Loud,11.314
1263193821.154,13.096,Tomte,5.657
1263193914.313,13.87,Low_Frequency_Burst,22.627
1263195713.133,401.31,Extremely_Loud,22.627
1263197516.809,10.063,Tomte,5.657
1263199281.535,20.28,Tomte,5.657
1263203693.431,18.446,Blip,5.657
1263206486.406,33.896,Low_Frequency_Burst,11.314
1263210495.702,432.331,Extremely_Loud,5.657
1263212562.781,13.42,Low_Frequency_Burst,22.627
1263213076.824,15.218,Tomte,5.657
1263213395.18,7.63,Blip_Low_Frequency,5.657
1263214593.262,156.782,Koi_Fish,5.657
1263215582.656,7.578,Low_Frequency_Burst,11.314
1263215755.328,11.43,Koi_Fish,22.627
1263215834.279,10.159,Blip_Low_Frequency,5.657
1263215846.63,7.597,Blip_Low_Frequency,5.657
1263216618.75,9.589,Low_Frequency_Lines,45.255
1263217702.156,7.681,Low_Frequency_Lines,22.627
1263218790.125,8.137,Low_Frequency_Lines,45.255
1263218952.031,7.663,Low_Frequency_Burst,11.314
1263221947.554,180.406,Koi_Fish,5.657
1263222348.258,11.586,Koi_Fish,11.314
1263223973.895,10.6,Tomte,5.657
1263224468.235,494.35,Extremely_Loud,5.657
1263224476.813,12.179,Low_Frequency_Burst,22.627
1263224625.906,8.477,Low_Frequency_Burst,11.314
1263224699.281,17.339,Low_Frequency_Burst,11.314
1263225095.124,25.297,Koi_Fish,5.657
1263228137.133,8.307,Fast_Scattering,11.314
1263228144.078,14.426,Fast_Scattering,11.314
1263228165.008,8.223,Fast_Scattering,11.314
1263228759.703,8.261,Fast_Scattering,11.314
1263229373.461,10.936,Fast_Scattering,11.314
1263229683.094,16.677,Low_Frequency_Burst,11.314
1263230646.875,7.568,Low_Frequency_Lines,45.255
1263232561.043,24.903,Tomte,5.657
1263236194.031,13.486,Low_Frequency_Burst,22.627
1263237313.344,9.158,Low_Frequency_Burst,5.657
1263237510.383,30.969,Koi_Fish,11.314
1263237777.425,45.414,Blip,5.657
1263237799.582,9.757,Blip_Low_Frequency,5.657
1263241178.084,8.169,Blip_Low_Frequency,5.657
1263242178.733,10.804,Blip,5.657
1263244162.383,479.605,Extremely_Loud,11.314
1263245039.781,12.87,Low_Frequency_Burst,5.657
1263245108.953,10.045,Fast_Scattering,11.314
1263245289.504,18.914,Tomte,5.657
1263245292.75,11.772,Low_Frequency_Lines,45.255
1263245301.154,7.868,Blip_Low_Frequency,5.657
1263245860.25,19.792,Low_Frequency_Lines,45.255
1263246094.219,10.605,Low_Frequency_Burst,5.657
1263246348.75,8.215,Low_Frequency_Lines,45.255
1263255479.902,11.753,Tomte,5.657
1263255963.247,440.469,Koi_Fish,5.657
1263257015.989,1606.689,Extremely_Loud,45.255
1263257123.464,2951.589,Extremely_Loud,5.657
1263258198.848,8.133,Blip_Low_Frequency,5.657
1263258999.6,44.013,Blip,5.657
1263260068.74,50.317,Koi_Fish,5.657
1263261609.533,8.784,Blip,5.657
1263262190.156,8.427,Low_Frequency_Lines,22.627
1263262330.266,9.371,Fast_Scattering,11.314
1263262444.656,37.621,Low_Frequency_Burst,22.627
1263262451.844,23.074,Low_Frequency_Burst,22.627
1263262481.156,9.684,Low_Frequency_Burst,11.314
1263262485.969,7.775,Low_Frequency_Burst,11.314
1263262615.994,18.302,Blip,5.657
1263262653.438,8.98,Low_Frequency_Lines,45.255
1263263338.879,10.137,Blip_Low_Frequency,5.657
1263264153.906,25.524,Low_Frequency_Burst,11.314
1263264637.125,8.312,Low_Frequency_Lines,45.255
1263265574.188,7.636,Low_Frequency_Burst,5.657
1263265628.997,14.194,Blip,5.657
1263265701.094,9.659,Low_Frequency_Burst,11.314
1263267252.978,443.292,Extremely_Loud,5.657
1263268001.551,8.566,Blip_Low_Frequency,5.657
1263268900.929,1698.286,Extremely_Loud,45.255
1263271729.469,7.793,Low_Frequency_Burst,5.657
1263272687.438,29.34,Low_Frequency_Burst,22.627
1263274719.402,12.27,Tomte,5.657
1263275452.125,7.943,Scattered_Light,45.255
1263275877.996,7.768,Blip_Low_Frequency,5.657
1263276124.772,84.347,Koi_Fish,5.657
1263278093.75,8.533,Low_Frequency_Burst,5.657
1263278712.496,7.532,Blip_Low_Frequency,5.657
1263278829.25,11.213,Low_Frequency_Lines,45.255
1263279816.625,7.596,Low_Frequency_Lines,45.255
1263280013.031,18.362,Low_Frequency_Burst,11.314
1263281269.531,13.492,Low_Frequency_Burst,11.314
1263281998.531,17.29,Low_Frequency_Burst,11.314
1263282743.961,7.52,Tomte,5.657
1263283829.331,58.966,Koi_Fish,5.657
1263284744.855,12.502,Tomte,5.657
1263285991.875,8.165,Low_Frequency_Lines,45.255
1263289110.75,7.769,Low_Frequency_Lines,45.255
1263289151.75,7.792,Low_Frequency_Lines,45.255
1263289206.15,9.072,Blip_Low_Frequency,5.657
1263289399.344,9.292,Low_Frequency_Burst,11.314
1263291073.156,9.111,Scattered_Light,45.255
1263295729.951,359.492,Koi_Fish,5.657
1263297554.094,8.09,Low_Frequency_Lines,22.627
1263297791.344,7.726,Low_Frequency_Lines,45.255
1263299069.976,83.897,Koi_Fish,5.657
1263299403.219,11.193,Low_Frequency_Burst,5.657
1263301316.625,9.205,Low_Frequency_Lines,45.255
1263302122.031,17.188,Low_Frequency_Burst,22.627
1263302614.406,9.686,Low_Frequency_Burst,11.314
1263302709.313,8.693,Fast_Scattering,22.627
1263306090.175,187.197,Koi_Fish,5.657
1263311259.969,9.315,Low_Frequency_Burst,11.314
1263311736.719,12.422,Low_Frequency_Burst,5.657
1263312342.438,8.824,Low_Frequency_Burst,11.314
1263313421.75,7.636,Low_Frequency_Lines,45.255
1263313557.93,12.243,Fast_Scattering,11.314
1263315685.961,8.487,Fast_Scattering,11.314
1263317786.344,7.823,Low_Frequency_Burst,11.314
1263318648.906,25.412,Low_Frequency_Burst,11.314
1263319921.75,8.222,Low_Frequency_Lines,22.627
1263320484.964,57.887,Koi_Fish,5.657
1263320848.531,9.173,Low_Frequency_Burst,11.314
1263321086.719,10.854,Low_Frequency_Burst,11.314
1263321406.406,8.375,Low_Frequency_Burst,22.627
1263321444.318,9.859,Blip,5.657
1263322705.364,41.462,Blip,5.657
1263322774.232,9.484,Blip_Low_Frequency,5.657
1263323093.906,8.961,Low_Frequency_Burst,11.314
1263323436.781,9.192,Low_Frequency_Burst,11.314
1263323752.875,9.393,Low_Frequency_Lines,45.255
1263323797.902,570.223,Extremely_Loud,5.657
1263323951.781,8.627,Low_Frequency_Burst,11.314
1263324424.781,16.611,Low_Frequency_Burst,22.627
1263325086.641,24.342,Low_Frequency_Burst,11.314
1263325415.543,34.123,Blip,5.657
1263327357.594,24.67,Low_Frequency_Burst,11.314
1263327431.328,10.055,Fast_Scattering,22.627
1263328684.531,10.687,Low_Frequency_Burst,11.314
1263328810.344,15.308,Low_Frequency_Burst,11.314
1263329300.969,7.682,Low_Frequency_Lines,22.627
1263330186.844,47.522,Low_Frequency_Burst,11.314
1263333864.275,11.107,Blip,5.657
1263334332.594,14.383,Low_Frequency_Burst,22.627
1263334349.844,7.662,Low_Frequency_Burst,22.627
1263334719.406,16.207,Low_Frequency_Burst,11.314
1263335940.832,8.923,Blip_Low_Frequency,5.657
1263336030.906,8.025,Low_Frequency_Burst,5.657
1263336302.797,11.916,Fast_Scattering,11.314
1263336546.906,9.559,Low_Frequency_Burst,11.314
1263336765.156,42.981,Low_Frequency_Burst,22.627
1263336993.844,12.576,Low_Frequency_Burst,11.314
1263337204.762,9.116,Tomte,5.657
1263338499.781,8.086,Low_Frequency_Burst,11.314
1263338954.538,35.419,Blip,5.657
1263338972.599,212.707,Koi_Fish,5.657
1263339721.344,11.415,Low_Frequency_Burst,11.314
1263340022.875,7.988,Low_Frequency_Lines,45.255
1263340649.156,12.741,Low_Frequency_Burst,11.314
1263340923.594,15.808,Low_Frequency_Burst,22.627
1263341180.344,9.866,Low_Frequency_Burst,11.314
1263343226.938,8.406,Blip,5.657
1263343324.969,8.78,Low_Frequency_Burst,11.314
1263343424.406,21.89,Low_Frequency_Burst,11.314
1263346567.344,8.2,Low_Frequency_Burst,11.314
1263346648.563,12.266,Scattered_Light,45.255
1263347208.75,8.056,Low_Frequency_Lines,45.255
1263347961.813,8.591,Low_Frequency_Lines,45.255
1263348012.324,147.289,Koi_Fish,5.657
1263348186.094,9.815,Low_Frequency_Burst,11.314
1263349491.531,13.521,Fast_Scattering,22.627
1263349829.719,63.062,Low_Frequency_Burst,22.627
1263350932.969,12.36,Low_Frequency_Burst,22.627
1263351675.969,8.143,Low_Frequency_Burst,11.314
1263352178.594,16.241,Low_Frequency_Burst,22.627
1263352424.531,9.773,Low_Frequency_Burst,11.314
1263352543.344,30.396,Low_Frequency_Burst,11.314
1263353077.625,7.968,Low_Frequency_Lines,45.255
1263353846.328,8.225,Fast_Scattering,22.627
1263354028.469,10.648,Low_Frequency_Burst,11.314
1263355060.094,7.552,Low_Frequency_Burst,22.627
1263356706.219,18.511,Low_Frequency_Burst,22.627
1263358313.719,8.523,Low_Frequency_Burst,11.314
1263358388.344,19.028,Low_Frequency_Burst,11.314
1263358939.156,7.753,Low_Frequency_Burst,11.314
1263359178.375,8.158,Low_Frequency_Lines,45.255
1263359224.152,7.946,Blip_Low_Frequency,5.657
1263359271.781,19.016,Low_Frequency_Burst,22.627
1263359274.656,11.246,Low_Frequency_Burst,11.314
1263361414.216,537.856,Extremely_Loud,5.657
1263361567.781,12.098,Low_Frequency_Burst,11.314
1263361613.469,11.828,Low_Frequency_Burst,11.314
1263362402.719,7.653,Low_Frequency_Burst,22.627
1263363180.188,10.073,Low_Frequency_Burst,22.627
1263363521.844,11.351,Low_Frequency_Burst,11.314
1263364227.578,10.767,Fast_Scattering,22.627
1263364453.063,9.686,Low_Frequency_Burst,22.627
1263364549.453,9.657,Fast_Scattering,22.627
1263364932.094,12.237,Fast_Scattering,22.627
1263365128.23,47.649,Tomte,5.657
1263365240.328,10.67,Fast_Scattering,22.627
1263365796.156,11.431,Low_Frequency_Burst,11.314
1263365855.906,7.531,Low_Frequency_Lines,22.627
1263366214.485,18.315,Blip,5.657
1263366334.469,10.449,Low_Frequency_Burst,11.314
1263366752.844,22.212,Low_Frequency_Burst,11.314
1263368222.75,59.69,Extremely_Loud,45.255
1263368222.75,59.69,Extremely_Loud,45.255
1263368222.75,59.69,Extremely_Loud,45.255
1263368222.75,59.69,Extremely_Loud,45.255
1263368222.75,59.69,Extremely_Loud,45.255
1263368222.75,59.69,Extremely_Loud,45.255
1263588518.469,15.792,Low_Frequency_Burst,11.314
1263588551.219,16.251,Low_Frequency_Burst,11.314
1263588839.125,7.616,Low_Frequency_Lines,45.255
1263589254.875,8.648,Low_Frequency_Lines,45.255
1263589507.411,7.866,Blip,5.657
1263589515.594,11.222,Low_Frequency_Burst,11.314
1263590423.094,26.028,Low_Frequency_Burst,11.314
1263590997.511,2865.896,Extremely_Loud,5.657
1263591290.102,8.092,Fast_Scattering,11.314
1263592077.625,7.883,Low_Frequency_Lines,45.255
1263593105.586,11.64,Fast_Scattering,11.314
1263593280.125,8.194,Low_Frequency_Lines,45.255
1263593905.977,484.681,Extremely_Loud,11.314
1263598235.781,73.91,Low_Frequency_Burst,22.627
1263598920.688,34.053,Low_Frequency_Burst,22.627
1263601726.969,13.481,Low_Frequency_Burst,22.627
1263612505.031,10.544,Low_Frequency_Burst,22.627
1263612534.625,7.51,Low_Frequency_Lines,45.255
1263612602.156,22.387,Low_Frequency_Burst,22.627
1263613104.406,11.629,Low_Frequency_Burst,11.314
1263613159.929,13.705,Blip,5.657
1263613928.656,8.97,Low_Frequency_Burst,11.314
1263615029.875,8.369,Low_Frequency_Lines,45.255
1263615667.125,7.745,Low_Frequency_Lines,45.255
1263619983.256,12.481,Tomte,5.657
1263623052.375,7.668,Low_Frequency_Lines,45.255
1263624706.316,81.859,Koi_Fish,5.657
1263625409.313,13.875,Scattered_Light,45.255
1263625587.295,8.349,Blip_Low_Frequency,5.657
1263627691.488,9.672,Tomte,5.657
1263628224.682,221.437,Koi_Fish,5.657
1263628486.375,7.828,Blip,5.657
1263629387.625,7.641,Low_Frequency_Lines,45.255
1263630304.961,18.859,Blip,5.657
1263630571.633,149.965,Koi_Fish,11.314
1263633486.125,8.133,Low_Frequency_Lines,45.255
1263634124.625,9.478,Scattered_Light,45.255
1263638485.086,7.805,Fast_Scattering,11.314
1263639339.469,11.063,Low_Frequency_Burst,5.657
1263640242.125,8.286,Low_Frequency_Lines,45.255
1263640859.187,9.295,Blip,5.657
1263641366.594,12.527,Scattered_Light,45.255
1263641543.696,7.58,Blip,5.657
1263642833.512,118.635,Koi_Fish,5.657
1263643532.332,53.56,Tomte,5.657
1263643644.902,9.942,Blip_Low_Frequency,5.657
1263644476.875,8.963,Low_Frequency_Lines,45.255
1263646728.851,8.132,Blip,5.657
1263647613.688,11.04,Scattered_Light,45.255
1263648136.281,10.036,Scattered_Light,45.255
1263648832.625,9.165,Low_Frequency_Lines,45.255
1263651865.708,20.667,Blip,5.657
1263652344.314,99.03,Koi_Fish,5.657
1263652910.875,14378.516,Extremely_Loud,5.657
1263674789.633,8.877,Fast_Scattering,5.657
1263675035.594,7.765,Low_Frequency_Burst,11.314
1263675290.188,7.524,Fast_Scattering,11.314
1263675517.75,8.938,Low_Frequency_Lines,45.255
1263675553.156,30.338,Low_Frequency_Burst,22.627
1263675625.625,7.592,Low_Frequency_Lines,45.255
1263678722.406,13.714,Low_Frequency_Burst,11.314
1263678878.938,62.696,Low_Frequency_Burst,22.627
1263679115.75,9.433,Low_Frequency_Lines,45.255
1263679562.27,16.185,Tomte,5.657
1263679764.957,8.202,Blip_Low_Frequency,5.657
1263681873.055,2195.178,Extremely_Loud,11.314
1263684461.531,23.638,Low_Frequency_Burst,22.627
1263684770.176,13.722,Tomte,5.657
1263684901.75,13.226,Low_Frequency_Lines,45.255
1263688501.875,7.506,Low_Frequency_Lines,45.255
1263690004.125,7.808,Low_Frequency_Lines,45.255
1263691106.094,9.789,Scattered_Light,45.255
1263694995.33,8.576,Blip_Low_Frequency,5.657
1263696096.564,10.835,Blip,5.657
1263696812.625,8.92,Low_Frequency_Lines,45.255
1263698342.625,7.849,Low_Frequency_Lines,45.255
1263698952.125,11.353,Low_Frequency_Lines,45.255
1263699630.974,7.531,Blip,5.657
1263700994.125,15.289,Scattered_Light,45.255
1263701056.4,8.653,Blip,5.657
1263701122.375,9.372,Low_Frequency_Lines,45.255
1263702684.344,8.113,Low_Frequency_Lines,22.627
1263703856.419,103.656,Extremely_Loud,22.627
1263704005.717,21.105,Koi_Fish,5.657
1263704197.527,8.2,Blip_Low_Frequency,5.657
1263705355.897,62.953,Koi_Fish,5.657
1263706111.104,8.989,Blip_Low_Frequency,5.657
1263706330.124,1947.581,Extremely_Loud,5.657
1263708278.375,7.834,Low_Frequency_Lines,45.255
1263709068.481,38.623,Blip,5.657
1263709835.156,12.383,Low_Frequency_Burst,11.314
1263710556.66,11.388,Tomte,5.657
1263711872.559,91.077,Koi_Fish,5.657
1263712434.7,41.268,Koi_Fish,5.657
1263713787.094,11.759,Low_Frequency_Burst,11.314
1263717337.375,7.91,Low_Frequency_Lines,45.255
1263718146.256,9.255,Blip_Low_Frequency,5.657
1263718434.875,7.778,Low_Frequency_Lines,45.255
1263719246.563,10.266,Scattered_Light,45.255
1263721253.332,9.496,Blip_Low_Frequency,5.657
1263721440.375,7.587,Low_Frequency_Lines,45.255
1263722412.762,8.501,Whistle,45.255
1263723006.896,298.063,Koi_Fish,5.657
1263723668.619,9.889,Tomte,5.657
1263724471.875,9.345,Low_Frequency_Lines,45.255
1263724925.625,8.507,Low_Frequency_Lines,45.255
1263725619.641,11.04,Low_Frequency_Burst,11.314
1263725668.375,7.608,Low_Frequency_Lines,45.255
1263727611.059,7.891,Blip,5.657
1263728812.378,186.539,Koi_Fish,5.657
1263729750.348,17.625,Tomte,5.657
1263731021.738,131.764,Koi_Fish,5.657
1263732066.332,27.375,Tomte,5.657
1263736676.359,8.525,Fast_Scattering,11.314
1263737038.75,7.619,Low_Frequency_Lines,45.255
1263739004.398,8.574,Fast_Scattering,11.314
1263739238.625,7.512,Low_Frequency_Lines,45.255
1263739388.98,45.858,Whistle,11.314
1263739789.838,5159.721,Extremely_Loud,5.657
1263741450.982,9.792,Blip,5.657
1263742765.125,8.315,Low_Frequency_Lines,45.255
1263743649.578,31.277,Low_Frequency_Burst,11.314
1263744509.068,23.888,Tomte,5.657
1263745336.129,8.394,Blip,5.657
1263745689.453,10.611,Fast_Scattering,11.314
1263745866.484,8.792,Fast_Scattering,11.314
1263746294.584,8.551,Blip,5.657
1263746419.875,7.925,Low_Frequency_Lines,45.255
1263746882.719,8.131,Low_Frequency_Lines,45.255
1263747084.519,16.491,Blip,5.657
1263747129.719,10.936,Low_Frequency_Burst,5.657
1263747393.375,9.736,Low_Frequency_Lines,45.255
1263749488.969,8.191,Scattered_Light,45.255
1263749657.956,35.504,Blip,5.657
1263751007.625,7.884,Low_Frequency_Lines,45.255
1263751358.64,18.086,Blip,5.657
1263752221.775,425.679,Extremely_Loud,11.314
1263752224.715,14.913,Blip_Low_Frequency,5.657
1263753481.362,788.249,Extremely_Loud,5.657
1263753701.531,9.685,Low_Frequency_Lines,22.627
1263755011.721,50.183,Tomte,5.657
1263755856.324,15.076,Blip_Low_Frequency,5.657
1263757208.813,9.178,Scattered_Light,45.255
1263757585.934,14.743,Blip,5.657
1263757956.02,16.52,Tomte,5.657
1263758879.223,28.34,Whistle,11.314
1263759410.809,24.38,Tomte,5.657
1263759729.422,8.513,Fast_Scattering,11.314
1263760696.452,17.61,Blip,5.657
1263762114.727,7.726,Fast_Scattering,11.314
1263762532.733,400.344,Extremely_Loud,11.314
1263762601.105,14.308,Tomte,5.657
1263763324.098,157.681,Koi_Fish,5.657
1263763776.734,12.101,Blip,5.657
1263764407.625,7.586,Low_Frequency_Lines,45.255
1263766495.498,8.272,Blip_Low_Frequency,5.657
1263766907.353,22.49,Blip,5.657
1263766985.688,7.528,Scattered_Light,45.255
1263767113.313,19.253,Scattered_Light,45.255
1263777679.625,7.546,Low_Frequency_Lines,45.255
1263779140.188,7.533,Scattered_Light,45.255
1263781681.875,7.526,Low_Frequency_Lines,45.255
1263782264.27,7.974,Blip_Low_Frequency,5.657
1263782585.312,21.425,Blip,5.657
1263786986.813,11.262,Scattered_Light,45.255
1263787579.84,8.64,Blip_Low_Frequency,5.657
1263789749.625,7.957,Low_Frequency_Lines,45.255
1263791555.75,8.222,Low_Frequency_Lines,45.255
1263792861.313,8.565,Scattered_Light,45.255
1263793087.535,790.971,Extremely_Loud,11.314
1263794646.593,11.398,Blip,5.657
1263795004.775,54.786,Whistle,22.627
1263806326.719,20.075,Low_Frequency_Burst,22.627
1263806347.281,55.58,Low_Frequency_Burst,22.627
1263806381.969,8.761,Low_Frequency_Burst,11.314
1263806402.25,15.05,Low_Frequency_Lines,45.255
1263806515.188,22.991,Low_Frequency_Burst,11.314
1263806534.281,10.61,Low_Frequency_Burst,5.657
1263806620.594,8.297,Low_Frequency_Burst,11.314
1263806623.094,8.934,Low_Frequency_Burst,11.314
1263806659.527,39.137,Blip,5.657
1263806759.094,7.715,Low_Frequency_Lines,22.627
1263806787.344,25.433,Low_Frequency_Burst,11.314
1263807178.188,8.504,Scattered_Light,45.255
1263807456.888,311.708,Koi_Fish,5.657
1263807787.531,21.395,Low_Frequency_Burst,11.314
1263807933.281,12.503,Low_Frequency_Burst,11.314
1263808103.719,42.87,Low_Frequency_Burst,22.627
1263808110.031,48.583,Low_Frequency_Burst,22.627
1263808725.938,14.391,Fast_Scattering,22.627
1263809397.656,10.71,Low_Frequency_Burst,11.314
1263809771.344,7.93,Low_Frequency_Lines,22.627
1263811669.939,20.996,Tomte,5.657
1263812319.063,8.69,Scattered_Light,45.255
1263812601.875,8.885,Low_Frequency_Lines,45.255
1263812713.747,853.326,Extremely_Loud,5.657
1263813665.875,7.963,Low_Frequency_Lines,45.255
1263815329.074,33.029,Koi_Fish,5.657
1263815373.625,8.412,Low_Frequency_Lines,45.255
1263816006.375,7.743,Low_Frequency_Lines,45.255
1263816188.534,12.05,Blip,5.657
1263816337.262,20.75,Tomte,5.657
1263816849.125,7.559,Low_Frequency_Lines,45.255
1263816869.375,7.813,Low_Frequency_Lines,45.255
1263816933.406,17.002,Low_Frequency_Burst,11.314
1263817201.688,7.541,Low_Frequency_Lines,45.255
1263817569.326,93.78,Koi_Fish,5.657
1263819451.41,9.494,Blip_Low_Frequency,5.657
1263819674.585,7.547,Blip,5.657
1263819959.375,7.661,Low_Frequency_Lines,45.255
1263821031.375,8.372,Low_Frequency_Lines,45.255
1263821258.875,8.107,Low_Frequency_Lines,45.255
1263821553.656,19.801,Low_Frequency_Burst,22.627
1263822248.563,8.993,Scattered_Light,45.255
1263824826.477,8.675,Tomte,11.314
1263825309.875,7.881,Low_Frequency_Lines,45.255
1263825409.544,1222.552,Extremely_Loud,5.657
1263825553.281,12.677,Low_Frequency_Burst,11.314
1263827197.875,8.414,Low_Frequency_Lines,45.255
1263828070.344,10.33,Low_Frequency_Burst,11.314
1263828996.375,7.608,Low_Frequency_Lines,45.255
1263829431.094,8.268,Low_Frequency_Lines,22.627
1263829454.305,795.097,Extremely_Loud,11.314
1263830014.129,9.697,Tomte,5.657
1263830250.313,24.519,Low_Frequency_Lines,45.255
1263834203.906,26.515,Low_Frequency_Burst,11.314
1263834553.104,568.298,Koi_Fish,5.657
1263835535.063,58.232,Low_Frequency_Burst,22.627
1263836868.625,7.607,Low_Frequency_Lines,45.255
1263837535.125,9.053,Low_Frequency_Lines,45.255
1263838229.188,269.145,Low_Frequency_Burst,22.627
1263838927.469,18.988,Low_Frequency_Burst,11.314
1263839331.104,17.132,Tomte,5.657
1263841051.832,9.829,Blip_Low_Frequency,5.657
1263841068.125,8.14,Low_Frequency_Lines,45.255
1263842277.107,11.826,Whistle,45.255
1263842920.563,7.661,Low_Frequency_Lines,45.255
1263846210.52,2289.797,Extremely_Loud,11.314
1263847290.813,8.749,Scattered_Light,45.255
1263849765.724,39.957,Whistle,11.314
1263850296.438,11.201,Scattered_Light,45.255
1263850348.375,7.766,Low_Frequency_Lines,45.255
1263850369.152,35.73,Whistle,11.314
1263850446.175,47.867,Whistle,11.314
1263850448.064,24.043,Whistle,11.314
1263855704.422,39.837,Low_Frequency_Burst,11.314
1263856189.127,201.121,Koi_Fish,5.657
1263856457.906,22.863,Low_Frequency_Burst,11.314
1263856461.125,10.142,Scattered_Light,45.255
1263857198.625,9.694,Low_Frequency_Lines,45.255
1263857800.563,57.634,Low_Frequency_Lines,45.255
1263858372.191,15.335,Tomte,5.657
1263859023.473,7.87,Blip_Low_Frequency,5.657
1263861915.125,9.398,Low_Frequency_Lines,45.255
1263862292.699,31.095,Tomte,5.657
1263862994.25,33.003,Low_Frequency_Lines,45.255
1263863164.813,64.088,Low_Frequency_Lines,45.255
1263863536.594,31.33,Low_Frequency_Burst,11.314
1263863640.406,31.243,Low_Frequency_Burst,11.314
1263863657.656,12.713,Low_Frequency_Burst,22.627
1263863665.906,16.403,Low_Frequency_Burst,22.627
1263864310.469,9.564,Fast_Scattering,22.627
1263864562.027,1433.897,Extremely_Loud,5.657
1263866146.844,7.519,Low_Frequency_Lines,22.627
1263867744.813,15.577,Low_Frequency_Lines,45.255
1263869538.406,14.905,Low_Frequency_Burst,22.627
1263870132.496,11.908,Tomte,5.657
1263870788.422,67.339,Low_Frequency_Burst,22.627
1263871665.969,7.813,Low_Frequency_Burst,11.314
1263873684.179,2388.284,Extremely_Loud,5.657
1263874988.686,534.111,Extremely_Loud,5.657
1263875783.155,8.933,Whistle,22.627
1263876626.019,9.812,Whistle,22.627
1263876627.892,11.611,Whistle,22.627
1263877103.141,13.154,Scattered_Light,45.255
1263877692.469,11.975,Low_Frequency_Burst,22.627
1263877818.213,11.825,Whistle,22.627
1263878007.613,9.49,Whistle,11.314
1263878043.053,10.624,Whistle,22.627
1263878578.15,122.417,Koi_Fish,5.657
1263878878.621,8.811,Whistle,45.255
1263879074.125,9.995,Low_Frequency_Lines,45.255
1263879256.969,13.786,Low_Frequency_Burst,22.627
1263880214.37,7.561,Whistle,22.627
1263881369.733,8.664,Whistle,11.314
1263881600.375,7.769,Low_Frequency_Lines,45.255
1263881612.531,8.826,Low_Frequency_Burst,11.314
1263881630.479,9.681,Whistle,22.627
1263881677.625,8.873,Low_Frequency_Lines,45.255
1263882076.237,8.314,Whistle,11.314
1263882453.33,8.608,Whistle,22.627
1263882669.625,7.609,Low_Frequency_Lines,45.255
1263882719.504,8.812,Whistle,45.255
1263883103.096,9.28,Whistle,45.255
1263883320.293,7.537,Whistle,22.627
1263883905.563,122.672,Low_Frequency_Burst,22.627
1263884037.203,7.932,Low_Frequency_Burst,22.627
1263884311.866,7.545,Whistle,22.627
1263884446.629,30.561,Tomte,5.657
1263885087.643,9.422,Whistle,45.255
1263885201.465,2768.545,Extremely_Loud,5.657
1263885519.625,8.856,Low_Frequency_Lines,45.255
1263886586.502,11.868,Whistle,45.255
1263886597.577,14.517,Whistle,22.627
1263887272.625,7.759,Low_Frequency_Lines,45.255
1263888342.516,10.354,Fast_Scattering,11.314
1263889046.803,10.673,Whistle,22.627
1263889334.625,7.889,Low_Frequency_Lines,45.255
1263889831.969,7.59,Low_Frequency_Lines,22.627
1263890194.243,8.13,Whistle,45.255
1263891783.901,9.943,Whistle,45.255
1263893036.86,1561.188,Extremely_Loud,5.657
1263894233.875,10.298,Low_Frequency_Lines,45.255
1263894286.158,16.896,Whistle,22.627
1263895062.565,8.167,Whistle,45.255
1263896301.531,7.601,Low_Frequency_Lines,22.627
1263897331.513,9.184,Whistle,22.627
1263898964.023,8.616,Whistle,45.255
1263898968.843,7.994,Whistle,11.314
1263899266.284,10.951,Whistle,22.627
1263901024.666,9.34,Whistle,22.627
1263901996.094,12.022,Low_Frequency_Burst,11.314
1263902269.375,7.576,Low_Frequency_Lines,45.255
1263902995.467,15.45,Whistle,45.255
1263903182.573,10.565,Whistle,45.255
1263903496.219,7.845,Low_Frequency_Lines,22.627
1263903967.732,11.701,Whistle,45.255
1263903975.676,12.103,Whistle,22.627
1263904049.652,42.136,Whistle,11.314
1263904077.232,38.897,Whistle,11.314
1263904085.642,37.084,Whistle,11.314
1263904317.875,7.775,Low_Frequency_Lines,45.255
1263904522.379,8.502,Blip_Low_Frequency,5.657
1263904616.875,8.325,Low_Frequency_Lines,45.255
1263905205.766,8.996,Whistle,45.255
1263905432.215,7.994,Blip_Low_Frequency,5.657
1263905810.821,10.168,Whistle,45.255
1263906321.332,21.453,Whistle,11.314
1263906361.743,50.011,Whistle,22.627
1263906474.214,8.233,Low_Frequency_Burst,11.314
1263906486.097,52.627,Whistle,22.627
1263907451.521,12.878,Whistle,45.255
1263907824.891,26.569,Whistle,11.314
1263908133.528,10.694,Whistle,22.627
1263908587.456,9.469,Whistle,5.657
1263909487.625,10.455,Scattered_Light,45.255
1263910318.423,12.898,Whistle,22.627
1263910327.781,15.438,Whistle,11.314
1263910350.41,46.346,Tomte,5.657
1263910381.91,14.396,Whistle,5.657
1263910487.117,1409.442,Extremely_Loud,11.314
1263910801.79,36.858,Whistle,22.627
1263910967.478,36.756,Whistle,11.314
1263911160.828,8.379,Fast_Scattering,11.314
1263911351.473,8.704,Blip_Low_Frequency,5.657
1263911554.551,7.516,Whistle,22.627
1263911996.181,36.915,Whistle,22.627
1263912028.813,8.082,Scattered_Light,45.255
1263913788.406,31.104,Whistle,11.314
1263915332.482,105.71,Koi_Fish,5.657
1263915389.563,13.272,Fast_Scattering,22.627
1263915547.125,11.923,Low_Frequency_Lines,45.255
1263915874.125,8.09,Low_Frequency_Lines,45.255
1263916260.75,12.667,Low_Frequency_Lines,45.255
1263916533.75,9.346,Low_Frequency_Lines,45.255
1263917111.25,8.433,Low_Frequency_Lines,45.255
1263917172.301,8.069,Blip_Low_Frequency,5.657
1263917290.438,22.023,Low_Frequency_Burst,22.627
1263917679.687,17.868,Blip,5.657
1263918894.402,7.988,Blip_Low_Frequency,5.657
1263920238.75,10.559,Low_Frequency_Lines,45.255
1263920475.401,10.458,Whistle,45.255
1263921384.125,9.314,Low_Frequency_Lines,45.255
1263921488.821,11.173,Whistle,45.255
1263921695.839,10.54,Whistle,22.627
1263922887.864,10.346,Whistle,45.255
1263923938.25,20.707,Low_Frequency_Lines,45.255
1263924051.625,9.809,Scattered_Light,45.255
1263924095.391,8.847,Low_Frequency_Burst,5.657
1263924730.318,10.55,Whistle,45.255
1263944165.813,8.212,Scattered_Light,45.255
1263947654.095,22.641,Blip,5.657
1263950059.754,7.615,Blip_Low_Frequency,5.657
1263951015.625,8.1,Low_Frequency_Lines,45.255
1263951049.875,8.269,Low_Frequency_Lines,45.255
1263951740.125,9.184,Low_Frequency_Lines,45.255
1263952716.607,190.798,Koi_Fish,5.657
1263954282.875,7.584,Low_Frequency_Lines,45.255
1263954485.336,10.946,Blip_Low_Frequency,5.657
1263954773.125,7.721,Low_Frequency_Lines,45.255
1263957347.609,9.408,Low_Frequency_Burst,5.657
1263958237.594,7.727,Low_Frequency_Lines,45.255
1263960820.624,12.91,Blip,5.657
1263961490.424,66.125,Koi_Fish,5.657
1263961545.333,2329.14,Extremely_Loud,11.314
1263966839.344,74.266,Low_Frequency_Burst,11.314
1263966940.375,8.44,Low_Frequency_Lines,45.255
1263967292.156,13.839,Low_Frequency_Burst,11.314
1263967625.063,11.999,Scattered_Light,45.255
1263969221.656,8.949,Low_Frequency_Burst,11.314
1263970816.65,13.323,Blip_Low_Frequency,5.657
1263971120.313,9.093,Fast_Scattering,22.627
1263971591.824,1453.005,Extremely_Loud,5.657
1263972880.418,38.115,Tomte,5.657
1263973315.517,44.106,Blip,5.657
1263973385.172,23.307,Low_Frequency_Burst,11.314
1263974609.441,7.882,Blip_Low_Frequency,5.657
1263974911.656,136.619,Low_Frequency_Burst,22.627
1263977488.625,8.833,Low_Frequency_Lines,45.255
1263978023.469,8.268,Low_Frequency_Lines,45.255
1263978174.943,52.444,Tomte,5.657
1263978520.589,72.311,Koi_Fish,5.657
1263978595.426,9.835,Blip_Low_Frequency,5.657
1263978866.563,9.022,Low_Frequency_Lines,22.627
1263979751.843,279.903,Koi_Fish,5.657
1263980879.188,7.971,Fast_Scattering,22.627
1263981209.938,9.374,Low_Frequency_Lines,45.255
1263982123.615,25.762,Blip,5.657
1263983230.366,10.559,Blip,5.657
1263986868.375,11.587,Scattered_Light,45.255
1263987379.281,20.962,Low_Frequency_Burst,11.314
1263988407.939,30.983,Tomte,5.657
1263988417.776,8.895,Blip,5.657
1263988984.219,7.705,Low_Frequency_Lines,22.627
1263989289.563,12.578,Scattered_Light,45.255
1263989669.375,8.59,Low_Frequency_Lines,45.255
1263990098.875,8.4,Low_Frequency_Lines,45.255
1263990405.488,597.922,Extremely_Loud,5.657
1263991577.375,7.841,Low_Frequency_Lines,45.255
1263994278.142,580.96,Koi_Fish,5.657
1263994714.873,9.624,Blip_Low_Frequency,5.657
1263995388.438,8.106,Scattered_Light,45.255
1263997160.777,9.719,Blip_Low_Frequency,5.657
1263997771.504,8.081,Blip_Low_Frequency,5.657
1263998146.545,8.282,Blip_Low_Frequency,5.657
1263999584.969,11.488,Low_Frequency_Burst,11.314
1264001856.344,27.289,Low_Frequency_Burst,11.314
1264001875.094,8.615,Low_Frequency_Burst,11.314
1264002296.625,8.936,Low_Frequency_Lines,45.255
1264002393.844,7.818,Low_Frequency_Burst,11.314
1264005798.535,51.804,Tomte,5.657
1264005816.793,8.116,Blip_Low_Frequency,5.657
1264006626.375,8.252,Fast_Scattering,22.627
1264006634.625,9.145,Low_Frequency_Lines,45.255
1264007295.625,7.889,Low_Frequency_Lines,45.255
1264009066.185,7.648,Whistle,22.627
1264009123.895,10.518,Tomte,5.657
1264011259.762,27.418,Blip_Low_Frequency,5.657
1264015452.875,8.569,Low_Frequency_Lines,45.255
1264016763.875,7.526,Low_Frequency_Lines,45.255
1264021645.453,10.057,Fast_Scattering,22.627
1264022452.688,8.794,Scattered_Light,45.255
1264022527.156,12.765,Low_Frequency_Burst,22.627
1264022858.406,13.406,Low_Frequency_Burst,11.314
1264023299.904,11.409,Blip_Low_Frequency,5.657
1264023638.824,78.037,Tomte,5.657
1264024785.424,239.43,Koi_Fish,5.657
1264025233.561,198.142,Koi_Fish,5.657
1264026868.104,11.158,Blip,5.657
1264027422.473,1013.604,Extremely_Loud,5.657
1264030574.125,7.683,Low_Frequency_Lines,45.255
1264034951.969,8.448,Fast_Scattering,22.627
1264035226.801,8.969,Blip_Low_Frequency,5.657
1264037074.73,11.358,Tomte,5.657
1264037333.399,15.775,Blip,5.657
1264038885.164,47.728,Blip,5.657
1264040027.265,3874.164,Extremely_Loud,5.657
1264040272.379,520.582,Koi_Fish,5.657
1264040845.699,50.465,Blip,5.657
1264041306.406,9.788,Scattered_Light,45.255
1264042790.945,38.728,Blip,5.657
1264045321.807,639.478,Koi_Fish,5.657
1264052983.4,31.4,Fast_Scattering,5.657
1264053589.183,48.328,Koi_Fish,5.657
1264053953.632,603.349,Extremely_Loud,5.657
1264054831.061,34.911,Tomte,5.657
1264055097.822,37.287,Tomte,5.657
1264055809.547,10.688,Fast_Scattering,22.627
1264063590.063,7.565,Scattered_Light,45.255
1264063941.875,8.04,Low_Frequency_Lines,45.255
1264064841.625,7.656,Low_Frequency_Lines,45.255
1264067683.719,10.594,Low_Frequency_Burst,22.627
1264067771.125,9.45,Low_Frequency_Lines,45.255
1264068056.438,9.972,Low_Frequency_Burst,22.627
1264070658.875,9.042,Low_Frequency_Lines,45.255
1264071545.375,8.189,Low_Frequency_Lines,45.255
1264072301.625,7.663,Low_Frequency_Lines,45.255
1264072393.281,7.538,Low_Frequency_Lines,22.627
1264075397.281,20.902,Low_Frequency_Burst,11.314
1264085584.887,705.131,Extremely_Loud,11.314
1264085793.969,13.336,Low_Frequency_Burst,11.314
1264086588.625,8.328,Low_Frequency_Lines,45.255
1264087678.359,9.619,Fast_Scattering,22.627
1264087842.879,39.51,Tomte,5.657
1264087875.875,8.468,Low_Frequency_Lines,45.255
1264088595.625,7.734,Low_Frequency_Lines,45.255
1264090114.909,160.983,Koi_Fish,5.657
1264090362.665,15.058,Blip,5.657
1264090770.716,8.434,Whistle,11.314
1264091170.31,8.318,Whistle,45.255
1264091184.487,7.734,Whistle,45.255
1264091528.688,8.565,Scattered_Light,45.255
1264094166.875,7.689,Low_Frequency_Lines,45.255
1264094247.031,10.171,Low_Frequency_Burst,11.314
1264094920.938,8.113,Low_Frequency_Lines,45.255
1264095626.875,7.823,Low_Frequency_Lines,45.255
1264096123.176,45.78,Tomte,5.657
1264097303.609,13.469,Fast_Scattering,22.627
1264097985.094,7.709,Low_Frequency_Lines,22.627
1264099088.047,23.163,Low_Frequency_Burst,11.314
1264101029.001,735.079,Extremely_Loud,5.657
1264103049.84,3159.542,Extremely_Loud,5.657
1264103380.808,108.304,Koi_Fish,5.657
1264103993.402,5642.226,Extremely_Loud,11.314
1264104374.875,7.556,Low_Frequency_Lines,45.255
1264105054.707,7.746,Blip_Low_Frequency,5.657
1264105762.375,10.117,Scattered_Light,45.255
1264105927.917,82.248,Koi_Fish,5.657
1264108746.278,1129.111,Extremely_Loud,5.657
1264110121.479,7.856,Whistle,22.627
1264110308.778,9.093,Whistle,11.314
1264110316.75,9.839,Low_Frequency_Lines,45.255
1264110406.629,21.465,Tomte,5.657
1264110441.42,7.855,Whistle,45.255
1264110489.777,9.265,Whistle,22.627
1264111057.902,38.645,Tomte,5.657
1264111109.25,26.808,Low_Frequency_Lines,45.255
1264111117.813,8.638,Low_Frequency_Lines,45.255
1264111331.156,7.621,Low_Frequency_Lines,22.627
1264111471.406,9.257,Low_Frequency_Burst,5.657
1264111644.61,8.018,Whistle,22.627
1264111732.476,8.962,Whistle,45.255
1264111766.875,8.344,Low_Frequency_Lines,45.255
1264111905.394,8.306,Whistle,22.627
1264111985.973,120.245,Koi_Fish,5.657
1264112764.374,12.652,Whistle,5.657
1264113136.759,25.898,Blip,5.657
1264113410.986,10.68,Whistle,5.657
1264113488.835,11.812,Whistle,11.314
1264113491.753,9.335,Whistle,5.657
1264113574.25,13.861,Whistle,11.314
1264113575.164,14.72,Whistle,11.314
1264113618.801,43.858,Whistle,11.314
1264113713.355,16.278,Tomte,5.657
1264113722.632,14.903,Whistle,22.627
1264113724.319,14.977,Whistle,22.627
1264113969.889,79.676,Whistle,45.255
1264113973.988,10.956,Whistle,22.627
1264114002.967,393.491,Extremely_Loud,5.657
1264114150.781,83.749,Blip_Low_Frequency,5.657
1264114254.449,7.567,Blip_Low_Frequency,5.657
1264114703.574,10.187,Whistle,11.314
1264115185.763,13.188,Whistle,22.627
1264115597.984,13.889,Whistle,11.314
1264115653.989,13.908,Whistle,11.314
1264115748.416,21.567,Whistle,22.627
1264115809.172,9.045,Low_Frequency_Burst,5.657
1264115913.203,11.319,Fast_Scattering,11.314
1264119506.219,27.95,Low_Frequency_Burst,11.314
1264119554.969,7.916,Low_Frequency_Burst,11.314
1264119594.25,10.709,Low_Frequency_Lines,45.255
1264119935.125,7.812,Low_Frequency_Lines,45.255
1264120327.975,30.165,Tomte,5.657
1264120398.672,7.584,Fast_Scattering,22.627
1264122708.375,10.417,Scattered_Light,45.255
1264123164.563,17.84,Low_Frequency_Burst,11.314
1264123895.658,22.627,Tomte,5.657
1264124763.594,40.294,Low_Frequency_Burst,22.627
1264126772.996,24.423,Tomte,5.657
1264127610.625,7.832,Low_Frequency_Lines,45.255
1264127827.625,9.265,Low_Frequency_Lines,45.255
1264128036.188,9.779,Scattered_Light,45.255
1264128863.307,206.933,Koi_Fish,5.657
1264129972.219,8.838,Scattered_Light,45.255
1264129997.183,11.631,Blip,5.657
1264130080.375,9.151,Low_Frequency_Lines,45.255
1264130110.375,8.219,Low_Frequency_Lines,45.255
1264131014.129,14.096,Tomte,5.657
1264131479.781,11.343,Scattered_Light,45.255
1264131951.393,5014.792,Extremely_Loud,5.657
1264132675.125,7.573,Low_Frequency_Lines,45.255
1264133290.858,9.335,Blip,5.657
1264135475.094,10.189,Low_Frequency_Burst,11.314
1264145675.188,9.766,Whistle,22.627
1264147221.277,2198.494,Extremely_Loud,5.657
1264147698.625,8.858,Scattered_Light,45.255
1264148255.723,8.768,Blip_Low_Frequency,5.657
1264149028.125,7.665,Low_Frequency_Lines,45.255
1264151408.938,7.98,Low_Frequency_Lines,45.255
1264152268.815,10.47,Whistle,45.255
1264152334.344,53.168,Low_Frequency_Burst,22.627
1264152341.031,56.66,Low_Frequency_Burst,22.627
1264152345.781,17.553,Low_Frequency_Burst,11.314
1264152350.656,14.522,Low_Frequency_Burst,22.627
1264152829.57,2238.114,Extremely_Loud,22.627
1264152878.563,8.759,Scattered_Light,45.255
1264152953.125,13.542,Fast_Scattering,22.627
1264153392.875,7.638,Low_Frequency_Lines,45.255
1264153740.625,7.507,Low_Frequency_Lines,45.255
1264154371.944,8.108,Whistle,45.255
1264154829.125,15.189,Scattered_Light,45.255
1264155299.781,11.466,Scattered_Light,45.255
1264155350.688,10.777,Fast_Scattering,22.627
1264155779.375,9.348,Low_Frequency_Lines,45.255
1264156285.06,10.025,Whistle,5.657
1264156287.038,15.748,Blip,5.657
1264158760.785,12.451,Whistle,45.255
1264160242.317,7.909,Whistle,5.657
1264160294.987,10.131,Whistle,45.255
1264160391.75,7.918,Whistle,11.314
1264160410.362,8.018,Whistle,45.255
1264160754.95,9.806,Whistle,45.255
1264161037.748,8.951,Whistle,11.314
1264161497.764,12.772,Whistle,22.627
1264161934.821,29.601,Whistle,11.314
1264162041.744,46.457,Whistle,22.627
1264162109.266,7.704,Low_Frequency_Lines,22.627
1264162435.118,37.887,Whistle,11.314
1264162614.518,38.965,Blip,5.657
1264162617.438,12.712,Low_Frequency_Lines,45.255
1264163111.375,7.744,Low_Frequency_Lines,45.255
1264163229.424,12.321,Whistle,45.255
1264163271.319,7.833,Whistle,45.255
1264163311.993,9.587,Whistle,45.255
1264163427.565,9.567,Whistle,22.627
1264163535.399,8.514,Whistle,11.314
1264163835.281,10.331,Low_Frequency_Lines,22.627
1264164097.311,8.167,Whistle,45.255
1264165126.311,8.244,Whistle,22.627
1264165354.706,10.537,Whistle,11.314
1264165540.519,8.537,Whistle,22.627
1264165731.125,8.501,Low_Frequency_Lines,45.255
1264166168.125,10.236,Low_Frequency_Lines,45.255
1264166303.86,11.807,Whistle,45.255
1264167551.677,26.452,Whistle,11.314
1264167577.996,30.53,Whistle,11.314
1264167771.25,9.582,Low_Frequency_Lines,45.255
1264167906.781,12.931,Scattered_Light,22.627
1264167970.082,8.282,Blip_Low_Frequency,5.657
1264168165.977,12.484,Blip,5.657
1264168973.762,7.768,Whistle,22.627
1264169404.568,10.352,Whistle,22.627
1264169430.853,8.143,Whistle,22.627
1264169654.782,7.988,Whistle,11.314
1264169839.188,7.734,Low_Frequency_Lines,45.255
1264170061.706,8.903,Whistle,11.314
1264170212.928,8.346,Whistle,11.314
1264170759.125,9.193,Low_Frequency_Lines,45.255
1264171180.656,8.914,Low_Frequency_Lines,22.627
1264171205.576,30.749,Whistle,11.314
1264171274.313,15.231,Whistle,22.627
1264171348.625,28.799,Whistle,11.314
1264171371.047,9.815,Whistle,11.314
1264171384.132,19.354,Whistle,22.627
1264171536.09,15.306,Whistle,11.314
1264171843.74,29.09,Whistle,11.314
1264172344.587,31.804,Blip,5.657
1264172430.537,28.924,Whistle,11.314
1264172517.443,14.312,Whistle,22.627
1264172657.688,12.717,Whistle,22.627
1264172729.272,7.653,Whistle,11.314
1264173162.131,29.294,Whistle,5.657
1264173270.992,13.247,Whistle,22.627
1264173306.125,7.509,Low_Frequency_Lines,45.255
1264173434.444,775.423,Extremely_Loud,5.657
1264173613.017,28.296,Whistle,11.314
1264173632.761,31.316,Whistle,22.627
1264173788.244,29.798,Whistle,22.627
1264174316.939,11.091,Whistle,45.255
1264174317.529,8.357,Whistle,45.255
1264175434.563,9.566,Scattered_Light,45.255
1264175511.906,8.141,Low_Frequency_Burst,5.657
1264177272.54,14.791,Whistle,45.255
1264177661.938,9.077,Scattered_Light,45.255
1264178516.902,14.574,Tomte,5.657
1264180360.875,9.556,Low_Frequency_Lines,45.255
1264180578.932,34.863,Whistle,11.314
1264180817.565,29.277,Blip,11.314
1264180942.5,40.419,Whistle,22.627
1264180956.625,40.655,Whistle,11.314
1264181011.478,46.806,Koi_Fish,22.627
1264181041.01,17.523,Whistle,11.314
1264181152.555,41.034,Whistle,22.627
1264181161.537,36.561,Whistle,11.314
1264181169.499,39.092,Whistle,11.314
1264181193.816,22.823,Whistle,11.314
1264181268.231,10.942,Whistle,22.627
1264181447.158,49.952,Whistle,45.255
1264181540.48,8.112,Blip_Low_Frequency,5.657
1264181566.28,112.106,Koi_Fish,22.627
1264181641.884,35.089,Whistle,22.627
1264181660.098,79.523,Whistle,45.255
1264181695.202,30.599,Whistle,22.627
1264181781.972,14.229,Whistle,11.314
1264181865.761,30.303,Whistle,22.627
1264185931.594,34.019,Low_Frequency_Burst,11.314
1264192357.625,8.599,Low_Frequency_Lines,45.255
1264193056.25,8.65,Low_Frequency_Lines,45.255
1264194229.375,7.557,Low_Frequency_Lines,45.255
1264195750.148,8.836,Fast_Scattering,11.314
1264195797.375,8.547,Low_Frequency_Lines,45.255
1264196025.311,7.69,Whistle,22.627
1264196479.875,8.22,Low_Frequency_Lines,45.255
1264197822.313,8.734,Scattered_Light,45.255
1264200612.543,13.933,Blip,5.657
1264202735.473,17.504,Tomte,5.657
1264203225.188,8.316,Fast_Scattering,22.627
1264204011.954,720.245,Extremely_Loud,22.627
1264204974.469,9.353,Low_Frequency_Burst,22.627
1264205752.125,7.854,Low_Frequency_Lines,45.255
1264208405.125,7.874,Low_Frequency_Lines,45.255
1264212192.668,9.032,Blip_Low_Frequency,5.657
1264212304.719,11.113,Low_Frequency_Burst,5.657
1264213716.844,42.337,Low_Frequency_Burst,22.627
1264214952.125,8.076,Low_Frequency_Lines,45.255
1264215634.592,27.675,Koi_Fish,5.657
1264216310.746,9.228,Whistle,45.255
1264216420.11,8.678,Whistle,22.627
1264217448.75,12.462,Low_Frequency_Lines,45.255
1264224555.648,218.946,Extremely_Loud,11.314
1264224560.061,15.347,Blip_Low_Frequency,5.657
1264224788.588,38.641,Tomte,5.657
1264225439.496,8.023,Whistle,45.255
1264225802.941,27.055,Tomte,11.314
1264226089.387,8.247,Whistle,45.255
1264226605.625,10.096,Low_Frequency_Lines,45.255
1264226849.563,7.818,Low_Frequency_Lines,45.255
1264229521.048,8.79,Blip,5.657
1264229527.408,7.8,Blip,5.657
1264232225.266,8.3,Blip_Low_Frequency,11.314
1264235848.625,7.57,Low_Frequency_Lines,45.255
1264237345.713,9.325,Whistle,45.255
1264237660.93,708.834,Extremely_Loud,22.627
1264238105.531,8.304,Low_Frequency_Lines,22.627
1264238730.688,10.216,Scattered_Light,45.255
1264238732.407,30.034,Blip,5.657
1264239510.375,7.795,Low_Frequency_Lines,45.255
1264240742.035,31.656,Tomte,5.657
1264240889.149,33.38,Blip,5.657
1264241499.34,14.763,Tomte,5.657
1264242191.281,16.826,Low_Frequency_Burst,11.314
1264242732.219,11.081,Low_Frequency_Burst,22.627
1264242886.734,11.001,Low_Frequency_Burst,11.314
1264243205.094,74.347,Low_Frequency_Burst,22.627
1264244015.094,11.175,Low_Frequency_Burst,5.657
1264245144.375,7.741,Low_Frequency_Lines,45.255
1264245572.596,532.672,Extremely_Loud,5.657
1264248534.156,16.889,Low_Frequency_Burst,11.314
1264250254.375,8.244,Low_Frequency_Lines,45.255
1264251139.228,10.587,Whistle,45.255
1264251140.695,8.98,Whistle,45.255
1264251146.993,9.337,Whistle,45.255
1264251200.751,10.374,Whistle,22.627
1264251540.363,15.904,Tomte,5.657
1264251607.75,8.551,Low_Frequency_Lines,45.255
1264251614.21,8.766,Whistle,22.627
1264251703.226,11.618,Whistle,22.627
1264251772.976,7.765,Whistle,22.627
1264251853.875,8.279,Low_Frequency_Lines,45.255
1264251898.545,8.423,Whistle,22.627
1264252111.299,8.845,Whistle,22.627
1264252343.441,9.29,Whistle,45.255
1264252871.757,12.821,Whistle,45.255
1264254049.103,11.016,Whistle,45.255
1264254411.807,8.078,Whistle,11.314
1264254989.155,10.595,Whistle,22.627
1264255379.003,10.225,Whistle,11.314
1264255555.907,12.939,Whistle,45.255
1264256208.75,7.97,Low_Frequency_Burst,22.627
1264256293.978,2625.711,Extremely_Loud,45.255
1264256351.522,9.59,Whistle,45.255
1264256352.778,11.423,Whistle,45.255
1264256733.75,7.974,Low_Frequency_Lines,45.255
1264257097.893,8.603,Blip_Low_Frequency,5.657
1264257112.294,7.506,Whistle,22.627
1264257283.065,7.785,Whistle,45.255
1264257867.75,14.509,Low_Frequency_Lines,45.255
1264257879.25,10.425,Low_Frequency_Lines,45.255
1264257982.094,10.172,Scattered_Light,45.255
1264258064.587,32.515,Whistle,11.314
1264258340.125,7.949,Low_Frequency_Lines,45.255
1264258366.25,8.475,Low_Frequency_Lines,45.255
1264295724.875,7.595,Low_Frequency_Lines,45.255
1264297540.969,65.328,Low_Frequency_Burst,22.627
1264297808.531,7.608,Low_Frequency_Lines,22.627
1264299196.453,19.561,Low_Frequency_Burst,22.627
1264304624.218,10.049,Blip_Low_Frequency,5.657
1264306234.282,33.107,Koi_Fish,5.657
1264307199.375,7.578,Low_Frequency_Lines,45.255
1264307858.625,8.434,Low_Frequency_Lines,45.255
1264309946.025,24.674,Tomte,5.657
1264310511.625,9.275,Low_Frequency_Lines,45.255
1264310576.494,19.446,Tomte,5.657
1264311169.375,14.622,Scattered_Light,45.255
1264312348.625,9.854,Low_Frequency_Lines,45.255
1264313310.125,9.788,Low_Frequency_Lines,45.255
1264313336.375,8.526,Low_Frequency_Lines,45.255
1264313416.375,15.251,Scattered_Light,45.255
1264314532.125,8.772,Low_Frequency_Lines,45.255
1264319762.906,7.785,Low_Frequency_Lines,22.627
1264320646.125,7.513,Low_Frequency_Lines,45.255
1264323378.423,249.857,Extremely_Loud,5.657
1264324145.08,119.356,Koi_Fish,5.657
1264326100.207,301.194,Koi_Fish,5.657
1264326102.637,29.407,Tomte,5.657
1264326114.375,7.517,Low_Frequency_Lines,45.255
1264326631.031,8.296,Fast_Scattering,22.627
1264326704.625,7.902,Low_Frequency_Lines,45.255
1264328211.898,8.168,Blip_Low_Frequency,5.657
1264328395.49,564.18,Koi_Fish,5.657
1264328554.867,8.095,Fast_Scattering,11.314
1264328956.531,8.863,Low_Frequency_Burst,11.314
1264329592.875,7.66,Low_Frequency_Lines,45.255
1264329705.574,32.335,Koi_Fish,5.657
1264330002.148,19.872,Koi_Fish,22.627
1264330351.233,13.267,Blip,5.657
1264330378.965,10.283,Koi_Fish,5.657
1264330395.164,22.719,Koi_Fish,11.314
1264331445.016,11.393,Koi_Fish,11.314
1264332723.635,10.483,Blip,5.657
1264334146.625,9.39,Low_Frequency_Lines,45.255
1264334322.966,11.13,Blip,5.657
1264334337.1,24.326,Koi_Fish,5.657
1264334542.977,12.656,Koi_Fish,22.627
1264334546.606,21.879,Koi_Fish,5.657
1264334622.229,8.323,Blip_Low_Frequency,5.657
1264336181.023,9.583,Blip,5.657
1264336282.088,32.973,Koi_Fish,5.657
1264336287.313,7.693,Low_Frequency_Lines,45.255
1264336480.307,17.731,Koi_Fish,5.657
1264336795.68,7.963,Blip_Low_Frequency,5.657
1264336898.773,7.841,Fast_Scattering,11.314
1264337334.483,21.625,Koi_Fish,5.657
1264339637.048,10.814,Blip_Low_Frequency,5.657
1264339647.834,15.053,Blip,5.657
1264340051.688,7.746,Low_Frequency_Lines,45.255
1264340122.867,80.449,Koi_Fish,11.314
1264340664.944,22.999,Blip,5.657
1264341217.648,9.37,Blip_Low_Frequency,5.657
1264342108.933,532.37,Koi_Fish,5.657
1264342402.875,7.871,Low_Frequency_Lines,45.255
1264342427.875,8.321,Low_Frequency_Lines,45.255
1264343462.397,483.254,Koi_Fish,5.657
1264345657.125,9.356,Low_Frequency_Lines,45.255
1264347419.25,9.938,Low_Frequency_Lines,45.255
1264348719.125,7.6,Low_Frequency_Lines,45.255
1264349179.219,8.467,Low_Frequency_Burst,5.657
1264349260.75,9.296,Low_Frequency_Lines,45.255
1264350029.581,400.926,Koi_Fish,5.657
1264351379.758,7.507,Fast_Scattering,11.314
1264351527.094,8.129,Low_Frequency_Burst,22.627
1264351533.313,9.82,Low_Frequency_Burst,22.627
1264353345.691,1026.107,Extremely_Loud,11.314
1264354254.781,9.68,Scattered_Light,45.255
1264354601.772,374.476,Extremely_Loud,5.657
1264355841.531,10.814,Scattered_Light,45.255
1264357162.813,7.619,Low_Frequency_Burst,22.627
1264358696.281,16.51,Low_Frequency_Burst,22.627
1264361984.86,9.489,Whistle,45.255
1264362212.75,8.144,Low_Frequency_Lines,45.255
1264362615.937,11.171,Whistle,45.255
1264363044.668,13.962,Tomte,5.657
1264364425.991,8.376,Whistle,22.627
1264364558.438,7.664,Fast_Scattering,22.627
1264364621.342,15.045,Tomte,5.657
1264365524.817,8.345,Blip,5.657
1264366082.345,11.171,Whistle,45.255
1264366544.599,9.429,Whistle,5.657
1264366964.932,7.599,Blip,5.657
1264367505.75,26.195,Low_Frequency_Lines,45.255
1264367724.698,9.824,Blip,5.657
1264367860.923,8.68,Whistle,45.255
1264368164.118,13.574,Whistle,45.255
1264368398.469,12.622,Low_Frequency_Burst,5.657
1264368618.912,11.483,Whistle,45.255
1264368713.304,11.377,Whistle,45.255
1264368714.661,14.492,Whistle,22.627
1264368737.435,9.742,Whistle,45.255
1264368789.388,10.379,Whistle,45.255
1264369283.347,8.839,Whistle,22.627
1264369324.984,8.615,Fast_Scattering,11.314
1264369442.33,10.736,Whistle,45.255
1264369564.687,9.696,Whistle,45.255
1264369841.76,9.634,Whistle,11.314
1264369984.187,8.74,Whistle,22.627
1264370435.75,8.118,Low_Frequency_Lines,45.255
1264370680.138,8.168,Whistle,45.255
1264370681.115,7.647,Blip_Low_Frequency,5.657
1264370748.542,11.34,Whistle,22.627
1264370749.779,11.332,Whistle,45.255
1264370861.152,9.012,Blip_Low_Frequency,5.657
1264370870.569,10.705,Whistle,45.255
1264370964.413,12.307,Whistle,22.627
1264370980.103,8.437,Whistle,22.627
1264371133.931,11.058,Whistle,22.627
1264371365.188,10.078,Whistle,5.657
1264371374.068,9.643,Whistle,11.314
1264371547.466,11.458,Whistle,22.627
1264371600.636,12.468,Whistle,22.627
1264371609.311,14.716,Whistle,22.627
1264371635.117,8.19,Whistle,22.627
1264371753.224,25.336,Whistle,22.627
1264372238.333,7.886,Whistle,22.627
1264372341.83,9.889,Whistle,22.627
1264372449.884,11.256,Whistle,11.314
1264372725.719,9.654,Low_Frequency_Burst,22.627
1264373129.744,9.311,Whistle,45.255
1264373294.093,10.564,Whistle,45.255
1264373374.904,14.854,Whistle,45.255
1264373496.679,11.32,Whistle,22.627
1264373550.295,11.465,Whistle,22.627
1264373776.786,10.382,Whistle,45.255
1264373926.8,10.427,Whistle,11.314
1264374126.523,22.141,Whistle,45.255
1264374146.819,8.036,Whistle,11.314
1264374188.875,8.073,Low_Frequency_Lines,45.255
1264374386.848,9.849,Whistle,22.627
1264374402.527,21.11,Whistle,45.255
1264374453.028,8.28,Whistle,22.627
1264374453.936,11.063,Whistle,45.255
1264374565.955,11.126,Whistle,22.627
1264374601.6,11.785,Whistle,45.255
1264375057.411,11.192,Whistle,22.627
1264375140.924,10.676,Whistle,22.627
1264375232.252,13.04,Whistle,45.255
1264375784.365,10.289,Whistle,22.627
1264376032.391,7.563,Whistle,22.627
1264376230.309,8.591,Whistle,11.314
1264376308.563,60.574,Low_Frequency_Lines,45.255
1264376460.55,17.662,Blip,5.657
1264376566.86,10.528,Whistle,11.314
1264376654.736,26.218,Blip,5.657
1264376663.252,28.568,Whistle,11.314
1264376724.652,8.426,Whistle,5.657
1264376845.407,10.251,Whistle,22.627
1264376855.658,10.024,Whistle,45.255
1264377043.329,11.194,Whistle,22.627
1264377219.162,9.703,Whistle,11.314
1264377305.468,9.717,Whistle,11.314
1264377308.061,10.264,Whistle,45.255
1264377326.943,15.475,Tomte,5.657
1264377339.154,7.584,Whistle,22.627
1264377525.491,9.623,Whistle,45.255
1264377579.74,14.576,Whistle,45.255
1264377701.617,10.128,Whistle,11.314
1264377807.077,10.715,Whistle,45.255
1264378027.75,11.519,Low_Frequency_Lines,45.255
1264378040.73,8.92,Whistle,22.627
1264378170.086,1195.27,Extremely_Loud,45.255
1264378490.241,12.535,Whistle,45.255
1264378507.441,13.324,Whistle,22.627
1264378598.18,7.992,Whistle,45.255
1264378736.746,13.449,Whistle,11.314
1264378923.755,8.059,Whistle,22.627
1264379021.468,11.388,Whistle,11.314
1264379150.75,9.473,Low_Frequency_Lines,45.255
1264379210.939,13.593,Whistle,45.255
1264379348.938,10.413,Whistle,22.627
1264379479.211,11.849,Whistle,5.657
1264379604.226,8.261,Whistle,45.255
1264379640.615,37.042,Whistle,22.627
1264379666.633,31.938,Whistle,5.657
1264379672.156,7.873,Low_Frequency_Lines,22.627
1264379712.125,7.739,Low_Frequency_Lines,45.255
1264379786.844,8.255,Low_Frequency_Burst,22.627
1264379992.584,9.014,Blip_Low_Frequency,5.657
1264380206.998,31.053,Whistle,22.627
1264380242.896,8.579,Whistle,11.314
1264380425.214,10.713,Whistle,45.255
1264380487.854,13.97,Whistle,45.255
1264380563.071,8.058,Whistle,45.255
1264380565.628,9.909,Whistle,11.314
1264380582.385,8.151,Whistle,22.627
1264380721.383,35.155,Whistle,22.627
1264381045.644,11.403,Whistle,22.627
1264381142.0,32.259,Whistle,11.314
1264381389.015,29.776,Whistle,11.314
1264381396.646,27.83,Whistle,11.314
1264381404.996,34.347,Whistle,22.627
1264381526.701,12.874,Whistle,45.255
1264381533.229,8.663,Blip,5.657
1264381551.033,8.877,Whistle,22.627
1264381603.725,12.308,Whistle,45.255
1264381643.69,9.565,Whistle,45.255
1264381814.715,13.675,Whistle,11.314
1264381975.279,9.498,Whistle,45.255
1264382190.3,13.612,Whistle,11.314
1264382270.99,10.111,Blip,5.657
1264382273.166,11.254,Whistle,11.314
1264382356.625,7.956,Low_Frequency_Lines,45.255
1264382405.799,23.304,Whistle,11.314
1264382586.454,26.316,Whistle,11.314
1264382774.867,7.803,Whistle,11.314
1264382782.997,19.231,Whistle,11.314
1264383010.865,9.731,Whistle,45.255
1264383013.002,10.174,Whistle,5.657
1264383171.946,26.588,Whistle,11.314
1264383213.594,29.427,Whistle,11.314
1264383382.518,8.765,Whistle,22.627
1264383719.665,10.797,Whistle,22.627
1264383845.147,13.953,Whistle,11.314
1264383870.56,13.6,Whistle,5.657
1264383870.982,23.651,Whistle,11.314
1264383948.342,12.443,Whistle,11.314
1264384070.834,26.692,Whistle,11.314
1264384330.196,21.647,Whistle,11.314
1264384352.728,9.324,Blip,5.657
1264384403.835,10.716,Whistle,45.255
1264384469.375,32.547,Whistle,11.314
1264384475.531,7.929,Low_Frequency_Burst,11.314
1264384593.738,27.782,Whistle,11.314
1264384602.126,11.502,Whistle,11.314
1264384697.313,20.261,Low_Frequency_Burst,22.627
1264384848.27,17.034,Whistle,11.314
1264384860.946,18.068,Whistle,11.314
1264384869.22,28.0,Whistle,22.627
1264384956.375,7.691,Low_Frequency_Lines,45.255
1264385097.361,8.028,Blip,5.657
1264385276.55,20.919,Whistle,11.314
1264385285.013,22.128,Whistle,11.314
1264385526.514,22.727,Whistle,22.627
1264386136.109,10.449,Whistle,11.314
1264386160.428,27.248,Whistle,22.627
1264386202.156,9.27,Low_Frequency_Burst,11.314
1264386294.458,25.918,Whistle,22.627
1264386326.188,7.568,Low_Frequency_Burst,22.627
1264386387.625,7.69,Low_Frequency_Lines,45.255
1264386392.551,24.728,Whistle,22.627
1264386590.871,29.039,Whistle,11.314
1264386594.969,7.513,Low_Frequency_Burst,22.627
1264386768.114,23.045,Whistle,5.657
1264386776.022,19.988,Whistle,11.314
1264386784.531,10.533,Whistle,11.314
1264386821.109,13.06,Whistle,11.314
1264386849.783,23.912,Whistle,22.627
1264387236.09,1837.693,Extremely_Loud,11.314
1264387303.236,7.57,Blip_Low_Frequency,5.657
1264387651.344,9.359,Scattered_Light,45.255
1264387729.344,20.99,Whistle,11.314
1264387736.897,11.884,Whistle,11.314
1264387739.582,7.518,Blip_Low_Frequency,5.657
1264388731.174,12.381,Whistle,45.255
1264389080.521,8.592,Whistle,45.255
1264389493.68,27.806,Whistle,22.627
1264389575.93,20.773,Whistle,5.657
1264389580.987,18.251,Whistle,11.314
1264389618.313,32.245,Low_Frequency_Lines,45.255
1264389630.378,25.26,Whistle,11.314
1264389641.844,18.057,Whistle,11.314
1264389646.486,26.535,Whistle,22.627
1264389880.653,10.998,Whistle,22.627
1264389930.758,29.372,Whistle,22.627
1264390013.722,10.859,Whistle,11.314
1264390014.94,11.385,Whistle,11.314
1264390140.548,7.535,Whistle,22.627
1264390159.805,8.527,Whistle,45.255
1264390283.917,7.799,Whistle,22.627
1264390999.866,9.88,Whistle,45.255
1264391080.739,9.703,Whistle,45.255
1264391588.054,25.636,Whistle,11.314
1264391924.104,31.106,Whistle,22.627
1264391940.291,14.028,Whistle,22.627
1264392020.661,11.92,Whistle,45.255
1264392806.188,8.166,Low_Frequency_Lines,45.255
1264392819.664,27.986,Whistle,22.627
1264393284.581,9.337,Blip,5.657
1264393442.625,7.786,Low_Frequency_Lines,45.255
1264393486.956,11.222,Whistle,11.314
1264393495.423,26.47,Whistle,11.314
1264393616.665,14.993,Whistle,5.657
1264393621.265,24.732,Whistle,5.657
1264393657.537,13.115,Whistle,5.657
1264393807.878,26.2,Whistle,11.314
1264393811.35,20.225,Whistle,22.627
1264393823.594,14.451,Low_Frequency_Burst,22.627
1264394047.278,33.84,Whistle,22.627
1264394075.561,15.358,Whistle,11.314
1264394083.434,14.131,Whistle,11.314
1264394114.104,13.82,Whistle,22.627
1264394162.087,35.722,Whistle,22.627
1264394222.877,24.602,Whistle,11.314
1264394363.647,9.573,Whistle,22.627
1264394418.009,8.789,Whistle,45.255
1264394482.705,31.675,Whistle,5.657
1264394787.416,7.705,Blip_Low_Frequency,5.657
1264394847.548,17.053,Whistle,22.627
1264395163.722,15.817,Whistle,45.255
1264395219.917,13.782,Whistle,11.314
1264395294.143,8.509,Whistle,45.255
1264395459.243,34.516,Whistle,22.627
1264395813.417,8.818,Whistle,22.627
1264395869.939,30.21,Whistle,22.627
1264395899.161,12.89,Whistle,45.255
1264395900.732,16.517,Whistle,45.255
1264396080.658,32.044,Whistle,22.627
1264396565.063,8.36,Scattered_Light,45.255
1264396596.354,10.287,Whistle,5.657
1264396637.924,11.821,Whistle,11.314
1264396762.941,10.634,Whistle,11.314
1264396843.902,24.151,Blip,5.657
1264396921.034,7.902,Whistle,22.627
1264396928.981,10.933,Whistle,22.627
1264397049.025,10.285,Whistle,45.255
1264397581.361,18.73,Whistle,45.255
1264397615.749,15.759,Whistle,22.627
1264398241.201,14.668,Whistle,45.255
1264398564.244,21.69,Whistle,11.314
1264398567.955,15.42,Whistle,22.627
1264398987.326,209.344,Koi_Fish,5.657
1264399003.8,10.146,Whistle,45.255
1264399098.803,11.948,Whistle,45.255
1264399154.365,9.369,Whistle,5.657
1264399170.691,10.46,Whistle,5.657
1264399469.705,10.304,Whistle,45.255
1264399678.373,11.284,Whistle,22.627
1264399715.832,10.743,Whistle,11.314
1264399847.253,9.983,Whistle,22.627
1264400572.554,9.818,Whistle,11.314
1264400700.875,9.082,Low_Frequency_Lines,45.255
1264401221.326,10.509,Whistle,22.627
1264401261.251,10.827,Whistle,22.627
1264401335.815,9.994,Whistle,11.314
1264401960.555,14.617,Fast_Scattering,11.314
1264402104.551,8.036,Blip_Low_Frequency,5.657
1264402335.031,15.076,Low_Frequency_Burst,11.314
1264402442.751,14.611,Whistle,45.255
1264402552.141,7.574,Low_Frequency_Burst,11.314
1264402985.129,12.486,Whistle,45.255
1264403279.857,9.016,Whistle,45.255
1264403468.248,12.465,Whistle,45.255
1264403704.125,10.825,Whistle,5.657
1264403708.57,14.759,Whistle,22.627
1264403758.313,8.934,Low_Frequency_Lines,45.255
1264403764.518,7.605,Whistle,22.627
1264403767.525,11.709,Whistle,22.627
1264403780.078,10.594,Fast_Scattering,22.627
1264404132.505,12.586,Blip,5.657
1264404275.71,8.371,Blip,5.657
1264404304.959,8.857,Whistle,5.657
1264404593.625,8.628,Low_Frequency_Lines,45.255
1264404604.259,10.455,Whistle,45.255
1264405031.606,9.166,Whistle,22.627
1264405431.575,9.375,Whistle,11.314
1264405580.76,11.965,Whistle,22.627
1264405702.689,14.155,Whistle,45.255
1264405888.19,11.926,Whistle,22.627
1264406116.978,10.419,Whistle,45.255
1264406134.667,12.838,Blip,5.657
1264406360.444,8.928,Whistle,45.255
1264406975.146,10.81,Whistle,45.255
1264407180.705,14.112,Whistle,45.255
1264407503.154,10.058,Whistle,45.255
1264407531.735,9.529,Whistle,45.255
1264407615.198,8.517,Whistle,22.627
1264407649.537,11.133,Whistle,45.255
1264407680.501,12.362,Whistle,45.255
1264407802.471,10.24,Whistle,45.255
1264408153.833,10.059,Whistle,22.627
1264408502.833,11.993,Whistle,22.627
1264408632.702,12.763,Whistle,22.627
1264408804.367,17.318,Whistle,45.255
1264409062.882,11.299,Whistle,45.255
1264409510.625,8.551,Low_Frequency_Lines,45.255
1264409517.106,11.236,Whistle,45.255
1264410294.61,9.515,Whistle,45.255
1264410530.375,10.271,Low_Frequency_Lines,45.255
1264410640.684,13.223,Whistle,22.627
1264411212.558,12.757,Blip,5.657
1264411216.625,7.516,Low_Frequency_Lines,45.255
1264415062.875,9.306,Scattered_Light,45.255
1264416548.256,15.175,Blip_Low_Frequency,5.657
1264416819.344,9.0,Fast_Scattering,22.627
1264416923.784,8.638,Whistle,45.255
1264417010.33,18.887,Whistle,45.255
1264417964.632,14.989,Blip,5.657
1264418673.25,8.326,Low_Frequency_Lines,45.255
1264418837.178,10.097,Blip_Low_Frequency,5.657
1264420771.317,11.153,Whistle,22.627
1264421147.214,9.16,Whistle,22.627
1264421465.866,9.528,Whistle,45.255
1264421481.838,14.985,Whistle,45.255
1264421489.072,10.615,Whistle,22.627
1264421507.856,10.456,Whistle,22.627
1264421535.415,12.106,Whistle,45.255
1264421560.261,8.429,Whistle,45.255
1264421899.8,8.654,Whistle,22.627
1264422438.281,9.846,Low_Frequency_Burst,22.627
1264422554.474,9.827,Whistle,22.627
1264422877.038,12.856,Whistle,45.255
1264423052.96,8.424,Whistle,22.627
1264423368.563,8.897,Fast_Scattering,22.627
1264423522.064,13.932,Whistle,45.255
1264424147.25,8.572,Low_Frequency_Lines,45.255
1264426485.75,15.367,Low_Frequency_Lines,45.255
1264426552.875,7.633,Low_Frequency_Lines,45.255
1264426787.688,7.746,Scattered_Light,45.255
1264427497.625,8.022,Low_Frequency_Lines,45.255
1264432304.688,8.76,Scattered_Light,45.255
1264434536.121,17.498,Tomte,5.657
1264439060.744,37.064,Tomte,5.657
1264439848.391,8.081,Fast_Scattering,11.314
1264440970.75,15.557,Low_Frequency_Lines,45.255
1264441014.117,7.783,Fast_Scattering,11.314
1264441331.66,10.385,Blip_Low_Frequency,5.657
1264442441.25,9.236,Low_Frequency_Lines,45.255
1264442823.521,8.521,Blip,5.657
1264444779.75,7.836,Low_Frequency_Lines,45.255
1264445048.152,8.53,Blip_Low_Frequency,5.657
1264445165.56,33.74,Blip,5.657
1264446317.291,174.233,Koi_Fish,5.657
1264448324.031,46.87,Low_Frequency_Burst,22.627
1264448679.25,7.806,Low_Frequency_Lines,45.255
1264448810.346,280.22,Extremely_Loud,5.657
1264449029.844,13.436,Low_Frequency_Burst,5.657
1264449704.237,186.041,Koi_Fish,5.657
1264451054.25,12.938,Low_Frequency_Lines,45.255
1264451968.375,8.318,Low_Frequency_Lines,45.255
1264452003.256,194.47,Koi_Fish,5.657
1264452070.125,7.614,Low_Frequency_Lines,45.255
1264452315.875,7.874,Low_Frequency_Lines,45.255
1264469640.875,7.783,Low_Frequency_Lines,45.255
1264469821.678,8.125,Blip_Low_Frequency,5.657
1264470796.859,9.07,Scattered_Light,45.255
1264474691.512,33.11,Tomte,5.657
1264476957.332,2018.478,Extremely_Loud,5.657
1264481508.449,23.911,Tomte,5.657
1264481634.895,7.962,Blip_Low_Frequency,5.657
1264490026.693,9.627,Blip_Low_Frequency,5.657
1264491211.52,41.226,Tomte,5.657
1264492357.247,59.849,Koi_Fish,5.657
1264492571.875,7.834,Low_Frequency_Lines,45.255
1264492770.963,7.501,Blip_Low_Frequency,5.657
1264493635.625,8.051,Low_Frequency_Lines,45.255
1264500869.261,9.688,Blip,5.657
1264502143.017,1169.013,Koi_Fish,5.657
1264506669.859,8.278,Fast_Scattering,11.314
1264507244.024,1615.303,Extremely_Loud,5.657
1264507356.59,10.103,Blip_Low_Frequency,5.657
1264509108.535,342.149,Koi_Fish,5.657
1264515596.162,11.092,Blip_Low_Frequency,5.657
1264519987.125,9.657,Low_Frequency_Lines,45.255
1264520708.223,44.509,Tomte,5.657
1264523318.842,11.671,Blip_Low_Frequency,5.657
1264525029.125,7.739,Low_Frequency_Lines,45.255
1264525618.743,2777.071,Extremely_Loud,5.657
1264527965.875,17.773,Extremely_Loud,45.255
1264535215.887,9.087,Blip_Low_Frequency,5.657
1264536459.375,7.719,Low_Frequency_Lines,45.255
1264538201.766,13.463,Fast_Scattering,11.314
1264539402.434,26.827,Tomte,5.657
1264539402.434,26.827,Tomte,5.657
1264550276.842,40.645,Koi_Fish,5.657
1264553667.066,55.794,Blip,5.657
1264554926.531,9.163,Low_Frequency_Burst,5.657
1264558372.217,15.838,Blip_Low_Frequency,5.657
1264562509.584,9.021,Blip_Low_Frequency,5.657
1264572370.193,90.957,Koi_Fish,5.657
1264572900.875,9.638,Low_Frequency_Lines,45.255
1264573830.277,7.701,Blip_Low_Frequency,5.657
1264574657.281,9.286,Low_Frequency_Burst,11.314
1264579012.906,10.458,Low_Frequency_Burst,11.314
1264579042.781,15.571,Low_Frequency_Burst,11.314
1264580394.348,14.271,Tomte,5.657
1264581741.814,11.148,Blip,5.657
1264581745.531,17.661,Low_Frequency_Burst,11.314
1264584294.53,10.102,Blip,5.657
1264584409.17,8.251,Blip_Low_Frequency,5.657
1264586447.178,14.624,Blip_Low_Frequency,5.657
1264586624.115,7.986,Blip_Low_Frequency,5.657
1264587307.75,7.521,Low_Frequency_Lines,45.255
1264588371.84,7.681,Blip_Low_Frequency,5.657
1264589978.293,8.096,Blip_Low_Frequency,5.657
1264593216.904,28.39,Tomte,5.657
1264594813.342,8.986,Blip_Low_Frequency,5.657
1264595193.695,486.627,Extremely_Loud,11.314
1264602162.238,12.58,Tomte,5.657
1264604043.217,23.667,Tomte,5.657
1264604745.074,9.46,Blip_Low_Frequency,5.657
1264605291.066,9.873,Blip_Low_Frequency,5.657
1264608179.982,5430.488,Extremely_Loud,5.657
1264608741.71,54.892,Koi_Fish,5.657
1264613790.903,1856.761,Extremely_Loud,5.657
1264614408.691,35.301,Tomte,5.657
1264615923.531,28.33,Low_Frequency_Burst,11.314
1264616128.156,7.815,Low_Frequency_Burst,5.657
1264616573.422,8.517,Blip,5.657
1264617018.012,27.744,Tomte,5.657
1264617333.414,8.297,Fast_Scattering,11.314
1264617352.456,8.207,Blip_Low_Frequency,5.657
1264618098.417,12.775,Blip,5.657
1264619316.375,7.566,Low_Frequency_Lines,45.255
1264620073.545,76.367,Koi_Fish,5.657
1264620254.957,7.985,Blip_Low_Frequency,5.657
1264620329.094,8.009,Low_Frequency_Burst,11.314
1264620981.775,28.11,Koi_Fish,5.657
1264621171.492,8.383,Blip_Low_Frequency,11.314
1264621404.015,388.01,Koi_Fish,5.657
1264623054.017,187.36,Koi_Fish,5.657
1264623538.42,7.508,Blip_Low_Frequency,5.657
1264624231.663,269.267,Extremely_Loud,5.657
1264624934.33,17.005,Tomte,5.657
1264625919.426,903.986,Extremely_Loud,5.657
1264628290.658,9.512,Blip_Low_Frequency,5.657
1264628827.636,8.432,Blip_Low_Frequency,5.657
1264628959.883,9.484,Blip_Low_Frequency,5.657
1264630198.859,8.991,Fast_Scattering,22.627
1264630998.355,23.661,Tomte,5.657
1264631125.755,20.843,Blip,5.657
1264632952.316,1100.411,Extremely_Loud,11.314
1264635090.608,14.37,Blip,5.657
1264641455.27,31.488,Tomte,5.657
1264645018.131,9.696,Blip,5.657
1264646175.739,2293.719,Extremely_Loud,5.657
1264647173.313,8.239,Low_Frequency_Lines,45.255
1264647757.625,8.949,Low_Frequency_Lines,45.255
1264648993.916,137.18,Koi_Fish,5.657
1264649042.792,8.205,Blip,5.657
1264649850.547,12.825,Fast_Scattering,22.627
1264650037.602,10.575,Fast_Scattering,11.314
1264650038.102,10.305,Fast_Scattering,11.314
1264650245.563,55.946,Low_Frequency_Lines,45.255
1264650340.818,11.606,Blip_Low_Frequency,5.657
1264650804.938,34.667,Low_Frequency_Lines,45.255
1264655146.779,28.191,Koi_Fish,5.657
1264657296.597,120.224,Koi_Fish,5.657
1264658583.051,7.502,Blip_Low_Frequency,5.657
1264658736.924,7.707,Blip_Low_Frequency,5.657
1264658990.005,26.952,Blip,5.657
1264662273.559,7.965,Tomte,5.657
1264664220.634,64.514,Koi_Fish,5.657
1264664714.241,11.829,Blip,5.657
1264665866.219,9.895,Low_Frequency_Burst,11.314
1264666070.725,111.774,Koi_Fish,5.657
1264667494.059,48.866,Koi_Fish,5.657
1264670101.801,53.377,Koi_Fish,5.657
1264670101.801,53.377,Koi_Fish,5.657
1264670718.582,38.253,Tomte,5.657
1264670938.684,2153.625,Extremely_Loud,11.314
1264670938.684,2153.625,Extremely_Loud,11.314
1264670938.684,2153.625,Extremely_Loud,11.314
1264671428.231,2219.434,Extremely_Loud,5.657
1264672336.375,8.281,Low_Frequency_Lines,45.255
1264673095.719,23.108,Low_Frequency_Burst,22.627
1264673095.719,23.108,Low_Frequency_Burst,22.627
1264673095.719,23.108,Low_Frequency_Burst,22.627
1264673095.719,23.108,Low_Frequency_Burst,22.627
1264674478.875,7.657,Low_Frequency_Lines,45.255
1264674478.875,7.657,Low_Frequency_Lines,45.255
1264676793.896,11.665,Blip_Low_Frequency,5.657
1264677065.094,12.697,Low_Frequency_Burst,11.314
1264677065.094,12.697,Low_Frequency_Burst,11.314
1264677065.094,12.697,Low_Frequency_Burst,11.314
1264677065.094,12.697,Low_Frequency_Burst,11.314
1264677925.082,7.893,Blip_Low_Frequency,5.657
1264678343.938,13.945,Low_Frequency_Burst,11.314
1264678343.938,13.945,Low_Frequency_Burst,11.314
1264678991.892,958.649,Extremely_Loud,5.657
1264678991.892,958.649,Extremely_Loud,5.657
1264678991.892,958.649,Extremely_Loud,5.657
1264678991.892,958.649,Extremely_Loud,5.657
1264678991.892,958.649,Extremely_Loud,5.657
1264681762.125,7.751,Low_Frequency_Lines,45.255
1264684054.594,10.766,Low_Frequency_Burst,11.314
1264684054.594,10.766,Low_Frequency_Burst,11.314
1264684972.775,11.68,Tomte,5.657
1264685126.375,9.229,Low_Frequency_Lines,45.255
1264685126.375,9.229,Low_Frequency_Lines,45.255
1264685126.375,9.229,Low_Frequency_Lines,45.255
1264687918.25,9.26,Low_Frequency_Burst,22.627
1264688783.59,8.475,Blip_Low_Frequency,5.657
1264689302.625,7.609,Fast_Scattering,22.627
1264689538.899,597.322,Koi_Fish,5.657
1264689915.954,20.894,Blip,5.657
1264692201.875,27.592,Extremely_Loud,45.255
1264693512.417,40.419,Koi_Fish,5.657
1264693903.25,10.054,Low_Frequency_Lines,45.255
1264693903.25,10.054,Low_Frequency_Lines,45.255
1264693903.25,10.054,Low_Frequency_Lines,45.255
1264693903.25,10.054,Low_Frequency_Lines,45.255
1264693903.25,10.054,Low_Frequency_Lines,45.255
1264696663.073,770.699,Koi_Fish,5.657
1264696663.073,770.699,Koi_Fish,5.657
1264696663.073,770.699,Koi_Fish,5.657
1264697976.46,9.655,Blip,5.657
1264698245.26,7.787,Blip_Low_Frequency,5.657
1264698245.26,7.787,Blip_Low_Frequency,5.657
1264698359.324,10.632,Tomte,5.657
1264700851.25,8.74,Low_Frequency_Lines,45.255
1264701469.145,56.973,Tomte,5.657
1264702519.875,7.792,Low_Frequency_Lines,22.627
1264702519.875,7.792,Low_Frequency_Lines,22.627
1264702519.875,7.792,Low_Frequency_Lines,22.627
1264702519.875,7.792,Low_Frequency_Lines,22.627
1264702519.875,7.792,Low_Frequency_Lines,22.627
1264702519.875,7.792,Low_Frequency_Lines,22.627
1264703137.535,1362.274,Extremely_Loud,11.314
1264704304.716,76.517,Koi_Fish,5.657
1264704680.375,9.398,Low_Frequency_Lines,45.255
1264704680.375,9.398,Low_Frequency_Lines,45.255
1264704680.375,9.398,Low_Frequency_Lines,45.255
1264707403.057,99.232,Koi_Fish,5.657
1264709182.986,35.498,Koi_Fish,5.657
1264709335.246,7.817,Blip_Low_Frequency,5.657
1264710688.078,26.14,Low_Frequency_Burst,11.314
1264711723.969,22.709,Low_Frequency_Burst,11.314
1264713678.153,32.849,Koi_Fish,5.657
1264713679.618,10.407,Blip_Low_Frequency,5.657
1264715793.875,7.535,Low_Frequency_Lines,45.255
1264718227.069,44.379,Koi_Fish,5.657
1264718944.519,190.967,Koi_Fish,5.657
1264720432.125,7.81,Low_Frequency_Lines,45.255
1264721243.627,341.437,Extremely_Loud,11.314
1264725742.668,9.931,Blip_Low_Frequency,5.657
1264733979.797,10.523,Fast_Scattering,11.314
1264737079.555,144.86,Extremely_Loud,11.314
1264737248.371,12.149,Tomte,5.657
1264737970.879,10.083,Blip_Low_Frequency,5.657
1264745124.494,11.478,Blip_Low_Frequency,5.657
1264746038.563,8.585,Scattered_Light,45.255
1264748088.534,35.261,Blip,5.657
1264751043.59,2913.871,Extremely_Loud,11.314
1264754022.771,36.385,Tomte,5.657
1264754216.375,7.799,Low_Frequency_Lines,45.255
1264756795.375,7.503,Low_Frequency_Lines,45.255
1264757391.043,8.011,Blip_Low_Frequency,5.657
1264761506.417,8.592,Blip,5.657
1264761890.805,9.9,Fast_Scattering,11.314
1264762092.625,7.916,Low_Frequency_Lines,45.255
1264763205.166,8.748,Blip_Low_Frequency,5.657
1264763235.707,9.399,Blip_Low_Frequency,5.657
1264766612.401,2437.885,Extremely_Loud,5.657
1264766677.268,7.639,Blip_Low_Frequency,5.657
1264766921.23,11.804,Koi_Fish,5.657
1264767830.734,11.895,Fast_Scattering,22.627
1264769208.314,182.984,Koi_Fish,5.657
1264784164.727,11.966,Fast_Scattering,11.314
1264784777.706,18.364,Blip,5.657
1264786347.43,7.889,Fast_Scattering,11.314
1264787528.563,7.674,Scattered_Light,45.255
1264789752.188,7.998,Low_Frequency_Lines,45.255
1264790693.453,8.908,Fast_Scattering,11.314
1264791021.305,8.218,Fast_Scattering,11.314
1264791023.703,9.259,Fast_Scattering,11.314
1264791061.562,29.488,Blip,5.657
1264791203.75,11.165,Low_Frequency_Lines,45.255
1264794722.164,9.878,Fast_Scattering,11.314
1264794769.125,7.52,Low_Frequency_Lines,45.255
1264795090.992,159.748,Extremely_Loud,11.314
1264795179.75,10.739,Low_Frequency_Lines,45.255
1264795450.211,9.1,Fast_Scattering,11.314
1264796465.226,102.077,Koi_Fish,5.657
1264798710.674,262.889,Koi_Fish,5.657
1264798958.133,8.407,Fast_Scattering,11.314
1264806690.114,42.238,Blip,5.657
1264808021.824,12.202,Blip,5.657
1264808343.186,202.97,Fast_Scattering,5.657
1264808625.316,8.011,Blip_Low_Frequency,5.657
1264809135.433,8.315,Blip,5.657
1264815617.38,44.946,Koi_Fish,5.657
1264819066.862,1178.684,Extremely_Loud,5.657
1264820326.703,8.843,Fast_Scattering,11.314
1264823707.018,17.638,Tomte,5.657
1264824698.316,1146.448,Extremely_Loud,11.314
1264824859.733,7.518,Whistle,45.255
1264825339.848,8.209,Blip_Low_Frequency,5.657
1264826878.956,7.669,Whistle,22.627
1264828221.688,11.015,Low_Frequency_Burst,22.627
1264829335.23,8.966,Tomte,5.657
1264833340.137,1267.753,Extremely_Loud,11.314
1264834604.375,8.572,Low_Frequency_Lines,45.255
1264834673.991,31.911,Whistle,22.627
1264835769.168,21.383,Tomte,5.657
1264836356.961,21.913,Whistle,22.627
1264836934.188,7.815,Low_Frequency_Burst,22.627
1264837153.908,7.897,Blip_Low_Frequency,5.657
1264837218.143,17.111,Whistle,11.314
1264838187.915,15.042,Whistle,11.314
1264838568.444,26.331,Whistle,22.627
1264839075.08,27.237,Whistle,22.627
1264839531.985,17.325,Whistle,22.627
1264840193.504,51.93,Whistle,45.255
1264840600.771,26.658,Whistle,22.627
1264841580.095,27.347,Whistle,22.627
1264842201.48,63.721,Whistle,45.255
1264842211.375,8.359,Low_Frequency_Lines,45.255
1264842616.438,7.629,Low_Frequency_Burst,22.627
1264842763.01,22.974,Whistle,11.314
1264843250.539,26.111,Whistle,22.627
1264843981.469,13.882,Low_Frequency_Burst,11.314
1264843991.031,41.63,Low_Frequency_Burst,22.627
1264844005.75,22.221,Low_Frequency_Burst,45.255
1264844169.326,11.61,Whistle,11.314
1264844307.283,20.582,Whistle,22.627
1264844638.157,9.171,Blip,5.657
1264845018.809,84.675,Whistle,45.255
1264845506.001,15.204,Whistle,22.627
1264845812.031,25.569,Whistle,22.627
1264845818.507,25.183,Whistle,22.627
1264845954.652,11.82,Whistle,11.314
1264846131.539,84.872,Whistle,45.255
1264846146.065,17.688,Whistle,45.255
1264846266.45,36.613,Whistle,45.255
1264846350.583,27.35,Whistle,22.627
1264847147.369,51.901,Whistle,45.255
1264847205.182,25.427,Whistle,45.255
1264847773.125,27.217,Whistle,22.627
1264848447.303,20.384,Whistle,22.627
1264848495.801,61.505,Whistle,45.255
1264848528.816,37.635,Whistle,45.255
1264848645.85,42.632,Whistle,45.255
1264848758.787,28.629,Whistle,11.314
1264849131.251,18.93,Whistle,22.627
1264849255.121,23.967,Whistle,22.627
1264849454.723,48.065,Extremely_Loud,45.255
1264849472.483,25.848,Whistle,22.627
1264849691.207,23.05,Whistle,45.255
1264849805.493,23.058,Whistle,11.314
1264849891.729,37.915,Whistle,45.255
1264850019.359,31.17,Whistle,11.314
1264850157.564,66.574,Whistle,45.255
1264850165.861,52.142,Whistle,45.255
1264850181.25,8.532,Low_Frequency_Lines,45.255
1264850258.785,33.905,Whistle,45.255
1264850645.526,7.622,Whistle,11.314
1264851199.689,7.512,Whistle,11.314
1264851489.134,18.257,Whistle,22.627
1264851498.612,17.709,Blip,5.657
1264851669.734,8.413,Fast_Scattering,11.314
1264851684.873,46.335,Whistle,45.255
1264851698.746,51.426,Whistle,45.255
1264851953.27,67.121,Whistle,45.255
1264852337.35,20.25,Whistle,11.314
1264852486.517,33.554,Whistle,45.255
1264852516.085,21.579,Whistle,11.314
1264852677.831,27.937,Whistle,22.627
1264852694.147,36.004,Whistle,45.255
1264853064.153,31.054,Whistle,22.627
1264853156.063,18.599,Low_Frequency_Burst,22.627
1264853537.691,47.619,Whistle,45.255
1264853550.362,28.024,Whistle,45.255
1264853571.365,16.538,Whistle,22.627
1264853681.008,45.944,Whistle,45.255
1264853877.211,9.813,Whistle,45.255
1264853886.73,29.909,Tomte,5.657
1264853928.415,24.333,Whistle,22.627
1264853942.767,26.778,Whistle,22.627
1264854081.193,11.765,Tomte,5.657
1264854128.048,26.072,Whistle,22.627
1264854165.783,9.718,Whistle,45.255
1264854361.189,14.104,Whistle,11.314
1264854399.236,33.069,Whistle,45.255
1264854555.034,13.895,Whistle,11.314
1264854762.396,8.922,Whistle,45.255
1264854873.817,20.091,Whistle,11.314
1264854889.51,24.804,Whistle,22.627
1264855055.935,14.862,Whistle,11.314
1264855076.926,33.995,Whistle,45.255
1264855091.618,22.624,Whistle,22.627
1264855433.043,45.229,Whistle,45.255
1264855450.178,13.716,Whistle,11.314
1264855552.26,61.184,Whistle,11.314
1264855661.366,17.538,Whistle,11.314
1264855733.174,75.617,Whistle,45.255
1264855737.404,8.847,Whistle,45.255
1264855895.986,16.741,Whistle,22.627
1264855923.166,14.739,Whistle,11.314
1264856064.98,64.458,Whistle,45.255
1264856240.989,803.394,Koi_Fish,5.657
1264856273.542,17.167,Whistle,22.627
1264856287.928,21.817,Whistle,11.314
1264856446.882,13.652,Whistle,22.627
1264856447.745,34.431,Whistle,45.255
1264856517.375,18.754,Whistle,11.314
1264856558.478,18.527,Whistle,11.314
1264856819.375,75.017,Extremely_Loud,22.627
1264857108.887,58.603,Whistle,45.255
1264857214.412,37.559,Whistle,45.255
1264857264.486,14.816,Whistle,11.314
1264857266.708,26.962,Whistle,22.627
1264857306.6,8.051,Whistle,45.255
1264857382.777,57.8,Whistle,45.255
1264857452.425,20.686,Whistle,11.314
1264857454.042,25.61,Whistle,22.627
1264857531.606,18.477,Whistle,22.627
1264857794.436,16.223,Whistle,11.314
1264857812.062,24.685,Whistle,22.627
1264857823.189,15.85,Whistle,11.314
1264857886.759,26.397,Whistle,22.627
1264858000.353,25.828,Whistle,11.314
1264858049.629,22.566,Whistle,45.255
1264858065.373,22.991,Whistle,22.627
1264858097.286,21.13,Whistle,11.314
1264858290.593,24.435,Whistle,11.314
1264858306.341,25.855,Whistle,11.314
1264858329.565,18.926,Whistle,11.314
1264858511.559,18.531,Whistle,11.314
1264858555.148,19.898,Whistle,22.627
1264858556.34,21.384,Whistle,11.314
1264858755.447,15.341,Whistle,22.627
1264858778.511,22.718,Whistle,22.627
1264858954.887,171.932,Extremely_Loud,45.255
1264859097.079,19.704,Whistle,22.627
1264859103.872,20.653,Whistle,22.627
1264859165.229,25.148,Whistle,22.627
1264859173.97,20.219,Whistle,22.627
1264859234.822,17.308,Whistle,11.314
1264859331.697,20.206,Whistle,22.627
1264859393.277,42.192,Whistle,45.255
1264859446.388,14.134,Whistle,22.627
1264859472.641,14.906,Whistle,22.627
1264859475.928,16.621,Whistle,22.627
1264859488.922,17.956,Whistle,22.627
1264859515.085,21.453,Whistle,11.314
1264859573.699,17.813,Whistle,11.314
1264859589.083,7.732,Whistle,22.627
1264859617.441,8.024,Whistle,45.255
1264859667.881,11.062,Whistle,11.314
1264859727.291,8.639,Whistle,45.255
1264859733.715,7.583,Blip_Low_Frequency,5.657
1264859805.159,18.556,Whistle,11.314
1264859902.777,43.181,Whistle,45.255
1264859920.452,15.378,Whistle,11.314
1264860007.967,122.357,Whistle,45.255
1264860019.349,20.987,Whistle,11.314
1264860090.052,170.598,Extremely_Loud,45.255
1264860114.462,14.743,Whistle,22.627
1264860143.311,16.143,Whistle,11.314
1264860182.533,22.712,Whistle,11.314
1264860277.054,20.757,Whistle,11.314
1264860355.109,12.143,Fast_Scattering,11.314
1264860451.312,25.965,Whistle,22.627
1264860585.537,12.037,Whistle,22.627
1264860673.808,20.198,Whistle,22.627
1264860778.125,17.511,Whistle,22.627
1264860780.995,147.335,Extremely_Loud,45.255
1264860785.942,14.066,Whistle,5.657
1264860884.088,40.275,Whistle,45.255
1264860962.299,23.873,Whistle,22.627
1264860976.151,122.312,Whistle,45.255
1264860977.124,17.239,Whistle,22.627
1264860979.736,8.809,Whistle,45.255
1264861004.517,16.05,Whistle,22.627
1264861007.778,14.877,Whistle,22.627
1264861139.822,22.158,Whistle,11.314
1264861185.715,16.218,Whistle,22.627
1264861209.889,15.123,Whistle,22.627
1264861225.921,23.52,Whistle,22.627
1264861401.676,197.406,Extremely_Loud,45.255
1264861481.315,16.059,Whistle,11.314
1264861552.444,53.87,Koi_Fish,5.657
1264861570.856,15.574,Whistle,5.657
1264861596.91,20.284,Whistle,22.627
1264861610.609,13.112,Whistle,11.314
1264861617.837,16.504,Whistle,11.314
1264861771.223,19.603,Whistle,22.627
1264861774.223,26.393,Whistle,22.627
1264861789.657,18.205,Whistle,22.627
1264861805.38,13.687,Whistle,11.314
1264861808.345,182.411,Extremely_Loud,45.255
1264861860.21,8.929,Whistle,45.255
1264861871.148,14.55,Whistle,11.314
1264861957.965,236.51,Extremely_Loud,45.255
1264862058.026,20.073,Whistle,22.627
1264862078.399,16.414,Whistle,11.314
1264862249.805,16.236,Whistle,22.627
1264862264.619,12.941,Whistle,22.627
1264862321.343,14.306,Whistle,22.627
1264862322.78,16.792,Whistle,11.314
1264862358.224,113.813,Whistle,22.627
1264862449.538,23.483,Whistle,11.314
1264862542.777,8.647,Whistle,45.255
1264862564.946,21.525,Whistle,22.627
1264862632.889,154.29,Extremely_Loud,45.255
1264862646.552,14.477,Whistle,11.314
1264862708.226,8.226,Blip,5.657
1264862716.701,20.938,Whistle,11.314
1264862737.088,11.257,Whistle,45.255
1264862868.633,12.896,Whistle,22.627
1264862883.461,43.086,Whistle,22.627
1264863070.789,61.41,Whistle,45.255
1264863079.381,82.262,Whistle,45.255
1264863196.577,28.841,Whistle,22.627
1264863275.486,18.106,Whistle,11.314
1264863291.379,23.588,Whistle,22.627
1264863304.184,59.525,Whistle,45.255
1264886139.994,14.031,Tomte,5.657
1264886441.71,411.981,Extremely_Loud,11.314
1264886539.703,12.181,Fast_Scattering,11.314
1264887200.75,9.02,Low_Frequency_Lines,45.255
1264888226.766,7.735,Fast_Scattering,11.314
1264888683.66,11.193,Tomte,5.657
1264889354.717,8.388,Blip_Low_Frequency,5.657
1264889593.047,11.192,Fast_Scattering,11.314
1264899613.266,7.733,Low_Frequency_Burst,11.314
1264900546.25,10.258,Low_Frequency_Lines,45.255
1264900560.889,697.164,Extremely_Loud,5.657
1264901451.09,8.189,Blip_Low_Frequency,5.657
1264901588.125,7.508,Low_Frequency_Lines,45.255
1264904491.45,2882.427,Extremely_Loud,5.657
1264906829.424,12.133,Tomte,5.657
1264907273.875,7.658,Low_Frequency_Lines,45.255
1264910190.168,16.627,Tomte,5.657
1264911580.923,16.149,Blip,5.657
1264912608.598,26.801,Tomte,5.657
1264913391.656,9.54,Low_Frequency_Burst,11.314
1264914192.875,7.634,Low_Frequency_Lines,45.255
1264916389.121,9.446,Blip_Low_Frequency,5.657
1264917791.658,8.125,Blip_Low_Frequency,5.657
1264919852.121,105.152,Koi_Fish,5.657
1264927823.406,11.062,Low_Frequency_Burst,11.314
1264928516.672,13.243,Low_Frequency_Burst,11.314
1264930356.676,8.421,Blip_Low_Frequency,5.657
1264931920.27,28.612,Tomte,5.657
1264932311.125,9.565,Low_Frequency_Lines,45.255
1264932323.558,45.618,Koi_Fish,5.657
1264934114.388,14.1,Blip,5.657
1264934524.308,23.874,Blip,5.657
1264934911.906,10.278,Scattered_Light,45.255
1264935549.422,9.336,Low_Frequency_Burst,22.627
1264935826.625,11.836,Low_Frequency_Lines,45.255
1264936096.125,8.716,Low_Frequency_Lines,45.255
1264936173.906,9.197,Low_Frequency_Burst,22.627
1264938634.511,7.79,Blip,5.657
1264939620.262,30.789,Tomte,5.657
1264941168.188,9.612,Scattered_Light,45.255
1264943092.54,9.13,Blip,5.657
1264943752.074,13.05,Tomte,5.657
1264946036.241,396.34,Extremely_Loud,5.657
1264947895.816,10.246,Tomte,5.657
1264949696.316,15.176,Tomte,5.657
1264957514.414,9.902,Fast_Scattering,11.314
1264958569.375,7.936,Low_Frequency_Lines,45.255
1264958925.625,7.615,Low_Frequency_Lines,45.255
1264959435.99,104.284,Koi_Fish,5.657
1264961424.303,1105.117,Extremely_Loud,11.314
1264962413.875,257.252,Extremely_Loud,45.255
1264962549.701,104.353,Koi_Fish,5.657
1264968053.582,8.485,Blip_Low_Frequency,5.657
1264970104.25,11.445,Low_Frequency_Lines,45.255
1264978861.852,164.337,Koi_Fish,5.657
1264982095.195,15.175,Fast_Scattering,11.314
1264982223.992,51.88,Extremely_Loud,5.657
1264983376.885,7.719,Blip_Low_Frequency,5.657
1264987309.479,139.695,Koi_Fish,5.657
1264992631.055,9.455,Fast_Scattering,11.314
1264997269.055,12.465,Fast_Scattering,11.314
1264997357.133,12.071,Fast_Scattering,11.314
1264997361.727,10.573,Fast_Scattering,11.314
1264997694.048,3850.407,Extremely_Loud,5.657
1264998017.43,9.86,Fast_Scattering,11.314
1264998594.93,12.924,Fast_Scattering,11.314
1264998611.32,14.107,Fast_Scattering,11.314
1264998732.064,81.234,Koi_Fish,5.657
1265000689.375,7.686,Low_Frequency_Lines,45.255
1265001854.461,8.646,Fast_Scattering,11.314
1265002260.052,175.403,Koi_Fish,5.657
1265002769.238,62.5,Blip,5.657
1265002805.289,8.107,Fast_Scattering,11.314
1265003367.25,9.317,Low_Frequency_Lines,45.255
1265004175.75,53.095,Extremely_Loud,45.255
1265005077.992,23.199,Koi_Fish,5.657
1265005078.019,67.806,Koi_Fish,5.657
1265006899.293,8.341,Blip_Low_Frequency,5.657
1265010205.115,10.773,Tomte,5.657
1265012138.505,18.472,Blip,5.657
1265014279.922,16.51,Fast_Scattering,11.314
1265014777.449,17.092,Tomte,5.657
1265016375.711,10.127,Fast_Scattering,11.314
1265018485.484,13.842,Fast_Scattering,11.314
1265018847.234,18.737,Fast_Scattering,22.627
1265019063.375,85.932,Blip,5.657
1265020533.953,9.035,Fast_Scattering,11.314
1265021504.264,9.929,Blip_Low_Frequency,5.657
1265047437.406,10.639,Low_Frequency_Burst,22.627
1265048268.013,18.802,Blip,5.657
1265048347.879,10.105,Tomte,5.657
1265049173.25,7.73,Low_Frequency_Lines,45.255
1265050261.953,28.346,Fast_Scattering,11.314
1265050753.894,445.7,Koi_Fish,5.657
1265061708.742,14.76,Fast_Scattering,11.314
1265061781.344,18.679,Low_Frequency_Burst,11.314
1265062007.344,23.899,Low_Frequency_Burst,22.627
1265062193.719,9.957,Low_Frequency_Burst,11.314
1265062224.805,10.517,Fast_Scattering,11.314
1265062726.703,19.258,Fast_Scattering,11.314
1265063124.523,11.336,Fast_Scattering,11.314
1265063358.43,9.745,Fast_Scattering,11.314
1265063783.672,34.495,Fast_Scattering,22.627
1265064212.32,10.796,Fast_Scattering,11.314
1265064355.328,10.695,Low_Frequency_Burst,11.314
1265064731.578,13.744,Fast_Scattering,11.314
1265066646.192,24.808,Blip,5.657
1265066754.262,10.492,Blip_Low_Frequency,5.657
1265066946.917,274.629,Koi_Fish,5.657
1265067165.882,10.509,Blip,5.657
1265067658.828,7.632,Fast_Scattering,22.627
1265069595.688,8.612,Scattered_Light,45.255
1265070120.688,8.724,Scattered_Light,45.255
1265071158.879,652.556,Extremely_Loud,11.314
1265071270.809,53.435,Blip,5.657
1265071877.984,29.94,Fast_Scattering,22.627
1265075653.992,10.902,Fast_Scattering,11.314
1265076546.359,9.227,Fast_Scattering,11.314
1265076630.734,18.524,Fast_Scattering,11.314
1265077912.727,8.57,Fast_Scattering,11.314
1265078134.109,19.262,Koi_Fish,22.627
1265078771.797,16.303,Fast_Scattering,11.314
1265078773.742,16.359,Fast_Scattering,11.314
1265079108.492,21.441,Fast_Scattering,11.314
1265079153.32,9.087,Fast_Scattering,11.314
1265079987.375,7.811,Low_Frequency_Lines,45.255
1265081642.844,8.477,Scattered_Light,45.255
1265083030.715,10.725,Blip_Low_Frequency,5.657
1265084549.625,9.684,Low_Frequency_Lines,45.255
1265086808.688,11.106,Scattered_Light,45.255
1265087445.021,16.043,Tomte,5.657
1265088018.085,624.205,Extremely_Loud,5.657
1265088860.598,152.892,Koi_Fish,5.657
1265090563.219,14.132,Low_Frequency_Burst,22.627
1265090730.375,8.524,Low_Frequency_Lines,45.255
1265090831.801,23.396,Tomte,5.657
1265092260.417,74.039,Koi_Fish,5.657
1265092330.787,11.806,Tomte,5.657
1265093346.476,258.812,Koi_Fish,5.657
1265094285.92,10.598,Blip_Low_Frequency,5.657
1265094400.875,7.603,Low_Frequency_Lines,45.255
1265096557.101,13.082,Blip,5.657
1265098163.859,9.143,Fast_Scattering,22.627
1265098676.457,8.285,Blip_Low_Frequency,5.657
1265098920.412,219.184,Koi_Fish,5.657
1265101550.152,40.461,Blip,5.657
1265104925.748,23.551,Tomte,5.657
1265105218.143,95.695,Koi_Fish,5.657
1265106214.125,22107.98,Extremely_Loud,45.255
1265106888.204,16.42,Blip_Low_Frequency,5.657
1265107664.268,17.205,Blip,5.657
1265110063.477,10.931,Fast_Scattering,11.314
1265110980.394,14.346,Blip,5.657
1265112582.234,8.854,Low_Frequency_Burst,11.314
1265113811.125,9.465,Low_Frequency_Lines,45.255
1265114509.062,14.052,Blip,5.657
1265115146.302,18.034,Blip,5.657
1265115352.375,8.117,Low_Frequency_Lines,45.255
1265115493.043,26.998,Tomte,5.657
1265117814.832,37.259,Blip,5.657
1265118369.242,16.643,Fast_Scattering,11.314
1265119398.888,73.156,Koi_Fish,5.657
1265119465.93,10.792,Fast_Scattering,11.314
1265119693.563,8.052,Fast_Scattering,11.314
1265120343.047,19.347,Fast_Scattering,11.314
1265120725.081,263.477,Koi_Fish,5.657
1265120749.8,11.813,Blip,5.657
1265120992.557,27.762,Blip,5.657
1265121804.736,22.102,Tomte,5.657
1265123640.292,12.825,Blip_Low_Frequency,5.657
1265124950.068,11.713,Blip,5.657
1265125161.231,50.447,Blip_Low_Frequency,5.657
1265125564.75,10.122,Blip,5.657
1265125565.95,8.915,Blip,5.657
1265127318.18,12.742,Fast_Scattering,11.314
1265128410.414,20.262,Fast_Scattering,11.314
1265128801.07,15.482,Fast_Scattering,11.314
1265128862.102,14.235,Fast_Scattering,11.314
1265129086.547,18.505,Fast_Scattering,11.314
1265130881.563,11.367,Blip,5.657
1265131252.43,12.213,Fast_Scattering,11.314
1265131547.023,12.108,Fast_Scattering,11.314
1265131939.346,10.349,Blip,5.657
1265133017.422,12.79,Fast_Scattering,11.314
1265141037.664,11.698,Fast_Scattering,11.314
1265141224.492,8.718,Fast_Scattering,11.314
1265141750.031,9.768,Low_Frequency_Burst,11.314
1265144937.758,10.074,Fast_Scattering,11.314
1265145975.014,12.461,Tomte,5.657
1265146168.836,7.745,Fast_Scattering,11.314
1265146650.547,11.241,Fast_Scattering,11.314
1265146692.57,13.35,Fast_Scattering,22.627
1265146716.008,8.938,Fast_Scattering,11.314
1265147214.516,8.771,Fast_Scattering,11.314
1265148125.883,10.497,Fast_Scattering,11.314
1265148493.957,8.301,Blip_Low_Frequency,5.657
1265149232.959,129.957,Koi_Fish,5.657
1265150276.089,11.489,Blip,5.657
1265161398.939,468.73,Koi_Fish,5.657
1265162970.375,8.037,Low_Frequency_Lines,45.255
1265163186.344,7.871,Low_Frequency_Burst,11.314
1265165042.742,647.31,Extremely_Loud,11.314
1265166415.525,8.832,Blip_Low_Frequency,5.657
1265169113.643,15.898,Tomte,5.657
1265170070.91,98.268,Koi_Fish,5.657
1265170519.585,55.446,Blip,5.657
1265170861.701,409.501,Koi_Fish,5.657
1265172872.08,366.311,Extremely_Loud,5.657
1265177966.947,13.584,Tomte,5.657
1265182641.559,13.127,Tomte,5.657
1265183684.518,9.68,Blip,5.657
1265185833.917,282.204,Extremely_Loud,5.657
1265185900.021,9.136,Blip_Low_Frequency,5.657
1265187613.648,476.978,Extremely_Loud,45.255
1265190148.336,89.605,Extremely_Loud,11.314
1265191083.59,49.653,Tomte,5.657
1265192941.063,9.475,Low_Frequency_Lines,45.255
1265198309.27,115.064,Koi_Fish,5.657
1265202555.314,124.814,Koi_Fish,5.657
1265203286.477,10.862,Fast_Scattering,11.314
1265203299.859,15.612,Fast_Scattering,11.314
1265203577.734,9.011,Fast_Scattering,11.314
1265204210.934,8.381,Blip_Low_Frequency,5.657
1265205603.598,8.617,Blip_Low_Frequency,5.657
1265208597.117,9.929,Fast_Scattering,11.314
1265212906.703,10.748,Fast_Scattering,11.314
1265213136.063,10.586,Fast_Scattering,11.314
1265213841.82,11.836,Fast_Scattering,11.314
1265215391.93,1305.295,Extremely_Loud,11.314
1265215536.488,73.573,Koi_Fish,5.657
1265217464.379,15.047,Tomte,5.657
1265218180.268,65.027,Koi_Fish,5.657
1265218745.133,56.924,Koi_Fish,5.657
1265219675.586,9.98,Fast_Scattering,11.314
1265221806.001,997.734,Extremely_Loud,5.657
1265222851.824,24.241,Tomte,5.657
1265224224.371,40.601,Tomte,5.657
1265225734.411,27.386,Blip,5.657
1265227939.313,12.911,Blip,5.657
1265228547.25,10.253,Low_Frequency_Lines,45.255
1265230897.303,11.798,Blip_Low_Frequency,5.657
1265231021.96,13.757,Blip,5.657
1265233697.078,22.531,Fast_Scattering,22.627
1265238325.898,18.902,Fast_Scattering,11.314
1265238348.898,11.098,Fast_Scattering,11.314
1265238869.09,495.565,Extremely_Loud,5.657
1265240718.877,7.898,Blip,5.657
1265240837.346,8.013,Blip_Low_Frequency,5.657
1265254759.709,13.816,Tomte,5.657
1265256200.799,1114.259,Koi_Fish,5.657
1265259233.434,28.29,Tomte,5.657
1265261061.934,18.286,Tomte,5.657
1265261130.977,9.962,Blip,5.657
1265266144.449,119.894,Koi_Fish,5.657
1265274178.973,2589.464,Extremely_Loud,5.657
1265274978.982,11.803,Blip_Low_Frequency,5.657
1265277636.223,123.51,Koi_Fish,11.314
1265280405.84,8.839,Blip_Low_Frequency,5.657
1265281016.633,8.543,Fast_Scattering,11.314
1265282248.656,25.166,Fast_Scattering,22.627
1265289548.469,9.989,Low_Frequency_Burst,11.314
1265290492.678,3542.884,Extremely_Loud,5.657
1265292369.13,9.522,Blip,5.657
1265292510.625,8.173,Low_Frequency_Lines,45.255
1265294937.281,7.928,Low_Frequency_Burst,11.314
1265298556.344,8.863,Scattered_Light,45.255
1265301242.922,17.123,Fast_Scattering,22.627
1265301251.039,8.085,Fast_Scattering,11.314
1265301270.273,10.842,Fast_Scattering,11.314
1265301529.852,15.318,Fast_Scattering,11.314
1265302638.945,9.582,Fast_Scattering,11.314
1265303173.711,12.124,Fast_Scattering,11.314
1265303341.591,40.559,Blip,5.657
1265305972.131,9.16,Blip_Low_Frequency,5.657
1265306799.086,15.781,Fast_Scattering,11.314
1265307611.547,10.6,Fast_Scattering,11.314
1265309251.266,19.75,Fast_Scattering,22.627
1265309963.378,13.367,Blip,5.657
1265310077.758,20.111,Blip,5.657
1265310412.395,16.272,Tomte,5.657
1265311257.031,9.784,Low_Frequency_Burst,11.314
1265312589.797,15.723,Fast_Scattering,11.314
1265313133.066,12.749,Tomte,5.657
1265313305.258,11.159,Fast_Scattering,11.314
1265318150.309,38.665,Koi_Fish,5.657
1265319335.828,24.929,Fast_Scattering,11.314
1265320862.691,17.756,Tomte,5.657
1265321874.418,23.712,Tomte,5.657
1265323686.113,7.863,Tomte,5.657
1265325483.339,1459.659,Extremely_Loud,22.627
1265326122.059,15.769,Tomte,5.657
1265327254.801,2357.773,Extremely_Loud,11.314
1265327457.018,8.107,Blip,5.657
1265327971.662,47.169,Koi_Fish,5.657
1265328982.115,236.963,Koi_Fish,5.657
1265332717.758,10.613,Fast_Scattering,22.627
1265332745.859,20.274,Fast_Scattering,11.314
1265333039.047,19.068,Fast_Scattering,22.627
1265334031.762,9.016,Tomte,5.657
1265334332.609,16.135,Fast_Scattering,11.314
1265335107.915,640.828,Extremely_Loud,5.657
1265339790.43,12.192,Fast_Scattering,11.314
1265340212.703,14.108,Fast_Scattering,11.314
1265340325.398,17.48,Fast_Scattering,11.314
1265340663.727,12.55,Fast_Scattering,11.314
1265343647.731,168.79,Koi_Fish,5.657
1265351453.279,14.052,Tomte,5.657
1265358910.741,430.22,Koi_Fish,5.657
1265365148.912,493.577,Koi_Fish,5.657
1265367746.793,3588.718,Extremely_Loud,5.657
1265368885.518,17.168,Tomte,5.657
1265371144.469,9.612,Low_Frequency_Burst,11.314
1265371221.033,379.97,Koi_Fish,5.657
1265373246.83,124.481,Koi_Fish,5.657
1265373851.347,267.556,Koi_Fish,5.657
1265375090.914,7.916,Fast_Scattering,11.314
1265375964.242,17.359,Fast_Scattering,11.314
1265377129.625,7.581,Low_Frequency_Lines,45.255
1265379379.633,11.706,Fast_Scattering,11.314
1265381025.188,8.521,Scattered_Light,45.255
1265382375.777,8.438,Blip_Low_Frequency,5.657
1265389843.648,9.08,Fast_Scattering,11.314
1265389933.875,323.858,Extremely_Loud,45.255
1265390235.617,8.022,Fast_Scattering,11.314
1265390501.438,9.399,Fast_Scattering,5.657
1265390647.352,12.238,Fast_Scattering,11.314
1265392101.375,8.962,Scattered_Light,45.255
1265395370.162,7.99,Blip_Low_Frequency,5.657
1265396407.273,10.196,Fast_Scattering,11.314
1265398035.25,9.195,Low_Frequency_Lines,45.255
1265398791.844,7.868,Low_Frequency_Burst,11.314
1265415830.156,10.059,Scattered_Light,45.255
1265416498.156,21.232,Low_Frequency_Burst,11.314
1265420984.788,145.105,Koi_Fish,5.657
1265422319.785,8.999,Tomte,5.657
1265424394.219,8.438,Low_Frequency_Burst,11.314
1265424445.28,211.081,Extremely_Loud,5.657
1265424715.145,444.314,Extremely_Loud,11.314
1265426964.406,14.578,Low_Frequency_Burst,11.314
1265428642.363,3131.147,Extremely_Loud,11.314
1265435291.531,10.719,Low_Frequency_Burst,11.314
1265436492.777,27.987,Tomte,5.657
1265436501.926,14.459,Tomte,5.657
1265441017.969,55.782,Low_Frequency_Burst,11.314
1265442071.219,18.755,Low_Frequency_Burst,11.314
1265443520.719,12.469,Low_Frequency_Burst,11.314
1265444370.969,11.487,Low_Frequency_Burst,11.314
1265447123.943,10.244,Blip,5.657
1265447601.201,21.95,Blip,5.657
1265449594.795,12.413,Tomte,5.657
1265453342.004,9.168,Tomte,5.657
1265454322.063,9.855,Scattered_Light,45.255
1265455016.965,207.599,Koi_Fish,5.657
1265455842.906,8.949,Scattered_Light,45.255
1265459122.246,73.988,Koi_Fish,5.657
1265461179.43,9.757,Fast_Scattering,11.314
1265461184.781,10.535,Low_Frequency_Burst,11.314
1265462308.914,13.59,Fast_Scattering,11.314
1265463607.609,7.919,Low_Frequency_Burst,5.657
1265464594.883,7.924,Fast_Scattering,11.314
1265465310.362,9.456,Blip,5.657
1265465959.531,59.746,Low_Frequency_Burst,22.627
1265466666.25,8.477,Low_Frequency_Lines,45.255
1265467129.773,14.011,Fast_Scattering,11.314
1265468161.406,11.398,Low_Frequency_Burst,11.314
1265489247.125,9.728,Low_Frequency_Lines,45.255
1265489309.9,10.023,Blip_Low_Frequency,5.657
1265489315.25,7.535,Low_Frequency_Burst,5.657
1265490120.855,129.113,Koi_Fish,5.657
1265490350.417,547.16,Koi_Fish,5.657
1265490820.239,8.664,Blip,5.657
1265490964.895,12.423,Tomte,5.657
1265492801.961,22.546,Fast_Scattering,11.314
1265492809.055,11.912,Fast_Scattering,11.314
1265493324.258,10.609,Fast_Scattering,11.314
1265493531.719,10.526,Low_Frequency_Burst,11.314
1265493595.75,26.213,Low_Frequency_Lines,45.255
1265493664.422,9.815,Fast_Scattering,11.314
1265494502.75,7.894,Low_Frequency_Lines,45.255
1265494564.93,11.313,Fast_Scattering,11.314
1265494659.492,11.469,Fast_Scattering,11.314
1265495111.156,13.106,Low_Frequency_Burst,11.314
1265496682.031,9.586,Low_Frequency_Burst,11.314
1265496960.599,27.319,Blip,5.657
1265496961.744,9.363,Blip,5.657
1265497560.031,16.781,Low_Frequency_Burst,11.314
1265499607.75,8.728,Low_Frequency_Lines,45.255
1265501248.906,20.917,Low_Frequency_Burst,11.314
1265502571.875,172.472,Extremely_Loud,11.314
1265505955.906,10.125,Low_Frequency_Burst,11.314
1265508882.656,18.502,Low_Frequency_Burst,11.314
1265510059.844,31.268,Low_Frequency_Burst,11.314
1265510870.184,638.023,Extremely_Loud,5.657
1265511260.551,8.884,Blip_Low_Frequency,5.657
1265512576.722,12.064,Blip,5.657
1265512743.625,8.546,Low_Frequency_Lines,45.255
1265514757.182,9.354,Blip_Low_Frequency,5.657
1265515567.625,7.963,Low_Frequency_Lines,45.255
1265515854.894,57.058,Koi_Fish,5.657
1265516397.238,16.634,Tomte,5.657
1265517051.094,9.233,Low_Frequency_Burst,5.657
1265518062.246,17.786,Tomte,5.657
1265518375.575,52.539,Koi_Fish,5.657
1265518738.775,7308.861,Extremely_Loud,5.657
1265519565.145,8.473,Tomte,5.657
1265525679.095,1747.605,Extremely_Loud,5.657
1265526161.845,132.061,Koi_Fish,5.657
1265527624.375,7.985,Low_Frequency_Lines,45.255
1265528905.727,250.053,Extremely_Loud,22.627
1265532365.762,10.984,Tomte,5.657
1265534645.875,8.716,Low_Frequency_Lines,45.255
1265539777.605,16.492,Tomte,5.657
1265543609.311,8.631,Blip_Low_Frequency,5.657
1265543740.625,8.036,Low_Frequency_Lines,45.255
1265545053.425,11.729,Blip,5.657
1265545077.573,224.314,Koi_Fish,5.657
1265548730.125,7.545,Low_Frequency_Lines,45.255
1265548850.75,1149.349,Low_Frequency_Burst,11.314
1265555436.969,36.159,Low_Frequency_Burst,22.627
1265555625.57,8.821,Fast_Scattering,11.314
1265555660.469,9.011,Low_Frequency_Burst,11.314
1265555912.625,7.956,Low_Frequency_Lines,45.255
1265556322.094,9.998,Low_Frequency_Burst,11.314
1265557997.554,16.368,Blip,5.657
1265558306.875,9.288,Low_Frequency_Lines,45.255
1265560108.891,11.881,Fast_Scattering,11.314
1265562661.539,10.323,Fast_Scattering,11.314
1265567519.68,12.047,Fast_Scattering,11.314
1265568515.563,9.251,Scattered_Light,45.255
1265568967.086,11.437,Fast_Scattering,11.314
1265569494.137,7.993,Blip_Low_Frequency,5.657
1265570021.305,14.592,Fast_Scattering,11.314
1265570063.992,10.58,Fast_Scattering,11.314
1265570197.625,7.52,Low_Frequency_Lines,45.255
1265570659.875,7.945,Low_Frequency_Lines,45.255
1265570726.836,9.886,Fast_Scattering,11.314
1265572073.281,18.117,Low_Frequency_Burst,11.314
1265572673.313,9.485,Scattered_Light,45.255
1265575579.383,10.657,Fast_Scattering,11.314
1265577261.32,16.893,Fast_Scattering,11.314
1265577750.586,9.942,Fast_Scattering,11.314
1265579037.063,10.295,Scattered_Light,45.255
1265579403.148,7.817,Fast_Scattering,11.314
1265579408.047,8.4,Fast_Scattering,11.314
1265579758.078,10.926,Fast_Scattering,11.314
1265579813.336,12.278,Fast_Scattering,11.314
1265579929.117,12.993,Fast_Scattering,11.314
1265580070.587,452.619,Extremely_Loud,5.657
1265580127.602,12.26,Fast_Scattering,11.314
1265580369.703,12.298,Fast_Scattering,11.314
1265580387.609,11.022,Fast_Scattering,11.314
1265580395.148,9.591,Fast_Scattering,11.314
1265580493.914,15.133,Fast_Scattering,11.314
1265580751.055,8.492,Fast_Scattering,11.314
1265583219.18,13.907,Fast_Scattering,11.314
1265585812.871,12.926,Tomte,5.657
1265586675.918,119.465,Koi_Fish,5.657
1265587688.281,10.314,Low_Frequency_Burst,5.657
1265591167.125,8.25,Low_Frequency_Lines,45.255
1265594556.154,17.293,Blip,5.657
1265594811.888,11.193,Blip,5.657
1265597164.531,10.709,Low_Frequency_Burst,22.627
1265602096.947,7.8,Blip,5.657
1265602221.625,8.061,Low_Frequency_Lines,45.255
1265602653.375,8.544,Low_Frequency_Lines,45.255
1265617825.25,38.745,Low_Frequency_Lines,45.255
1265618034.438,8.8,Low_Frequency_Lines,45.255
1265618038.688,27.023,Low_Frequency_Lines,45.255
1265618877.359,9.325,Scattered_Light,45.255
1265621435.149,21.974,Blip,5.657
1265621523.656,7.818,Low_Frequency_Burst,5.657
1265622589.934,25.376,Tomte,5.657
1265626032.406,37.156,Low_Frequency_Burst,22.627
1265649143.266,40.179,Low_Frequency_Burst,11.314
1265649301.703,32.773,Low_Frequency_Burst,11.314
1265649319.906,8.791,Low_Frequency_Burst,11.314
1265649477.344,17.442,Low_Frequency_Burst,22.627
1265649857.188,7.669,Low_Frequency_Lines,45.255
1265649882.344,10.017,Low_Frequency_Burst,22.627
1265650481.32,9.502,Fast_Scattering,11.314
1265651425.594,9.465,Low_Frequency_Burst,11.314
1265654077.461,13.499,Fast_Scattering,11.314
1265654712.195,24.087,Fast_Scattering,11.314
1265655052.484,24.318,Low_Frequency_Burst,11.314
1265655207.445,8.776,Low_Frequency_Burst,11.314
1265655408.743,17.691,Blip,5.657
1265655576.242,8.61,Fast_Scattering,11.314
1265656501.078,12.493,Fast_Scattering,11.314
1265657029.395,9.747,Blip_Low_Frequency,5.657
1265657292.969,12.483,Low_Frequency_Burst,11.314
1265657973.156,10.934,Fast_Scattering,11.314
1265658357.141,8.831,Fast_Scattering,22.627
1265658965.352,8.186,Fast_Scattering,11.314
1265659146.309,8.159,Tomte,5.657
1265663608.156,32.703,Low_Frequency_Burst,22.627
1265664553.066,54.283,Koi_Fish,5.657
1265664946.619,45.716,Blip,5.657
1265664965.906,18.389,Low_Frequency_Burst,11.314
1265665743.656,9.134,Low_Frequency_Burst,22.627
1265666448.031,8.797,Low_Frequency_Burst,22.627
1265668034.016,40.348,Fast_Scattering,11.314
1265668218.781,10.217,Low_Frequency_Burst,11.314
1265670856.875,7.516,Low_Frequency_Lines,45.255
1265671948.121,30.603,Tomte,5.657
1265673299.844,9.531,Low_Frequency_Burst,11.314
1265673655.194,20.411,Blip,5.657
1265675740.189,15.437,Blip_Low_Frequency,5.657
1265675901.475,1745.664,Extremely_Loud,5.657
1265676723.572,6783.496,Extremely_Loud,5.657
1265678935.281,8.369,Low_Frequency_Burst,11.314
1265679448.656,17.278,Low_Frequency_Burst,11.314
1265680141.379,12.582,Tomte,5.657
1265680744.504,42.16,Tomte,5.657
1265688300.531,15.054,Low_Frequency_Burst,11.314
1265688333.406,10.28,Low_Frequency_Burst,22.627
1265688991.125,7.598,Low_Frequency_Lines,45.255
1265692746.7,180.471,Koi_Fish,5.657
1265695630.652,1587.552,Extremely_Loud,5.657
1265698617.406,22.568,Low_Frequency_Burst,11.314
1265699502.217,16.809,Tomte,5.657
1265700176.369,538.993,Koi_Fish,5.657
1265706814.513,406.507,Extremely_Loud,5.657
1265708572.288,10.923,Blip,5.657
1265717520.547,242.315,Koi_Fish,5.657
1265717981.094,14.31,Low_Frequency_Burst,11.314
1265719540.004,156.167,Koi_Fish,5.657
1265720517.875,8.304,Low_Frequency_Lines,45.255
1265720667.117,11.926,Fast_Scattering,11.314
1265721267.86,155.336,Koi_Fish,5.657
1265722186.414,13.57,Fast_Scattering,11.314
1265722263.281,18.23,Low_Frequency_Burst,11.314
1265723857.617,8.64,Fast_Scattering,11.314
1265723878.617,15.888,Fast_Scattering,11.314
1265724041.657,17.073,Blip,5.657
1265725012.945,9.79,Fast_Scattering,11.314
1265725027.07,8.078,Fast_Scattering,11.314
1265725467.273,10.922,Fast_Scattering,11.314
1265726536.793,9.75,Blip_Low_Frequency,5.657
1265726660.32,12.744,Fast_Scattering,11.314
1265727447.938,29.876,Low_Frequency_Lines,22.627
1265728117.352,12.77,Fast_Scattering,11.314
1265729165.168,4843.42,Extremely_Loud,11.314
1265729615.813,21.956,Low_Frequency_Lines,45.255
1265729620.594,7.516,Low_Frequency_Lines,45.255
1265729807.688,35.564,Low_Frequency_Lines,45.255
1265731060.273,20.154,Fast_Scattering,11.314
1265731216.891,8.595,Fast_Scattering,11.314
1265732102.688,52.047,Low_Frequency_Lines,45.255
1265732377.825,9.384,Blip,5.657
1265732836.969,8.961,Low_Frequency_Burst,5.657
1265733774.891,16.827,Fast_Scattering,22.627
1265734014.338,17.078,Blip,5.657
1265734551.575,176.681,Koi_Fish,5.657
1265735314.344,9.57,Low_Frequency_Burst,11.314
1265736628.438,16.4,Low_Frequency_Lines,45.255
1265737095.891,10.188,Fast_Scattering,11.314
1265737099.813,10.728,Low_Frequency_Lines,45.255
1265737165.93,8.704,Fast_Scattering,11.314
1265738160.313,70.142,Low_Frequency_Lines,45.255
1265738216.875,9.304,Low_Frequency_Lines,45.255
1265738764.063,13.767,Low_Frequency_Lines,45.255
1265739110.703,19.344,Fast_Scattering,11.314
1265739628.805,14.457,Fast_Scattering,11.314
1265740239.438,7.647,Low_Frequency_Lines,45.255
1265740369.82,13.621,Fast_Scattering,11.314
1265741018.273,10.252,Fast_Scattering,11.314
1265741039.492,12.782,Fast_Scattering,11.314
1265741060.93,12.43,Fast_Scattering,11.314
1265742460.875,44.663,Low_Frequency_Lines,45.255
1265742464.813,82.268,Low_Frequency_Burst,22.627
1265742800.074,8.107,Blip_Low_Frequency,5.657
1265743121.212,203.566,Koi_Fish,5.657
1265743143.484,12.828,Fast_Scattering,11.314
1265744105.078,19.757,Fast_Scattering,11.314
1265744224.719,8.014,Low_Frequency_Burst,11.314
1265744287.961,10.561,Fast_Scattering,11.314
1265744622.359,11.764,Fast_Scattering,11.314
1265745367.813,21.527,Low_Frequency_Lines,45.255
1265745380.125,8.102,Low_Frequency_Lines,45.255
1265745761.117,7.84,Fast_Scattering,11.314
1265745948.813,67.904,Low_Frequency_Lines,45.255
1265746063.989,431.751,Extremely_Loud,5.657
1265746282.313,20.9,Low_Frequency_Lines,45.255
1265747341.398,13.128,Fast_Scattering,11.314
1265747495.688,24.053,Low_Frequency_Lines,22.627
1265747622.969,10.476,Low_Frequency_Burst,5.657
1265747626.781,8.111,Low_Frequency_Burst,5.657
1265752841.197,21.792,Blip,5.657
1265753128.625,8.485,Low_Frequency_Lines,45.255
1265753681.71,131.51,Koi_Fish,5.657
1265753853.656,67.499,Low_Frequency_Burst,22.627
1265754456.775,32.242,Koi_Fish,5.657
1265755477.578,9.747,Fast_Scattering,11.314
1265755769.063,8.952,Low_Frequency_Burst,22.627
1265756104.516,19.097,Fast_Scattering,11.314
1265756148.43,9.107,Fast_Scattering,11.314
1265756344.813,140.642,Low_Frequency_Burst,11.314
1265756344.813,140.642,Low_Frequency_Burst,11.314
1265756344.813,140.642,Low_Frequency_Burst,11.314
1265853355.906,14.31,Low_Frequency_Burst,11.314
1265853389.031,9.299,Low_Frequency_Burst,11.314
1265853435.734,8.698,Low_Frequency_Burst,11.314
1265853528.906,9.043,Low_Frequency_Burst,5.657
1265855437.331,8.327,Blip,5.657
1265855922.094,10.025,Low_Frequency_Burst,11.314
1265856198.125,7.711,Low_Frequency_Lines,45.255
1265856341.531,12.782,Low_Frequency_Burst,11.314
1265858341.703,7.934,Low_Frequency_Burst,5.657
1265861266.641,8.193,Low_Frequency_Burst,22.627
1265861291.094,13.028,Low_Frequency_Burst,11.314
1265861396.688,7.651,Scattered_Light,45.255
1265861521.688,7.601,Low_Frequency_Burst,22.627
1265863647.813,19.47,Low_Frequency_Burst,22.627
1265868201.665,3109.458,Extremely_Loud,5.657
1265868271.344,12.969,Low_Frequency_Burst,5.657
1265868357.163,15.929,Blip_Low_Frequency,5.657
1265869957.585,9.594,Blip,5.657
1265872666.475,517.837,Extremely_Loud,5.657
1265873622.625,10.252,Scattered_Light,45.255
1265876371.473,10.489,Tomte,5.657
1265880012.684,161.609,Koi_Fish,5.657
1265881714.48,48.996,Tomte,5.657
1265884234.269,7.99,Blip,5.657
1265886150.668,10.487,Tomte,5.657
1265886502.988,3752.663,Koi_Fish,5.657
1265887474.141,8.271,Low_Frequency_Burst,22.627
1265889808.441,9.853,Tomte,5.657
1265892776.781,14.127,Low_Frequency_Burst,11.314
1265894290.288,294.731,Extremely_Loud,5.657
1265898730.762,23.954,Tomte,5.657
1265899501.078,20.972,Low_Frequency_Burst,11.314
1265900966.746,203.113,Koi_Fish,5.657
1265907508.293,483.565,Extremely_Loud,11.314
1265908690.531,24.64,Low_Frequency_Burst,22.627
1265909541.953,9.091,Low_Frequency_Burst,11.314
1265909591.906,7.538,Low_Frequency_Lines,22.627
1265909663.188,10.334,Low_Frequency_Burst,11.314
1265913134.859,9.131,Fast_Scattering,11.314
1265918636.742,1482.835,Extremely_Loud,11.314
1265922562.031,12.11,Low_Frequency_Burst,22.627
1265931146.465,7.706,Blip_Low_Frequency,5.657
1265932709.835,129.554,Koi_Fish,5.657
1265934126.129,8.871,Blip_Low_Frequency,5.657
1265943609.531,9.508,Low_Frequency_Burst,11.314
1265944460.139,8.937,Blip_Low_Frequency,5.657
1265945151.188,11.955,Scattered_Light,45.255
1265945638.079,18.443,Blip,5.657
1265947048.281,8.399,Low_Frequency_Burst,11.314
1265947724.579,226.188,Koi_Fish,5.657
1265951278.531,8.008,Scattered_Light,45.255
1265956228.382,129.483,Koi_Fish,5.657
1265959974.219,13.975,Low_Frequency_Burst,11.314
1265963280.281,12.349,Low_Frequency_Burst,22.627
1265971420.068,47.174,Blip,5.657
1265973680.98,10.253,Tomte,5.657
1265975544.938,7.601,Low_Frequency_Lines,45.255
1265986198.883,14.75,Fast_Scattering,11.314
1265986423.242,8.78,Fast_Scattering,11.314
1265986432.055,7.779,Fast_Scattering,11.314
1265988240.465,24.033,Blip,5.657
1265991336.805,13.334,Fast_Scattering,11.314
1265991390.273,9.495,Fast_Scattering,11.314
1265991757.445,29.845,Fast_Scattering,22.627
1265991889.078,10.058,Fast_Scattering,11.314
1265992205.141,35.368,Fast_Scattering,11.314
1265992244.586,16.033,Fast_Scattering,22.627
1265992370.359,15.26,Fast_Scattering,11.314
1265992406.719,22.321,Low_Frequency_Burst,11.314
1265993076.609,11.913,Fast_Scattering,22.627
1265993287.203,9.678,Fast_Scattering,11.314
1265993451.313,9.19,Low_Frequency_Lines,45.255
1265993602.57,8.136,Fast_Scattering,11.314
1265993714.969,7.63,Low_Frequency_Burst,11.314
1265995483.156,8.142,Low_Frequency_Lines,45.255
1266007409.563,10.589,Scattered_Light,45.255
1266008942.721,171.119,Extremely_Loud,5.657
1266010130.68,10.745,Fast_Scattering,11.314
1266011941.945,9.947,Fast_Scattering,11.314
1266012154.688,9.801,Scattered_Light,45.255
1266014544.125,8.188,Low_Frequency_Lines,45.255
1266015515.107,65.113,Koi_Fish,5.657
1266015875.875,8.368,Low_Frequency_Lines,45.255
1266017528.188,8.419,Low_Frequency_Lines,45.255
1266019357.051,94.002,Koi_Fish,5.657
1266021619.496,8.503,Blip_Low_Frequency,5.657
1266022543.432,78.77,Koi_Fish,5.657
1266024056.817,924.706,Extremely_Loud,5.657
1266024358.344,10.122,Low_Frequency_Burst,22.627
1266025740.008,729.247,Extremely_Loud,11.314
1266027528.079,2734.127,Extremely_Loud,5.657
1266033065.813,11.105,Scattered_Light,45.255
1266044216.979,6639.899,Extremely_Loud,5.657
1266046542.872,313.886,Koi_Fish,5.657
1266047862.997,605.302,Koi_Fish,5.657
1266054978.188,7.553,Low_Frequency_Lines,45.255
1266055070.962,13.101,Blip,5.657
1266060087.367,18.107,Fast_Scattering,11.314
1266061957.847,27.045,Blip,5.657
1266067747.594,7.551,Low_Frequency_Lines,45.255
1266067927.715,31.262,Tomte,5.657
1266068291.656,14.183,Fast_Scattering,11.314
1266068349.398,7.516,Fast_Scattering,11.314
1266068794.063,11.577,Low_Frequency_Burst,22.627
1266069224.137,28.926,Blip,5.657
1266069828.125,14.165,Scattered_Light,45.255
1266070536.719,14.158,Low_Frequency_Burst,11.314
1266072705.641,23.379,Fast_Scattering,11.314
1266072877.875,12.284,Fast_Scattering,11.314
1266098231.594,20.375,Low_Frequency_Burst,11.314
1266098582.039,11.852,Fast_Scattering,22.627
1266098584.227,9.0,Fast_Scattering,11.314
1266098586.922,10.804,Fast_Scattering,11.314
1266099020.406,8.423,Low_Frequency_Burst,5.657
1266099063.656,14.015,Low_Frequency_Burst,22.627
1266102785.379,8.404,Tomte,5.657
1266111016.255,1447.706,Extremely_Loud,5.657
1266111821.463,240.144,Extremely_Loud,5.657
1266124644.996,8.53,Blip_Low_Frequency,5.657
1266126772.729,9.331,Blip,5.657
1266128340.467,267.08,Koi_Fish,5.657
1266128700.806,153.626,Koi_Fish,5.657
1266129018.578,2923.569,Extremely_Loud,5.657
1266129781.66,37.808,Koi_Fish,5.657
1266131192.761,561.575,Extremely_Loud,11.314
1266133473.457,39.872,Tomte,5.657
1266136132.194,65.32,Koi_Fish,5.657
1266136493.465,312.951,Extremely_Loud,5.657
1266137237.426,9.362,Blip_Low_Frequency,5.657
1266138809.206,8.415,Blip,5.657
1266142760.626,34.433,Blip,5.657
1266145339.302,127.402,Koi_Fish,11.314
1266147106.228,9.887,Blip,5.657
1266152156.184,337.039,Extremely_Loud,22.627
1266152156.184,337.039,Extremely_Loud,22.627
1266153334.324,62.277,Koi_Fish,5.657
1266157260.512,27.464,Tomte,5.657
1266158223.211,8.458,Tomte,5.657
1266158277.844,8.771,Low_Frequency_Burst,22.627
1266159054.258,13.671,Fast_Scattering,11.314
1266159059.313,9.293,Fast_Scattering,11.314
1266159061.805,9.524,Fast_Scattering,11.314
1266160291.906,8.161,Low_Frequency_Burst,11.314
1266163828.359,7.623,Tomte,11.314
1266167006.047,9.49,Low_Frequency_Burst,5.657
1266167850.393,43.195,Koi_Fish,5.657
1266169971.128,72.365,Koi_Fish,5.657
1266170012.71,1547.537,Extremely_Loud,5.657
1266171294.924,143.215,Koi_Fish,5.657
1266171513.372,39.54,Koi_Fish,5.657
1266174131.27,73.694,Koi_Fish,5.657
1266176298.753,31.843,Blip,5.657
1266177978.488,23.469,Tomte,5.657
1266179090.211,7.771,Fast_Scattering,11.314
1266179313.039,15.559,Fast_Scattering,11.314
1266179659.621,116.568,Koi_Fish,5.657
1266181078.602,10.221,Fast_Scattering,11.314
1266197473.974,8.23,Blip,5.657
1266198964.277,21.559,Tomte,5.657
1266199254.354,16.461,Tomte,5.657
1266201640.074,8.207,Blip_Low_Frequency,5.657
1266207398.622,77.196,Koi_Fish,5.657
1266208577.164,9.072,Fast_Scattering,11.314
1266210183.308,810.187,Extremely_Loud,5.657
1266211296.093,23.229,Blip,5.657
1266212067.551,13.683,Blip,5.657
1266217172.19,12.163,Blip,5.657
1266221213.854,746.06,Extremely_Loud,5.657
1266223458.255,10.899,Blip,5.657
1266224108.137,13.579,Blip,5.657
1266224280.149,9.275,Blip,5.657
1266225245.52,307.278,Extremely_Loud,5.657
1266234200.214,1653.511,Extremely_Loud,5.657
1266235044.071,130.626,Koi_Fish,5.657
1266238368.824,57.056,Blip_Low_Frequency,5.657
1266239560.398,12.757,Fast_Scattering,11.314
1266240156.297,12.922,Fast_Scattering,11.314
1266240375.117,9.833,Fast_Scattering,11.314
1266246588.862,158.847,Koi_Fish,5.657
1266247173.924,239.838,Extremely_Loud,5.657
1266247417.926,46.038,Tomte,5.657
1266247558.309,20.553,Tomte,5.657
1266251546.498,18.831,Blip,5.657
1266253329.508,8.745,Fast_Scattering,11.314
1266255521.607,53.362,Koi_Fish,5.657
1266272077.117,9.053,Fast_Scattering,11.314
1266272992.117,7.824,Fast_Scattering,11.314
1266274190.055,9.866,Fast_Scattering,11.314
1266274278.172,19.08,Blip,5.657
1266274278.172,19.08,Blip,5.657
1266275319.663,8.826,Blip,5.657
1266275319.663,8.826,Blip,5.657
1266278906.289,13.288,Fast_Scattering,11.314
1266278910.914,7.605,Fast_Scattering,11.314
1266279012.055,13.395,Fast_Scattering,11.314
1266279823.042,219.749,Koi_Fish,5.657
1266280560.953,11.812,Fast_Scattering,11.314
1266281984.859,8.429,Fast_Scattering,11.314
1266282511.832,2140.933,Extremely_Loud,5.657
1266282976.234,8.327,Low_Frequency_Burst,5.657
1266282991.295,283.529,Extremely_Loud,11.314
1266283420.031,8.016,Low_Frequency_Lines,22.627
1266283420.031,8.016,Low_Frequency_Lines,22.627
1266283749.391,8.571,Fast_Scattering,11.314
1266286590.27,9.255,Blip_Low_Frequency,5.657
1266287492.793,12.401,Tomte,5.657
1266287860.782,226.521,Koi_Fish,5.657
1266287860.782,226.521,Koi_Fish,5.657
1266289095.969,14.781,Low_Frequency_Burst,11.314
1266290236.984,7.918,Fast_Scattering,11.314
1266290405.201,10.248,Blip,5.657
1266290469.477,10.285,Tomte,5.657
1266290733.688,18.215,Low_Frequency_Lines,45.255
1266290886.352,9.266,Fast_Scattering,11.314
1266291051.531,101.784,Low_Frequency_Burst,22.627
1266291336.828,10.856,Fast_Scattering,11.314
1266291459.703,13.007,Low_Frequency_Burst,11.314
1266291459.703,13.007,Low_Frequency_Burst,11.314
1266291497.875,43.97,Low_Frequency_Lines,45.255
1266291498.125,33.795,Low_Frequency_Lines,45.255
1266291498.125,33.795,Low_Frequency_Lines,45.255
1266291498.125,33.795,Low_Frequency_Lines,45.255
1266291585.875,7.556,Low_Frequency_Lines,45.255
1266291585.875,7.556,Low_Frequency_Lines,45.255
1266291585.875,7.556,Low_Frequency_Lines,45.255
1266292093.938,190.435,Extremely_Loud,45.255
1266292094.44,5214.308,Extremely_Loud,5.657
1266292215.219,8.187,Low_Frequency_Burst,22.627
1266292215.219,8.187,Low_Frequency_Burst,22.627
1266292215.219,8.187,Low_Frequency_Burst,22.627
1266292847.156,8.038,Low_Frequency_Burst,22.627
1266293005.182,301.139,Koi_Fish,5.657
1266293781.391,8.184,Fast_Scattering,11.314
1266294061.352,10.298,Fast_Scattering,11.314
1266294486.703,8.663,Fast_Scattering,11.314
1266294506.858,1535.871,Extremely_Loud,22.627
1266294599.063,13.715,Low_Frequency_Lines,22.627
1266295021.359,21.577,Fast_Scattering,22.627
1266295026.273,9.167,Fast_Scattering,11.314
1266295105.721,8.426,Blip,5.657
1266295316.508,9.047,Fast_Scattering,11.314
1266295358.961,9.046,Fast_Scattering,11.314
1266295691.516,14.018,Fast_Scattering,11.314
1266295949.438,209.512,Low_Frequency_Burst,22.627
1266295949.438,209.512,Low_Frequency_Burst,22.627
1266296771.48,875.003,Extremely_Loud,11.314
1266297113.607,11.011,Blip_Low_Frequency,5.657
1266297113.607,11.011,Blip_Low_Frequency,5.657
1266297143.182,9.661,Blip,5.657
1266297222.844,11.102,Low_Frequency_Burst,11.314
1266297222.844,11.102,Low_Frequency_Burst,11.314
1266297222.844,11.102,Low_Frequency_Burst,11.314
1266297240.18,12.354,Fast_Scattering,11.314
1266297289.766,7.929,Fast_Scattering,11.314
1266297501.0,1958.428,Extremely_Loud,5.657
1266297501.0,1958.428,Extremely_Loud,5.657
1266297520.953,8.353,Low_Frequency_Burst,5.657
1266297520.953,8.353,Low_Frequency_Burst,5.657
1266297687.797,19.344,Fast_Scattering,11.314
1266298337.533,8.478,Blip_Low_Frequency,5.657
1266299386.125,21.942,Low_Frequency_Lines,45.255
1266299491.188,132.253,Low_Frequency_Burst,22.627
1266299491.188,132.253,Low_Frequency_Burst,22.627
1266299502.813,151.561,Low_Frequency_Burst,22.627
1266299502.813,151.561,Low_Frequency_Burst,22.627
1266299502.813,151.561,Low_Frequency_Burst,22.627
1266299513.438,324.567,Low_Frequency_Burst,22.627
1266299793.336,11.947,Fast_Scattering,11.314
1266299816.328,14.866,Fast_Scattering,11.314
1266300966.313,203.29,Low_Frequency_Burst,22.627
1266302150.352,9.87,Fast_Scattering,11.314
1266302569.484,10.308,Fast_Scattering,11.314
1266302651.363,1110.676,Extremely_Loud,22.627
1266303109.188,7.511,Low_Frequency_Lines,45.255
1266303163.096,1984.654,Extremely_Loud,11.314
1266303246.531,9.08,Low_Frequency_Burst,11.314
1266303440.234,11.634,Fast_Scattering,11.314
1266303559.938,54.748,Low_Frequency_Lines,45.255
1266304137.469,10.153,Low_Frequency_Burst,22.627
1266304500.586,10.035,Fast_Scattering,11.314
1266306467.137,268.598,Extremely_Loud,5.657
1266306970.063,34.792,Low_Frequency_Lines,45.255
1266307676.965,792.467,Extremely_Loud,45.255
1266309250.813,9.523,Low_Frequency_Lines,45.255
1266309588.939,16.348,Tomte,5.657
1266311291.688,54.473,Low_Frequency_Lines,45.255
1266313928.359,10.45,Fast_Scattering,11.314
1266314072.914,9.091,Fast_Scattering,11.314
1266314076.766,7.907,Low_Frequency_Burst,5.657
1266314107.859,16.458,Fast_Scattering,11.314
1266314326.188,34.482,Low_Frequency_Lines,45.255
1266314549.938,7.94,Low_Frequency_Lines,45.255
1266315208.525,10.015,Blip,5.657
1266318046.313,165.052,Low_Frequency_Burst,22.627
1266321040.522,36.732,Blip,5.657
1266321399.703,8.052,Low_Frequency_Burst,11.314
1266321417.688,119.267,Low_Frequency_Burst,22.627
1266321632.528,28.367,Blip,5.657
1266322753.656,7.699,Low_Frequency_Burst,22.627
1266322807.656,14.578,Low_Frequency_Burst,11.314
1266323225.297,12.026,Fast_Scattering,11.314
1266323316.484,17.533,Fast_Scattering,11.314
1266325025.896,83.748,Koi_Fish,5.657
1266325167.692,10.61,Blip,5.657
1266325537.953,15.487,Fast_Scattering,11.314
1266326030.109,7.866,Fast_Scattering,11.314
1266326037.234,8.139,Low_Frequency_Burst,11.314
1266326260.688,7.715,Low_Frequency_Lines,45.255
1266326834.141,12.163,Fast_Scattering,11.314
1266327059.719,7.962,Low_Frequency_Burst,11.314
1266329135.333,1634.131,Extremely_Loud,5.657
1266329166.957,1291.004,Koi_Fish,5.657
1266329211.672,31.14,Fast_Scattering,22.627
1266329623.063,9.862,Low_Frequency_Burst,22.627
1266330905.461,14.943,Fast_Scattering,11.314
1266332220.479,313.946,Extremely_Loud,5.657
1266332414.57,13.479,Fast_Scattering,11.314
1266332436.273,9.723,Fast_Scattering,11.314
1266333745.502,351.535,Extremely_Loud,5.657
1266334738.383,9.707,Fast_Scattering,11.314
1266334740.352,11.334,Fast_Scattering,11.314
1266336676.857,11.167,Blip,5.657
1266337078.234,13.073,Fast_Scattering,11.314
1266337450.914,9.651,Fast_Scattering,11.314
1266338288.674,10.166,Blip,5.657
1266341156.758,14.884,Fast_Scattering,11.314
1266341229.086,10.448,Fast_Scattering,11.314
1266341231.523,10.642,Fast_Scattering,11.314
1266341540.516,9.632,Fast_Scattering,11.314
1266350551.703,19.583,Blip,5.657
1266352954.188,7.876,Low_Frequency_Lines,45.255
1266353609.105,29.777,Tomte,5.657
1266353973.495,16.77,Blip,5.657
1266356266.334,15.18,Blip,5.657
1266356402.404,9.091,Blip_Low_Frequency,5.657
1266356942.633,11.048,Fast_Scattering,11.314
1266358185.918,373.354,Koi_Fish,5.657
1266358260.515,1924.548,Extremely_Loud,5.657
1266359242.921,165.003,Extremely_Loud,5.657
1266359571.414,11.393,Fast_Scattering,11.314
1266360193.252,26.408,Koi_Fish,5.657
1266363018.908,9.688,Blip_Low_Frequency,5.657
1266365247.903,9.985,Blip,5.657
1266366857.173,191.381,Koi_Fish,5.657
1266372890.738,5121.055,Extremely_Loud,11.314
1266375498.048,55.413,Koi_Fish,5.657
1266375617.809,9.879,Blip_Low_Frequency,5.657
1266377381.178,7.5,Blip_Low_Frequency,5.657
1266382117.768,9.138,Blip_Low_Frequency,5.657
1266384202.927,16.056,Blip,5.657
1266384984.203,21.538,Fast_Scattering,22.627
1266386287.369,475.555,Extremely_Loud,5.657
1266393139.507,2397.783,Extremely_Loud,5.657
1266393992.75,8.445,Blip,5.657
1266398149.232,9.066,Blip_Low_Frequency,5.657
1266399137.007,11.2,Blip,5.657
1266399406.133,8.524,Fast_Scattering,11.314
1266400313.234,10.963,Blip,5.657
1266402415.518,208.572,Koi_Fish,5.657
1266405607.377,10.312,Blip_Low_Frequency,5.657
1266409872.17,8.992,Blip_Low_Frequency,5.657
1266409918.213,157.687,Koi_Fish,5.657
1266412738.678,17.273,Blip,5.657
1266416035.309,17.915,Blip,5.657
1266417124.575,121.485,Extremely_Loud,5.657
1266417511.02,352.72,Extremely_Loud,11.314
1266420343.803,187.938,Koi_Fish,5.657
1266421948.625,12.31,Low_Frequency_Lines,45.255
1266422716.266,14.582,Fast_Scattering,11.314
1266427018.852,8.155,Fast_Scattering,5.657
1266428366.045,8.762,Blip_Low_Frequency,5.657
1266437667.922,7.553,Low_Frequency_Burst,11.314
1266438058.771,143.487,Koi_Fish,5.657
1266439815.07,10.943,Fast_Scattering,11.314
1266441127.82,8.078,Fast_Scattering,11.314
1266442161.367,14.085,Fast_Scattering,11.314
1266443158.791,310.053,Koi_Fish,5.657
1266444183.148,11.256,Fast_Scattering,11.314
1266444334.41,9.285,Blip_Low_Frequency,5.657
1266444844.178,126.063,Koi_Fish,5.657
1266445533.09,15.384,Tomte,5.657
1266445669.623,26.356,Blip,5.657
1266446662.345,501.53,Koi_Fish,5.657
1266456220.605,119.221,Koi_Fish,5.657
1266456481.072,8.314,Blip_Low_Frequency,5.657
1266467579.882,1357.766,Extremely_Loud,5.657
1266468765.76,11.304,Blip_Low_Frequency,5.657
1266471435.332,29.582,Tomte,5.657
1266472202.168,9.333,Blip_Low_Frequency,5.657
1266473437.473,8.539,Blip_Low_Frequency,5.657
1266475698.51,1173.35,Extremely_Loud,5.657
1266476153.625,9.041,Low_Frequency_Lines,45.255
1266476226.25,12.926,Low_Frequency_Lines,45.255
1266477622.26,8.888,Blip_Low_Frequency,5.657
1266485167.275,24.017,Tomte,5.657
1266492243.75,4436.374,Extremely_Loud,22.627
1266500054.96,12.498,Blip,5.657
1266500801.821,9.755,Blip,5.657
1266504204.177,1517.269,Koi_Fish,5.657
1266506656.325,25.893,Blip,5.657
1266512392.55,1331.712,Koi_Fish,5.657
1266520471.58,29.525,Koi_Fish,5.657
1266526267.035,13.59,Tomte,5.657
1266527335.175,109.728,Koi_Fish,5.657
1266531930.193,10.627,Blip_Low_Frequency,5.657
1266533193.326,165.628,Koi_Fish,5.657
1266534676.495,251.196,Koi_Fish,5.657
1266535187.49,12.466,Tomte,5.657
1266538566.715,58.81,Koi_Fish,5.657
1266540559.539,9.625,Tomte,5.657
1266549635.146,19.638,Blip,5.657
1266561787.615,16.164,Tomte,5.657
1266565905.652,802.354,Extremely_Loud,5.657
1266568485.731,1786.033,Extremely_Loud,5.657
1266569091.301,583.497,Extremely_Loud,11.314
1266578350.576,8.199,Blip_Low_Frequency,5.657
1266580698.085,360.123,Koi_Fish,5.657
1266588494.31,7.577,Blip,5.657
1266589071.766,11.993,Fast_Scattering,11.314
1266589180.117,8.408,Fast_Scattering,11.314
1266589676.82,10.345,Fast_Scattering,11.314
1266590987.952,51.901,Koi_Fish,5.657
1266591247.68,10.225,Fast_Scattering,11.314
1266592495.898,9.556,Fast_Scattering,11.314
1266592752.414,14.804,Fast_Scattering,11.314
1266593258.832,13.492,Tomte,5.657
1266596419.742,7.663,Fast_Scattering,11.314
1266598024.79,1418.344,Extremely_Loud,5.657
1266598309.502,218.453,Extremely_Loud,11.314
1266601840.82,10.44,Fast_Scattering,11.314
1266601849.586,9.697,Fast_Scattering,11.314
1266601942.944,1075.313,Extremely_Loud,5.657
1266602045.445,11.742,Fast_Scattering,11.314
1266604210.089,1202.634,Koi_Fish,5.657
1266614766.563,10.35,Fast_Scattering,11.314
1266614804.891,8.51,Low_Frequency_Burst,5.657
1266616879.089,8.775,Blip,5.657
1266617379.32,18.988,Fast_Scattering,11.314
1266617692.754,29.396,Tomte,5.657
1266619234.752,93.718,Koi_Fish,5.657
1266622558.266,22.165,Blip,5.657
1266627259.83,8019.622,Extremely_Loud,5.657
1266628662.569,269.894,Koi_Fish,5.657
1266628712.308,34.401,Koi_Fish,5.657
1266632732.251,429.91,Koi_Fish,5.657
1266638680.741,724.624,Extremely_Loud,5.657
1266641750.121,32.397,Tomte,5.657
1266643553.646,198.623,Extremely_Loud,5.657
1266646270.246,990.775,Extremely_Loud,11.314
1266648097.027,299.338,Extremely_Loud,11.314
1266651560.84,2368.367,Extremely_Loud,5.657
1266667513.582,134.615,Koi_Fish,5.657
1266670848.544,65.27,Koi_Fish,5.657
1266671595.826,1171.723,Extremely_Loud,5.657
1266672254.781,11.948,Blip,5.657
1266675460.867,9.424,Fast_Scattering,11.314
1266676059.547,8.049,Fast_Scattering,11.314
1266676122.289,9.468,Fast_Scattering,11.314
1266676124.977,9.89,Fast_Scattering,11.314
1266703629.066,7.596,Blip_Low_Frequency,5.657
1266703764.402,2048.744,Extremely_Loud,11.314
1266712185.946,86.469,Koi_Fish,5.657
1266715583.663,363.303,Extremely_Loud,11.314
1266723492.91,14.153,Tomte,5.657
1266727374.802,47.389,Blip,5.657
1266728944.558,163.504,Extremely_Loud,5.657
1266732070.209,131.755,Koi_Fish,5.657
1266732698.1,9.525,Blip_Low_Frequency,5.657
1266737466.939,321.922,Extremely_Loud,22.627
1266743196.105,10.152,Blip_Low_Frequency,5.657
1266743689.123,7.886,Blip_Low_Frequency,5.657
1266747931.324,10.534,Tomte,5.657
1266749892.737,12.144,Blip,5.657
1266753347.512,45.396,Koi_Fish,5.657
1266759225.859,12.503,Fast_Scattering,11.314
1266761717.897,81.36,Koi_Fish,5.657
1266762601.18,17.172,Fast_Scattering,11.314
1266762678.586,8.546,Fast_Scattering,11.314
1266762704.711,11.44,Fast_Scattering,11.314
1266763174.672,20.983,Fast_Scattering,11.314
1266765612.457,807.428,Extremely_Loud,11.314
1266767377.359,9.46,Low_Frequency_Burst,11.314
1266767934.695,12.861,Fast_Scattering,11.314
1266768183.461,9.294,Tomte,5.657
1266768599.647,50.739,Koi_Fish,5.657
1266769629.727,7.994,Fast_Scattering,11.314
1266770185.148,15.548,Fast_Scattering,11.314
1266770186.664,9.621,Fast_Scattering,11.314
1266770583.195,13.583,Fast_Scattering,11.314
1266772029.133,10.303,Fast_Scattering,11.314
1266772635.898,7.656,Fast_Scattering,11.314
1266772969.93,14.633,Fast_Scattering,11.314
1266773006.734,13.744,Fast_Scattering,11.314
1266774340.102,13.419,Fast_Scattering,11.314
1266774589.336,11.261,Fast_Scattering,11.314
1266775965.758,15.112,Fast_Scattering,11.314
1266775967.727,12.916,Fast_Scattering,11.314
1266777206.68,8.863,Fast_Scattering,11.314
1266778012.922,19.2,Fast_Scattering,11.314
1266778226.508,7.527,Fast_Scattering,11.314
1266778261.758,12.662,Fast_Scattering,11.314
1266778278.43,9.42,Fast_Scattering,11.314
1266778371.805,8.127,Fast_Scattering,11.314
1266778694.578,14.189,Fast_Scattering,11.314
1266779416.195,8.886,Fast_Scattering,11.314
1266779634.508,11.095,Fast_Scattering,11.314
1266779897.734,10.054,Fast_Scattering,11.314
1266780656.352,10.063,Fast_Scattering,11.314
1266781631.539,8.17,Fast_Scattering,11.314
1266781818.492,12.143,Fast_Scattering,11.314
1266782231.68,8.96,Fast_Scattering,11.314
1266783508.93,9.755,Fast_Scattering,11.314
1266784296.336,13.308,Fast_Scattering,11.314
1266784442.859,19.889,Fast_Scattering,11.314
1266784923.953,12.873,Fast_Scattering,11.314
1266785491.023,12.859,Fast_Scattering,11.314
1266785675.738,2341.673,Extremely_Loud,11.314
1266786063.773,17.459,Fast_Scattering,11.314
1266786122.273,18.098,Fast_Scattering,11.314
1266786812.086,12.611,Fast_Scattering,11.314
1266787333.492,10.509,Fast_Scattering,11.314
1266787874.889,67.296,Koi_Fish,5.657
1266794380.727,9.239,Fast_Scattering,11.314
1266794390.242,11.58,Fast_Scattering,11.314
1266796993.046,16.103,Blip,5.657
1266798144.47,827.239,Extremely_Loud,5.657
1266798373.682,327.233,Extremely_Loud,5.657
1266801504.603,481.929,Extremely_Loud,5.657
1266804617.232,7.965,Blip_Low_Frequency,5.657
1266805437.689,13.501,Blip_Low_Frequency,5.657
1266805597.215,8.184,Blip_Low_Frequency,5.657
1266833305.116,18.593,Blip,5.657
1266839417.927,562.516,Koi_Fish,5.657
1266843631.674,8.991,Blip,5.657
1266845245.586,10.841,Fast_Scattering,11.314
1266848262.813,9.35,Low_Frequency_Burst,11.314
1266852494.258,9.036,Fast_Scattering,11.314
1266853163.336,15.731,Fast_Scattering,11.314
1266853464.301,8.382,Blip_Low_Frequency,5.657
1266853869.898,13.593,Fast_Scattering,11.314
1266855601.73,40.842,Blip,5.657
1266855783.449,341.81,Extremely_Loud,5.657
1266856760.365,17.888,Blip,5.657
1266859037.25,26.3,Low_Frequency_Burst,11.314
1266860760.617,10.224,Fast_Scattering,11.314
1266861679.188,8.449,Low_Frequency_Lines,45.255
1266862005.195,9.198,Fast_Scattering,11.314
1266862449.9,28.19,Blip,5.657
1266866608.172,9.038,Low_Frequency_Burst,11.314
1266885373.483,22.149,Blip,5.657
1266885676.871,11.58,Blip_Low_Frequency,5.657
1266885910.441,12.034,Tomte,5.657
1266887363.871,8.464,Blip,5.657
1266889322.616,72.689,Koi_Fish,5.657
1266890455.572,10.464,Blip_Low_Frequency,5.657
1266893160.94,8.647,Blip,5.657
1266896743.584,9.155,Blip_Low_Frequency,5.657
1266901608.962,12.373,Blip,5.657
1266903304.805,14.118,Tomte,5.657
1266907728.229,7.875,Blip_Low_Frequency,5.657
1266909770.474,113.071,Koi_Fish,5.657
1266910882.276,114.293,Koi_Fish,5.657
1266914071.125,7.779,Low_Frequency_Lines,45.255
1266917476.42,24.556,Blip,5.657
1266919915.474,11.88,Blip,5.657
1266925217.924,25.024,Tomte,5.657
1266927554.845,29.811,Blip,5.657
1266928561.48,10.037,Blip_Low_Frequency,5.657
1266929855.908,7.703,Blip_Low_Frequency,5.657
1266930981.459,8.96,Blip_Low_Frequency,5.657
1266932246.084,151.01,Koi_Fish,5.657
1266932712.205,11.318,Blip_Low_Frequency,5.657
1266935389.32,10.064,Fast_Scattering,11.314
1266935391.938,14.28,Fast_Scattering,11.314
1266939724.523,9.618,Fast_Scattering,11.314
1266940679.697,12.745,Blip,5.657
1266942782.938,8.158,Fast_Scattering,11.314
1266943375.793,922.002,Extremely_Loud,5.657
1266943680.131,9.25,Blip_Low_Frequency,5.657
1266945169.617,7.54,Fast_Scattering,11.314
1266945172.055,9.696,Fast_Scattering,11.314
1266945552.82,9.032,Fast_Scattering,11.314
1266946286.164,7.802,Fast_Scattering,11.314
1266946566.892,189.25,Koi_Fish,5.657
1266946944.766,13.675,Fast_Scattering,11.314
1266948006.111,720.707,Extremely_Loud,5.657
1266948411.596,37.566,Blip,5.657
1266949002.209,580.676,Extremely_Loud,5.657
1266949948.258,15.919,Fast_Scattering,11.314
1266949953.148,22.347,Fast_Scattering,11.314
1266949955.352,14.072,Fast_Scattering,11.314
1266951395.875,16.293,Fast_Scattering,11.314
1266952004.797,13.62,Fast_Scattering,11.314
1266953436.773,12.736,Fast_Scattering,11.314
1266954032.992,10.623,Fast_Scattering,11.314
1266954284.869,8.267,Blip_Low_Frequency,5.657
1266955112.055,10.148,Fast_Scattering,11.314
1266955399.023,15.045,Fast_Scattering,11.314
1266956171.578,7.573,Fast_Scattering,11.314
1266956389.195,13.332,Fast_Scattering,11.314
1266956883.179,504.614,Extremely_Loud,5.657
1266957568.873,40.953,Tomte,5.657
1266958188.923,88.865,Koi_Fish,5.657
1266958500.887,8.654,Blip_Low_Frequency,5.657
1266960417.813,18.627,Fast_Scattering,11.314
1266960493.82,10.323,Fast_Scattering,11.314
1266961314.762,411.501,Extremely_Loud,11.314
1266961567.805,18.293,Fast_Scattering,11.314
1266961571.727,18.881,Fast_Scattering,11.314
1266963939.039,12.618,Fast_Scattering,11.314
1266964226.398,9.524,Fast_Scattering,11.314
1266964230.367,10.124,Fast_Scattering,11.314
1266964582.461,15.662,Fast_Scattering,11.314
1266964775.674,13.583,Blip_Low_Frequency,5.657
1266969889.316,2380.639,Extremely_Loud,11.314
1266971543.449,28.553,Tomte,5.657
1266978916.482,174.129,Koi_Fish,5.657
1266978933.12,10.641,Blip,5.657
1266985797.707,347.458,Koi_Fish,5.657
1266988122.135,16.13,Tomte,5.657
1266989535.973,11.552,Blip,5.657
1266990075.389,24.557,Tomte,5.657
1266991802.294,117.528,Koi_Fish,5.657
1266994490.255,8.031,Blip,5.657
1266995067.559,116.407,Extremely_Loud,5.657
1266997199.537,8.708,Blip_Low_Frequency,5.657
1267000190.59,10.559,Tomte,5.657
1267001695.988,67.44,Tomte,5.657
1267004200.262,17.252,Tomte,5.657
1267004702.679,853.87,Extremely_Loud,5.657
1267013156.666,25.406,Tomte,5.657
1267013256.652,11.717,Blip,5.657
1267023059.499,7.739,Blip,5.657
1267023361.379,23.303,Tomte,5.657
1267026269.338,7.904,Blip,5.657
1267027519.805,9.134,Fast_Scattering,11.314
1267030416.676,169.579,Koi_Fish,5.657
1267030909.219,9.13,Low_Frequency_Burst,22.627
1267031756.22,181.332,Koi_Fish,5.657
1267033499.36,14.634,Blip,5.657
1267034483.766,9.662,Low_Frequency_Burst,5.657
1267035210.674,25.217,Tomte,5.657
1267038963.812,8.261,Blip,5.657
1267040494.121,10.748,Blip_Low_Frequency,5.657
1267044826.11,349.898,Koi_Fish,5.657
1267047267.504,38.147,Koi_Fish,5.657
1267047321.725,74.999,Koi_Fish,5.657
1267048775.787,2605.963,Extremely_Loud,5.657
1267048922.645,117.628,Koi_Fish,5.657
1267050145.018,239.819,Extremely_Loud,5.657
1267054125.526,195.147,Koi_Fish,5.657
1267059502.246,23.608,Tomte,5.657
1267063718.865,10.912,Blip,5.657
1267068850.93,367.248,Koi_Fish,5.657
1267074188.504,208.334,Koi_Fish,5.657
1267078945.54,2177.996,Extremely_Loud,5.657
1267079036.934,17.333,Tomte,5.657
1267079766.741,46.942,Koi_Fish,5.657
1267081211.58,17.229,Tomte,5.657
1267083775.365,27.599,Koi_Fish,5.657
1267088511.027,1276.457,Extremely_Loud,22.627
1267094438.099,39.162,Blip,5.657
1267094936.447,24.201,Tomte,5.657
1267095183.878,20.853,Blip,5.657
1267095674.912,19.215,Tomte,5.657
1267100706.879,31.228,Tomte,5.657
1267103870.562,11.49,Blip,5.657
1267106758.509,134.256,Koi_Fish,5.657
1267108815.854,1497.668,Extremely_Loud,5.657
1267111539.443,21.002,Tomte,5.657
1267113398.825,8.49,Blip,5.657
1267113991.583,172.104,Koi_Fish,5.657
1267115079.074,8.905,Blip_Low_Frequency,5.657
1267117294.545,31.316,Blip,5.657
1267118333.279,8.612,Blip_Low_Frequency,5.657
1267121520.722,47.44,Koi_Fish,5.657
1267127827.517,29.957,Blip,5.657
1267130807.164,10.17,Fast_Scattering,11.314
1267131301.992,9.384,Fast_Scattering,11.314
1267134558.177,21.434,Blip,5.657
1267134751.591,46.608,Koi_Fish,5.657
1267139431.545,146.165,Extremely_Loud,5.657
1267139675.285,1484.825,Extremely_Loud,5.657
1267161286.772,107.617,Koi_Fish,5.657
1267165124.82,13.911,Blip,5.657
1267168078.827,220.868,Extremely_Loud,45.255
1267173443.098,26.952,Blip,5.657
1267175073.356,17.183,Blip,5.657
1267175592.629,188.207,Extremely_Loud,11.314
1267179832.101,324.674,Extremely_Loud,5.657
1267180389.57,33.367,Koi_Fish,5.657
1267181674.723,97.068,Koi_Fish,5.657
1267182396.293,8.325,Blip_Low_Frequency,5.657
1267185327.226,101.382,Koi_Fish,5.657
1267185761.612,10.725,Blip,5.657
1267187225.441,113.564,Koi_Fish,5.657
1267188511.947,11.427,Tomte,5.657
1267188936.768,9.853,Blip_Low_Frequency,5.657
1267191511.965,14.699,Tomte,5.657
1267193423.773,7.621,Fast_Scattering,11.314
1267193443.016,11.426,Fast_Scattering,11.314
1267197537.688,10.761,Fast_Scattering,11.314
1267197541.992,7.951,Fast_Scattering,11.314
1267197563.711,8.492,Fast_Scattering,11.314
1267197832.465,24.661,Tomte,5.657
1267198115.563,10.946,Low_Frequency_Burst,22.627
1267198503.055,10.118,Fast_Scattering,11.314
1267199190.7,301.736,Koi_Fish,5.657
1267199462.758,7.552,Fast_Scattering,11.314
1267202731.184,71.787,Koi_Fish,5.657
1267202760.57,14.538,Fast_Scattering,11.314
1267202767.641,9.043,Fast_Scattering,11.314
1267202904.821,184.807,Koi_Fish,5.657
1267203550.945,10.328,Fast_Scattering,11.314
1267206989.859,13.63,Fast_Scattering,22.627
1267207105.813,8.0,Low_Frequency_Burst,22.627
1267209728.867,11.147,Fast_Scattering,11.314
1267216946.258,9.407,Fast_Scattering,11.314
1267217000.859,7.587,Fast_Scattering,11.314
1267217030.958,11.635,Blip,5.657
1267221115.557,70.718,Koi_Fish,5.657
1267228017.102,17.248,Fast_Scattering,22.627
1267228794.297,12.134,Fast_Scattering,11.314
1267228921.375,8.164,Low_Frequency_Lines,45.255
1267228996.039,9.816,Fast_Scattering,11.314
1267229008.125,8.353,Fast_Scattering,11.314
1267229012.938,7.925,Fast_Scattering,11.314
1267229165.124,240.921,Extremely_Loud,11.314
1267232248.73,7.528,Blip_Low_Frequency,5.657
1267234383.012,21.634,Blip_Low_Frequency,5.657
1267236508.871,1148.99,Extremely_Loud,11.314
1267238982.724,851.052,Extremely_Loud,5.657
1267239893.556,217.697,Extremely_Loud,5.657
1267240753.437,501.558,Extremely_Loud,5.657
1267241791.871,8.103,Blip_Low_Frequency,5.657
1267249489.176,8.882,Blip_Low_Frequency,5.657
1267252896.755,2503.813,Extremely_Loud,5.657
1267258170.13,532.45,Extremely_Loud,5.657
1267260484.781,12.808,Blip,5.657
1267260943.586,520.904,Koi_Fish,5.657
1267263049.348,31.935,Tomte,5.657
1267264789.76,36.571,Blip,5.657
1267269262.637,4929.847,Extremely_Loud,11.314
1267280655.247,193.964,Koi_Fish,5.657
1267281179.826,27.124,Blip,5.657
1267282273.539,16.073,Fast_Scattering,11.314
1267318695.75,628.085,Extremely_Loud,5.657
1267318695.75,628.085,Extremely_Loud,5.657
1267320575.221,12.881,Whistle,22.627
1267322341.658,9.46,Blip_Low_Frequency,5.657
1267322368.875,41.471,Blip,5.657
1267324304.781,7.532,Blip,5.657
1267324433.874,14.613,Blip,5.657
1267326127.468,10.481,Blip,5.657
1267329925.496,16.38,Blip,5.657
1267339786.582,8.862,Blip_Low_Frequency,5.657
1267340588.506,2698.123,Extremely_Loud,5.657
1267345530.663,138.787,Koi_Fish,5.657
1267351997.73,10.124,Tomte,5.657
1267352297.979,365.933,Extremely_Loud,5.657
1267354292.734,8.783,Fast_Scattering,11.314
1267355317.766,9.946,Fast_Scattering,11.314
1267355685.344,30.74,Low_Frequency_Burst,22.627
1267355981.237,721.417,Extremely_Loud,5.657
1267356149.888,1216.293,Extremely_Loud,5.657
1267360622.365,949.13,Extremely_Loud,5.657
1267363701.409,209.485,Koi_Fish,5.657
1267369463.206,1429.343,Extremely_Loud,5.657
1267370113.469,7.731,Low_Frequency_Burst,11.314
1267372827.717,16.31,Blip_Low_Frequency,5.657
1267372841.309,229.906,Extremely_Loud,5.657
1267374140.241,9.828,Blip,5.657
1267380480.228,378.525,Koi_Fish,5.657
1267380766.441,3749.531,Extremely_Loud,5.657
1267388493.822,11.472,Blip_Low_Frequency,5.657
1267390010.707,9.165,Blip_Low_Frequency,5.657
1267390349.25,9.642,Low_Frequency_Lines,45.255
1267393237.9,13.493,Blip,5.657
1267393471.637,5312.154,Extremely_Loud,5.657
1267394672.328,9.129,Fast_Scattering,22.627
1267394832.602,8.243,Fast_Scattering,11.314
1267396928.938,9.666,Low_Frequency_Burst,22.627
1267397470.598,555.656,Extremely_Loud,5.657
1267405223.797,9.133,Fast_Scattering,11.314
1267410684.688,9.2,Low_Frequency_Burst,22.627
1267411142.629,37.344,Tomte,5.657
1267412435.448,10.51,Blip,5.657
1267415588.864,66.969,Koi_Fish,5.657
1267416257.374,46.562,Blip,5.657
1267416632.552,11.806,Blip_Low_Frequency,5.657
1267417441.362,444.982,Koi_Fish,5.657
1267417835.12,173.114,Koi_Fish,5.657
1267419394.338,4008.621,Extremely_Loud,11.314
1267421061.487,1439.52,Extremely_Loud,5.657
1267425988.201,9.649,Blip,5.657
1267426645.949,20.89,Tomte,5.657
1267428874.054,941.174,Extremely_Loud,45.255
1267430101.676,13.315,Tomte,5.657
1267432653.633,1354.55,Extremely_Loud,5.657
1267445031.34,8.019,Blip_Low_Frequency,5.657
1267475618.199,8.711,Blip_Low_Frequency,5.657
1267476682.77,7.728,Blip,5.657
1267485715.479,411.805,Extremely_Loud,5.657
1267502318.691,1470.661,Extremely_Loud,11.314
1267505485.1,7.748,Blip_Low_Frequency,5.657
1267517056.066,29.141,Tomte,5.657
1267520499.41,1499.832,Extremely_Loud,11.314
1267523976.215,783.07,Extremely_Loud,22.627
1267530585.264,8.607,Tomte,5.657
1267532948.188,8.161,Fast_Scattering,5.657
1267532961.068,10.043,Blip_Low_Frequency,5.657
1267535327.892,92.793,Koi_Fish,5.657
1267536795.73,7.892,Tomte,5.657
1267537569.036,1806.136,Extremely_Loud,5.657
1267538799.509,26.636,Blip,5.657
1267540971.596,86.66,Koi_Fish,5.657
1267541842.048,33.122,Blip,5.657
1267542329.281,8.291,Fast_Scattering,5.657
1267543293.469,15.794,Low_Frequency_Burst,22.627
1267544208.766,11.569,Fast_Scattering,11.314
1267544571.633,8.127,Fast_Scattering,11.314
1267546480.473,12.512,Blip,5.657
1267548498.896,527.099,Koi_Fish,5.657
1267551280.965,10.431,Tomte,5.657
1267558725.963,621.948,Koi_Fish,5.657
1267563122.774,39.649,Blip,5.657
1267563501.565,4768.515,Extremely_Loud,5.657
1267577153.585,26.084,Blip,5.657
1267578576.604,10.752,Blip,5.657
1267582088.765,671.008,Extremely_Loud,5.657
1267582951.684,8.082,Blip_Low_Frequency,5.657
1267595011.295,270.721,Extremely_Loud,5.657
1267599190.41,7.709,Blip_Low_Frequency,5.657
1267600428.01,7.901,Blip_Low_Frequency,5.657
1267600688.88,56.615,Koi_Fish,5.657
1267601456.208,17.163,Blip,5.657
1267603274.938,7.588,Low_Frequency_Burst,22.627
1267607868.484,1580.161,Extremely_Loud,22.627
1267609064.906,7.54,Low_Frequency_Burst,11.314
1267609749.307,146.617,Koi_Fish,5.657
1267618319.229,187.129,Koi_Fish,5.657
1267619687.874,25.759,Blip,5.657
1267623609.459,31.463,Tomte,5.657
1267623813.309,260.615,Koi_Fish,11.314
1267625039.555,7.579,Fast_Scattering,11.314
1267625097.043,25.713,Tomte,5.657
1267626368.425,29.597,Blip,5.657
1267626548.938,9.665,Low_Frequency_Burst,22.627
1267626996.406,9.003,Low_Frequency_Burst,22.627
1267627154.953,11.388,Fast_Scattering,11.314
1267627850.547,7.854,Fast_Scattering,11.314
1267628768.008,9.525,Fast_Scattering,11.314
1267631496.773,9.57,Fast_Scattering,11.314
1267632291.016,9.888,Fast_Scattering,11.314
1267632330.141,8.029,Fast_Scattering,11.314
1267632996.938,24.074,Low_Frequency_Lines,45.255
1267633768.438,8.34,Low_Frequency_Burst,22.627
1267637808.438,9.439,Low_Frequency_Burst,22.627
1267650103.76,593.355,Extremely_Loud,5.657
1267650103.76,593.355,Extremely_Loud,5.657
1267650441.066,38.876,Tomte,5.657
1267652461.678,14.55,Blip,5.657
1267652702.172,7.693,Blip,5.657
1267652907.953,8.322,Fast_Scattering,11.314
1267654095.77,13.086,Tomte,5.657
1267656352.405,15.555,Blip,5.657
1267656946.82,16.741,Fast_Scattering,22.627
1267657453.484,8.082,Low_Frequency_Burst,11.314
1267657583.906,50.934,Low_Frequency_Burst,22.627
1267657999.511,8.84,Blip,5.657
1267660387.318,593.316,Extremely_Loud,5.657
1267661925.072,63.746,Koi_Fish,5.657
1267665494.559,8.054,Blip_Low_Frequency,5.657
1267666960.796,849.057,Extremely_Loud,5.657
1267667814.442,495.084,Extremely_Loud,5.657
1267668880.965,3090.475,Extremely_Loud,11.314
1267669144.824,14.307,Tomte,5.657
1267674108.441,1589.473,Extremely_Loud,5.657
1267677648.244,2319.897,Extremely_Loud,5.657
1267681288.853,637.387,Extremely_Loud,5.657
1267682658.865,13.742,Tomte,5.657
1267684373.951,131.582,Koi_Fish,5.657
1267684592.551,8.004,Blip_Low_Frequency,5.657
1267687274.637,7.524,Blip_Low_Frequency,5.657
1267687582.605,961.518,Extremely_Loud,11.314
1267688016.99,203.329,Extremely_Loud,5.657
1267693189.792,194.113,Koi_Fish,5.657
1267693189.792,194.113,Koi_Fish,5.657
1267693807.668,1223.173,Extremely_Loud,11.314
1267697295.394,7.561,Blip,5.657
1267699238.215,12.636,Tomte,5.657
1267703211.926,9.141,Blip_Low_Frequency,5.657
1267704444.311,28.403,Tomte,5.657
1267704737.552,28.108,Blip,5.657
1267711728.122,323.81,Koi_Fish,5.657
1267712711.416,84.93,Koi_Fish,5.657
1267714094.718,8.09,Blip,5.657
1267715297.938,15.624,Low_Frequency_Burst,22.627
1267716310.786,10.008,Blip,5.657
1267716421.666,225.507,Koi_Fish,5.657
1267717213.38,12.238,Blip_Low_Frequency,5.657
1267722138.593,817.612,Extremely_Loud,5.657
1267730491.939,59.874,Koi_Fish,5.657
1267732194.293,73.704,Koi_Fish,5.657
1267732804.765,33.285,Blip,5.657
1267733417.018,641.793,Extremely_Loud,5.657
1267734103.48,14.103,Tomte,5.657
1267737867.751,83.521,Koi_Fish,5.657
1267738004.527,5580.969,Extremely_Loud,5.657
1267738091.274,363.448,Extremely_Loud,5.657
1267738264.406,8.448,Low_Frequency_Burst,11.314
1267738838.807,50.605,Koi_Fish,5.657
1267739745.863,18.847,Tomte,5.657
1267739850.139,123.411,Koi_Fish,5.657
1267743449.465,98.897,Koi_Fish,5.657
1267744014.092,1595.897,Extremely_Loud,5.657
1267744854.63,741.742,Extremely_Loud,5.657
1267749513.297,7.867,Low_Frequency_Burst,11.314
1267752046.816,725.407,Extremely_Loud,22.627
1267758129.225,9.171,Blip_Low_Frequency,5.657
1267770699.188,21.68,Low_Frequency_Burst,11.314
1267771858.752,9.351,Blip_Low_Frequency,5.657
1267771876.625,94.763,Low_Frequency_Lines,45.255
1267779503.394,411.384,Extremely_Loud,5.657
1267781774.183,978.724,Extremely_Loud,5.657
1267783080.139,9.661,Blip,5.657
1267784026.087,52.718,Koi_Fish,5.657
1267787355.589,8.109,Blip,5.657
1267788504.852,7.584,Tomte,5.657
1267789565.223,21.403,Tomte,5.657
1267790423.297,8.352,Fast_Scattering,11.314
1267792429.285,36.817,Koi_Fish,5.657
1267792449.334,530.449,Extremely_Loud,11.314
1267792900.996,8.476,Blip_Low_Frequency,5.657
1267793572.317,10.146,Blip,5.657
1267794119.833,13.461,Blip,5.657
1267801251.76,51.656,Blip,5.657
1267804225.031,8.973,Low_Frequency_Burst,22.627
1267805401.887,71.612,Koi_Fish,5.657
1267806901.888,134.771,Koi_Fish,5.657
1267808140.579,62.624,Koi_Fish,5.657
1267817953.961,7.674,Fast_Scattering,11.314
1267818385.329,17.758,Blip,5.657
1267823625.387,8.427,Tomte,5.657
1267824020.48,5842.001,Extremely_Loud,5.657
1267824585.516,8.123,Fast_Scattering,11.314
1267826380.365,63.49,Koi_Fish,5.657
1267826558.048,9.502,Blip,5.657
1267827405.104,585.276,Extremely_Loud,22.627
1267829193.594,9.169,Low_Frequency_Burst,11.314
1267832207.942,64.057,Koi_Fish,5.657
1267833125.156,18.708,Low_Frequency_Burst,11.314
1267841518.844,12.074,Low_Frequency_Burst,11.314
1267842476.406,8.817,Low_Frequency_Burst,11.314
1267852196.598,8.982,Blip_Low_Frequency,5.657
1267856704.958,1172.454,Koi_Fish,5.657
1267859480.043,494.089,Extremely_Loud,11.314
1267863069.482,24.47,Tomte,5.657
1267864195.975,203.126,Koi_Fish,5.657
1267866372.553,564.045,Extremely_Loud,5.657
1267868017.234,10.675,Low_Frequency_Burst,11.314
1267868129.156,7.683,Low_Frequency_Burst,11.314
1267868351.146,965.422,Extremely_Loud,5.657
1267872508.043,215.465,Extremely_Loud,11.314
1267875102.063,9.103,Low_Frequency_Burst,22.627
1267875125.813,11.486,Low_Frequency_Burst,22.627
1267875434.531,9.991,Low_Frequency_Burst,22.627
1267875511.436,12.272,Blip_Low_Frequency,5.657
1267878730.821,2309.035,Extremely_Loud,45.255
1267881948.012,9.18,Tomte,5.657
1267883953.077,22.286,Blip,5.657
1267917248.737,82.919,Koi_Fish,5.657
1267917984.114,229.936,Koi_Fish,5.657
1267919086.324,88.203,Blip,5.657
1267924087.468,1117.653,Extremely_Loud,5.657
1267932256.253,9.821,Blip,5.657
1267935322.37,994.407,Extremely_Loud,5.657
1267937148.598,1705.573,Extremely_Loud,5.657
1267937380.612,9.266,Blip,5.657
1267942372.16,1911.046,Extremely_Loud,5.657
1267942465.713,331.03,Extremely_Loud,5.657
1267945661.982,16.996,Blip,5.657
1267948114.188,10.708,Low_Frequency_Burst,22.627
1267948346.781,7.809,Low_Frequency_Burst,11.314
1267948881.875,16.484,Blip,5.657
1267949156.254,8.354,Blip_Low_Frequency,5.657
1267949966.868,18.571,Blip,5.657
1267950466.759,1512.568,Extremely_Loud,5.657
1267952829.263,12.689,Blip,5.657
1267956797.31,62.94,Koi_Fish,5.657
1267960879.838,8.076,Blip_Low_Frequency,5.657
1267966155.188,7.778,Low_Frequency_Burst,22.627
1267967796.893,1078.086,Extremely_Loud,11.314
1267970729.666,159.814,Koi_Fish,5.657
1267971146.287,28.323,Tomte,5.657
1267971270.293,48.303,Tomte,5.657
1267972867.964,358.393,Extremely_Loud,5.657
1267974019.207,8.602,Tomte,5.657
1267974106.509,59.288,Koi_Fish,5.657
1267977611.254,8.378,Blip_Low_Frequency,5.657
1267977716.457,24.217,Tomte,5.657
1267977999.926,14.627,Tomte,5.657
1267980698.623,9.586,Blip,5.657
1267980745.816,12.807,Blip,5.657
1267982102.279,8.601,Blip_Low_Frequency,5.657
1267982906.139,91.335,Koi_Fish,5.657
1267983453.75,7.986,Low_Frequency_Lines,45.255
1267983702.75,8.982,Low_Frequency_Lines,45.255
1267986222.961,7.566,Fast_Scattering,11.314
1267988126.815,9.307,Blip,5.657
1267989484.75,18.358,Low_Frequency_Lines,45.255
1267998393.98,26.554,Koi_Fish,5.657
1267998672.41,444.207,Extremely_Loud,11.314
1268000613.424,1229.148,Extremely_Loud,5.657
1268005815.382,12.306,Blip,5.657
1268006087.028,32.933,Koi_Fish,5.657
1268006157.596,84.476,Koi_Fish,5.657
1268006157.596,84.476,Koi_Fish,5.657
1268011787.629,37.81,Tomte,5.657
1268013626.851,8.03,Blip,5.657
1268014090.808,236.269,Koi_Fish,5.657
1268017439.426,17.961,Tomte,5.657
1268019990.937,7.581,Blip,5.657
1268021808.09,2641.225,Extremely_Loud,5.657
1268026914.346,8.434,Blip_Low_Frequency,5.657
1268032168.54,2174.771,Extremely_Loud,5.657
1268033702.164,10.98,Fast_Scattering,11.314
1268033835.93,8.385,Fast_Scattering,5.657
1268037374.777,425.899,Extremely_Loud,5.657
1268038327.657,7.577,Blip,5.657
1268052704.25,7.886,Low_Frequency_Lines,45.255
1268053308.89,500.072,Extremely_Loud,5.657
1268059837.07,10.011,Fast_Scattering,11.314
1268061178.396,61.87,Koi_Fish,5.657
1268061592.898,7.991,Fast_Scattering,11.314
1268062805.785,522.057,Extremely_Loud,11.314
1268065446.286,323.725,Koi_Fish,5.657
1268078343.45,7.885,Blip,5.657
1268079507.896,10.114,Blip_Low_Frequency,5.657
1268080421.709,70.327,Koi_Fish,5.657
1268084908.943,9.156,Blip_Low_Frequency,5.657
1268085001.422,10.029,Fast_Scattering,11.314
1268088930.494,2275.2,Extremely_Loud,5.657
1268089109.543,15.228,Tomte,5.657
1268092827.392,187.862,Koi_Fish,5.657
1268093639.504,678.255,Extremely_Loud,5.657
1268095752.502,146.675,Koi_Fish,5.657
1268096650.475,15.099,Tomte,5.657
1268098952.684,57.798,Tomte,5.657
1268099988.982,9.136,Blip_Low_Frequency,5.657
1268100519.166,12.905,Blip,5.657
1268108308.318,53.131,Koi_Fish,5.657
1268109829.801,8.039,Blip_Low_Frequency,5.657
1268110571.032,9.276,Blip,5.657
1268111144.12,2751.818,Extremely_Loud,5.657
1268111459.437,142.558,Koi_Fish,5.657
1268115611.635,389.749,Extremely_Loud,5.657
1268122353.368,996.559,Extremely_Loud,5.657
1268124722.768,673.669,Koi_Fish,5.657
1268125232.166,1240.062,Extremely_Loud,5.657
1268141522.551,829.78,Extremely_Loud,11.314
1268145358.447,1626.485,Extremely_Loud,5.657
1268145658.454,13.395,Blip,5.657
1268162821.742,9.293,Fast_Scattering,11.314
1268169181.815,11.494,Blip,5.657
1268169615.023,7.585,Fast_Scattering,11.314
1268169794.654,11.143,Blip_Low_Frequency,5.657
1268170254.541,23.72,Blip,5.657
1268172479.241,152.439,Koi_Fish,5.657
1268172697.858,8.069,Blip,5.657
1268173851.113,94.105,Koi_Fish,5.657
1268179761.798,609.831,Extremely_Loud,5.657
1268182263.535,8.204,Blip_Low_Frequency,5.657
1268182323.451,74.75,Koi_Fish,5.657
1268186083.465,8.738,Blip_Low_Frequency,5.657
1268192336.02,10.806,Blip_Low_Frequency,5.657
1268192660.003,25.471,Blip,5.657
1268197500.699,2427.442,Extremely_Loud,11.314
1268197763.363,8.472,Tomte,5.657
1268200472.809,53.258,Tomte,5.657
1268202143.83,11.23,Blip_Low_Frequency,5.657
1268204610.98,19.372,Tomte,5.657
1268209501.231,172.84,Koi_Fish,5.657
1268210550.961,7.793,Blip_Low_Frequency,5.657
1268211888.111,32.501,Blip,5.657
1268212039.219,11.016,Low_Frequency_Burst,11.314
1268212241.531,8.657,Low_Frequency_Burst,22.627
1268230451.758,7.755,Fast_Scattering,11.314
1268233653.85,2170.527,Extremely_Loud,5.657
1268238240.024,8.458,Blip,5.657
1268243879.916,8.52,Blip,5.657
1268251344.396,152.225,Koi_Fish,5.657
1268253773.709,9.434,Blip_Low_Frequency,5.657
1268254502.889,2173.262,Extremely_Loud,5.657
1268256030.59,10.159,Tomte,5.657
1268262904.777,20.885,Tomte,5.657
1268263733.871,2009.681,Extremely_Loud,5.657
1268265473.006,83.318,Koi_Fish,5.657
1268269470.769,947.156,Extremely_Loud,5.657
1268270987.383,15.525,Fast_Scattering,22.627
1268270996.672,10.958,Fast_Scattering,22.627
1268273978.362,55.615,Koi_Fish,5.657
1268274200.012,14.387,Tomte,5.657
1268274614.816,19.767,Blip,5.657
1268275555.145,72.645,Koi_Fish,5.657
1268277644.104,549.67,Koi_Fish,5.657
1268286868.84,21.542,Tomte,5.657
1268287215.641,7.963,Low_Frequency_Burst,11.314
1268288491.75,13.995,Blip,5.657
1268291539.84,7.722,Blip_Low_Frequency,5.657
1268292212.661,9.006,Blip,5.657
1268295626.208,101.631,Koi_Fish,5.657
1268296347.566,37.258,Tomte,5.657
1268297170.938,2066.918,Extremely_Loud,22.627
1268299946.428,9.563,Blip_Low_Frequency,5.657
1268302053.41,1474.479,Extremely_Loud,11.314
1268303925.779,11.032,Blip,5.657
1268306698.38,13.711,Blip_Low_Frequency,5.657
1268313786.328,9.496,Blip,5.657
1268315592.357,8.863,Tomte,5.657
1268317580.339,24.163,Koi_Fish,5.657
1268319156.219,11.226,Low_Frequency_Burst,22.627
1268319445.222,16.602,Blip,5.657
1268321715.346,8.325,Blip_Low_Frequency,5.657
1268325004.811,9.376,Blip,5.657
1268327285.953,7.573,Low_Frequency_Burst,5.657
1268330228.631,51.22,Blip,5.657
1268330228.631,51.22,Blip,5.657
1268331509.283,11.886,Blip,5.657
1268336046.0,2123.987,Extremely_Loud,22.627
1268337758.785,8.849,Blip_Low_Frequency,5.657
1268340651.586,9.973,Fast_Scattering,11.314
1268340947.913,13.157,Blip,5.657
1268342922.618,39.627,Blip_Low_Frequency,5.657
1268354808.337,171.827,Koi_Fish,5.657
1268357729.968,191.405,Koi_Fish,5.657
1268359610.447,10.531,Blip,5.657
1268359612.029,8.895,Blip_Low_Frequency,5.657
1268361654.953,11.302,Fast_Scattering,11.314
1268362027.375,10.631,Fast_Scattering,11.314
1268362309.211,7.664,Fast_Scattering,11.314
1268362316.516,9.127,Fast_Scattering,11.314
1268362799.504,10.671,Tomte,5.657
1268363780.441,10.144,Tomte,5.657
1268366012.134,685.994,Koi_Fish,5.657
1268374355.142,350.29,Koi_Fish,5.657
1268375696.707,8.676,Blip_Low_Frequency,5.657
1268376483.762,7.858,Blip_Low_Frequency,5.657
1268378703.119,97.383,Koi_Fish,5.657
1268378831.283,15.82,Koi_Fish,5.657
1268381125.339,11.394,Blip,5.657
1268385704.676,1648.967,Extremely_Loud,11.314
1268386588.934,250.685,Extremely_Loud,5.657
1268388778.176,15.887,Blip,5.657
1268388876.674,50.082,Koi_Fish,5.657
1268388962.332,30.455,Tomte,5.657
1268389013.012,7.665,Blip_Low_Frequency,5.657
1268389707.229,1290.782,Extremely_Loud,5.657
1268391679.902,11.125,Tomte,5.657
1268393001.545,8.362,Blip_Low_Frequency,5.657
1268395502.578,15.371,Low_Frequency_Burst,5.657
1268396165.184,18.183,Tomte,5.657
1268397752.096,6270.375,Extremely_Loud,5.657
1268399791.898,8.204,Fast_Scattering,11.314
1268407274.586,7.754,Fast_Scattering,11.314
1268408759.406,10.159,Low_Frequency_Burst,11.314
1268411997.539,8.11,Fast_Scattering,11.314
1268420104.25,16.684,Low_Frequency_Lines,45.255
1268429064.453,9.117,Fast_Scattering,11.314
1268429663.516,8.028,Fast_Scattering,11.314
1268433107.328,9.575,Fast_Scattering,11.314
1268433193.791,8.502,Blip_Low_Frequency,5.657
1268437668.238,275.325,Koi_Fish,5.657
1268437754.285,8.126,Blip_Low_Frequency,5.657
1268438890.475,20.509,Blip,5.657
1268439852.391,10.625,Fast_Scattering,11.314
1268441207.078,10.32,Low_Frequency_Burst,11.314
1268446128.574,7.623,Blip_Low_Frequency,5.657
1268446333.553,14.499,Koi_Fish,5.657
1268449229.389,40.147,Blip,5.657
1268449693.581,155.081,Koi_Fish,5.657
1268450270.449,9.03,Tomte,5.657
1268450441.094,9.992,Low_Frequency_Burst,11.314
1268450847.167,375.057,Koi_Fish,5.657
1268452941.615,278.954,Extremely_Loud,22.627
1268453548.749,508.059,Extremely_Loud,5.657
1268457885.531,10.459,Low_Frequency_Burst,11.314
1268463944.573,37.668,Blip,5.657
1268464541.715,106.784,Koi_Fish,5.657
1268471416.938,8.576,Fast_Scattering,11.314
1268473650.975,87.882,Koi_Fish,5.657
1268474005.745,9.688,Blip,5.657
1268477633.902,758.768,Extremely_Loud,5.657
1268481539.773,8.458,Fast_Scattering,11.314
1268483788.409,7.711,Blip,5.657
1268505878.164,7.722,Fast_Scattering,11.314
1268508594.698,337.935,Extremely_Loud,22.627
1268516288.917,26.173,Blip,5.657
1268520945.616,8.053,Blip,5.657
1268521641.199,3704.442,Extremely_Loud,5.657
1268524032.371,16.882,Tomte,5.657
1268531130.527,20.148,Tomte,5.657
1268534701.275,9.568,Blip_Low_Frequency,5.657
1268535941.011,57.446,Koi_Fish,5.657
1268536483.533,87.47,Koi_Fish,5.657
1268537113.759,19.194,Blip,5.657
1268548211.377,11.909,Tomte,5.657
1268557012.931,515.83,Extremely_Loud,5.657
1268557224.396,7015.356,Extremely_Loud,5.657
1268557577.762,24.377,Tomte,5.657
1268562553.594,7.583,Low_Frequency_Burst,11.314
1268563350.636,68.076,Koi_Fish,5.657
1268564159.351,9.888,Blip,5.657
1268570401.168,16.253,Blip,5.657
1268572475.031,10.686,Low_Frequency_Burst,11.314
1268572530.359,11.166,Low_Frequency_Burst,11.314
1268581344.313,13.139,Low_Frequency_Burst,22.627
1268582561.274,979.987,Extremely_Loud,5.657
1268585490.659,79.383,Koi_Fish,5.657
1268588564.25,10.026,Low_Frequency_Lines,45.255
1268590011.969,18.449,Low_Frequency_Burst,22.627
1268594382.25,7.685,Low_Frequency_Lines,45.255
1268594447.571,125.307,Koi_Fish,5.657
1268594497.44,101.449,Koi_Fish,5.657
1268594956.156,13.544,Low_Frequency_Burst,11.314
1268597496.557,7.64,Blip_Low_Frequency,5.657
1268598102.229,2595.145,Extremely_Loud,5.657
1268598152.394,9.697,Blip,5.657
1268603599.736,264.566,Koi_Fish,5.657
1268603628.031,9.142,Low_Frequency_Burst,11.314
1268607341.429,772.935,Extremely_Loud,5.657
1268607566.222,122.635,Koi_Fish,5.657
1268610189.589,12.453,Blip,5.657
1268611305.277,983.907,Extremely_Loud,5.657
1268612187.109,20.733,Low_Frequency_Burst,11.314
1268621880.75,1652.051,Low_Frequency_Burst,11.314
1268627165.535,12.018,Tomte,5.657
1268627664.652,19.728,Tomte,5.657
1268630183.84,15.645,Tomte,5.657
1268630260.91,9.217,Tomte,5.657
1268633251.135,35.809,Koi_Fish,5.657
1268633458.432,400.546,Extremely_Loud,5.657
1268635906.715,1507.793,Extremely_Loud,11.314
1268636767.094,9.714,Low_Frequency_Burst,11.314
1268638138.502,3791.994,Extremely_Loud,5.657
1268650530.773,8.183,Fast_Scattering,11.314
1268654098.781,8.118,Low_Frequency_Burst,11.314
1268657069.72,3098.121,Extremely_Loud,11.314
1268665628.559,23.886,Tomte,5.657
1268666054.543,24.264,Tomte,5.657
1268667759.499,385.61,Extremely_Loud,5.657
1268674488.207,3632.969,Extremely_Loud,5.657
1268674687.473,15.409,Tomte,5.657
1268675613.418,437.738,Extremely_Loud,11.314
1268678942.615,291.474,Extremely_Loud,5.657
1268687098.102,8.525,Fast_Scattering,11.314
1268687421.219,13.716,Low_Frequency_Burst,11.314
1268687483.219,9.242,Low_Frequency_Burst,11.314
1268694167.295,8.33,Blip_Low_Frequency,5.657
1268702441.568,76.018,Koi_Fish,5.657
1268706598.864,425.738,Koi_Fish,5.657
1268710783.363,96.582,Koi_Fish,5.657
1268711192.469,19.611,Low_Frequency_Burst,22.627
1268711836.555,7.733,Tomte,5.657
1268714822.589,32.977,Koi_Fish,5.657
1268715981.392,8.945,Blip,5.657
1268717837.105,87.51,Koi_Fish,5.657
1268719700.624,8.743,Blip_Low_Frequency,5.657
1268722269.281,9.412,Low_Frequency_Burst,11.314
1268726805.316,8.079,Blip_Low_Frequency,5.657
1268730588.078,12.042,Fast_Scattering,11.314
1268730645.459,34.344,Tomte,5.657
1268732082.859,760.923,Extremely_Loud,5.657
1268733852.209,139.507,Koi_Fish,5.657
1268734287.43,164.676,Extremely_Loud,22.627
1268734531.67,300.024,Extremely_Loud,5.657
1268740877.887,29.979,Blip,5.657
1268745295.895,1081.12,Extremely_Loud,5.657
1268749571.88,8.412,Blip,5.657
1268750208.273,7.951,Fast_Scattering,11.314
1268751029.189,116.828,Koi_Fish,5.657
1268751273.309,11.586,Tomte,5.657
1268751491.715,39.821,Tomte,5.657
1268755160.031,8.287,Low_Frequency_Burst,11.314
1268758593.063,7.884,Low_Frequency_Burst,11.314
1268766169.875,16.803,Extremely_Loud,45.255
1268768561.421,622.919,Extremely_Loud,5.657
1268775026.512,582.33,Extremely_Loud,5.657
1268775030.965,12.423,Blip_Low_Frequency,5.657
1268782954.552,170.687,Koi_Fish,5.657
1268783103.545,181.636,Extremely_Loud,5.657
1268786241.301,1818.126,Extremely_Loud,11.314
1268786566.617,21.142,Koi_Fish,11.314
1268786988.848,8.476,Tomte,5.657
1268788687.828,14.961,Low_Frequency_Burst,11.314
1268790314.406,9.273,Low_Frequency_Burst,11.314
1268795707.574,3622.202,Extremely_Loud,45.255
1268796408.718,139.414,Blip,5.657
1268797235.264,7.852,Blip,5.657
1268798559.178,8.804,Blip_Low_Frequency,5.657
1268801686.361,8.756,Blip_Low_Frequency,5.657
1268802424.754,7.768,Blip_Low_Frequency,5.657
1268804589.577,111.212,Koi_Fish,5.657
1268806858.832,8.41,Blip_Low_Frequency,5.657
1268809014.254,38.256,Koi_Fish,5.657
1268812221.308,121.875,Koi_Fish,5.657
1268812428.15,173.499,Koi_Fish,5.657
1268813269.031,7.665,Low_Frequency_Burst,11.314
1268815983.024,40.591,Koi_Fish,5.657
1268824577.025,560.691,Extremely_Loud,45.255
1268826256.26,106.055,Koi_Fish,5.657
1268830813.387,8.413,Blip_Low_Frequency,5.657
1268837124.047,7.613,Low_Frequency_Burst,5.657
1268841975.44,483.022,Extremely_Loud,5.657
1268842070.594,10.469,Low_Frequency_Burst,11.314
1268843429.924,21.273,Blip,5.657
1268844132.901,10.642,Blip,5.657
1268848228.088,19.145,Blip,5.657
1268850274.78,11.049,Blip,5.657
1268851795.359,12.747,Low_Frequency_Burst,11.314
1268851999.918,7.93,Tomte,5.657
1268854411.991,45.202,Koi_Fish,5.657
1268858557.055,9.053,Fast_Scattering,11.314
1268866044.156,15.428,Low_Frequency_Burst,11.314
1268873383.953,12.042,Low_Frequency_Burst,11.314
1268874259.161,948.817,Extremely_Loud,5.657
1268876305.224,17.292,Blip,5.657
1268881072.719,13.696,Low_Frequency_Burst,22.627
1268883900.526,219.855,Extremely_Loud,5.657
1268884348.865,503.0,Koi_Fish,5.657
1268884809.019,25.2,Blip,5.657
1268885326.066,1694.537,Extremely_Loud,5.657
1268886615.281,13.023,Low_Frequency_Burst,22.627
1268890024.188,11.887,Low_Frequency_Burst,22.627
1268892918.344,9.426,Low_Frequency_Burst,22.627
1268894974.813,11.429,Low_Frequency_Burst,22.627
1268899625.176,13.609,Tomte,5.657
1268903304.505,983.783,Extremely_Loud,5.657
1268905605.716,999.937,Extremely_Loud,5.657
1268906874.867,4795.816,Extremely_Loud,11.314
1268907775.141,7.637,Low_Frequency_Burst,5.657
1268908366.313,7.781,Low_Frequency_Burst,11.314
1268908879.897,586.127,Extremely_Loud,5.657
1268909854.542,11.239,Blip,5.657
1268912385.521,8.704,Blip_Low_Frequency,5.657
1268912443.063,8.893,Low_Frequency_Burst,22.627
1268912512.288,8.274,Blip,5.657
1268913526.406,9.226,Low_Frequency_Burst,22.627
1268914202.627,34.246,Tomte,5.657
1268917624.116,60.777,Koi_Fish,5.657
1268920502.167,139.793,Koi_Fish,5.657
1268924178.031,10.877,Low_Frequency_Burst,11.314
1268928033.969,14.741,Low_Frequency_Burst,11.314
1268933707.563,9.783,Low_Frequency_Burst,22.627
1268937622.585,34.488,Koi_Fish,5.657
1268946163.008,7.693,Tomte,5.657
1268946794.031,59.866,Extremely_Loud,5.657
1268948411.379,8.402,Blip_Low_Frequency,5.657
1268950024.594,8.716,Low_Frequency_Burst,22.627
1268951594.83,541.593,Koi_Fish,5.657
1268952696.844,11.613,Low_Frequency_Burst,22.627
1268952920.875,12.182,Scattered_Light,45.255
1268953019.402,178.045,Koi_Fish,5.657
1268953136.438,9.856,Low_Frequency_Burst,22.627
1268953314.125,9.424,Low_Frequency_Lines,45.255
1268953323.594,7.62,Low_Frequency_Burst,22.627
1268953546.344,10.902,Low_Frequency_Burst,22.627
1268953621.469,7.765,Low_Frequency_Burst,22.627
1268953934.125,8.157,Low_Frequency_Lines,45.255
1268954866.227,8.853,Fast_Scattering,11.314
1268955060.609,8.715,Fast_Scattering,22.627
1268955240.781,9.436,Low_Frequency_Burst,22.627
1268956094.662,12.604,Blip_Low_Frequency,5.657
1268956176.75,12.474,Low_Frequency_Lines,45.255
1268956914.688,9.295,Low_Frequency_Burst,22.627
1268958434.145,792.031,Extremely_Loud,11.314
1268958967.188,8.941,Low_Frequency_Burst,22.627
1268961440.473,8118.274,Extremely_Loud,11.314
1268962933.438,10.18,Low_Frequency_Lines,45.255
1268965150.416,9.703,Blip_Low_Frequency,5.657
1268966057.016,8.054,Low_Frequency_Burst,11.314
1268966301.297,10.001,Low_Frequency_Burst,11.314
1268966306.531,7.833,Low_Frequency_Burst,11.314
1268970762.801,78.166,Koi_Fish,5.657
1268971689.875,34.006,Extremely_Loud,45.255
1268973761.363,1102.632,Extremely_Loud,11.314
1268977613.027,10.788,Blip_Low_Frequency,5.657
1268982520.738,42.164,Tomte,5.657
1268982839.094,3461.373,Extremely_Loud,5.657
1268985222.131,1326.009,Extremely_Loud,5.657
1268986341.174,11.675,Tomte,5.657
1268989913.582,12.872,Tomte,5.657
1268990731.509,7.507,Blip,5.657
1268999149.074,14.591,Blip,5.657
1269003239.355,964.846,Extremely_Loud,11.314
1269006570.464,371.641,Koi_Fish,5.657
1269007046.069,823.03,Extremely_Loud,5.657
1269018515.663,126.119,Extremely_Loud,5.657
1269020908.875,8.262,Fast_Scattering,11.314
1269027125.373,26.995,Blip,5.657
1269028854.453,10.658,Low_Frequency_Burst,11.314
1269029390.594,8.789,Low_Frequency_Burst,11.314
