,GPStime,snr,centralFreq,confidence,label
0,1256656966.965,13.16,3312.122,0.951,Power_Line
1,1256658241.195,12.866,195.12,0.96,Extremely_Loud
2,1256658864.336,10.477,385.859,1.0,Whistle
3,1256659008.813,12.708,1584.511,0.999,Scattered_Light
4,1256660370.844,7.713,51.29,0.998,Air_Compressor
5,1256661944.102,12.957,386.276,0.999,Whistle
6,1256662298.664,10.311,441.012,0.999,Whistle
7,1256665953.332,9.36,364.25,0.976,Whistle
8,1256666570.266,7.567,2352.118,0.973,Power_Line
9,1256666920.133,8.818,386.276,0.961,Whistle
10,1256670210.531,8.977,3680.246,0.975,Low_Frequency_Lines
11,1256670334.285,329.306,161.018,1.0,Extremely_Loud
12,1256670425.604,13.111,96.359,1.0,Blip
13,1256670541.219,7.606,3558.09,0.97,Low_Frequency_Lines
14,1256670584.266,9.855,2095.165,0.992,Power_Line
15,1256671660.852,9.542,374.157,0.999,Whistle
16,1256678666.688,7.689,3983.241,1.0,Low_Frequency_Lines
17,1256685244.675,14.936,245.453,0.997,Blip
18,1256686301.342,21.359,89.302,1.0,Tomte
19,1256687936.52,8.868,51.198,0.91,Tomte
20,1256688837.941,105.712,3945.854,0.988,Extremely_Loud
21,1256691008.945,8.026,928.823,0.999,Air_Compressor
22,1256691466.348,4237.947,3703.979,1.0,Extremely_Loud
23,1256691478.688,9.16,2649.729,0.977,Air_Compressor
24,1256691568.938,7.83,2672.706,0.988,Low_Frequency_Lines
25,1256692271.766,7.986,3567.676,0.998,Air_Compressor
26,1256696563.363,31.145,1171.735,0.96,Tomte
27,1256696578.962,20.251,297.871,0.997,Blip
28,1256696979.246,86.886,161.018,0.999,Extremely_Loud
29,1256700884.938,8.508,3908.818,1.0,Low_Frequency_Lines
30,1256701269.191,135.971,1563.095,0.993,Extremely_Loud
31,1256701905.402,775.199,3945.854,1.0,Extremely_Loud
32,1256705088.969,8.22,50.112,0.998,Air_Compressor
33,1256707290.137,7.776,53.578,0.976,Air_Compressor
34,1256709558.629,12.509,94.141,0.95,Blip
35,1256711479.813,7.881,55.36,0.992,Power_Line
36,1256716852.918,20.721,73.85,0.99,Tomte
37,1256716865.406,7.767,48.831,0.979,Air_Compressor
38,1256718574.453,14.154,26.59,0.998,Low_Frequency_Burst
39,1256719153.664,7.976,26.59,0.951,Violin_Mode
40,1256720058.727,10.661,353.737,1.0,Whistle
41,1256723272.867,3457.686,3983.241,1.0,Extremely_Loud
42,1256734396.938,11.924,2741.265,0.97,Low_Frequency_Lines
43,1256736557.805,9.135,374.157,0.973,Whistle
44,1256738950.694,18.424,3950.049,1.0,Blip
45,1256739362.109,9.799,57.94,0.999,Power_Line
46,1256739387.219,8.133,57.94,1.0,Power_Line
47,1256741968.492,7.818,505.981,0.999,Violin_Mode
48,1256743923.445,8.047,502.727,0.971,Violin_Mode
49,1256746526.656,12.893,3881.874,0.997,Low_Frequency_Burst
50,1256746982.531,8.813,2741.265,0.914,Scattered_Light
51,1256747016.74,685.076,2741.265,0.999,Extremely_Loud
52,1256747904.938,7.87,47.88,0.91,Air_Compressor
53,1256748897.156,14.138,3813.464,0.927,Low_Frequency_Burst
54,1256749504.563,10.508,2634.428,0.931,Low_Frequency_Lines
55,1256749618.313,7.645,3693.803,0.999,Low_Frequency_Lines
56,1256749953.531,8.599,20.195,0.997,Low_Frequency_Lines
57,1256750811.634,10.876,211.877,1.0,Blip
58,1256753210.781,7.993,23.577,0.994,Scattered_Light
59,1256753748.563,7.948,637.651,1.0,Low_Frequency_Lines
60,1256753807.281,7.746,23.057,0.995,Low_Frequency_Burst
61,1256755140.844,8.354,23.057,0.996,Low_Frequency_Lines
62,1256755902.063,9.491,3764.125,0.995,Low_Frequency_Lines
63,1256756412.723,8.269,207.297,0.961,Whistle
64,1256759162.039,35.802,3945.854,0.956,Extremely_Loud
65,1256759168.914,16.128,3489.112,0.942,Extremely_Loud
66,1256763359.207,12.302,61.335,0.973,Tomte
67,1256766509.563,10.507,2241.698,0.96,Low_Frequency_Lines
68,1256766693.279,7.941,84.44,1.0,Blip
69,1256768301.938,7.52,46.822,0.989,Air_Compressor
70,1256768935.063,8.746,2648.365,0.994,Power_Line
71,1256769450.718,8.196,3892.468,1.0,Blip
72,1256769667.597,14.705,207.515,1.0,Blip
73,1256770805.105,7.915,296.242,0.998,Whistle
74,1256771357.104,8.098,68.391,0.999,Blip
75,1256776520.313,7.638,46.916,0.996,Air_Compressor
76,1256777764.406,8.409,20.195,0.949,Low_Frequency_Lines
77,1256788082.703,7.999,52.562,0.957,Air_Compressor
78,1256790982.003,8.354,109.64,0.999,Blip
79,1256792061.906,7.689,23.057,0.995,Low_Frequency_Burst
80,1256793864.313,10.129,3551.692,0.978,Low_Frequency_Lines
81,1256797401.498,9.363,921.191,0.997,Blip
82,1256798144.984,8.061,49.976,0.993,Air_Compressor
83,1256801532.262,214.776,3983.241,0.999,Extremely_Loud
84,1256806698.391,22.138,3136.171,0.974,Low_Frequency_Burst
85,1256806839.531,9.162,654.494,0.96,Low_Frequency_Lines
86,1256807523.594,29.221,3983.241,0.958,Scattered_Light
87,1256807710.281,9.496,23.057,0.998,Low_Frequency_Lines
88,1256807776.469,15.38,26.59,0.906,Low_Frequency_Burst
89,1256807973.113,299.999,3983.241,1.0,Extremely_Loud
90,1256812030.813,8.676,1606.482,0.995,Scattered_Light
91,1256812611.813,12.568,3409.167,0.993,Low_Frequency_Lines
92,1256813018.438,8.438,3313.977,0.935,Air_Compressor
93,1256813095.297,12.126,3136.171,0.966,Low_Frequency_Burst
94,1256818204.844,16.131,602.944,1.0,Scattered_Light
95,1256818216.188,27.683,2479.719,1.0,Scattered_Light
96,1256818945.219,11.562,2563.995,1.0,Scattered_Light
97,1256818951.219,22.715,44.865,1.0,Scattered_Light
98,1256819130.248,7.636,1345.115,1.0,Blip
99,1256819139.742,11.093,3703.979,0.984,Extremely_Loud
100,1256819149.422,229.883,971.864,0.999,Extremely_Loud
101,1256821536.031,17.517,1336.34,1.0,Scattered_Light
102,1256821698.469,18.697,3813.464,0.992,Scattered_Light
103,1256822212.531,26.669,3908.818,1.0,Scattered_Light
104,1256822218.531,8.395,42.703,0.981,Air_Compressor
105,1256822634.094,26.472,3945.854,1.0,Scattered_Light
106,1256823069.469,11.533,975.711,0.998,Scattered_Light
107,1256823403.869,10.465,68.391,1.0,Blip
108,1256823862.844,18.289,677.222,0.999,Scattered_Light
109,1256823933.094,33.875,3984.316,1.0,Scattered_Light
110,1256824091.656,25.59,312.157,1.0,Scattered_Light
111,1256824370.531,7.667,23.057,0.957,Low_Frequency_Burst
112,1256824411.344,12.881,1415.018,0.999,Scattered_Light
113,1256824791.922,7.713,23.057,0.989,Low_Frequency_Burst
114,1256825272.469,15.936,2380.434,1.0,Scattered_Light
115,1256825990.063,9.817,3813.464,0.91,Low_Frequency_Lines
116,1256826264.031,7.731,22.205,0.987,Low_Frequency_Burst
117,1256826613.781,8.19,27.228,0.969,Scattered_Light
118,1256826733.234,8.523,2974.398,0.981,Air_Compressor
119,1256826745.094,18.084,36.338,1.0,Scattered_Light
120,1256826758.469,18.033,2341.528,1.0,Scattered_Light
121,1256827011.969,14.676,26.59,0.998,Scattered_Light
122,1256827085.719,8.07,60.721,1.0,Power_Line
123,1256827448.672,19.837,3693.803,0.997,Scattered_Light
124,1256827989.719,11.121,24.934,0.997,Scattered_Light
125,1256828043.594,18.885,3352.189,1.0,Scattered_Light
126,1256828291.031,20.394,38.215,1.0,Scattered_Light
127,1256828379.531,21.955,3983.241,1.0,Scattered_Light
128,1256886658.773,10.012,88.802,1.0,Power_Line
129,1256886664.535,8.845,76.287,1.0,Power_Line
130,1256886668.941,10.42,87.724,0.996,Power_Line
131,1256886678.457,9.77,236.498,0.982,Blip
132,1256886846.805,1247.164,3983.241,0.996,Extremely_Loud
133,1256888300.461,8.666,983.726,0.946,Air_Compressor
134,1256888402.406,8.714,3426.053,0.997,Power_Line
135,1256888717.969,5757.82,3983.241,0.999,Extremely_Loud
136,1256889102.031,19.059,3983.241,1.0,Scattered_Light
137,1256889109.438,34.735,3983.241,1.0,Scattered_Light
138,1256889114.906,13.29,3206.699,1.0,Scattered_Light
139,1256889143.172,7.679,27.97,0.998,Low_Frequency_Burst
140,1256889376.313,10.032,3615.396,0.999,Low_Frequency_Lines
141,1256889471.047,19.696,3983.241,0.991,Low_Frequency_Burst
142,1256889598.258,3784.697,3983.241,0.999,Extremely_Loud
143,1256890300.688,16.735,3983.241,0.974,Low_Frequency_Lines
144,1256890514.219,31.9,825.505,0.993,Scattered_Light
145,1256890621.531,3253.949,3983.241,0.999,Extremely_Loud
146,1256891559.234,1436.384,3983.241,0.999,Extremely_Loud
147,1256893724.117,320.532,3835.788,0.975,Extremely_Loud
148,1256902986.695,8.474,421.07,0.944,Violin_Mode
149,1256903417.531,9.358,221.806,1.0,Scattered_Light
150,1256904072.641,8.717,20.195,0.979,Low_Frequency_Burst
151,1256904274.32,10.693,20.195,0.99,Low_Frequency_Burst
152,1256904451.281,9.816,3800.791,1.0,Scattered_Light
153,1256904595.492,7.544,372.381,0.979,Whistle
154,1256904971.969,21.343,218.4,0.993,Low_Frequency_Burst
155,1256905348.682,8.04,146.888,1.0,Blip
156,1256905576.219,472.418,3983.241,0.913,Extremely_Loud
157,1256905671.719,9.757,2199.774,1.0,Scattered_Light
158,1256905932.859,15.937,1028.875,1.0,Scattered_Light
159,1256906082.051,1224.107,3983.241,1.0,Extremely_Loud
160,1256906090.313,8.048,3998.429,0.947,Air_Compressor
161,1256906183.188,13.356,3746.261,0.998,Low_Frequency_Burst
162,1256906554.273,7.518,413.779,0.979,Violin_Mode
163,1256906578.594,11.88,3987.436,1.0,Scattered_Light
164,1256906837.592,7.832,71.925,1.0,Blip
165,1256908053.719,12.615,287.167,0.987,Scattered_Light
166,1256908613.969,8.84,76.287,1.0,Power_Line
167,1256908813.359,2322.242,2378.556,0.995,Extremely_Loud
168,1256953962.739,643.382,3983.241,0.955,Extremely_Loud
169,1256955590.813,16.283,32.829,1.0,Scattered_Light
170,1256956373.938,11.483,3983.241,1.0,Low_Frequency_Lines
171,1256957106.719,7.619,3464.271,0.998,Low_Frequency_Lines
172,1256957182.688,8.55,3680.246,0.999,Low_Frequency_Lines
173,1256958059.188,9.222,3881.874,0.995,Low_Frequency_Lines
174,1256959039.25,447.773,3983.241,0.981,Extremely_Loud
175,1256960359.557,675.068,3983.241,0.917,Extremely_Loud
176,1256961716.969,9.031,24.584,1.0,Scattered_Light
177,1256961935.219,16.367,3874.008,1.0,Scattered_Light
178,1256962060.429,1678.743,3983.241,1.0,Extremely_Loud
179,1256962070.104,11.137,256.21,0.998,Blip
180,1256962930.961,12.089,365.403,0.992,Violin_Mode
181,1256963301.906,12.496,1962.668,1.0,Scattered_Light
182,1256963775.688,7.726,47.632,0.952,Air_Compressor
183,1256963879.089,389.972,3983.241,0.956,Extremely_Loud
184,1256964360.219,27.552,3983.241,0.994,Scattered_Light
185,1256964509.29,9.261,146.888,0.996,Blip
186,1256964804.406,13.009,28.467,0.999,Scattered_Light
187,1256965195.215,12.136,75.727,0.985,Tomte
188,1256965936.569,952.687,3983.241,0.922,Extremely_Loud
189,1256966019.016,14.084,32.829,0.999,Scattered_Light
190,1256966156.906,8.706,1172.549,0.999,Low_Frequency_Burst
191,1256966420.781,8.065,22.449,0.943,Scattered_Light
192,1256966872.406,20.115,3908.818,1.0,Scattered_Light
193,1256966882.373,552.994,3983.241,0.993,Extremely_Loud
194,1256966959.656,7.81,42.703,0.998,Air_Compressor
195,1256967090.094,20.046,3883.751,1.0,Scattered_Light
196,1256967523.703,14.809,1361.969,0.97,Low_Frequency_Burst
197,1256967602.734,9.897,28.467,0.993,Scattered_Light
198,1256967824.781,10.56,3861.61,0.981,Power_Line
199,1256968355.563,7.774,47.107,0.935,Air_Compressor
200,1256968523.781,15.373,32.829,1.0,Scattered_Light
201,1256969094.76,7.707,2200.11,1.0,Blip
202,1256969770.256,776.961,3983.241,1.0,Extremely_Loud
203,1256969856.969,11.565,3908.818,0.998,Scattered_Light
204,1256970024.542,148.297,3987.436,0.941,Blip
205,1256970560.133,11.65,476.919,0.989,Violin_Mode
206,1256994605.188,7.997,3984.246,0.988,Low_Frequency_Lines
207,1256994830.547,8.36,284.439,0.98,Whistle
208,1256995293.938,11.207,3813.464,0.996,Low_Frequency_Lines
209,1256995479.469,8.859,1155.883,0.985,Scattered_Light
210,1256995747.055,10.245,316.206,0.991,Whistle
211,1256995751.381,9.936,3956.158,1.0,Blip
212,1256995995.422,8.077,3945.854,0.984,Low_Frequency_Burst
213,1256996971.156,7.934,3764.125,0.974,Scattered_Light
214,1256997566.766,16.147,3983.241,0.961,Scattered_Light
215,1256997786.258,8.762,394.121,0.991,Whistle
216,1256997992.281,10.804,2081.292,1.0,Scattered_Light
217,1256998147.438,8.287,3746.261,0.983,Low_Frequency_Lines
218,1256998856.599,20.713,245.453,1.0,Blip
219,1257000324.453,10.705,1717.344,0.996,Low_Frequency_Burst
220,1257000924.484,8.634,26.59,0.99,Low_Frequency_Burst
221,1257001301.094,13.324,1776.701,1.0,Scattered_Light
222,1257001429.719,27.078,3983.241,1.0,Scattered_Light
223,1257001690.156,9.998,3985.119,1.0,Scattered_Light
224,1257002782.914,7.897,3986.428,0.976,Whistle
225,1257003126.594,13.232,30.952,1.0,Scattered_Light
226,1257003214.109,12.538,971.864,0.975,Scattered_Light
227,1257003424.313,8.182,24.263,0.984,Scattered_Light
228,1257003844.078,12.437,1646.525,1.0,Scattered_Light
229,1257007810.469,16.24,3881.874,1.0,Scattered_Light
230,1257009113.719,10.883,32.027,0.934,Scattered_Light
231,1257009821.094,15.671,3881.874,1.0,Scattered_Light
232,1257010349.531,8.467,22.449,0.991,Scattered_Light
233,1257010716.438,7.87,3945.854,0.997,Low_Frequency_Lines
234,1257011385.999,14.659,3217.289,1.0,Blip
235,1257011840.844,8.887,3983.241,0.964,Low_Frequency_Burst
236,1257012096.313,9.681,3945.854,0.919,Low_Frequency_Lines
237,1257012931.453,45.195,3983.241,0.998,Extremely_Loud
238,1257013159.82,9.714,3983.241,0.953,Low_Frequency_Burst
239,1257013181.052,9.22,168.075,1.0,Blip
240,1257013608.969,23.3,3983.241,1.0,Scattered_Light
241,1257013724.313,9.705,24.263,0.997,Low_Frequency_Lines
242,1257014575.031,8.189,24.115,1.0,Scattered_Light
243,1257015019.281,8.326,27.67,0.999,Scattered_Light
244,1257015118.344,12.59,3749.668,1.0,Scattered_Light
245,1257015410.844,10.24,1267.535,0.999,Scattered_Light
246,1257015563.094,10.229,3816.87,1.0,Scattered_Light
247,1257015623.656,14.716,2733.875,1.0,Scattered_Light
248,1257016202.372,24.951,3960.806,1.0,Blip
249,1257016519.438,19.213,3983.241,1.0,Scattered_Light
250,1257016539.469,18.895,3983.241,1.0,Scattered_Light
251,1257016676.906,7.59,27.67,0.928,Scattered_Light
252,1257016745.859,9.205,26.59,0.984,Scattered_Light
253,1257017766.531,9.766,3913.013,1.0,Scattered_Light
254,1257018488.888,14.18,310.946,1.0,Blip
255,1257018777.219,16.461,3983.241,1.0,Scattered_Light
256,1257019043.984,12.336,63.795,0.909,Power_Line
257,1257019044.016,11.874,822.681,0.918,Power_Line
258,1257019138.039,7.677,23.057,0.999,Low_Frequency_Burst
259,1257019830.031,21.169,3983.241,1.0,Scattered_Light
260,1257020259.266,8.717,3945.854,1.0,Low_Frequency_Burst
261,1257020658.469,19.376,1644.648,1.0,Scattered_Light
262,1257021002.031,18.801,38.215,1.0,Scattered_Light
263,1257021099.719,10.84,3766.002,0.983,Scattered_Light
264,1257021395.969,11.423,2837.865,1.0,Scattered_Light
265,1257021427.156,16.624,2823.051,1.0,Scattered_Light
266,1257021449.297,17.832,3764.125,0.999,Scattered_Light
267,1257021477.906,17.736,3985.119,1.0,Scattered_Light
268,1257021870.656,13.391,3983.241,1.0,Scattered_Light
269,1257022317.391,14.625,1644.648,0.999,Scattered_Light
270,1257022347.844,15.057,38.215,1.0,Scattered_Light
271,1257023385.656,16.113,561.503,1.0,Scattered_Light
272,1257024053.563,18.66,1644.648,1.0,Scattered_Light
273,1257026184.438,13.076,3201.877,1.0,Scattered_Light
274,1257026248.031,14.141,3983.832,1.0,Scattered_Light
275,1257027537.203,15.331,3987.436,1.0,Scattered_Light
276,1257059682.156,15.16,3983.241,1.0,Scattered_Light
277,1257064459.063,8.121,3609.287,0.999,Power_Line
278,1257064925.203,12.798,38.215,0.948,Scattered_Light
279,1257064988.281,18.512,3799.787,1.0,Scattered_Light
280,1257065026.094,16.458,3985.119,1.0,Scattered_Light
281,1257066020.688,8.047,2819.014,0.917,Low_Frequency_Lines
282,1257066125.219,21.818,3983.241,1.0,Scattered_Light
283,1257066298.219,14.318,3801.664,1.0,Scattered_Light
284,1257067502.781,17.343,3558.963,1.0,Scattered_Light
285,1257067638.891,16.649,3136.171,0.96,Scattered_Light
286,1257068042.297,20.719,3615.396,1.0,Scattered_Light
287,1257068264.781,19.843,1569.392,1.0,Scattered_Light
288,1257068316.094,23.756,2579.423,1.0,Scattered_Light
289,1257070849.703,15.712,3881.874,1.0,Scattered_Light
290,1257071067.281,7.563,3881.874,0.971,Low_Frequency_Lines
291,1257071551.656,11.013,1412.964,0.993,Scattered_Light
292,1257071676.344,21.591,38.215,1.0,Scattered_Light
293,1257072132.469,8.06,26.398,0.994,Scattered_Light
294,1257072426.531,24.325,3983.241,1.0,Scattered_Light
295,1257072560.656,17.023,36.338,1.0,Scattered_Light
296,1257072652.781,13.346,3983.241,0.995,Scattered_Light
297,1257072844.781,12.42,3945.854,1.0,Scattered_Light
298,1257073067.219,19.172,3983.241,1.0,Scattered_Light
299,1257073387.344,13.482,3300.554,1.0,Scattered_Light
300,1257074570.766,16.335,30.952,1.0,Scattered_Light
301,1257075249.156,10.601,2964.093,0.996,Low_Frequency_Burst
302,1257076067.953,23.107,3983.241,1.0,Scattered_Light
303,1257077717.359,8.204,63.8,0.997,Power_Line
304,1257078106.514,8.432,93.497,1.0,Blip
305,1257078658.672,11.973,28.256,0.961,Scattered_Light
306,1257079296.594,9.239,3947.731,1.0,Scattered_Light
307,1257079610.719,14.326,1676.369,0.999,Scattered_Light
308,1257080361.531,13.386,36.338,0.978,Scattered_Light
309,1257080407.109,8.254,3983.241,0.998,Scattered_Light
310,1257080696.695,9.301,2061.918,0.901,Low_Frequency_Burst
311,1257080884.406,16.613,30.952,0.968,Scattered_Light
312,1257081029.609,9.13,3874.008,1.0,Scattered_Light
313,1257081075.469,15.575,3409.167,1.0,Scattered_Light
314,1257081647.156,9.899,2965.97,1.0,Scattered_Light
315,1257081942.906,30.734,3464.271,1.0,Scattered_Light
316,1257081977.828,13.6,42.988,0.987,Low_Frequency_Burst
317,1257086818.906,20.193,36.338,1.0,Scattered_Light
318,1257086849.906,14.734,3466.148,0.953,Scattered_Light
319,1257087080.609,13.307,32.829,0.997,Scattered_Light
320,1257087267.781,8.905,23.057,0.999,Low_Frequency_Lines
321,1257087611.547,20.858,3582.116,1.0,Scattered_Light
322,1257104784.461,9.283,316.178,0.994,Whistle
323,1257105104.281,8.27,18.134,0.996,Low_Frequency_Lines
324,1257105302.563,7.673,20.716,0.997,Low_Frequency_Lines
325,1257105582.406,10.877,3872.13,0.997,Low_Frequency_Lines
326,1257107211.438,7.681,83.521,1.0,Low_Frequency_Lines
327,1257108430.453,7.607,1517.998,0.992,Air_Compressor
328,1257108684.688,12.677,3471.328,1.0,Blip
329,1257110813.27,7.65,294.927,0.997,Whistle
330,1257111191.406,16.808,3983.241,0.996,Low_Frequency_Burst
331,1257115194.563,7.727,3945.854,0.999,Low_Frequency_Lines
332,1257115825.664,7.542,2666.003,0.993,Air_Compressor
333,1257117188.031,9.025,3728.798,0.978,Low_Frequency_Burst
334,1257117523.156,16.085,3990.298,0.957,Power_Line
335,1257119186.488,8.102,51.198,0.928,Tomte
336,1257123803.281,10.135,3983.241,0.904,Low_Frequency_Lines
337,1257126459.859,7.59,52.326,0.999,Air_Compressor
338,1257127902.594,11.907,195.12,0.995,Low_Frequency_Lines
339,1257128237.656,10.743,1714.874,0.904,Low_Frequency_Lines
340,1257130054.906,12.222,34.505,0.993,Low_Frequency_Burst
341,1257131599.844,10.057,3983.241,0.926,Low_Frequency_Lines
342,1257134505.004,7.564,61.788,0.993,Air_Compressor
343,1257135437.781,8.545,3582.116,0.966,Low_Frequency_Lines
344,1257136160.086,19.619,3393.298,0.998,Extremely_Loud
345,1257142128.891,8.691,3764.125,1.0,Low_Frequency_Burst
346,1257143481.281,9.924,320.622,0.989,Low_Frequency_Burst
347,1257143631.406,8.348,3983.241,0.999,Low_Frequency_Burst
348,1257145434.906,9.04,23.057,0.958,Low_Frequency_Burst
349,1257146606.281,8.626,3908.818,0.995,Low_Frequency_Burst
350,1257147726.781,9.364,3908.818,0.993,Low_Frequency_Lines
351,1257148781.516,18.725,3298.676,0.927,Low_Frequency_Burst
352,1257171600.422,9.248,3945.854,0.993,Low_Frequency_Burst
353,1257171933.266,8.479,2720.609,0.972,Low_Frequency_Burst
354,1257172768.469,20.079,3983.241,1.0,Low_Frequency_Burst
355,1257173594.424,1089.28,2706.379,1.0,Extremely_Loud
356,1257173936.094,11.435,23.057,0.999,Low_Frequency_Burst
357,1257173991.031,8.184,20.195,0.997,Low_Frequency_Lines
358,1257175129.313,7.62,1028.149,0.916,Low_Frequency_Lines
359,1257177068.328,7.755,20.195,0.996,Low_Frequency_Burst
360,1257177441.297,8.476,1461.986,0.946,Low_Frequency_Burst
361,1257178224.438,22.839,3983.241,0.988,Low_Frequency_Burst
362,1257178683.906,7.569,3945.854,0.998,Low_Frequency_Lines
363,1257180561.156,8.074,20.195,0.998,Low_Frequency_Burst
364,1257182035.625,7.672,3983.241,0.989,Low_Frequency_Lines
365,1257183492.719,22.931,1936.424,0.965,Power_Line
366,1257184182.172,7.622,49.976,0.999,Air_Compressor
367,1257185033.752,601.007,3945.854,1.0,Extremely_Loud
368,1257186098.859,8.206,20.195,0.995,Low_Frequency_Burst
369,1257187144.641,7.566,18.134,0.996,Low_Frequency_Burst
370,1257189571.609,15.402,3983.241,1.0,Low_Frequency_Burst
371,1257196394.75,9.504,3409.167,0.979,Low_Frequency_Lines
372,1257197043.031,10.615,1707.97,0.971,Low_Frequency_Lines
373,1257197178.701,10.566,3836.792,0.997,Blip
374,1257197566.68,8.115,47.964,0.999,Air_Compressor
375,1257198815.094,15.464,3998.194,0.996,Power_Line
376,1257199631.531,11.99,3881.874,0.904,Extremely_Loud
377,1257201831.623,7.664,3707.74,0.998,Blip
378,1257202324.356,12.549,207.515,0.998,Blip
379,1257202741.625,230.327,3983.241,0.999,Extremely_Loud
380,1257207746.531,9.577,26.59,1.0,Low_Frequency_Burst
381,1257208219.906,9.351,3703.979,0.916,Low_Frequency_Burst
382,1257208282.594,9.361,20.195,0.998,Low_Frequency_Burst
383,1257208893.801,7.852,3704.393,0.995,Air_Compressor
384,1257209659.313,8.495,3813.464,0.999,Low_Frequency_Lines
385,1257209913.241,16.206,3881.874,1.0,Blip
386,1257210173.055,7.786,197.812,0.994,Blip
387,1257210321.031,8.008,2061.918,0.989,Low_Frequency_Burst
388,1257211449.102,9.232,3703.979,1.0,Low_Frequency_Burst
389,1257211452.781,9.623,3703.979,0.998,Low_Frequency_Burst
390,1257211778.063,8.187,3983.762,0.999,Low_Frequency_Lines
391,1257212038.926,14.385,61.335,0.997,Tomte
392,1257212616.594,12.093,3409.167,0.999,Low_Frequency_Lines
393,1257212671.441,12.649,1101.395,0.996,Tomte
394,1257212907.844,10.918,3945.854,0.999,Low_Frequency_Lines
395,1257213001.918,8.082,53.292,0.996,Air_Compressor
396,1257213105.469,8.663,3835.788,0.987,Low_Frequency_Burst
397,1257213649.027,22.237,3872.13,0.993,Tomte
398,1257213984.391,7.983,20.195,0.999,Low_Frequency_Burst
399,1257214809.031,12.33,3983.241,0.968,Low_Frequency_Burst
400,1257214835.355,11.283,1928.011,0.937,Tomte
401,1257214903.469,10.693,23.057,0.989,Low_Frequency_Lines
402,1257215174.615,831.66,3983.241,0.997,Extremely_Loud
403,1257215182.813,8.125,312.437,0.932,Air_Compressor
404,1257217657.781,22.953,2706.379,0.985,Low_Frequency_Burst
405,1257218817.969,15.618,2509.909,0.998,Scattered_Light
406,1257218833.094,17.411,1928.011,0.985,Low_Frequency_Burst
407,1257219793.104,8.863,99.892,1.0,Blip
408,1257220704.059,7.635,3987.436,0.911,Blip
409,1257221097.156,13.668,3983.241,0.997,Low_Frequency_Burst
410,1257221305.219,8.367,1717.344,0.973,Low_Frequency_Lines
411,1257221833.156,10.383,1644.648,0.99,Low_Frequency_Lines
412,1257222457.281,11.083,3881.874,0.909,Low_Frequency_Lines
413,1257223364.672,10.087,3983.241,0.999,Low_Frequency_Burst
414,1257223613.219,10.783,3983.241,0.999,Low_Frequency_Burst
415,1257224334.232,17.61,3947.731,0.908,Tomte
416,1257224995.813,7.758,3704.983,0.987,Low_Frequency_Lines
417,1257225126.516,9.138,2486.379,1.0,Low_Frequency_Burst
418,1257225234.425,18.685,370.631,1.0,Blip
419,1257226335.281,19.478,3624.799,0.998,Scattered_Light
420,1257227374.094,17.778,30.952,0.997,Scattered_Light
421,1257227394.094,10.035,23.057,0.907,Low_Frequency_Lines
422,1257227687.531,9.447,3983.241,0.993,Low_Frequency_Burst
423,1257228416.93,9.079,53.578,0.999,Air_Compressor
424,1257229429.906,8.842,1506.581,0.974,Low_Frequency_Lines
425,1257231003.813,7.812,3945.854,0.999,Low_Frequency_Lines
426,1257231412.969,9.154,3983.241,0.989,Low_Frequency_Burst
427,1257233855.469,8.577,20.195,0.998,Low_Frequency_Burst
428,1257234180.156,7.64,20.838,0.929,Low_Frequency_Burst
429,1257236178.516,7.66,23.057,0.925,Low_Frequency_Burst
430,1257236426.938,12.526,23.057,0.99,Scattered_Light
431,1257237018.531,15.26,2973.356,1.0,Low_Frequency_Burst
432,1257237779.344,11.82,3983.241,0.96,Low_Frequency_Burst
433,1257238150.047,8.459,2731.998,1.0,Low_Frequency_Burst
434,1257238594.887,1081.159,3881.874,1.0,Extremely_Loud
435,1257239117.467,20.341,162.896,0.951,Tomte
436,1257239226.594,7.974,3080.93,0.984,Low_Frequency_Lines
437,1257239350.563,13.426,1101.395,0.957,Low_Frequency_Lines
438,1257239723.125,11.888,3908.818,0.999,Scattered_Light
439,1257240031.891,11.425,20.195,0.999,Low_Frequency_Burst
440,1257240103.719,13.802,550.03,0.97,Low_Frequency_Lines
441,1257240371.453,7.85,68.391,0.949,Power_Line
442,1257240854.156,8.08,3457.886,0.993,Low_Frequency_Lines
443,1257241388.094,16.653,3945.854,0.928,Low_Frequency_Burst
444,1257241650.734,8.926,3523.706,0.99,Low_Frequency_Burst
445,1257242536.844,14.464,3983.241,0.978,Low_Frequency_Burst
446,1257243483.93,8.52,2880.138,0.999,Air_Compressor
447,1257244579.969,9.162,23.057,0.988,Low_Frequency_Burst
448,1257246273.547,8.653,2378.556,0.96,Low_Frequency_Burst
449,1257246730.406,9.923,3983.241,0.995,Low_Frequency_Burst
450,1257246986.438,8.158,20.195,0.999,Low_Frequency_Lines
451,1257247736.344,10.965,3983.241,0.993,Low_Frequency_Lines
452,1257247760.531,9.469,757.02,0.984,Low_Frequency_Lines
453,1257249081.094,10.272,2479.719,0.999,Low_Frequency_Lines
454,1257249137.943,10.336,207.23,1.0,Blip
455,1257249359.594,12.41,30.952,0.994,Low_Frequency_Burst
456,1257250592.313,14.413,3945.854,0.963,Low_Frequency_Burst
457,1257250697.563,16.57,30.952,1.0,Low_Frequency_Lines
458,1257253218.531,8.291,23.057,0.981,Low_Frequency_Lines
459,1257253367.719,9.683,2706.379,0.956,Low_Frequency_Burst
460,1257253450.469,8.128,1346.929,0.992,Air_Compressor
461,1257253601.406,10.502,47.107,0.94,Air_Compressor
462,1257254029.547,8.847,3983.241,0.998,Low_Frequency_Burst
463,1257254296.656,11.279,3813.464,1.0,Low_Frequency_Burst
464,1257254498.719,8.755,3881.874,0.998,Low_Frequency_Lines
465,1257256281.125,9.206,18.134,0.996,Low_Frequency_Lines
466,1257256616.469,8.353,2395.452,0.999,Scattered_Light
467,1257259346.688,12.745,3983.241,0.989,Low_Frequency_Lines
468,1257259803.29,15.966,3267.727,1.0,Blip
469,1257259823.594,7.731,19.406,0.934,Low_Frequency_Lines
470,1257260429.562,9.71,142.526,1.0,Blip
471,1257261418.344,9.228,2672.706,1.0,Low_Frequency_Lines
472,1257261759.313,11.2,2964.093,0.993,Low_Frequency_Lines
473,1257262359.281,7.988,805.763,0.976,Low_Frequency_Lines
474,1257262385.969,8.472,21.842,0.998,Low_Frequency_Lines
475,1257262910.063,16.318,1643.292,0.955,Low_Frequency_Lines
476,1257263125.396,7.561,181.356,0.998,Blip
477,1257263435.938,7.683,23.028,0.999,Low_Frequency_Lines
478,1257263687.719,14.92,26.59,0.994,Low_Frequency_Burst
479,1257265727.813,7.97,583.69,0.993,Low_Frequency_Lines
480,1257265833.281,7.65,2964.093,0.953,Low_Frequency_Burst
481,1257265913.469,10.702,1155.883,0.989,Low_Frequency_Burst
482,1257265964.031,9.625,2964.093,0.964,Low_Frequency_Lines
483,1257266478.625,9.582,3728.798,0.953,Low_Frequency_Lines
484,1257267290.656,12.404,23.057,0.966,Low_Frequency_Lines
485,1257267609.781,7.528,3060.086,0.954,Low_Frequency_Lines
486,1257268173.813,17.037,3582.116,0.999,Low_Frequency_Lines
487,1257268761.344,8.391,2819.014,0.963,Low_Frequency_Lines
488,1257269111.844,10.722,3764.125,0.901,Low_Frequency_Burst
489,1257269654.984,10.775,3995.838,0.997,Power_Line
490,1257269840.547,8.062,1718.56,0.988,Air_Compressor
491,1257269870.406,8.518,406.738,0.987,Low_Frequency_Lines
492,1257269977.019,10.497,2491.438,1.0,Blip
493,1257272212.422,11.85,2159.763,0.996,Low_Frequency_Burst
494,1257272691.455,216.679,3983.241,0.959,Extremely_Loud
495,1257272697.156,8.259,20.195,0.972,Low_Frequency_Lines
496,1257272722.568,779.22,3703.979,1.0,Extremely_Loud
497,1257272729.188,8.114,48.313,0.916,Scattered_Light
498,1257273037.533,123.227,3881.874,1.0,Extremely_Loud
499,1257273532.688,10.281,3409.167,0.999,Low_Frequency_Lines
500,1257273587.531,19.559,3883.657,1.0,Scattered_Light
501,1257275057.969,7.98,19.406,0.989,Low_Frequency_Lines
502,1257275940.953,14.454,3983.241,0.962,Scattered_Light
503,1257276124.344,14.666,677.222,0.999,Scattered_Light
504,1257276146.031,7.807,2973.802,0.986,Low_Frequency_Lines
505,1257276790.156,11.58,2823.051,0.972,Low_Frequency_Lines
506,1257277161.844,11.07,26.59,0.998,Low_Frequency_Burst
507,1257278061.422,11.285,3030.386,1.0,Low_Frequency_Burst
508,1257278146.18,9.016,23.057,0.982,Low_Frequency_Burst
509,1257278234.016,7.658,53.578,0.961,Air_Compressor
510,1257279222.344,16.627,30.952,1.0,Scattered_Light
511,1257280911.641,8.907,23.057,0.999,Low_Frequency_Burst
512,1257281850.219,10.631,3703.979,0.92,Low_Frequency_Burst
513,1257281999.109,27.938,2398.222,1.0,Scattered_Light
514,1257282204.09,8.13,1935.067,0.986,Blip
515,1257282511.031,7.83,1775.626,0.999,Low_Frequency_Lines
516,1257282635.344,8.854,3409.167,0.997,Low_Frequency_Burst
517,1257283439.141,12.689,1976.361,0.996,Scattered_Light
518,1257283611.35,1422.485,2394.448,1.0,Extremely_Loud
519,1257284352.816,264.707,3872.13,0.999,Extremely_Loud
520,1257284363.063,25.339,3411.045,0.975,Air_Compressor
521,1257284664.219,9.552,23.057,1.0,Low_Frequency_Burst
522,1257285540.813,12.699,281.152,0.904,Low_Frequency_Lines
523,1257285702.656,14.126,747.378,0.997,Scattered_Light
524,1257285951.781,10.692,3983.241,0.994,Low_Frequency_Lines
525,1257286264.469,8.173,1778.672,0.966,Scattered_Light
526,1257286447.531,19.298,1555.654,1.0,Scattered_Light
527,1257286588.418,372.718,3983.241,0.921,Extremely_Loud
528,1257286974.33,7.644,78.045,0.994,Blip
529,1257287115.219,11.029,23.057,0.969,Low_Frequency_Lines
530,1257288475.344,10.478,2759.738,1.0,Scattered_Light
531,1257288527.281,22.072,3881.874,0.998,Scattered_Light
532,1257288554.531,10.734,1046.98,0.979,Scattered_Light
533,1257288621.875,9.554,22.237,0.957,Extremely_Loud
534,1257288622.281,20.711,36.338,1.0,Scattered_Light
535,1257288820.063,9.931,2138.615,0.999,Low_Frequency_Lines
536,1257288913.906,11.592,453.735,0.921,Low_Frequency_Burst
537,1257289367.906,17.72,3983.241,0.993,Scattered_Light
538,1257289988.688,11.928,3945.854,0.96,Low_Frequency_Lines
539,1257290473.594,11.388,3425.439,0.927,Low_Frequency_Burst
540,1257290551.313,8.671,3813.464,1.0,Low_Frequency_Lines
541,1257291145.859,11.26,26.59,0.936,Low_Frequency_Burst
542,1257291327.156,12.999,3945.854,0.942,Low_Frequency_Burst
543,1257291501.906,25.137,406.738,0.912,Extremely_Loud
544,1257291581.652,252.364,2757.861,1.0,Extremely_Loud
545,1257291593.869,207.876,3983.241,1.0,Extremely_Loud
546,1257292836.219,14.105,1644.648,0.993,Scattered_Light
547,1257292962.969,10.337,2823.051,0.949,Low_Frequency_Lines
548,1257293168.844,14.197,3983.241,0.946,Scattered_Light
549,1257294564.773,271.142,3983.241,0.999,Extremely_Loud
550,1257297856.906,14.911,3201.357,1.0,Scattered_Light
551,1257298427.961,16.079,441.012,0.936,Violin_Mode
552,1257298671.242,11.852,441.012,0.962,Whistle
553,1257299013.492,12.741,468.805,0.999,Whistle
554,1257299084.789,9.678,449.213,0.915,Whistle
555,1257299366.836,7.962,457.182,0.983,Violin_Mode
556,1257299566.719,10.186,2819.014,0.995,Low_Frequency_Lines
557,1257299640.617,14.168,3909.143,1.0,Whistle
558,1257299754.719,9.652,3813.464,1.0,Low_Frequency_Burst
559,1257300372.898,8.674,2964.093,0.939,Violin_Mode
560,1257300469.969,18.31,2417.106,0.998,Low_Frequency_Burst
561,1257300548.531,8.725,1314.571,0.988,Low_Frequency_Burst
562,1257300610.758,16.811,508.592,0.999,Whistle
563,1257300617.898,12.977,441.012,0.999,Whistle
564,1257300653.148,10.082,2973.802,0.999,Whistle
565,1257300955.344,14.644,3881.874,0.993,Scattered_Light
566,1257300982.781,9.345,2826.015,1.0,Power_Line
567,1257301313.531,14.076,195.844,0.983,Low_Frequency_Burst
568,1257301769.211,18.217,2382.841,0.934,Whistle
569,1257301772.102,14.83,3582.116,0.964,Violin_Mode
570,1257301965.242,14.737,296.998,0.984,Violin_Mode
571,1257302052.023,15.091,3206.699,0.96,Violin_Mode
572,1257302282.594,9.262,20.838,0.993,Low_Frequency_Burst
573,1257302496.094,8.693,3983.241,0.989,Low_Frequency_Burst
574,1257302666.123,79.212,2655.86,0.929,Extremely_Loud
575,1257302756.648,15.163,465.64,0.997,Whistle
576,1257302918.578,8.4,3006.243,0.913,Low_Frequency_Burst
577,1257303365.195,16.304,508.592,0.998,Whistle
578,1257303430.453,8.962,76.951,0.992,Power_Line
579,1257304740.453,12.366,3427.638,0.987,Scattered_Light
580,1257305270.031,9.05,3983.241,0.989,Low_Frequency_Lines
581,1257305558.93,14.096,441.012,0.998,Whistle
582,1257305809.836,423.141,3983.241,0.957,Extremely_Loud
583,1257305815.63,739.854,3983.241,0.996,Extremely_Loud
584,1257306626.539,12.678,2815.354,0.999,Whistle
585,1257306841.133,14.555,694.317,0.992,Whistle
586,1257306975.551,7.797,51.366,0.983,Air_Compressor
587,1257307015.672,9.057,3827.401,1.0,Power_Line
588,1257307278.469,8.026,3464.271,0.965,Low_Frequency_Burst
589,1257307301.227,16.005,3512.267,1.0,Whistle
590,1257307304.07,11.35,3945.854,0.995,Violin_Mode
591,1257307334.586,13.297,806.406,0.997,Whistle
592,1257307348.516,7.568,3995.844,1.0,Air_Compressor
593,1257307623.945,13.173,441.592,0.99,Whistle
594,1257308003.102,11.488,3207.036,0.998,Violin_Mode
595,1257308053.57,9.237,441.012,1.0,Whistle
596,1257308060.992,8.362,2853.632,0.906,Violin_Mode
597,1257308235.664,13.39,1645.652,0.962,Violin_Mode
598,1257308341.664,10.097,445.387,0.992,Violin_Mode
599,1257308353.4,611.787,3983.241,0.911,Extremely_Loud
600,1257308547.313,9.119,3298.676,0.953,Low_Frequency_Lines
601,1257308574.648,10.12,4062.799,0.989,Violin_Mode
602,1257308662.773,9.915,441.012,1.0,Whistle
603,1257308778.164,10.722,508.592,1.0,Whistle
604,1257309163.758,22.841,2964.093,0.93,Whistle
605,1257309776.883,12.965,544.5,0.909,Whistle
606,1257309782.387,10.876,508.592,0.998,Whistle
607,1257310267.418,10.544,1035.177,0.982,Whistle
608,1257310349.859,9.285,1790.668,0.997,Power_Line
609,1257310384.398,9.16,459.049,0.995,Violin_Mode
610,1257310697.43,12.041,435.708,0.999,Whistle
611,1257310699.102,9.168,1831.457,0.957,Violin_Mode
612,1257310711.805,18.247,441.012,0.998,Whistle
613,1257310808.992,10.294,419.866,0.999,Whistle
614,1257310819.82,19.863,544.5,0.926,Violin_Mode
615,1257310903.508,9.743,466.684,0.941,Whistle
616,1257310929.617,13.271,627.938,0.99,Violin_Mode
617,1257311160.148,16.036,3983.241,1.0,Violin_Mode
618,1257311216.617,8.174,465.89,0.959,Violin_Mode
619,1257311454.398,11.168,435.708,0.988,Whistle
620,1257311556.008,9.498,403.513,0.954,Whistle
621,1257312072.473,9.092,352.315,0.997,Whistle
622,1257312140.32,23.914,508.592,0.994,Whistle
623,1257312228.352,7.719,3568.577,0.997,Violin_Mode
624,1257312487.117,8.949,466.684,0.933,Violin_Mode
625,1257312721.898,14.802,441.012,0.998,Whistle
626,1257313076.355,9.68,399.801,0.999,Whistle
627,1257313098.059,14.306,1852.989,0.988,Violin_Mode
628,1257313433.727,9.152,441.592,0.998,Whistle
629,1257313458.063,9.622,26.59,0.972,Low_Frequency_Lines
630,1257313469.211,7.881,254.782,0.914,Violin_Mode
631,1257313583.633,8.324,412.884,0.999,Whistle
632,1257313700.617,9.072,468.729,0.942,Violin_Mode
633,1257313706.195,7.876,451.271,0.95,Whistle
634,1257313814.965,9.802,441.592,0.937,Whistle
635,1257313946.398,7.777,250.785,0.971,Violin_Mode
636,1257313969.32,8.934,1208.454,1.0,Violin_Mode
637,1257313999.039,17.603,508.592,0.928,Violin_Mode
638,1257314032.43,13.01,4026.892,0.991,Whistle
639,1257314165.773,7.731,468.729,1.0,Violin_Mode
640,1257314166.539,11.439,476.919,1.0,Violin_Mode
641,1257314169.02,8.042,465.89,0.969,Violin_Mode
642,1257314287.883,10.724,390.73,0.988,Whistle
643,1257314301.68,9.344,477.576,0.99,Violin_Mode
644,1257314333.617,18.165,508.592,0.998,Whistle
645,1257314504.939,8.131,110.258,0.986,Blip
646,1257314505.555,7.678,265.372,0.986,Air_Compressor
647,1257314536.316,9.677,476.919,0.974,Violin_Mode
648,1257314574.805,15.667,441.012,0.995,Whistle
649,1257314722.68,11.156,441.592,0.996,Whistle
650,1257314806.852,10.303,267.379,0.965,Violin_Mode
651,1257314809.664,12.646,516.994,1.0,Whistle
652,1257314815.664,10.539,445.387,0.952,Violin_Mode
653,1257314903.086,9.649,457.043,0.986,Violin_Mode
654,1257315032.023,13.621,476.919,0.993,Violin_Mode
655,1257315250.07,8.496,470.856,0.99,Violin_Mode
656,1257315259.227,11.846,441.012,0.995,Whistle
657,1257315334.852,13.941,441.012,0.975,Violin_Mode
658,1257315411.586,13.554,465.484,0.908,Violin_Mode
659,1257315438.852,8.327,468.729,0.994,Violin_Mode
660,1257317067.281,8.726,1627.912,0.981,Low_Frequency_Burst
661,1257317572.031,11.719,3464.271,1.0,Low_Frequency_Burst
662,1257319728.094,9.442,1436.31,0.999,Low_Frequency_Burst
663,1257321779.531,8.933,2378.556,0.996,Low_Frequency_Burst
664,1257322198.027,1600.517,3983.241,1.0,Extremely_Loud
665,1257322801.859,7.658,52.562,0.992,Air_Compressor
666,1257325388.914,1081.501,3983.241,0.999,Extremely_Loud
667,1257327854.447,13.3,3464.899,0.978,Low_Frequency_Lines
668,1257328005.836,8.272,23.057,0.931,Low_Frequency_Burst
669,1257333137.563,10.694,3719.167,0.994,Air_Compressor
670,1257333405.406,10.972,3615.396,0.997,Low_Frequency_Burst
671,1257334574.969,8.849,20.838,0.904,Low_Frequency_Burst
672,1257335953.469,11.069,2681.0,0.996,Low_Frequency_Burst
673,1257337460.594,9.364,23.057,0.956,Low_Frequency_Burst
674,1257337906.047,7.549,2930.829,0.904,Low_Frequency_Burst
675,1257337929.543,364.105,3983.241,0.999,Extremely_Loud
676,1257338726.963,9.322,4099.177,0.994,Whistle
677,1257338963.938,7.551,2834.458,0.999,Low_Frequency_Lines
678,1257340844.594,11.657,26.59,0.97,Low_Frequency_Burst
679,1257342008.038,15.987,3663.333,0.926,Blip
680,1257344930.313,9.769,3983.241,0.989,Low_Frequency_Lines
681,1257345280.055,7.746,846.862,0.999,Air_Compressor
682,1257345606.594,10.173,3409.167,0.995,Low_Frequency_Burst
683,1257345873.08,320.405,3201.357,0.998,Extremely_Loud
684,1257346314.063,8.967,23.057,0.954,Low_Frequency_Lines
685,1257346732.328,8.534,34.098,0.996,Low_Frequency_Burst
686,1257347589.756,17.586,2380.434,0.919,Blip
687,1257347625.734,10.064,64.492,0.997,Power_Line
688,1257351393.813,9.154,2945.908,0.996,Low_Frequency_Lines
689,1257354701.922,8.534,1941.884,1.0,Power_Line
690,1257357620.596,133.193,3764.125,1.0,Extremely_Loud
691,1257357702.516,9.503,2173.7,0.995,Power_Line
692,1257358957.423,13.95,203.982,1.0,Blip
693,1257360531.017,779.571,3983.241,0.985,Extremely_Loud
694,1257360870.109,7.925,2768.451,0.997,Air_Compressor
695,1257363083.961,9.745,3073.169,0.999,Power_Line
696,1257363456.438,8.336,2741.265,0.995,Low_Frequency_Lines
697,1257365857.219,7.853,1155.883,0.914,Low_Frequency_Burst
698,1257366619.397,25.381,300.189,0.991,Blip
699,1257366915.719,8.68,295.994,0.971,Low_Frequency_Burst
700,1257367969.012,657.732,3983.241,0.997,Extremely_Loud
701,1257368077.313,10.69,23.057,0.929,Low_Frequency_Lines
702,1257368784.625,8.22,20.195,0.943,Low_Frequency_Lines
703,1257370240.656,9.211,3813.464,0.985,Low_Frequency_Burst
704,1257372132.145,2755.646,3367.249,1.0,Extremely_Loud
705,1257372427.531,10.552,23.057,0.979,Low_Frequency_Lines
706,1257373978.063,8.447,2755.352,0.914,Power_Line
707,1257374480.094,15.327,2681.0,0.989,Low_Frequency_Burst
708,1257374894.091,412.826,3983.241,0.987,Extremely_Loud
709,1257376726.875,8.05,2509.909,0.979,Low_Frequency_Lines
710,1257378113.313,7.597,48.386,0.992,Air_Compressor
711,1257379240.594,8.466,3582.116,0.954,Low_Frequency_Burst
712,1257380844.344,7.573,19.406,0.985,Low_Frequency_Lines
713,1257381945.031,7.797,19.678,0.902,Low_Frequency_Lines
714,1257382156.583,701.451,2720.609,0.983,Extremely_Loud
715,1257384393.945,780.738,3983.241,0.998,Extremely_Loud
716,1257384402.188,8.939,48.442,0.99,Air_Compressor
717,1257384580.781,7.994,20.195,0.998,Low_Frequency_Lines
718,1257385921.547,7.75,3983.241,0.945,Low_Frequency_Burst
719,1257388968.594,8.136,447.013,0.99,Low_Frequency_Lines
720,1257391766.063,8.217,2179.265,0.948,Low_Frequency_Lines
721,1257392453.422,8.324,1644.648,0.974,Low_Frequency_Burst
722,1257392702.531,7.824,3006.243,0.95,Low_Frequency_Lines
723,1257393339.688,9.891,3983.241,0.911,Power_Line
724,1257393738.767,9.089,171.608,0.991,Blip
725,1257395687.699,8.421,73.85,0.996,Tomte
726,1257395694.926,14.951,108.381,0.999,Tomte
727,1257395783.777,13.154,2920.99,0.941,Tomte
728,1257399362.58,415.31,3983.241,0.915,Extremely_Loud
729,1257399633.281,7.636,3298.676,0.984,Low_Frequency_Lines
730,1257400384.188,9.104,3983.241,0.978,Low_Frequency_Lines
731,1257400754.512,337.487,1514.733,0.993,Extremely_Loud
732,1257402174.157,908.381,3983.241,0.998,Extremely_Loud
733,1257402793.781,8.168,2651.144,0.976,Low_Frequency_Lines
734,1257402799.781,9.67,3201.357,0.99,Low_Frequency_Lines
735,1257408354.844,9.08,3983.241,0.922,Low_Frequency_Lines
736,1257409477.867,7.823,482.542,0.924,Whistle
737,1257410663.617,7.527,57.94,0.927,Air_Compressor
738,1257414603.344,7.723,2681.0,0.997,Low_Frequency_Burst
739,1257414972.219,10.557,3006.243,0.986,Low_Frequency_Burst
740,1257416728.469,8.612,3945.854,0.995,Low_Frequency_Lines
741,1257417061.031,8.151,23.057,0.911,Scattered_Light
742,1257417163.656,7.634,3983.241,0.993,Scattered_Light
743,1257418617.875,8.535,23.057,0.995,Low_Frequency_Lines
744,1257418762.969,7.529,1462.128,0.984,Low_Frequency_Lines
745,1257419216.219,12.571,23.057,0.965,Low_Frequency_Lines
746,1257419461.965,23.69,3746.261,0.981,Tomte
747,1257420723.781,9.474,2823.051,0.994,Low_Frequency_Lines
748,1257425219.484,7.594,53.578,0.996,Air_Compressor
749,1257427422.625,7.857,3836.634,0.999,Low_Frequency_Lines
750,1257427732.656,9.025,2731.998,0.979,Scattered_Light
751,1257429088.125,8.948,3703.979,0.965,Low_Frequency_Burst
752,1257430957.426,623.931,3983.241,0.988,Extremely_Loud
753,1257431475.844,7.765,2681.0,0.933,Low_Frequency_Lines
754,1257432091.969,9.34,23.057,0.931,Low_Frequency_Burst
755,1257433586.406,7.768,1314.571,0.9,Low_Frequency_Lines
756,1257434460.156,11.268,3983.241,0.951,Low_Frequency_Lines
757,1257436386.188,8.426,3983.241,0.996,Low_Frequency_Lines
758,1257437843.453,54.671,3983.241,0.94,Extremely_Loud
759,1257437996.785,7.822,53.578,0.972,Air_Compressor
760,1257438812.906,8.178,3983.241,0.981,Low_Frequency_Burst
761,1257440520.563,7.743,3881.874,0.998,Low_Frequency_Lines
762,1257444691.145,670.395,3983.241,0.998,Extremely_Loud
763,1257446608.125,7.943,1563.095,0.915,Scattered_Light
764,1257446924.531,8.64,3945.854,0.98,Low_Frequency_Burst
765,1257447853.031,8.606,3764.125,0.996,Low_Frequency_Lines
766,1257449921.852,8.532,3760.67,0.98,Power_Line
767,1257450346.105,7.933,53.578,0.955,Blip
768,1257451022.094,7.833,2085.44,0.99,Low_Frequency_Lines
769,1257451033.281,8.5,23.057,1.0,Low_Frequency_Lines
770,1257451945.906,10.116,3813.464,0.996,Low_Frequency_Burst
771,1257452409.594,8.333,178.907,0.925,Low_Frequency_Burst
772,1257453520.689,23.74,3983.241,0.953,Blip
773,1257453665.688,8.397,21.248,0.943,Low_Frequency_Lines
774,1257454970.805,11.219,3983.241,0.997,Low_Frequency_Burst
775,1257455203.172,13.327,637.33,1.0,Low_Frequency_Burst
776,1257455207.438,14.374,3983.241,0.964,Low_Frequency_Lines
777,1257455327.312,796.702,3983.241,0.932,Extremely_Loud
778,1257455358.23,213.173,677.222,1.0,Extremely_Loud
779,1257457510.078,8.554,2378.556,0.998,Low_Frequency_Burst
780,1257458080.469,11.085,3983.241,0.995,Low_Frequency_Burst
781,1257459255.063,9.149,20.838,0.915,Low_Frequency_Burst
782,1257459340.281,7.597,2327.745,0.959,Low_Frequency_Lines
783,1257459440.422,7.876,20.195,0.999,Low_Frequency_Burst
784,1257460223.344,8.35,3409.167,0.965,Low_Frequency_Burst
785,1257460529.328,10.545,23.057,0.906,Low_Frequency_Burst
786,1257460982.063,7.66,3249.652,1.0,Low_Frequency_Burst
787,1257461065.969,9.552,3983.241,0.934,Low_Frequency_Lines
788,1257462861.344,9.174,3409.167,0.999,Low_Frequency_Burst
789,1257464624.883,2906.331,3983.241,0.982,Extremely_Loud
790,1257471094.109,12.045,3582.116,0.975,Low_Frequency_Burst
791,1257472156.281,12.226,1155.883,0.9,Low_Frequency_Burst
792,1257472699.531,7.967,20.195,0.987,Low_Frequency_Lines
793,1257474597.938,9.105,20.195,0.999,Low_Frequency_Lines
794,1257475819.344,9.115,1563.095,0.974,Low_Frequency_Lines
795,1257476375.656,12.609,3983.241,0.945,Low_Frequency_Burst
796,1257476692.531,9.671,24.061,0.981,Scattered_Light
797,1257478321.688,12.824,3983.241,0.963,Low_Frequency_Lines
798,1257478494.844,11.226,3983.241,1.0,Low_Frequency_Burst
799,1257478684.656,12.423,1706.286,0.974,Low_Frequency_Burst
800,1257478837.688,9.004,3881.874,0.984,Low_Frequency_Lines
801,1257480862.406,10.285,3983.241,0.999,Low_Frequency_Burst
802,1257480868.375,25.569,3983.241,1.0,Scattered_Light
803,1257483704.641,7.762,3030.486,0.994,Low_Frequency_Burst
804,1257484124.906,8.076,3615.396,0.951,Low_Frequency_Lines
805,1257484242.563,9.877,2479.719,0.984,Low_Frequency_Lines
806,1257484517.906,8.34,23.057,0.998,Low_Frequency_Lines
807,1257485788.938,16.701,30.952,1.0,Scattered_Light
808,1257486562.078,8.298,3983.241,1.0,Low_Frequency_Burst
809,1257488151.195,9.209,3478.68,1.0,Power_Line
810,1257489011.781,9.798,3983.241,0.93,Low_Frequency_Lines
811,1257489783.428,11.077,189.99,1.0,Blip
812,1257490005.938,26.947,3983.241,0.999,Low_Frequency_Burst
813,1257490493.344,15.796,26.59,0.911,Low_Frequency_Burst
814,1257490561.031,7.734,3728.798,0.984,Low_Frequency_Burst
815,1257491074.938,17.851,3983.241,0.97,Low_Frequency_Burst
816,1257491804.781,7.592,27.67,0.988,Scattered_Light
817,1257492467.656,8.31,20.838,0.988,Low_Frequency_Lines
818,1257493492.531,8.825,22.11,0.991,Low_Frequency_Lines
819,1257494204.563,7.7,3582.116,1.0,Low_Frequency_Lines
820,1257496626.938,9.881,3133.541,1.0,Low_Frequency_Lines
821,1257498574.813,9.107,1027.87,1.0,Low_Frequency_Lines
822,1257498955.094,10.66,26.59,1.0,Scattered_Light
823,1257499190.656,9.058,20.838,0.943,Low_Frequency_Lines
824,1257499582.063,8.587,19.406,1.0,Low_Frequency_Lines
825,1257499688.59,115.768,161.018,1.0,Extremely_Loud
826,1257500173.715,257.446,3983.241,0.999,Extremely_Loud
827,1257500363.188,21.46,3983.241,0.995,Low_Frequency_Burst
828,1257500544.344,11.309,3983.241,0.952,Low_Frequency_Burst
829,1257501206.563,9.463,3983.241,0.994,Low_Frequency_Lines
830,1257503074.938,7.766,20.195,0.994,Low_Frequency_Lines
831,1257504209.906,24.592,3764.125,0.997,Scattered_Light
832,1257504925.984,22.254,3985.536,1.0,Power_Line
833,1257504952.82,1729.356,3983.241,1.0,Extremely_Loud
834,1257510427.234,9.594,75.272,0.992,Power_Line
835,1257510662.344,18.119,1268.831,1.0,Scattered_Light
836,1257511092.469,10.506,1026.127,1.0,Scattered_Light
837,1257511716.422,14.131,3582.116,0.98,Low_Frequency_Burst
838,1257512144.891,11.386,28.467,0.99,Scattered_Light
839,1257513206.984,11.228,3881.874,0.994,Scattered_Light
840,1257513316.156,26.447,3908.818,1.0,Scattered_Light
841,1257514230.156,13.785,36.338,1.0,Scattered_Light
842,1257514670.563,8.285,3707.386,1.0,Scattered_Light
843,1257515149.938,9.542,20.195,0.976,Low_Frequency_Lines
844,1257515772.156,12.547,2920.99,1.0,Scattered_Light
845,1257515973.625,9.071,3983.241,0.968,Low_Frequency_Lines
846,1257516162.969,9.634,28.467,0.994,Scattered_Light
847,1257517927.672,8.834,218.4,0.987,Scattered_Light
848,1257517967.662,13.332,3987.436,0.999,Blip
849,1257549254.254,7.615,53.578,0.984,Air_Compressor
850,1257549583.406,10.061,3006.243,0.96,Scattered_Light
851,1257550431.781,9.159,3983.241,0.963,Low_Frequency_Lines
852,1257551897.969,10.425,3201.357,0.935,Scattered_Light
853,1257551913.094,10.178,3983.241,0.95,Low_Frequency_Lines
854,1257552891.969,16.551,3983.241,0.993,Low_Frequency_Burst
855,1257556071.563,7.64,3983.789,0.983,Scattered_Light
856,1257556325.756,11.926,1250.21,0.985,Tomte
857,1257556648.203,14.685,3983.241,1.0,Scattered_Light
858,1257556717.344,12.285,3983.241,0.901,Low_Frequency_Burst
859,1257557273.091,15.83,207.23,1.0,Blip
860,1257558866.281,8.222,3350.311,0.928,Low_Frequency_Burst
861,1257559440.269,17.248,248.315,1.0,Blip
862,1257560779.684,123.348,2973.356,0.999,Extremely_Loud
863,1257560780.063,37.034,73.85,0.996,Extremely_Loud
864,1257561213.906,24.95,3983.241,0.996,Low_Frequency_Burst
865,1257561502.984,7.587,22.449,1.0,Low_Frequency_Burst
866,1257561564.938,10.017,3983.241,0.996,Low_Frequency_Lines
867,1257562424.437,8.941,109.64,1.0,Blip
868,1257563295.449,7.647,3993.831,0.998,Air_Compressor
869,1257563564.344,8.843,20.195,0.999,Low_Frequency_Lines
870,1257563573.219,11.473,2731.998,0.998,Low_Frequency_Burst
871,1257563587.328,8.904,389.305,0.985,Power_Line
872,1257563842.516,9.25,47.964,0.999,Air_Compressor
873,1257564317.031,8.815,3983.241,0.984,Low_Frequency_Lines
874,1257564612.563,12.275,3249.652,0.933,Low_Frequency_Lines
875,1257565609.156,10.485,3983.241,0.913,Low_Frequency_Lines
876,1257565810.438,7.944,3908.818,0.998,Low_Frequency_Lines
877,1257566838.781,9.12,3872.13,0.961,Low_Frequency_Burst
878,1257567628.766,7.827,3997.115,0.96,Power_Line
879,1257572045.344,8.023,489.737,0.987,Low_Frequency_Burst
880,1257574060.328,8.027,1361.969,0.996,Low_Frequency_Burst
881,1257608071.672,10.486,2337.938,0.925,Low_Frequency_Burst
882,1257608427.519,389.62,3983.241,0.932,Extremely_Loud
883,1257618842.344,7.503,20.195,0.981,Low_Frequency_Burst
884,1257619081.004,1460.287,3983.241,0.946,Extremely_Loud
885,1257619997.969,23.255,3983.241,1.0,Scattered_Light
886,1257620368.219,12.113,23.057,0.984,Low_Frequency_Burst
887,1257621120.156,9.396,550.03,0.999,Low_Frequency_Burst
888,1257621673.292,322.216,3983.241,0.938,Extremely_Loud
889,1257631733.641,9.691,3983.241,0.996,Scattered_Light
890,1257632540.656,11.564,3835.788,0.957,Low_Frequency_Burst
891,1257632794.219,8.79,18.134,0.995,Low_Frequency_Burst
892,1257633384.656,11.108,26.59,0.904,Low_Frequency_Lines
893,1257636627.313,10.424,20.195,0.979,Low_Frequency_Lines
894,1257638763.406,8.453,39.04,0.984,Air_Compressor
895,1257639309.531,6607.47,3881.874,1.0,Extremely_Loud
896,1257640813.258,9.56,3680.246,1.0,Low_Frequency_Burst
897,1257642064.594,22.047,363.574,1.0,Low_Frequency_Burst
898,1257642084.094,7.773,20.195,0.953,Low_Frequency_Lines
899,1257642544.852,404.877,1563.095,1.0,Extremely_Loud
900,1257646019.444,12.686,165.213,0.99,Blip
901,1257646727.789,11.769,2410.824,1.0,Power_Line
902,1257648034.43,12.458,3983.241,1.0,Low_Frequency_Burst
903,1257648466.516,7.564,23.057,0.994,Low_Frequency_Burst
904,1257648833.051,3315.07,3983.241,1.0,Extremely_Loud
905,1257652379.406,7.556,3136.171,0.992,Low_Frequency_Lines
906,1257652416.852,7.624,20.195,0.998,Low_Frequency_Burst
907,1257658764.472,1229.872,3983.241,0.933,Extremely_Loud
908,1257658848.977,9.176,20.195,1.0,Low_Frequency_Burst
909,1257659156.463,8.348,84.44,0.976,Blip
910,1257659876.063,7.833,297.081,1.0,Power_Line
911,1257662284.797,2137.413,3983.241,0.999,Extremely_Loud
912,1257665344.234,10.642,26.59,1.0,Low_Frequency_Burst
913,1257665474.0,461.238,3983.241,0.992,Extremely_Loud
914,1257665558.066,132.239,3813.464,1.0,Extremely_Loud
915,1257665899.406,7.985,23.057,0.984,Low_Frequency_Burst
916,1257666901.734,8.453,3983.241,0.999,Low_Frequency_Burst
917,1257672547.945,15972.216,3983.241,0.993,Extremely_Loud
918,1257681661.973,629.193,3983.241,0.978,Extremely_Loud
919,1257682821.912,323.54,3983.241,0.965,Extremely_Loud
920,1257682849.469,8.131,554.714,0.999,Low_Frequency_Lines
921,1257683587.314,2171.907,3983.241,0.918,Extremely_Loud
922,1257683702.405,613.961,3983.241,0.998,Extremely_Loud
923,1257683872.405,391.43,3983.241,0.956,Extremely_Loud
924,1257684011.102,7.758,380.119,0.989,Whistle
925,1257684695.906,13.573,2720.609,1.0,Low_Frequency_Burst
926,1257684976.406,9.491,198.738,0.987,Low_Frequency_Burst
927,1257685327.656,8.78,3945.854,0.962,Low_Frequency_Lines
928,1257685394.234,9.464,259.779,0.906,Low_Frequency_Burst
929,1257686757.781,10.957,3799.787,0.988,Scattered_Light
930,1257686854.656,15.122,229.549,0.936,Power_Line
931,1257687279.469,11.403,26.59,0.94,Low_Frequency_Burst
932,1257687944.669,8.307,3990.298,1.0,Blip
933,1257688737.969,12.482,23.057,0.997,Low_Frequency_Burst
934,1257688743.465,540.196,3983.241,0.997,Extremely_Loud
935,1257688993.953,11.617,161.018,1.0,Low_Frequency_Burst
936,1257689816.214,12.975,248.315,1.0,Blip
937,1257691042.875,17.887,23.643,0.901,Low_Frequency_Burst
938,1257691111.875,19.061,1644.648,0.956,Low_Frequency_Burst
939,1257691326.156,7.881,3983.241,0.986,Low_Frequency_Burst
940,1257711530.844,8.941,3201.357,0.97,Air_Compressor
941,1257711929.984,13.433,3703.979,1.0,Low_Frequency_Burst
942,1257712003.906,8.46,20.195,0.999,Low_Frequency_Burst
943,1257713505.604,10.441,171.608,1.0,Blip
944,1257717123.648,9.748,3813.464,1.0,Low_Frequency_Burst
945,1257717241.824,4612.513,3945.854,1.0,Extremely_Loud
946,1257719520.984,7.565,23.057,0.979,Low_Frequency_Burst
947,1257724947.193,11.541,248.315,1.0,Blip
948,1257726460.938,8.165,1553.777,1.0,Low_Frequency_Lines
949,1257729991.934,810.019,3983.241,1.0,Extremely_Loud
950,1257731062.781,8.435,53.578,0.993,Power_Line
951,1257731940.836,4275.578,3983.241,1.0,Extremely_Loud
952,1257743642.39,8.794,3416.224,1.0,Blip
953,1257744503.844,9.689,3746.261,0.975,Low_Frequency_Burst
954,1257746773.703,8.215,201.383,0.929,Whistle
955,1257747116.016,9.193,3464.271,0.993,Low_Frequency_Burst
956,1257750632.547,8.511,615.299,0.999,Low_Frequency_Burst
957,1257751009.543,336.739,3835.788,0.992,Extremely_Loud
958,1257751179.373,9.942,91.18,0.951,Blip
959,1257752127.031,7.691,159.302,0.999,Low_Frequency_Lines
960,1257755525.566,24.547,73.85,0.997,Tomte
961,1257756990.453,7.957,23.057,1.0,Low_Frequency_Burst
962,1257759219.684,254.965,2823.051,0.998,Extremely_Loud
963,1257759296.719,22.336,3983.241,0.992,Low_Frequency_Burst
964,1257764010.742,8.759,234.08,0.999,Tomte
965,1257764261.691,104.671,2964.093,1.0,Extremely_Loud
966,1257765113.435,23.78,838.455,1.0,Blip
967,1257765816.945,8.566,235.219,0.942,Violin_Mode
968,1257766715.945,8.28,3921.42,0.969,Air_Compressor
969,1257777862.281,11.133,23.057,0.999,Low_Frequency_Lines
970,1257778494.984,11.58,3983.241,1.0,Low_Frequency_Burst
971,1257778570.836,7.514,3714.569,0.999,Air_Compressor
972,1257779849.262,45.394,1280.137,0.969,Whistle
973,1257780954.316,91.958,1506.581,0.928,Extremely_Loud
974,1257781644.592,16.051,131.936,0.973,Tomte
975,1257781869.594,13.486,914.134,1.0,Low_Frequency_Burst
976,1257782643.609,12.256,3995.838,0.995,Power_Line
977,1257782879.277,10.182,110.258,0.933,Tomte
978,1257783471.129,8.963,53.292,0.992,Air_Compressor
979,1257783956.344,13.085,3945.854,0.986,Low_Frequency_Burst
980,1257793365.128,8.82,1329.049,1.0,Blip
981,1257794131.031,15.101,187.176,1.0,Low_Frequency_Burst
982,1257794139.151,18.405,303.051,1.0,Blip
983,1257795314.344,8.986,3680.246,1.0,Low_Frequency_Burst
984,1257795708.938,8.883,1771.708,0.997,Low_Frequency_Lines
985,1257796158.156,8.674,1453.523,1.0,Low_Frequency_Lines
986,1257798044.264,7.544,88.802,0.999,Blip
987,1257799198.813,9.941,188.822,0.988,Low_Frequency_Lines
988,1257799672.785,8.62,50.045,0.981,Air_Compressor
989,1257800518.398,8.576,372.28,0.999,Whistle
990,1257800622.281,14.585,3240.109,1.0,Low_Frequency_Burst
991,1257801038.957,11.958,363.574,0.997,Whistle
992,1257801896.906,8.292,3464.271,0.994,Low_Frequency_Lines
993,1257802240.977,10.443,3644.291,0.999,Whistle
994,1257802900.688,15.291,3983.241,0.973,Low_Frequency_Lines
995,1257803172.344,14.22,1436.31,0.999,Low_Frequency_Burst
996,1257803387.156,11.308,3582.116,1.0,Low_Frequency_Burst
997,1257804102.781,9.661,3427.638,0.996,Low_Frequency_Lines
998,1257804137.594,24.972,3813.464,1.0,Scattered_Light
999,1257804167.969,7.889,19.406,0.9,Low_Frequency_Lines
1000,1257804458.035,8.45,364.25,0.993,Whistle
1001,1257804693.719,12.661,3983.241,0.999,Low_Frequency_Burst
1002,1257805026.604,7.996,372.28,0.996,Whistle
1003,1257805308.281,10.769,3872.13,0.989,Low_Frequency_Burst
1004,1257806339.281,16.356,2930.829,0.971,Low_Frequency_Burst
1005,1257806369.938,9.252,3582.116,0.996,Low_Frequency_Lines
1006,1257806987.813,9.36,23.057,0.996,Low_Frequency_Burst
1007,1257807759.537,17.846,3835.788,0.949,Violin_Mode
1008,1257807993.686,9.208,441.012,0.993,Whistle
1009,1257808183.063,11.755,2634.428,0.936,Low_Frequency_Lines
1010,1257837029.156,18.11,38.215,1.0,Scattered_Light
1011,1257837242.156,9.628,3205.552,1.0,Scattered_Light
1012,1257837734.938,9.591,48.442,0.975,Air_Compressor
1013,1257838064.469,12.001,3353.718,1.0,Scattered_Light
1014,1257838178.766,20.641,3987.436,1.0,Scattered_Light
1015,1257838549.891,7.806,49.976,0.99,Air_Compressor
1016,1257839311.094,12.393,3201.357,1.0,Scattered_Light
1017,1257839643.926,29.019,89.302,0.999,Tomte
1018,1257839691.688,8.915,1462.128,1.0,Scattered_Light
1019,1257839746.313,7.522,17.075,0.992,Low_Frequency_Lines
1020,1257839865.344,15.865,3945.854,1.0,Scattered_Light
1021,1257853369.438,10.979,3813.464,0.999,Low_Frequency_Lines
1022,1257853491.711,9.245,3592.706,0.978,Air_Compressor
1023,1257854157.313,10.847,3582.116,0.999,Low_Frequency_Lines
1024,1257854418.258,11.003,3993.831,0.997,Air_Compressor
1025,1257854686.281,9.242,3881.874,0.931,Low_Frequency_Lines
1026,1257855313.344,14.859,3983.241,0.953,Low_Frequency_Burst
1027,1257856328.281,8.738,49.976,0.993,Air_Compressor
1028,1257856545.969,9.982,3409.167,0.965,Low_Frequency_Burst
1029,1257856783.797,10.448,3088.05,0.999,Low_Frequency_Burst
1030,1257856856.094,9.302,23.057,0.999,Low_Frequency_Lines
1031,1257857050.188,8.154,23.057,0.999,Low_Frequency_Lines
1032,1257857055.077,11.991,171.608,0.97,Blip
1033,1257857335.406,12.703,201.363,0.985,Low_Frequency_Lines
1034,1257858606.813,9.599,32.885,1.0,Low_Frequency_Lines
1035,1257867700.906,7.749,18.134,1.0,Low_Frequency_Burst
1036,1257868590.906,9.092,20.195,0.999,Low_Frequency_Lines
1037,1257868882.234,8.63,20.195,0.995,Low_Frequency_Burst
1038,1257868905.121,529.323,1027.87,1.0,Extremely_Loud
1039,1257871097.772,9.121,128.719,1.0,Blip
1040,1257874055.164,9.116,20.195,1.0,Low_Frequency_Burst
1041,1257874272.984,8.722,150.883,0.995,Low_Frequency_Lines
1042,1257874297.844,9.53,3881.874,0.968,Low_Frequency_Burst
1043,1257877613.594,8.256,20.195,0.98,Low_Frequency_Lines
1044,1257878833.102,762.997,3983.241,0.999,Extremely_Loud
1045,1257882224.406,8.756,20.838,0.988,Scattered_Light
1046,1257883124.035,15.538,91.18,0.989,Tomte
1047,1257883513.328,8.477,1061.932,0.915,Air_Compressor
1048,1257884372.73,7.554,53.578,0.99,Air_Compressor
1049,1257889382.969,9.789,20.195,0.943,Low_Frequency_Burst
1050,1257889448.313,8.926,3881.874,0.999,Low_Frequency_Lines
1051,1257890966.096,1447.914,3983.241,1.0,Extremely_Loud
1052,1257892641.444,12.613,3813.464,0.999,Blip
1053,1257892784.438,7.623,3799.787,0.977,Low_Frequency_Lines
1054,1257893413.231,16.032,3253.847,1.0,Blip
1055,1257895569.238,693.197,3983.241,1.0,Extremely_Loud
1056,1257898468.547,7.882,3367.249,1.0,Low_Frequency_Burst
1057,1257898562.109,8.754,3419.757,0.996,Air_Compressor
1058,1257902020.777,176.904,3983.241,0.986,Extremely_Loud
1059,1257903114.563,13.767,26.59,0.904,Low_Frequency_Burst
1060,1257905507.779,317.768,3983.241,0.993,Extremely_Loud
1061,1257906929.406,10.019,3393.298,0.991,Low_Frequency_Burst
1062,1257909358.313,8.284,3393.298,0.904,Low_Frequency_Lines
1063,1257910510.141,8.43,3995.844,0.986,Air_Compressor
1064,1257910525.563,10.027,217.263,1.0,Blip
1065,1257913150.313,10.691,2964.093,0.996,Low_Frequency_Lines
1066,1257914081.969,7.9,3983.241,0.917,Low_Frequency_Burst
1067,1257914467.969,7.624,3835.788,0.995,Low_Frequency_Burst
1068,1257916145.406,7.656,20.195,0.998,Low_Frequency_Lines
1069,1257917428.766,20.313,3201.357,0.974,Low_Frequency_Burst
1070,1257917572.047,8.192,18.134,0.998,Low_Frequency_Burst
1071,1257918175.594,8.225,20.195,0.992,Low_Frequency_Lines
1072,1257918398.422,10.844,3427.638,1.0,Low_Frequency_Burst
1073,1257919169.955,8.267,96.359,1.0,Blip
1074,1257919991.469,7.529,3881.874,0.994,Low_Frequency_Lines
1075,1257921403.063,8.818,3240.109,1.0,Low_Frequency_Lines
1076,1257922773.711,7.794,23.057,0.985,Low_Frequency_Burst
1077,1257923022.219,7.648,3813.464,0.92,Low_Frequency_Lines
1078,1257923208.734,8.547,1155.883,0.995,Low_Frequency_Burst
1079,1257923905.547,8.479,47.964,0.996,Air_Compressor
1080,1257924127.682,3416.918,3983.241,1.0,Extremely_Loud
1081,1257925225.03,12.156,171.608,0.983,Blip
1082,1257925306.223,19.971,3881.874,0.997,Tomte
1083,1257928661.359,13.653,3551.692,0.998,Low_Frequency_Burst
1084,1257929370.328,92.872,2398.222,0.997,Extremely_Loud
1085,1257929533.531,8.422,3872.13,0.987,Low_Frequency_Burst
1086,1257930899.469,10.945,3201.357,0.998,Low_Frequency_Burst
1087,1257931107.813,9.181,3703.979,0.99,Low_Frequency_Lines
1088,1257931253.906,10.12,3361.459,0.984,Low_Frequency_Lines
1089,1257931626.781,8.668,2769.374,0.959,Low_Frequency_Burst
1090,1257931805.984,8.336,3983.241,0.991,Low_Frequency_Burst
1091,1257932604.727,7.639,53.578,0.997,Air_Compressor
1092,1257935173.089,14.801,251.848,1.0,Blip
1093,1257935429.031,7.503,2834.458,0.99,Low_Frequency_Lines
1094,1257936795.995,7.534,88.802,1.0,Blip
1095,1257939880.031,21.404,3983.241,0.992,Low_Frequency_Burst
1096,1257946713.094,8.338,20.195,0.985,Low_Frequency_Burst
1097,1257949301.078,8.405,23.057,0.988,Low_Frequency_Burst
1098,1257952510.063,10.611,3984.246,0.952,Low_Frequency_Lines
1099,1257958962.448,14.524,300.189,0.999,Blip
1100,1257959041.354,17.735,3208.994,1.0,Whistle
1101,1257959383.422,7.814,1043.337,0.964,Air_Compressor
1102,1257960483.592,233.698,1462.128,1.0,Extremely_Loud
1103,1257961233.113,22.667,73.85,0.986,Tomte
1104,1257961780.594,8.077,3419.472,0.998,Air_Compressor
1105,1257964728.063,10.391,3703.979,1.0,Low_Frequency_Lines
1106,1257966801.281,7.924,3881.874,0.991,Low_Frequency_Burst
1107,1257967063.711,9.929,51.198,0.998,Tomte
1108,1257968735.078,7.766,3756.851,0.987,Air_Compressor
1109,1257968890.066,22.081,1627.912,0.983,Tomte
1110,1257971932.742,2315.492,3813.464,0.999,Extremely_Loud
1111,1257979018.094,7.578,17.666,0.998,Low_Frequency_Lines
1112,1257979479.438,10.37,3983.241,1.0,Low_Frequency_Lines
1113,1257980834.563,11.742,2378.556,0.996,Low_Frequency_Lines
1114,1257980988.411,16.008,1321.775,1.0,Blip
1115,1257982040.805,4911.111,2378.556,0.996,Extremely_Loud
1116,1257995229.766,22.89,3983.241,1.0,Scattered_Light
1117,1257995387.969,18.007,1464.006,1.0,Scattered_Light
1118,1257995553.416,3293.0,3983.241,1.0,Extremely_Loud
1119,1257995570.813,10.599,801.362,0.995,Power_Line
1120,1257995719.094,15.044,3680.246,1.0,Scattered_Light
1121,1257996592.031,23.373,3983.241,1.0,Scattered_Light
1122,1257996739.188,13.538,655.756,0.999,Low_Frequency_Lines
1123,1257996932.102,458.114,3983.241,0.999,Extremely_Loud
1124,1258000808.094,22.115,3624.799,1.0,Scattered_Light
1125,1258001084.828,9.28,3718.931,1.0,Power_Line
1126,1258001103.641,11.341,1462.128,0.981,Power_Line
1127,1258001106.156,8.836,68.065,1.0,Power_Line
1128,1258001611.094,10.111,3987.436,1.0,Scattered_Light
1129,1258001660.844,10.217,3983.241,1.0,Scattered_Light
1130,1258001875.219,7.863,32.414,0.968,Scattered_Light
1131,1258002047.219,9.001,3984.907,1.0,Scattered_Light
1132,1258002160.406,9.538,3987.204,1.0,Power_Line
1133,1258002402.297,7.649,54.952,0.991,Power_Line
1134,1258002492.82,1232.387,3983.241,0.998,Extremely_Loud
1135,1258006973.883,10.459,3987.436,0.956,Violin_Mode
1136,1258007025.008,7.694,291.868,0.998,Violin_Mode
1137,1258007037.531,30.253,3983.241,1.0,Power_Line
1138,1258007046.648,9.058,4001.746,0.999,Violin_Mode
1139,1258007202.383,9.55,3527.901,0.969,Violin_Mode
1140,1258007278.914,8.954,370.024,1.0,Violin_Mode
1141,1258007283.012,10.516,1540.697,0.999,Violin_Mode
1142,1258007364.531,8.603,3993.546,0.992,Air_Compressor
1143,1258007368.523,8.258,478.928,0.995,Violin_Mode
1144,1258007388.361,7.552,445.387,0.995,Violin_Mode
1145,1258007405.883,8.165,470.856,0.999,Violin_Mode
1146,1258007447.973,10.518,292.786,0.986,Violin_Mode
1147,1258007480.258,13.725,3987.436,1.0,Violin_Mode
1148,1258007755.656,12.107,975.527,1.0,Scattered_Light
1149,1258007833.32,9.958,476.919,0.953,Violin_Mode
1150,1258007884.93,19.582,3988.08,1.0,Violin_Mode
1151,1258007892.406,11.968,4003.471,1.0,Power_Line
1152,1258007938.031,8.457,3483.93,1.0,Power_Line
1153,1258007964.773,9.923,1938.167,1.0,Violin_Mode
1154,1258007971.781,18.573,1747.436,0.999,Power_Line
1155,1258007973.969,10.026,3885.552,0.955,Power_Line
1156,1258008139.906,9.48,3898.759,1.0,Power_Line
1157,1258008200.848,8.65,3176.615,1.0,Violin_Mode
1158,1258008266.93,11.298,298.128,1.0,Violin_Mode
1159,1258008276.869,7.583,466.684,0.984,Violin_Mode
1160,1258008325.781,8.261,72.513,0.999,Power_Line
1161,1258008373.469,12.563,3984.907,1.0,Power_Line
1162,1258008374.719,27.651,3908.818,0.997,Power_Line
1163,1258008426.195,7.595,1708.817,0.926,Violin_Mode
1164,1258008428.602,7.899,3045.438,0.995,Violin_Mode
1165,1258008459.711,8.81,3961.154,0.977,Violin_Mode
1166,1258008498.156,8.419,3983.241,0.995,Power_Line
1167,1258008527.148,9.031,710.39,0.994,Violin_Mode
1168,1258008579.055,8.688,482.542,0.989,Violin_Mode
1169,1258008587.617,9.92,3989.691,1.0,Violin_Mode
1170,1258008733.105,10.177,472.567,0.997,Violin_Mode
1171,1258008782.984,9.226,1822.793,0.995,Violin_Mode
1172,1258008808.969,10.616,3902.212,1.0,Power_Line
1173,1258008811.344,8.857,66.586,1.0,Power_Line
1174,1258008840.906,9.664,4005.308,1.0,Power_Line
1175,1258008850.539,11.818,268.657,0.99,Violin_Mode
1176,1258008881.508,12.608,2084.291,0.999,Whistle
1177,1258008917.613,7.581,468.729,0.996,Violin_Mode
1178,1258008953.773,10.95,1855.909,0.988,Violin_Mode
1179,1258009044.695,12.831,3987.436,0.999,Violin_Mode
1180,1258009147.344,8.251,269.828,1.0,Power_Line
1181,1258009172.555,8.189,3980.712,0.977,Violin_Mode
1182,1258009194.172,30.678,3984.246,0.997,Power_Line
1183,1258009293.328,9.525,3902.104,1.0,Power_Line
1184,1258009322.141,15.093,3201.357,1.0,Scattered_Light
1185,1258009463.289,7.747,492.126,0.991,Violin_Mode
1186,1258009526.805,8.07,3819.573,0.999,Violin_Mode
1187,1258009566.789,13.695,3986.648,0.957,Violin_Mode
1188,1258009613.633,7.62,3954.463,1.0,Violin_Mode
1189,1258009787.773,7.838,259.833,0.997,Violin_Mode
1190,1258009803.367,9.229,503.838,0.998,Violin_Mode
1191,1258009913.477,7.501,3986.919,0.997,Violin_Mode
1192,1258009930.506,8.767,409.48,0.998,Violin_Mode
1193,1258010096.32,8.767,3708.174,0.998,Violin_Mode
1194,1258010124.781,8.397,59.16,0.999,Power_Line
1195,1258010127.148,10.454,302.14,1.0,Violin_Mode
1196,1258010150.219,28.952,3881.874,0.922,Power_Line
1197,1258010167.063,10.049,3690.55,0.958,Violin_Mode
1198,1258010200.469,8.186,3780.313,0.917,Air_Compressor
1199,1258010205.438,7.958,3328.156,0.992,Power_Line
1200,1258010235.844,9.295,1121.733,1.0,Power_Line
1201,1258010244.719,8.281,58.246,1.0,Power_Line
1202,1258010280.719,10.672,4003.579,1.0,Power_Line
1203,1258010288.699,10.204,286.605,1.0,Violin_Mode
1204,1258010346.844,7.515,1932.803,0.981,Scattered_Light
1205,1258010452.242,7.654,473.429,0.969,Violin_Mode
1206,1258010469.031,7.922,1480.633,1.0,Power_Line
1207,1258010511.063,8.764,65.042,1.0,Power_Line
1208,1258010568.742,7.826,476.547,0.934,Violin_Mode
1209,1258010572.094,8.404,65.042,0.987,Power_Line
1210,1258010573.633,12.113,2968.931,0.983,Violin_Mode
1211,1258010591.281,8.488,778.934,0.965,Scattered_Light
1212,1258010596.656,30.81,3815.129,0.934,Scattered_Light
1213,1258010615.406,11.797,1349.162,1.0,Power_Line
1214,1258010679.613,7.719,482.542,0.998,Violin_Mode
1215,1258010716.938,8.62,32.854,0.998,Scattered_Light
1216,1258010762.594,26.362,3987.436,1.0,Scattered_Light
1217,1258010768.236,14.849,201.134,1.0,Blip
1218,1258010773.313,7.977,2408.812,1.0,Power_Line
1219,1258010840.947,9.363,266.128,0.996,Violin_Mode
1220,1258010894.922,17.764,3913.013,1.0,Scattered_Light
1221,1258010907.469,7.649,56.571,1.0,Power_Line
1222,1258010911.063,7.822,64.174,0.995,Power_Line
1223,1258010951.781,7.886,1286.04,0.997,Power_Line
1224,1258010995.773,9.168,259.575,0.979,Violin_Mode
1225,1258011007.758,12.153,544.5,1.0,Violin_Mode
1226,1258011247.492,9.993,453.122,1.0,Violin_Mode
1227,1258011312.031,25.607,3883.751,1.0,Scattered_Light
1228,1258011318.891,12.991,3990.298,0.972,Air_Compressor
1229,1258011337.102,7.855,427.887,0.999,Violin_Mode
1230,1258011370.242,10.074,1683.735,0.989,Violin_Mode
1231,1258011424.031,9.675,58.226,0.997,Power_Line
1232,1258011453.719,14.807,3619.591,0.925,Extremely_Loud
1233,1258011460.156,7.87,65.904,1.0,Power_Line
1234,1258011471.398,11.471,3988.08,1.0,Violin_Mode
1235,1258011494.758,10.433,451.271,1.0,Violin_Mode
1236,1258011499.43,12.885,500.261,1.0,Violin_Mode
1237,1258011544.906,18.56,3695.92,0.996,Power_Line
1238,1258011598.82,7.699,4182.015,0.966,Violin_Mode
1239,1258011787.879,10.132,497.019,0.999,Violin_Mode
1240,1258011805.93,11.146,1301.629,1.0,Violin_Mode
1241,1258011829.398,8.472,3885.281,0.999,Violin_Mode
1242,1258011839.371,8.841,475.723,1.0,Violin_Mode
1243,1258011872.883,8.201,441.592,0.914,Violin_Mode
1244,1258011925.352,8.176,75.477,0.964,Power_Line
1245,1258011926.406,9.505,67.029,1.0,Power_Line
1246,1258011942.477,10.365,472.567,1.0,Violin_Mode
1247,1258011953.129,8.139,468.729,0.959,Violin_Mode
1248,1258011996.039,7.589,3671.566,1.0,Violin_Mode
1249,1258011997.031,10.845,3993.546,0.956,Air_Compressor
1250,1258012019.742,18.984,3985.119,1.0,Violin_Mode
1251,1258012037.586,7.747,482.542,1.0,Violin_Mode
1252,1258012072.469,10.058,1316.849,1.0,Power_Line
1253,1258012105.281,9.172,3424.12,1.0,Power_Line
1254,1258012113.668,9.755,482.803,1.0,Violin_Mode
1255,1258012116.473,8.66,1888.896,0.997,Whistle
1256,1258012163.867,11.782,3415.313,0.998,Violin_Mode
1257,1258012181.211,7.678,476.812,1.0,Violin_Mode
1258,1258012209.695,8.024,465.89,1.0,Violin_Mode
1259,1258012253.355,8.89,3908.246,1.0,Violin_Mode
1260,1258012281.102,8.509,274.298,1.0,Violin_Mode
1261,1258012330.344,9.718,35.052,1.0,Scattered_Light
1262,1258012411.711,17.466,300.189,0.999,Violin_Mode
1263,1258012430.242,8.461,1723.972,0.996,Violin_Mode
1264,1258012537.156,11.98,3410.172,0.995,Power_Line
1265,1258012540.133,10.558,3987.679,0.996,Violin_Mode
1266,1258012585.91,8.914,291.006,1.0,Violin_Mode
1267,1258012676.273,9.166,289.165,1.0,Violin_Mode
1268,1258012833.836,8.625,459.049,0.997,Violin_Mode
1269,1258012881.039,9.25,4194.502,1.0,Violin_Mode
1270,1258012926.199,9.809,466.684,0.981,Violin_Mode
1271,1258012932.969,12.359,3205.552,1.0,Scattered_Light
1272,1258012989.367,8.16,267.704,1.0,Violin_Mode
1273,1258013046.438,12.394,3706.095,1.0,Scattered_Light
1274,1258013071.219,12.213,3913.013,1.0,Scattered_Light
1275,1258013074.844,16.864,3985.119,1.0,Scattered_Light
1276,1258013139.914,7.534,478.928,0.99,Violin_Mode
1277,1258013153.055,9.509,4040.054,0.999,Violin_Mode
1278,1258013166.219,9.237,76.523,1.0,Power_Line
1279,1258013174.895,11.356,3987.436,1.0,Violin_Mode
1280,1258013182.719,10.357,1940.862,1.0,Power_Line
1281,1258013242.113,10.213,4061.793,0.93,Violin_Mode
1282,1258013248.648,8.821,258.922,1.0,Violin_Mode
1283,1258013257.57,10.09,445.387,0.922,Violin_Mode
1284,1258013300.34,13.419,3984.389,0.996,Violin_Mode
1285,1258013331.945,9.531,3613.434,0.977,Violin_Mode
1286,1258013397.344,9.022,53.254,0.954,Power_Line
1287,1258013398.508,7.657,284.807,0.999,Violin_Mode
1288,1258013425.898,13.305,441.012,0.989,Whistle
1289,1258013446.504,8.193,3625.509,0.965,Violin_Mode
1290,1258013450.805,14.096,441.012,0.999,Violin_Mode
1291,1258013457.617,7.557,482.542,0.994,Violin_Mode
1292,1258013482.93,7.913,3985.376,0.999,Violin_Mode
1293,1258013520.469,8.098,3962.739,0.998,Power_Line
1294,1258013526.57,7.97,488.498,1.0,Violin_Mode
1295,1258013537.063,9.598,272.171,1.0,Power_Line
1296,1258013538.531,7.746,56.452,1.0,Power_Line
1297,1258013572.078,9.94,3966.192,0.998,Power_Line
1298,1258013583.781,12.932,35.147,1.0,Scattered_Light
1299,1258013593.93,10.507,2657.594,0.996,Violin_Mode
1300,1258013622.148,9.49,2007.92,0.993,Violin_Mode
1301,1258013688.059,8.452,271.49,0.998,Violin_Mode
1302,1258013704.117,11.085,2279.158,0.986,Violin_Mode
1303,1258013712.93,11.873,476.919,0.997,Violin_Mode
1304,1258013725.219,8.241,309.387,0.999,Power_Line
1305,1258013729.051,11.047,292.208,0.999,Violin_Mode
1306,1258013753.992,12.087,268.657,1.0,Violin_Mode
1307,1258013781.633,14.881,3986.206,1.0,Violin_Mode
1308,1258013793.289,10.161,482.542,0.989,Violin_Mode
1309,1258013794.48,8.279,475.723,0.988,Violin_Mode
1310,1258013813.602,12.671,297.66,1.0,Violin_Mode
1311,1258013930.336,9.343,490.025,0.995,Violin_Mode
1312,1258013970.086,7.739,470.856,1.0,Violin_Mode
1313,1258013970.965,11.421,295.994,1.0,Violin_Mode
1314,1258014054.594,13.712,3815.758,1.0,Scattered_Light
1315,1258014095.844,9.37,3819.913,0.999,Scattered_Light
1316,1258014139.852,7.711,473.429,1.0,Violin_Mode
1317,1258014140.336,7.894,482.542,0.971,Violin_Mode
1318,1258014146.854,18.29,434.459,1.0,Blip
1319,1258014211.898,11.952,2760.156,1.0,Violin_Mode
1320,1258014223.57,8.342,468.729,0.911,Violin_Mode
1321,1258014251.016,11.68,3718.931,0.997,Power_Line
1322,1258014289.215,7.905,267.476,1.0,Violin_Mode
1323,1258014350.07,8.661,470.856,0.92,Violin_Mode
1324,1258014380.816,9.763,482.542,0.906,Violin_Mode
1325,1258014386.508,7.946,470.856,0.994,Violin_Mode
1326,1258014396.133,7.8,257.214,0.995,Violin_Mode
1327,1258014400.648,11.869,544.5,0.998,Violin_Mode
1328,1258014434.156,10.008,76.513,0.989,Power_Line
1329,1258014437.781,7.548,269.53,1.0,Power_Line
1330,1258014486.273,9.795,267.28,0.994,Violin_Mode
1331,1258014516.41,8.693,2552.929,0.993,Violin_Mode
1332,1258014545.91,8.287,4090.21,0.982,Violin_Mode
1333,1258014593.348,7.809,470.856,0.954,Violin_Mode
1334,1258014598.129,8.088,3415.617,1.0,Violin_Mode
1335,1258014620.992,8.219,4164.167,0.986,Violin_Mode
1336,1258014655.707,9.062,2197.457,0.919,Violin_Mode
1337,1258014663.305,10.433,3985.024,0.992,Violin_Mode
1338,1258014675.973,7.513,1465.696,0.999,Violin_Mode
1339,1258014786.547,7.572,3819.573,0.931,Scattered_Light
1340,1258014826.852,10.714,3092.245,1.0,Violin_Mode
1341,1258014885.141,10.536,28.467,0.995,Scattered_Light
1342,1258014917.258,7.529,1863.945,0.998,Violin_Mode
1343,1258014999.184,8.748,3955.152,1.0,Violin_Mode
1344,1258015037.648,10.749,4164.167,0.946,Violin_Mode
1345,1258015083.805,7.74,2259.029,0.984,Violin_Mode
1346,1258015156.383,8.837,476.919,0.945,Violin_Mode
1347,1258015165.57,8.561,473.429,0.994,Violin_Mode
1348,1258015198.441,7.891,2976.096,0.973,Violin_Mode
1349,1258015211.867,9.341,451.271,1.0,Violin_Mode
1350,1258015234.773,9.018,466.044,0.99,Violin_Mode
1351,1258015304.961,9.311,470.856,0.995,Violin_Mode
1352,1258015349.023,20.596,365.034,0.991,Violin_Mode
1353,1258015389.336,7.559,473.429,0.998,Violin_Mode
1354,1258015412.898,8.107,3240.637,0.998,Violin_Mode
1355,1258015481.945,9.387,3922.059,0.965,Violin_Mode
1356,1258015486.516,21.444,3983.241,1.0,Scattered_Light
1357,1258015611.633,8.822,451.271,0.994,Violin_Mode
1358,1258015669.77,7.892,482.542,1.0,Violin_Mode
1359,1258015703.051,8.439,3366.44,0.988,Whistle
1360,1258015727.594,24.572,44.865,1.0,Scattered_Light
1361,1258015749.508,9.403,476.919,0.999,Violin_Mode
1362,1258015752.086,9.371,4099.954,0.975,Violin_Mode
1363,1258015761.031,12.501,300.71,1.0,Power_Line
1364,1258015783.605,8.89,3986.428,0.997,Violin_Mode
1365,1258015818.727,8.195,457.043,0.984,Violin_Mode
1366,1258015835.773,10.73,466.684,0.979,Violin_Mode
1367,1258015848.789,7.798,473.429,0.978,Violin_Mode
1368,1258015873.258,7.98,269.71,1.0,Violin_Mode
1369,1258015879.195,8.1,4203.895,0.944,Violin_Mode
1370,1258015887.336,11.203,3984.701,1.0,Violin_Mode
1371,1258015923.789,10.69,3409.167,0.999,Violin_Mode
1372,1258015933.461,15.311,1929.888,0.999,Violin_Mode
1373,1258015994.133,19.344,3983.241,0.995,Violin_Mode
1374,1258016072.43,7.744,478.928,0.942,Violin_Mode
1375,1258016093.68,7.827,3694.907,0.993,Violin_Mode
1376,1258016161.434,7.838,3985.536,0.994,Violin_Mode
1377,1258016164.641,8.51,70.857,1.0,Power_Line
1378,1258016182.023,9.392,476.919,0.995,Violin_Mode
1379,1258016199.164,8.629,484.401,0.996,Violin_Mode
1380,1258016217.43,8.334,3946.878,0.997,Violin_Mode
1381,1258016321.652,10.297,368.802,0.998,Violin_Mode
1382,1258016349.992,8.877,4128.26,0.993,Violin_Mode
1383,1258016371.523,8.88,3882.878,0.999,Violin_Mode
1384,1258016427.73,8.824,3704.632,1.0,Violin_Mode
1385,1258016538.383,13.647,2839.296,1.0,Violin_Mode
1386,1258016599.492,8.041,482.542,0.906,Violin_Mode
1387,1258016640.992,11.908,544.5,1.0,Violin_Mode
1388,1258016641.977,8.32,1434.645,1.0,Violin_Mode
1389,1258016660.164,7.993,3836.863,0.977,Violin_Mode
1390,1258016756.086,17.478,384.252,1.0,Violin_Mode
1391,1258016844.82,13.822,1480.889,0.999,Violin_Mode
1392,1258016939.656,11.952,3730.675,1.0,Scattered_Light
1393,1258016982.402,7.878,470.856,1.0,Violin_Mode
1394,1258016984.945,9.851,482.542,0.999,Violin_Mode
1395,1258016999.336,8.527,473.429,0.998,Violin_Mode
1396,1258017016.438,8.62,3983.241,0.965,Low_Frequency_Lines
1397,1258017038.602,11.649,4187.508,0.972,Violin_Mode
1398,1258017065.992,13.527,3201.357,0.994,Violin_Mode
1399,1258017205.531,18.251,3945.854,1.0,Scattered_Light
1400,1258017246.305,13.096,1734.702,0.993,Violin_Mode
1401,1258017302.023,11.357,466.684,1.0,Violin_Mode
1402,1258017338.449,9.028,4164.167,1.0,Violin_Mode
1403,1258017371.813,8.02,53.493,0.99,Power_Line
1404,1258017427.988,8.895,1999.523,0.999,Violin_Mode
1405,1258017482.852,14.291,3909.893,1.0,Violin_Mode
1406,1258017586.035,7.679,485.115,0.994,Violin_Mode
1407,1258017683.941,12.28,2500.337,1.0,Violin_Mode
1408,1258017819.305,9.48,267.868,0.995,Violin_Mode
1409,1258017866.211,8.38,472.715,0.999,Violin_Mode
1410,1258017946.523,7.538,476.812,1.0,Violin_Mode
1411,1258017997.039,9.709,1710.847,0.94,Violin_Mode
1412,1258018173.773,8.372,480.44,0.994,Violin_Mode
1413,1258018353.508,10.591,461.17,0.991,Violin_Mode
1414,1258018367.59,12.945,3983.241,1.0,Violin_Mode
1415,1258018385.18,11.759,994.007,0.988,Violin_Mode
1416,1258018421.133,9.835,490.025,0.987,Violin_Mode
1417,1258018432.594,8.785,680.187,0.976,Scattered_Light
1418,1258018446.867,12.091,482.803,1.0,Violin_Mode
1419,1258018531.211,7.853,473.164,0.907,Violin_Mode
1420,1258018560.492,11.145,3617.531,1.0,Violin_Mode
1421,1258018641.695,7.599,482.542,0.991,Violin_Mode
1422,1258019088.563,9.306,3908.818,0.973,Low_Frequency_Lines
1423,1258019092.258,18.273,3983.241,0.998,Violin_Mode
1424,1258019094.352,10.971,466.684,0.997,Violin_Mode
1425,1258019165.85,10.611,175.97,1.0,Blip
1426,1258019192.57,12.166,295.994,0.997,Violin_Mode
1427,1258019310.242,9.004,470.856,0.991,Violin_Mode
1428,1258019337.305,12.82,3983.241,1.0,Violin_Mode
1429,1258019364.684,14.401,298.959,1.0,Violin_Mode
1430,1258019369.914,17.054,3703.979,0.99,Violin_Mode
1431,1258021627.758,7.797,266.128,1.0,Violin_Mode
1432,1258021724.969,8.434,3192.406,0.999,Low_Frequency_Lines
1433,1258022512.031,8.387,2352.118,1.0,Air_Compressor
1434,1258023481.117,11.117,472.567,0.999,Violin_Mode
1435,1258023588.809,17.917,3006.243,0.995,Tomte
1436,1258023763.617,8.275,482.542,0.989,Violin_Mode
1437,1258024043.594,9.789,3983.241,0.96,Low_Frequency_Lines
1438,1258024574.281,14.625,3983.241,1.0,Scattered_Light
1439,1258024935.984,13.647,2823.051,0.951,Low_Frequency_Burst
1440,1258024957.883,15.016,476.919,0.987,Violin_Mode
1441,1258025146.164,12.874,1936.945,0.911,Violin_Mode
1442,1258025516.773,14.987,3813.464,0.993,Violin_Mode
1443,1258025747.07,13.434,1319.828,0.996,Violin_Mode
1444,1258025811.055,14.376,3881.874,0.924,Violin_Mode
1445,1258026470.867,13.352,333.341,0.922,Violin_Mode
1446,1258026673.094,13.095,3983.241,0.971,Scattered_Light
1447,1258026964.57,9.112,441.592,0.99,Violin_Mode
1448,1258027007.195,7.67,482.542,0.997,Violin_Mode
1449,1258027131.711,7.847,3595.977,1.0,Violin_Mode
1450,1258027163.695,9.098,3703.979,0.959,Violin_Mode
1451,1258027165.164,10.487,353.405,0.984,Violin_Mode
1452,1258027246.336,9.288,468.729,0.968,Violin_Mode
1453,1258027247.668,7.709,3786.383,0.915,Violin_Mode
1454,1258027728.586,10.6,3708.771,0.966,Violin_Mode
1455,1258027770.711,13.745,472.567,0.939,Violin_Mode
1456,1258027944.695,7.549,268.141,0.997,Violin_Mode
1457,1258028040.617,10.037,1707.97,0.976,Violin_Mode
1458,1258028354.117,13.071,3746.261,0.936,Violin_Mode
1459,1258028423.055,10.84,476.919,0.999,Violin_Mode
1460,1258028690.133,11.557,3203.548,0.995,Violin_Mode
1461,1258030004.109,8.371,23.057,0.987,Low_Frequency_Lines
1462,1258030491.813,10.428,3983.241,0.994,Low_Frequency_Lines
1463,1258030969.063,17.261,677.222,0.996,Low_Frequency_Lines
1464,1258032190.438,7.885,19.406,1.0,Low_Frequency_Lines
1465,1258032831.469,14.95,2649.38,0.987,Power_Line
1466,1258034411.438,7.909,1272.101,0.996,Low_Frequency_Lines
1467,1258036053.031,15.088,3426.444,0.947,Power_Line
1468,1258038025.156,11.765,4003.579,0.99,Power_Line
1469,1258039581.029,9.61,1521.533,1.0,Blip
1470,1258040365.238,175.767,813.082,0.998,Extremely_Loud
1471,1258041421.813,8.432,2081.292,0.994,Low_Frequency_Lines
1472,1258042202.844,19.153,3201.357,0.98,Low_Frequency_Burst
1473,1258042350.125,8.618,3813.464,0.918,Scattered_Light
1474,1258044595.406,7.986,3582.116,0.948,Low_Frequency_Lines
1475,1258045240.938,10.05,447.013,1.0,Low_Frequency_Lines
1476,1258045409.156,13.239,3298.676,0.986,Power_Line
1477,1258045591.219,11.831,3983.241,0.977,Low_Frequency_Lines
1478,1258046025.021,11.679,1664.986,1.0,Blip
1479,1258048362.906,13.272,3998.429,0.99,Power_Line
1480,1258049725.094,14.523,3680.246,0.993,Scattered_Light
1481,1258050224.094,11.212,3746.261,0.994,Low_Frequency_Lines
1482,1258051207.906,15.532,2118.576,0.956,Scattered_Light
1483,1258052729.719,16.436,1160.79,0.995,Scattered_Light
1484,1258054375.188,59.254,2834.458,0.975,Extremely_Loud
1485,1258055258.906,10.548,3908.818,0.982,Low_Frequency_Burst
1486,1258055288.928,1468.551,3983.241,1.0,Extremely_Loud
1487,1258055460.219,8.196,2721.567,0.964,Air_Compressor
1488,1258056344.688,9.416,31.365,1.0,Low_Frequency_Lines
1489,1258056551.789,10.366,1606.482,0.989,Violin_Mode
1490,1258057436.016,11.511,661.906,0.943,Scattered_Light
1491,1258057677.906,19.505,3350.311,0.971,Scattered_Light
1492,1258058305.868,13.635,207.515,1.0,Blip
1493,1258058377.352,9.644,3983.241,0.999,Violin_Mode
1494,1258058390.281,20.125,2651.052,1.0,Scattered_Light
1495,1258058394.773,9.884,3464.271,0.998,Violin_Mode
1496,1258058802.859,13.434,26.59,0.961,Scattered_Light
1497,1258059587.844,9.117,1155.883,0.955,Scattered_Light
1498,1258059640.258,8.583,53.292,0.982,Air_Compressor
1499,1258059678.313,16.742,303.051,1.0,Blip
1500,1258059733.969,14.589,2741.265,1.0,Scattered_Light
1501,1258060379.336,12.7,3983.241,1.0,Violin_Mode
1502,1258060670.578,14.298,3881.874,0.994,Low_Frequency_Burst
1503,1258060859.344,8.765,2195.579,0.975,Low_Frequency_Lines
1504,1258060900.594,8.224,1027.87,0.926,Low_Frequency_Lines
1505,1258062076.219,12.469,3908.818,0.996,Low_Frequency_Burst
1506,1258063354.83,112.132,1563.095,1.0,Extremely_Loud
1507,1258063484.594,14.778,3983.241,0.999,Scattered_Light
1508,1258063740.406,8.324,1644.648,0.973,Low_Frequency_Lines
1509,1258064364.406,19.733,3985.119,1.0,Scattered_Light
1510,1258064901.188,14.398,3986.648,1.0,Scattered_Light
1511,1258065939.594,8.493,3983.241,0.978,Scattered_Light
1512,1258067018.188,10.622,30.952,0.999,Low_Frequency_Lines
1513,1258067616.344,16.629,2834.458,1.0,Scattered_Light
1514,1258068089.781,8.066,3764.125,0.943,Low_Frequency_Lines
1515,1258068250.969,25.52,2169.502,0.991,Scattered_Light
1516,1258070117.875,9.401,30.936,0.981,Violin_Mode
1517,1258070581.719,17.411,3881.874,1.0,Scattered_Light
1518,1258070710.719,24.485,3945.854,1.0,Scattered_Light
1519,1258070952.031,19.379,3523.706,1.0,Scattered_Light
1520,1258071311.781,14.007,2636.306,1.0,Scattered_Light
1521,1258071781.344,13.079,572.654,1.0,Scattered_Light
1522,1258072755.344,14.722,1604.103,0.997,Scattered_Light
1523,1258073969.406,10.852,3983.241,0.986,Power_Line
1524,1258074108.609,16.177,2964.093,0.991,Scattered_Light
1525,1258074181.906,29.51,3983.241,1.0,Scattered_Light
1526,1258074624.719,22.228,1928.011,1.0,Scattered_Light
1527,1258074829.047,14.457,3746.261,0.988,Low_Frequency_Burst
1528,1258075567.063,8.698,20.195,0.999,Scattered_Light
1529,1258075890.986,7.539,3952.91,0.996,Blip
1530,1258076530.031,11.896,1299.963,0.999,Scattered_Light
1531,1258076541.531,25.842,3908.818,1.0,Scattered_Light
1532,1258076660.031,18.539,1835.895,1.0,Scattered_Light
1533,1258076867.531,9.755,3945.854,0.972,Scattered_Light
1534,1258077021.281,28.836,3983.241,1.0,Scattered_Light
1535,1258077505.781,7.889,18.295,0.997,Low_Frequency_Lines
1536,1258077724.656,16.18,1962.668,0.997,Scattered_Light
1537,1258078030.578,13.616,3983.241,0.996,Scattered_Light
1538,1258078357.531,23.732,3983.241,1.0,Scattered_Light
1539,1258082328.219,15.41,2651.052,1.0,Scattered_Light
1540,1258082689.844,8.625,3201.357,0.906,Low_Frequency_Lines
1541,1258083356.094,16.864,3813.464,1.0,Scattered_Light
1542,1258083883.906,22.374,3983.241,1.0,Scattered_Light
1543,1258084218.469,21.781,3766.002,1.0,Scattered_Light
1544,1258084460.813,7.606,3836.792,0.969,Low_Frequency_Lines
1545,1258084779.531,17.208,1415.018,1.0,Scattered_Light
1546,1258084804.969,7.89,19.406,1.0,Low_Frequency_Lines
1547,1258085384.047,8.719,23.057,0.904,Low_Frequency_Burst
1548,1258086417.313,9.644,2935.667,1.0,Scattered_Light
1549,1258086698.656,7.608,19.406,0.992,Low_Frequency_Burst
1550,1258088312.219,7.932,3799.787,0.954,Low_Frequency_Burst
1551,1258088413.719,8.386,3983.241,1.0,Scattered_Light
1552,1258089778.719,14.936,3945.854,0.992,Scattered_Light
1553,1258090157.668,2722.388,2081.292,1.0,Extremely_Loud
1554,1258094794.797,8.157,3983.241,1.0,Low_Frequency_Burst
1555,1258095152.656,10.814,2964.093,0.96,Low_Frequency_Lines
1556,1258095385.07,8.76,3240.109,0.955,Low_Frequency_Burst
1557,1258095562.203,10.368,23.057,0.994,Low_Frequency_Burst
1558,1258095757.031,7.792,20.195,0.962,Low_Frequency_Lines
1559,1258096029.844,25.956,3983.241,1.0,Scattered_Light
1560,1258096813.281,8.997,1597.461,0.959,Low_Frequency_Burst
1561,1258096962.375,7.969,1775.626,0.991,Scattered_Light
1562,1258097376.906,20.824,1120.991,1.0,Scattered_Light
1563,1258097879.299,18.072,4041.092,0.999,Whistle
1564,1258098061.938,8.166,20.195,0.997,Low_Frequency_Lines
1565,1258098222.625,8.427,3983.241,0.998,Low_Frequency_Lines
1566,1258099360.844,16.956,316.576,0.993,Scattered_Light
1567,1258099489.781,8.822,3983.241,0.98,Low_Frequency_Lines
1568,1258099901.109,17.192,3881.874,0.97,Scattered_Light
1569,1258099962.703,10.825,1850.077,0.969,Low_Frequency_Burst
1570,1258100208.844,9.013,3693.803,0.998,Low_Frequency_Lines
1571,1258101344.094,8.945,3908.818,0.999,Low_Frequency_Lines
1572,1258101493.688,14.257,26.59,0.987,Scattered_Light
1573,1258104718.813,15.633,3881.874,0.999,Low_Frequency_Lines
1574,1258105260.219,11.241,3983.241,0.99,Low_Frequency_Lines
1575,1258108687.203,7.762,52.562,0.989,Air_Compressor
1576,1258108863.593,12.932,207.515,1.0,Blip
1577,1258113008.344,9.325,23.057,0.993,Low_Frequency_Lines
1578,1258115510.563,12.65,146.888,1.0,Blip
1579,1258117608.576,7.848,152.274,1.0,Blip
1580,1258119506.855,777.551,3983.241,0.999,Extremely_Loud
1581,1258120912.131,23.847,196.925,0.929,Blip
1582,1258121451.498,1988.794,3983.241,1.0,Extremely_Loud
1583,1258121603.875,8.182,1563.095,1.0,Low_Frequency_Lines
1584,1258122077.844,18.194,88.802,0.901,Power_Line
1585,1258122078.406,13.116,3424.12,0.945,Power_Line
1586,1258123099.223,7.732,53.578,0.994,Air_Compressor
1587,1258125107.246,1340.937,3983.241,1.0,Extremely_Loud
1588,1258136564.344,7.519,3984.246,0.965,Low_Frequency_Lines
1589,1258137413.938,8.579,1462.128,0.953,Low_Frequency_Lines
1590,1258140742.469,9.531,20.195,0.994,Low_Frequency_Lines
1591,1258142590.219,20.008,3424.12,0.987,Power_Line
1592,1258145351.594,10.705,3031.49,1.0,Scattered_Light
1593,1258147156.344,9.45,23.057,0.984,Low_Frequency_Burst
1594,1258147684.406,11.034,3983.241,0.969,Scattered_Light
1595,1258150713.313,11.048,37.374,0.993,Low_Frequency_Lines
1596,1258150775.219,20.982,90.447,1.0,Scattered_Light
1597,1258151362.469,7.891,3409.167,1.0,Scattered_Light
1598,1258151553.344,10.982,3986.428,0.935,Power_Line
1599,1258151846.391,16.605,3983.762,1.0,Scattered_Light
1600,1258152368.781,25.705,3881.874,1.0,Scattered_Light
1601,1258152570.781,8.378,28.467,0.96,Scattered_Light
1602,1258152572.563,22.927,3703.979,1.0,Scattered_Light
1603,1258153085.969,18.598,3986.648,1.0,Scattered_Light
1604,1258202914.281,9.037,1244.337,1.0,Power_Line
1605,1258202969.219,12.232,3413.363,1.0,Scattered_Light
1606,1258203036.516,7.598,34.712,0.999,Scattered_Light
1607,1258203131.281,9.728,3986.648,1.0,Scattered_Light
1608,1258203199.992,18.708,441.012,0.996,Whistle
1609,1258203305.926,22.653,3947.731,1.0,Violin_Mode
1610,1258203444.648,16.664,3982.954,0.924,Violin_Mode
1611,1258203482.617,34.377,451.208,1.0,Violin_Mode
1612,1258203510.383,8.405,240.848,1.0,Scattered_Light
1613,1258203582.992,24.942,3983.241,1.0,Violin_Mode
1614,1258203589.258,42.728,454.04,0.999,Violin_Mode
1615,1258203617.211,21.505,3983.241,1.0,Violin_Mode
1616,1258203773.027,17.839,3984.907,0.999,Violin_Mode
1617,1258203776.039,23.274,3983.241,0.979,Whistle
1618,1258203818.008,50.766,3983.241,0.997,Extremely_Loud
1619,1258203836.156,12.141,1492.319,1.0,Scattered_Light
1620,1258203868.82,29.751,3910.483,0.996,Whistle
1621,1258203970.531,11.933,1575.842,1.0,Scattered_Light
1622,1258203985.719,10.878,3985.119,1.0,Scattered_Light
1623,1258203993.867,16.682,3987.731,0.97,Violin_Mode
1624,1258204013.477,31.087,4128.26,0.965,Whistle
1625,1258204145.117,14.056,3980.806,0.998,Whistle
1626,1258204272.914,19.552,3760.415,0.986,Violin_Mode
1627,1258204568.32,31.028,3983.241,0.928,Violin_Mode
1628,1258204574.508,23.153,3411.284,0.983,Violin_Mode
1629,1258204589.82,28.748,3983.241,0.994,Whistle
1630,1258204637.852,25.831,4128.26,0.997,Whistle
1631,1258204731.961,26.308,3983.241,0.982,Extremely_Loud
1632,1258204827.008,20.649,3730.705,1.0,Violin_Mode
1633,1258204854.008,17.003,3983.241,0.997,Violin_Mode
1634,1258204925.367,7.772,1734.002,0.975,Violin_Mode
1635,1258204976.727,39.667,3983.241,0.951,Whistle
1636,1258205007.727,7.52,3188.769,0.976,Low_Frequency_Lines
1637,1258205027.691,28.039,3731.332,0.999,Whistle
1638,1258205035.102,19.496,3985.357,0.999,Violin_Mode
1639,1258205067.539,20.587,3989.351,0.975,Violin_Mode
1640,1258205133.777,16.493,368.012,1.0,Violin_Mode
1641,1258205141.914,11.338,441.592,0.999,Violin_Mode
1642,1258205214.012,17.986,3986.809,0.951,Violin_Mode
1643,1258205246.742,16.432,2653.41,0.943,Violin_Mode
1644,1258205278.289,11.163,3884.905,0.991,Violin_Mode
1645,1258205298.227,14.732,3985.508,1.0,Violin_Mode
1646,1258205484.977,25.471,2783.969,0.903,Violin_Mode
1647,1258205487.117,17.158,3705.856,0.998,Violin_Mode
1648,1258205522.805,27.975,976.059,0.986,Violin_Mode
1649,1258205608.477,30.358,3983.241,0.992,Whistle
1650,1258205726.398,33.752,3609.289,0.965,Whistle
1651,1258205761.555,38.959,3983.241,0.951,Extremely_Loud
1652,1258205775.867,9.843,4164.167,0.966,Violin_Mode
1653,1258205797.363,9.511,461.078,1.0,Violin_Mode
1654,1258205839.164,10.761,4164.167,0.93,Violin_Mode
1655,1258205859.055,18.599,1567.29,0.966,Violin_Mode
1656,1258205947.289,21.474,366.539,0.986,Violin_Mode
1657,1258206017.32,17.73,441.012,0.99,Whistle
1658,1258206059.32,17.996,295.994,0.941,Violin_Mode
1659,1258206086.977,9.11,3983.762,0.962,Violin_Mode
1660,1258206098.938,12.358,3243.516,1.0,Scattered_Light
1661,1258206105.867,7.693,465.89,0.963,Violin_Mode
1662,1258206151.539,23.903,4128.26,0.934,Whistle
1663,1258206189.215,23.13,3983.241,0.918,Extremely_Loud
1664,1258206193.492,15.913,461.078,0.999,Whistle
1665,1258206206.184,11.89,3839.356,0.984,Violin_Mode
1666,1258206214.836,19.514,3804.156,0.991,Whistle
1667,1258206292.945,11.468,4017.148,0.999,Whistle
1668,1258206325.461,31.551,3945.854,0.959,Violin_Mode
1669,1258206538.523,8.647,435.708,0.97,Violin_Mode
1670,1258206712.617,22.836,3985.119,0.972,Violin_Mode
1671,1258206725.555,12.057,3983.241,0.999,Violin_Mode
1672,1258206732.992,25.614,3881.874,0.998,Violin_Mode
1673,1258206830.008,26.992,3727.135,0.944,Whistle
1674,1258206865.242,29.598,450.419,0.998,Violin_Mode
1675,1258206876.508,11.986,441.012,0.998,Whistle
1676,1258207015.617,13.469,441.012,0.964,Violin_Mode
1677,1258207073.57,7.506,2678.492,0.981,Violin_Mode
1678,1258207103.094,9.423,273.121,1.0,Power_Line
1679,1258207109.281,10.333,67.278,1.0,Power_Line
1680,1258207143.211,27.824,4128.26,0.988,Whistle
1681,1258207155.633,11.3,1268.838,0.955,Violin_Mode
1682,1258207165.117,16.256,365.451,1.0,Violin_Mode
1683,1258207248.008,12.706,4040.428,0.999,Whistle
1684,1258207313.188,21.036,3983.241,1.0,Scattered_Light
1685,1258207328.766,20.248,3983.241,0.987,Extremely_Loud
1686,1258207343.281,22.905,44.865,1.0,Scattered_Light
1687,1258207355.68,18.227,365.451,0.995,Whistle
1688,1258207528.477,9.16,441.012,0.955,Violin_Mode
1689,1258207531.156,11.496,3411.045,0.935,Violin_Mode
1690,1258207638.957,13.8,2472.763,1.0,Whistle
1691,1258207715.445,27.069,3201.357,0.976,Violin_Mode
1692,1258207826.512,18.309,3985.119,0.972,Violin_Mode
1693,1258207854.898,28.659,3986.059,0.953,Violin_Mode
1694,1258207919.148,29.618,3983.241,0.997,Violin_Mode
1695,1258207921.836,13.652,1742.479,0.943,Violin_Mode
1696,1258207938.289,11.559,409.48,1.0,Violin_Mode
1697,1258207959.727,23.828,1011.862,1.0,Violin_Mode
1698,1258207982.555,12.33,456.934,0.998,Violin_Mode
1699,1258208021.68,17.421,300.189,1.0,Violin_Mode
1700,1258208065.258,9.315,3881.874,0.96,Violin_Mode
1701,1258208075.492,13.488,441.012,1.0,Whistle
1702,1258208092.898,15.196,300.189,0.966,Violin_Mode
1703,1258208147.648,13.822,441.012,1.0,Whistle
1704,1258208165.508,9.908,298.959,0.986,Violin_Mode
1705,1258208225.898,9.986,2914.392,0.998,Whistle
1706,1258208231.555,8.983,383.527,0.954,Violin_Mode
1707,1258208278.523,11.246,363.574,0.981,Violin_Mode
1708,1258208288.688,31.025,3983.241,0.947,Extremely_Loud
1709,1258208309.273,35.04,3985.119,0.923,Extremely_Loud
1710,1258208358.133,9.046,254.653,1.0,Violin_Mode
1711,1258208360.695,17.205,3983.241,0.955,Violin_Mode
1712,1258208395.492,14.739,367.769,0.993,Violin_Mode
1713,1258208455.656,17.175,3983.241,1.0,Scattered_Light
1714,1258208469.555,34.018,4057.799,0.999,Whistle
1715,1258208581.914,11.844,435.708,0.952,Violin_Mode
1716,1258208603.945,16.488,3848.998,0.954,Whistle
1717,1258208682.352,11.763,441.012,1.0,Whistle
1718,1258208817.199,8.094,440.089,0.922,Blip
1719,1258208837.398,8.963,426.87,1.0,Violin_Mode
1720,1258208866.414,18.565,3885.281,1.0,Violin_Mode
1721,1258208875.352,10.561,447.566,1.0,Violin_Mode
1722,1258208876.516,12.776,46.394,0.999,Scattered_Light
1723,1258208894.852,7.883,441.012,1.0,Violin_Mode
1724,1258208910.289,12.298,1558.215,0.985,Violin_Mode
1725,1258208934.664,8.697,1611.71,0.957,Violin_Mode
1726,1258208996.836,19.622,4026.892,1.0,Whistle
1727,1258209037.133,9.675,421.603,0.969,Whistle
1728,1258209039.633,9.866,445.387,0.977,Whistle
1729,1258209056.367,30.325,592.031,0.994,Whistle
1730,1258209094.195,8.286,476.919,0.964,Violin_Mode
1731,1258209107.719,8.367,18.134,0.972,Low_Frequency_Lines
1732,1258209123.445,13.57,256.917,0.992,Violin_Mode
1733,1258209171.469,9.324,3983.241,0.952,Scattered_Light
1734,1258209177.461,8.524,421.07,0.997,Violin_Mode
1735,1258209224.32,17.172,508.592,0.999,Violin_Mode
1736,1258209224.617,7.984,427.95,0.911,Violin_Mode
1737,1258209263.438,7.801,3900.621,1.0,Power_Line
1738,1258209266.719,8.328,3469.109,0.997,Scattered_Light
1739,1258209289.344,19.523,3983.241,0.996,Extremely_Loud
1740,1258209412.383,11.909,476.919,0.998,Violin_Mode
1741,1258209657.633,8.258,468.729,1.0,Violin_Mode
1742,1258209663.844,14.94,228.382,1.0,Scattered_Light
1743,1258210108.367,14.212,508.592,0.999,Whistle
1744,1258210144.617,9.335,3872.13,0.995,Violin_Mode
1745,1258210151.219,18.502,3985.119,1.0,Scattered_Light
1746,1258210209.236,12.042,441.012,0.999,Whistle
1747,1258210350.773,9.11,257.244,0.943,Violin_Mode
1748,1258210496.836,10.848,476.919,0.994,Violin_Mode
1749,1258210571.955,23.984,196.925,0.992,Blip
1750,1258210611.781,9.052,2652.126,1.0,Power_Line
1751,1258210614.781,7.553,53.766,0.966,Power_Line
1752,1258210687.582,8.576,435.601,0.999,Whistle
1753,1258211146.461,36.193,3983.241,0.995,Extremely_Loud
1754,1258211324.412,11.743,295.994,0.996,Whistle
1755,1258211366.867,15.5,441.012,1.0,Whistle
1756,1258211458.586,10.791,306.062,0.999,Whistle
1757,1258211570.852,17.6,1330.926,0.96,Violin_Mode
1758,1258211685.531,13.442,297.871,0.992,Violin_Mode
1759,1258211955.57,19.334,363.574,0.99,Violin_Mode
1760,1258211993.742,13.101,441.012,0.994,Violin_Mode
1761,1258212004.289,26.808,3746.261,0.92,Extremely_Loud
1762,1258212142.844,27.232,43.992,1.0,Scattered_Light
1763,1258212160.492,20.139,447.013,0.951,Whistle
1764,1258212242.092,12.229,297.871,0.996,Violin_Mode
1765,1258212260.617,19.475,695.049,0.988,Violin_Mode
1766,1258212267.914,11.955,456.367,0.91,Whistle
1767,1258212354.492,16.929,508.592,1.0,Whistle
1768,1258212483.844,7.691,19.406,0.917,Low_Frequency_Lines
1769,1258212494.938,27.457,3680.246,1.0,Scattered_Light
1770,1258212588.906,8.183,66.15,0.999,Power_Line
1771,1258212642.719,14.783,30.952,1.0,Scattered_Light
1772,1258212912.859,19.21,3983.241,0.972,Scattered_Light
1773,1258212946.398,8.096,4187.508,0.999,Violin_Mode
1774,1258212969.57,8.255,477.576,0.951,Violin_Mode
1775,1258213033.531,7.792,56.685,0.917,Power_Line
1776,1258213227.781,21.59,2708.256,1.0,Power_Line
1777,1258213237.055,10.388,435.426,0.986,Whistle
1778,1258213686.156,12.516,3945.854,1.0,Scattered_Light
1779,1258213879.813,9.57,55.801,1.0,Power_Line
1780,1258213897.906,11.59,26.14,0.998,Scattered_Light
1781,1258214037.883,8.759,239.292,0.92,Violin_Mode
1782,1258214123.141,12.743,3983.241,0.994,Scattered_Light
1783,1258214171.367,7.676,465.89,0.988,Violin_Mode
1784,1258214220.969,9.201,3983.241,0.999,Low_Frequency_Burst
1785,1258215748.344,9.11,3908.818,1.0,Low_Frequency_Burst
1786,1258216154.992,38.172,2834.458,0.993,Extremely_Loud
1787,1258218129.844,8.921,2742.269,0.999,Scattered_Light
1788,1258218137.602,7.896,433.373,0.966,Violin_Mode
1789,1258218430.742,17.592,368.865,0.999,Whistle
1790,1258218971.555,7.729,3467.856,0.988,Whistle
1791,1258219292.344,7.649,23.382,0.995,Scattered_Light
1792,1258219524.156,9.69,3002.399,0.999,Scattered_Light
1793,1258219725.789,10.265,476.919,0.997,Whistle
1794,1258219888.906,18.888,3136.171,1.0,Scattered_Light
1795,1258220250.906,20.394,3136.171,1.0,Scattered_Light
1796,1258220438.377,9.243,118.971,1.0,Blip
1797,1258220483.156,9.497,195.955,0.9,Scattered_Light
1798,1258220512.094,12.226,2731.998,1.0,Scattered_Light
1799,1258220725.133,18.435,2796.162,0.988,Whistle
1800,1258220746.914,9.44,419.866,0.982,Whistle
1801,1258220828.098,7.75,423.462,0.96,Whistle
1802,1258220982.602,16.009,366.198,0.984,Whistle
1803,1258221073.116,23.697,299.4,0.999,Blip
1804,1258221106.656,16.161,1182.101,1.0,Scattered_Light
1805,1258221485.383,8.643,421.264,0.992,Whistle
1806,1258221606.633,11.432,3915.607,0.999,Whistle
1807,1258221720.781,38.866,3983.241,0.981,Extremely_Loud
1808,1258221741.852,20.538,2981.95,0.993,Whistle
1809,1258221944.398,21.155,508.592,0.992,Whistle
1810,1258222370.891,12.454,3983.241,0.987,Low_Frequency_Burst
1811,1258222417.461,11.509,409.48,0.918,Whistle
1812,1258223087.023,7.946,298.455,0.913,Violin_Mode
1813,1258223124.398,8.523,431.322,0.998,Violin_Mode
1814,1258223159.406,9.534,3411.302,1.0,Scattered_Light
1815,1258223849.961,17.955,521.57,0.996,Whistle
1816,1258224113.867,14.226,3554.186,0.994,Whistle
1817,1258224268.586,10.31,1819.242,0.997,Whistle
1818,1258224380.742,11.982,436.445,0.996,Whistle
1819,1258225304.156,9.195,3582.116,1.0,Low_Frequency_Burst
1820,1258225348.469,16.125,3983.241,0.927,Scattered_Light
1821,1258225474.023,15.272,3881.874,0.997,Whistle
1822,1258226394.805,9.853,451.513,0.98,Whistle
1823,1258228672.469,9.983,28.467,0.992,Scattered_Light
1824,1258229472.406,14.001,3635.734,0.96,Power_Line
1825,1258229524.625,10.325,20.195,0.909,Low_Frequency_Lines
1826,1258229551.156,20.66,2819.014,1.0,Scattered_Light
1827,1258231354.938,7.651,17.666,0.992,Low_Frequency_Lines
1828,1258231826.344,8.099,21.842,0.99,Low_Frequency_Lines
1829,1258232212.781,7.746,20.838,0.993,Low_Frequency_Lines
1830,1258233265.219,9.132,72.513,0.998,Power_Line
1831,1258234842.063,12.093,3409.167,0.962,Low_Frequency_Lines
1832,1258235180.188,10.591,1604.103,0.979,Low_Frequency_Lines
1833,1258236398.094,11.352,26.59,0.978,Low_Frequency_Lines
1834,1258236540.406,14.121,26.59,0.99,Low_Frequency_Burst
1835,1258237849.383,7.508,80.679,0.998,Tomte
1836,1258237945.938,8.641,20.838,0.936,Low_Frequency_Burst
1837,1258238273.188,7.87,166.128,0.958,Low_Frequency_Lines
1838,1258243138.313,10.191,3464.271,0.989,Low_Frequency_Lines
1839,1258243208.344,7.679,53.562,0.977,Air_Compressor
1840,1258243460.563,10.117,2378.556,0.984,Low_Frequency_Burst
1841,1258244978.347,7.76,109.64,1.0,Blip
1842,1258248208.479,11.608,2348.528,1.0,Blip
1843,1258248648.344,7.974,3983.241,0.967,Low_Frequency_Lines
1844,1258255666.813,1070.713,3615.396,1.0,Extremely_Loud
1845,1258261960.031,11.692,3728.798,0.992,Extremely_Loud
1846,1258261964.734,145.687,3983.241,0.999,Extremely_Loud
1847,1258272052.023,582.918,3881.874,0.999,Extremely_Loud
1848,1258273930.719,8.424,1717.344,0.981,Low_Frequency_Burst
1849,1258274546.594,7.634,23.057,0.992,Low_Frequency_Burst
1850,1258275126.037,7.631,374.157,0.935,Whistle
1851,1258277763.543,7.548,51.198,0.967,Tomte
1852,1258278302.051,14.153,73.85,0.998,Tomte
1853,1258281886.32,8.23,325.735,0.994,Whistle
1854,1258283728.227,9.053,3242.226,0.991,Whistle
1855,1258290740.251,9.247,138.993,1.0,Blip
1856,1258291685.759,10.947,142.24,1.0,Blip
1857,1258312702.912,585.266,1928.011,1.0,Extremely_Loud
1858,1258313275.719,23.307,3454.502,1.0,Blip
1859,1258315116.059,11.754,448.89,0.988,Blip
1860,1258319714.273,8.481,349.765,0.954,Whistle
1861,1258321953.246,8.218,392.345,0.999,Whistle
1862,1258324391.996,8.359,296.872,0.999,Whistle
1863,1258326379.688,11.834,23.057,0.999,Low_Frequency_Lines
1864,1258327804.281,8.269,51.417,0.984,Air_Compressor
1865,1258331800.008,13.175,2379.37,0.993,Violin_Mode
1866,1258331836.477,42.832,3945.854,0.987,Violin_Mode
1867,1258331845.465,62.856,2681.0,0.921,Extremely_Loud
1868,1258335749.249,26.555,457.317,1.0,Blip
1869,1258335750.849,238.456,3983.241,0.997,Extremely_Loud
1870,1258339337.375,7.684,3681.25,0.997,Low_Frequency_Lines
1871,1258341189.156,8.505,30.952,0.984,Low_Frequency_Lines
1872,1258341379.787,56.499,3739.177,0.997,Blip
1873,1258341623.813,8.802,18.295,0.998,Low_Frequency_Lines
1874,1258345250.184,897.613,3703.979,1.0,Extremely_Loud
1875,1258352433.401,20.159,378.526,1.0,Blip
1876,1258353520.055,2109.877,3582.116,0.999,Extremely_Loud
1877,1258355635.945,14.7,627.938,0.997,Low_Frequency_Lines
1878,1258355825.344,8.746,3774.715,0.978,Air_Compressor
1879,1258357343.293,15.188,61.335,0.986,Tomte
1880,1258384611.219,8.304,583.69,0.998,Low_Frequency_Lines
1881,1258385417.828,15.454,4003.704,0.999,Whistle
1882,1258388277.33,7.537,58.255,0.953,Blip
1883,1258389482.016,8.072,1654.953,0.99,Air_Compressor
1884,1258391790.594,10.143,53.578,0.983,Air_Compressor
1885,1258391977.563,8.355,2305.927,1.0,Low_Frequency_Lines
1886,1258393068.742,7.525,53.578,0.98,Air_Compressor
1887,1258393364.438,8.621,295.994,0.996,Low_Frequency_Lines
1888,1258396016.23,7.59,2352.118,0.928,Air_Compressor
1889,1258397147.991,9.476,2091.882,1.0,Blip
1890,1258399805.743,10.038,146.888,0.992,Blip
1891,1258401228.652,8.205,53.578,0.926,Air_Compressor
1892,1258402115.705,17.411,3947.731,0.999,Blip
1893,1258404999.719,7.767,2378.556,0.932,Low_Frequency_Burst
1894,1258407044.555,7.513,47.964,1.0,Air_Compressor
1895,1258407111.875,8.183,1506.581,0.966,Low_Frequency_Lines
1896,1258410497.688,18.495,1865.03,0.98,Power_Line
1897,1258411469.59,7.571,47.964,0.986,Air_Compressor
1898,1258411978.686,1450.603,1627.912,1.0,Extremely_Loud
1899,1258417392.669,10.075,2666.096,1.0,Blip
1900,1258422915.133,8.008,53.292,0.992,Air_Compressor
1901,1258424816.136,12.849,201.12,1.0,Blip
1902,1258426509.626,8.474,175.97,1.0,Blip
1903,1258431530.679,11.046,305.882,1.0,Blip
1904,1258432411.203,8.21,2645.018,0.995,Air_Compressor
1905,1258433183.781,13.682,3902.212,0.997,Power_Line
1906,1258436173.477,9.788,73.85,1.0,Low_Frequency_Burst
1907,1258436587.123,244.632,2973.356,1.0,Extremely_Loud
1908,1258443095.227,7.875,47.964,0.999,Air_Compressor
1909,1258443795.395,127.224,2378.556,1.0,Extremely_Loud
1910,1258444272.912,10.688,73.85,0.933,Tomte
1911,1258444956.813,8.437,2212.382,0.975,Air_Compressor
1912,1258452172.289,7.999,3949.451,0.996,Violin_Mode
1913,1258462157.891,8.707,3409.167,0.998,Low_Frequency_Burst
1914,1258468940.973,12.918,63.212,0.999,Tomte
1915,1258469323.906,20.219,2706.379,0.96,Extremely_Loud
1916,1258488672.914,14.12,476.919,0.971,Violin_Mode
1917,1258488755.167,11.763,207.515,1.0,Blip
1918,1258488842.679,7.825,146.888,1.0,Blip
1919,1258492261.32,7.965,47.964,0.994,Air_Compressor
1920,1258498650.235,7.711,146.888,1.0,Blip
1921,1258499648.289,8.337,476.812,0.994,Violin_Mode
1922,1258499851.352,9.694,465.115,0.925,Violin_Mode
1923,1258501220.508,8.967,473.429,0.995,Violin_Mode
1924,1258501707.992,10.978,447.657,0.968,Violin_Mode
1925,1258502827.336,8.728,482.542,0.977,Violin_Mode
1926,1258502886.685,18.486,303.051,1.0,Blip
1927,1258503119.227,11.305,544.5,0.92,Violin_Mode
1928,1258503746.461,9.351,470.856,0.972,Violin_Mode
1929,1258504198.499,15.742,203.982,1.0,Blip
1930,1258504670.398,9.295,482.542,0.996,Violin_Mode
1931,1258504838.242,8.272,1054.913,0.998,Violin_Mode
1932,1258505733.461,12.632,476.919,0.999,Violin_Mode
1933,1258506102.164,8.135,473.429,0.993,Violin_Mode
1934,1258506587.914,13.951,472.567,0.992,Violin_Mode
1935,1258506597.113,73.566,3409.167,0.993,Extremely_Loud
1936,1258507582.258,10.738,482.542,0.934,Violin_Mode
1937,1258507932.93,9.132,488.498,0.979,Violin_Mode
1938,1258508288.742,7.703,476.812,0.952,Violin_Mode
1939,1258509372.719,40.505,3881.874,1.0,Scattered_Light
1940,1258509426.039,12.817,309.931,0.999,Violin_Mode
1941,1258509689.07,8.551,475.723,0.985,Violin_Mode
1942,1258509991.961,10.994,3030.276,0.985,Violin_Mode
1943,1258510264.063,12.12,2869.548,0.995,Low_Frequency_Lines
1944,1258510349.492,8.259,481.501,0.992,Violin_Mode
1945,1258510513.773,10.444,466.684,0.99,Violin_Mode
1946,1258510673.984,21.554,3457.886,0.915,Scattered_Light
1947,1258510733.781,22.194,2810.325,1.0,Scattered_Light
1948,1258511663.313,8.911,2378.556,1.0,Low_Frequency_Lines
1949,1258512160.835,8.453,128.719,1.0,Blip
1950,1258512168.063,12.558,3523.706,0.998,Low_Frequency_Lines
1951,1258513294.117,11.112,497.019,0.977,Violin_Mode
1952,1258513705.855,760.612,3361.459,0.999,Extremely_Loud
1953,1258513931.602,8.781,482.542,0.975,Violin_Mode
1954,1258514510.563,25.405,2318.713,0.999,Scattered_Light
1955,1258514632.781,19.411,747.378,1.0,Scattered_Light
1956,1258515203.492,7.793,544.5,0.977,Violin_Mode
1957,1258515587.227,9.314,470.856,0.989,Violin_Mode
1958,1258516305.813,9.183,25.298,1.0,Low_Frequency_Lines
1959,1258516435.313,9.273,3249.652,0.986,Low_Frequency_Lines
1960,1258517573.578,12.885,2973.356,0.992,Scattered_Light
1961,1258517863.344,8.71,3680.246,0.991,Low_Frequency_Lines
1962,1258518242.492,9.064,470.856,0.998,Violin_Mode
1963,1258519530.969,8.379,55.59,0.979,Air_Compressor
1964,1258519683.063,10.346,20.195,0.999,Low_Frequency_Lines
1965,1258521455.844,17.065,1563.095,1.0,Scattered_Light
1966,1258522346.531,11.651,2081.292,0.939,Low_Frequency_Lines
1967,1258522897.57,7.51,3617.334,0.979,Violin_Mode
1968,1258523206.406,22.705,1928.268,0.964,Scattered_Light
1969,1258523332.063,8.26,2081.292,0.974,Low_Frequency_Lines
1970,1258523965.813,7.603,2964.093,0.987,Low_Frequency_Lines
1971,1258524704.063,27.154,3983.241,0.998,Power_Line
1972,1258526025.719,24.657,36.338,1.0,Scattered_Light
1973,1258526740.313,9.545,23.057,0.911,Low_Frequency_Lines
1974,1258527504.578,12.467,1299.963,0.922,Scattered_Light
1975,1258527859.188,12.273,23.057,0.994,Low_Frequency_Lines
1976,1258528064.852,7.956,473.429,0.974,Violin_Mode
1977,1258528300.395,18.821,3582.116,0.986,Violin_Mode
1978,1258528397.945,8.163,3908.246,0.976,Violin_Mode
1979,1258529437.398,8.11,482.542,0.915,Violin_Mode
1980,1258529890.969,22.942,385.997,1.0,Scattered_Light
1981,1258530889.508,9.97,450.395,0.963,Violin_Mode
1982,1258531031.719,15.093,1299.963,1.0,Scattered_Light
1983,1258531407.094,21.398,2489.561,0.975,Scattered_Light
1984,1258531463.094,13.129,1850.35,1.0,Scattered_Light
1985,1258532072.43,10.577,476.919,0.964,Violin_Mode
1986,1258532172.398,13.552,2999.94,1.0,Violin_Mode
1987,1258532241.68,8.997,2528.337,0.955,Violin_Mode
1988,1258532302.094,20.997,447.013,1.0,Scattered_Light
1989,1258532945.219,14.043,31.941,0.996,Scattered_Light
1990,1258533114.527,170.078,2081.292,1.0,Extremely_Loud
1991,1258533189.656,8.414,3659.138,0.983,Low_Frequency_Lines
1992,1258533313.406,14.87,2964.093,0.995,Scattered_Light
1993,1258533374.219,15.951,3983.241,1.0,Scattered_Light
1994,1258533571.594,10.788,3703.979,0.986,Low_Frequency_Burst
1995,1258533846.531,16.265,3240.109,1.0,Scattered_Light
1996,1258534027.656,7.755,248.16,0.999,Low_Frequency_Lines
1997,1258534977.406,10.07,2061.918,0.907,Low_Frequency_Lines
1998,1258535200.282,276.507,3080.93,0.987,Extremely_Loud
1999,1258535328.972,18.749,306.584,1.0,Blip
2000,1258536680.531,22.867,1027.87,1.0,Scattered_Light
2001,1258536767.656,16.658,2783.969,0.999,Scattered_Light
2002,1258536920.688,9.018,23.057,1.0,Low_Frequency_Lines
2003,1258537960.031,11.475,3201.357,0.952,Scattered_Light
2004,1258538363.594,8.025,2342.532,0.963,Scattered_Light
2005,1258538483.836,7.978,476.812,0.997,Violin_Mode
2006,1258539792.039,7.751,482.542,0.972,Violin_Mode
2007,1258540047.511,13.237,207.515,1.0,Blip
2008,1258540140.031,7.752,20.195,0.944,Low_Frequency_Lines
2009,1258540506.344,10.581,27.594,1.0,Scattered_Light
2010,1258540596.469,9.894,51.417,0.993,Air_Compressor
2011,1258540894.781,10.716,2731.998,0.985,Low_Frequency_Lines
2012,1258541184.188,7.776,17.666,0.996,Low_Frequency_Lines
2013,1258543118.406,12.613,3135.418,1.0,Scattered_Light
2014,1258544058.258,11.268,1533.316,1.0,Violin_Mode
2015,1258544476.094,14.999,2625.649,1.0,Scattered_Light
2016,1258544889.188,7.905,2398.222,0.999,Low_Frequency_Lines
2017,1258545199.922,7.751,53.822,0.996,Air_Compressor
2018,1258545377.563,13.619,3703.979,0.995,Scattered_Light
2019,1258545400.636,32.016,557.087,1.0,Blip
2020,1258545443.906,16.358,971.864,0.999,Scattered_Light
2021,1258545630.719,8.185,660.16,0.998,Low_Frequency_Lines
2022,1258545803.344,15.591,3693.803,0.999,Scattered_Light
2023,1258546327.391,16.483,36.338,1.0,Scattered_Light
2024,1258546412.398,10.984,581.654,0.996,Violin_Mode
2025,1258547061.156,15.861,2319.412,1.0,Scattered_Light
2026,1258547299.016,7.964,298.927,0.978,Low_Frequency_Burst
2027,1258547303.467,1007.007,1606.482,1.0,Extremely_Loud
2028,1258547525.594,28.081,2337.938,1.0,Scattered_Light
2029,1258547709.053,7.89,844.85,1.0,Blip
2030,1258547924.031,12.96,3030.486,1.0,Scattered_Light
2031,1258548024.781,17.21,1017.94,0.998,Scattered_Light
2032,1258548411.883,7.734,477.83,0.969,Violin_Mode
2033,1258548420.594,16.08,38.215,1.0,Scattered_Light
2034,1258548617.719,13.006,2964.093,0.997,Low_Frequency_Burst
2035,1258549166.859,12.979,3006.243,0.934,Scattered_Light
2036,1258549225.719,9.673,1269.352,0.979,Scattered_Light
2037,1258549416.813,7.745,2379.632,0.968,Scattered_Light
2038,1258549583.07,10.634,482.542,0.997,Violin_Mode
2039,1258549925.836,7.501,476.812,0.997,Violin_Mode
2040,1258550104.938,7.841,3582.116,0.996,Low_Frequency_Lines
2041,1258550148.008,7.869,473.429,0.979,Violin_Mode
2042,1258550528.281,8.923,20.195,0.985,Low_Frequency_Lines
2043,1258552105.031,10.526,235.957,1.0,Scattered_Light
2044,1258552834.578,8.647,884.08,1.0,Low_Frequency_Burst
2045,1258554836.656,16.365,2563.995,1.0,Scattered_Light
2046,1258555564.094,14.218,3799.787,1.0,Scattered_Light
2047,1258555907.094,11.232,28.467,1.0,Scattered_Light
2048,1258556758.844,21.459,44.865,1.0,Scattered_Light
2049,1258556949.594,21.116,1929.272,1.0,Scattered_Light
2050,1258586275.938,7.674,19.927,0.983,Low_Frequency_Lines
2051,1258587196.515,19.483,564.982,1.0,Blip
2052,1258587749.602,8.436,482.542,0.934,Violin_Mode
2053,1258588044.992,10.524,472.109,0.964,Violin_Mode
2054,1258589501.656,14.337,30.952,1.0,Low_Frequency_Burst
2055,1258589650.156,11.854,2241.698,1.0,Scattered_Light
2056,1258589908.82,13.478,4053.249,0.904,Violin_Mode
2057,1258590614.68,8.173,271.281,0.997,Violin_Mode
2058,1258591696.398,8.957,20.195,0.969,Low_Frequency_Burst
2059,1258591833.406,8.311,23.057,0.938,Low_Frequency_Burst
2060,1258597110.898,20.608,3727.135,1.0,Violin_Mode
2061,1258597226.211,19.892,465.64,0.998,Violin_Mode
2062,1258597269.227,14.473,466.684,0.94,Violin_Mode
2063,1258597408.18,8.348,524.888,0.922,Violin_Mode
2064,1258597440.07,13.91,441.012,0.933,Violin_Mode
2065,1258597462.264,12.042,1665.179,0.937,Blip
2066,1258597465.352,7.518,3488.38,0.944,Violin_Mode
2067,1258597501.711,7.55,469.107,0.992,Violin_Mode
2068,1258597512.758,8.415,3892.464,1.0,Air_Compressor
2069,1258597542.867,8.991,481.501,0.972,Violin_Mode
2070,1258597638.32,8.933,254.236,0.943,Violin_Mode
2071,1258597732.906,15.956,3881.874,1.0,Scattered_Light
2072,1258598695.063,8.108,20.195,0.942,Low_Frequency_Lines
2073,1258599191.313,7.961,20.195,1.0,Low_Frequency_Lines
2074,1258603839.531,7.852,26.59,0.94,Low_Frequency_Burst
2075,1258604699.313,8.063,1836.416,1.0,Low_Frequency_Lines
2076,1258604751.094,23.164,2930.829,0.986,Scattered_Light
2077,1258605657.813,8.461,19.406,1.0,Low_Frequency_Lines
2078,1258606311.938,19.683,3680.246,0.997,Low_Frequency_Lines
2079,1258606346.579,7.645,146.888,1.0,Blip
2080,1258607119.313,13.889,3703.979,0.92,Low_Frequency_Lines
2081,1258607270.629,440.96,3267.727,0.994,Extremely_Loud
2082,1258607359.375,22.188,3361.459,0.937,Low_Frequency_Lines
2083,1258607975.992,9.238,4128.26,0.998,Whistle
2084,1258609656.838,1543.631,3799.787,1.0,Extremely_Loud
2085,1258610752.281,9.049,3240.109,0.998,Low_Frequency_Lines
2086,1258610837.61,10.391,201.12,1.0,Blip
2087,1258610993.688,8.28,757.541,1.0,Low_Frequency_Lines
2088,1258645572.031,10.554,20.195,1.0,Low_Frequency_Burst
2089,1258648416.412,13.252,770.515,0.994,Blip
2090,1258649745.156,8.718,914.134,1.0,Low_Frequency_Burst
2091,1258651345.651,8.41,138.993,1.0,Blip
2092,1258652201.025,1098.304,1171.735,1.0,Extremely_Loud
2093,1258654320.578,8.74,26.305,1.0,Low_Frequency_Burst
2094,1258657597.291,10.433,93.497,0.998,Blip
2095,1258663044.749,8.781,181.356,1.0,Blip
2096,1258663049.594,8.53,1752.776,0.993,Power_Line
2097,1258663896.219,8.197,52.562,0.953,Air_Compressor
2098,1258666915.824,7.547,53.292,0.97,Air_Compressor
2099,1258672795.187,19.876,2385.613,1.0,Blip
2100,1258674923.573,8.269,104.255,1.0,Blip
2101,1258675407.365,10.038,2331.94,0.978,Blip
2102,1258675427.371,9.775,89.302,0.976,Tomte
2103,1258680865.328,8.683,20.195,0.99,Low_Frequency_Burst
2104,1258681692.08,622.711,851.958,0.993,Extremely_Loud
2105,1258691351.373,7.591,58.255,0.951,Blip
2106,1258693368.109,9.901,3718.067,0.978,Power_Line
2107,1258695441.875,18.39,1482.393,0.999,Extremely_Loud
2108,1258696886.969,8.781,56.014,0.979,Air_Compressor
2109,1258702839.078,7.649,1174.664,0.996,Power_Line
2110,1258703749.008,7.67,20.195,1.0,Low_Frequency_Burst
2111,1258704970.016,10.077,3703.979,0.962,Extremely_Loud
2112,1258706572.342,15.863,306.584,1.0,Blip
2113,1258706664.518,3372.168,3457.886,1.0,Extremely_Loud
2114,1258706673.656,8.317,748.154,0.962,Air_Compressor
2115,1258721062.938,31.933,3983.241,0.992,Extremely_Loud
2116,1258721063.424,267.084,550.03,0.999,Extremely_Loud
2117,1258721196.586,8.827,2093.094,0.996,Whistle
2118,1258721369.508,7.687,2505.625,0.988,Whistle
2119,1258728089.844,510.862,3680.246,1.0,Extremely_Loud
2120,1258733300.703,7.684,151.336,0.902,Violin_Mode
2121,1258735292.322,479.003,3350.311,1.0,Extremely_Loud
2122,1258737000.734,8.724,1829.188,0.999,Air_Compressor
2123,1258737132.912,539.444,3680.246,1.0,Extremely_Loud
2124,1258742546.825,23.074,2436.407,0.999,Blip
2125,1258744613.093,13.148,207.515,1.0,Blip
2126,1258748643.141,11.397,3199.463,1.0,Power_Line
2127,1258748813.486,10.036,171.608,1.0,Blip
2128,1258749752.695,8.241,844.85,0.997,Air_Compressor
2129,1258751303.288,13.716,203.982,1.0,Blip
2130,1258761850.578,10.733,81.673,0.995,Power_Line
2131,1258764518.68,7.567,47.964,0.98,Air_Compressor
2132,1258765001.221,3023.005,2318.713,0.999,Extremely_Loud
2133,1258770835.828,7.803,1667.724,0.987,Power_Line
2134,1258772177.719,37.801,3983.241,0.993,Extremely_Loud
2135,1258807695.555,8.259,374.157,0.953,Whistle
2136,1258807989.791,13.906,205.558,0.994,Blip
2137,1258808199.992,7.525,46.928,0.999,Air_Compressor
2138,1258808276.711,9.928,353.737,1.0,Whistle
2139,1258808664.586,8.373,374.157,0.974,Whistle
2140,1258808758.758,9.396,353.079,0.962,Whistle
2141,1258808958.223,9.54,3848.998,0.997,Whistle
2142,1258809008.117,8.388,26.59,0.967,Low_Frequency_Burst
2143,1258809306.258,11.16,903.74,1.0,Whistle
2144,1258809652.232,252.06,3490.641,0.985,Extremely_Loud
2145,1258811400.836,10.469,364.908,0.997,Whistle
2146,1258813233.477,8.11,47.964,0.998,Air_Compressor
2147,1258813800.305,11.098,323.233,1.0,Whistle
2148,1258813958.633,8.824,3368.216,0.991,Whistle
2149,1258814037.805,8.292,374.157,0.973,Whistle
2150,1258815998.742,9.021,372.381,0.998,Whistle
2151,1258817964.004,7.574,472.567,0.982,Violin_Mode
2152,1258819626.156,8.208,19.406,0.97,Low_Frequency_Lines
2153,1258820611.986,1195.45,3703.979,1.0,Extremely_Loud
2154,1258823823.762,1064.727,2337.938,1.0,Extremely_Loud
2155,1258825609.012,1213.084,2378.556,1.0,Extremely_Loud
2156,1258826184.758,7.639,52.326,0.989,Air_Compressor
2157,1258831295.406,18.388,3813.464,1.0,Low_Frequency_Burst
2158,1258831667.734,8.041,1941.601,0.995,Low_Frequency_Burst
2159,1258833232.255,8.785,104.255,1.0,Blip
2160,1258834766.258,7.77,364.25,0.996,Whistle
2161,1258838673.977,7.6,53.578,0.997,Air_Compressor
2162,1258842590.641,7.934,23.057,1.0,Low_Frequency_Burst
2163,1258842995.027,10.056,299.695,0.997,Air_Compressor
2164,1258843903.773,7.872,23.057,1.0,Low_Frequency_Burst
2165,1258844534.066,458.203,3006.243,0.999,Extremely_Loud
2166,1258844759.402,11.432,509.683,0.995,Tomte
2167,1258847001.994,7.562,61.502,0.997,Blip
2168,1258849777.438,7.621,3201.357,0.983,Low_Frequency_Burst
2169,1258852856.098,137.591,131.936,0.997,Extremely_Loud
2170,1258855134.566,8.582,50.045,0.964,Air_Compressor
2171,1258855172.148,7.515,46.928,1.0,Air_Compressor
2172,1258860182.422,7.948,64.291,0.999,Power_Line
2173,1258861042.902,7.916,47.964,0.979,Air_Compressor
2174,1258861149.063,8.78,805.763,0.992,Low_Frequency_Lines
2175,1258862073.594,10.303,20.195,1.0,Low_Frequency_Burst
2176,1258866062.436,13.161,3622.453,1.0,Blip
2177,1258871724.215,544.421,3030.486,1.0,Extremely_Loud
2178,1258874866.031,10.134,3987.436,1.0,Power_Line
2179,1258874884.406,21.768,3985.119,0.98,Power_Line
2180,1258874890.406,11.395,3490.641,0.993,Scattered_Light
2181,1258874903.109,13.25,2794.559,1.0,Power_Line
2182,1258874904.594,11.535,2834.458,0.999,Scattered_Light
2183,1258874906.094,12.793,66.15,1.0,Power_Line
2184,1258874907.094,21.252,3993.831,1.0,Power_Line
2185,1258875029.781,14.075,66.15,1.0,Power_Line
2186,1258875084.59,968.725,3983.241,0.997,Extremely_Loud
2187,1258882423.313,28.61,3983.241,0.913,Extremely_Loud
2188,1258883034.859,7.832,51.89,0.956,Power_Line
2189,1258884802.563,9.751,633.177,0.95,Low_Frequency_Lines
2190,1258885249.188,8.855,423.458,1.0,Low_Frequency_Lines
2191,1258885824.406,12.69,3908.818,0.978,Low_Frequency_Burst
2192,1258885981.156,8.175,20.838,0.917,Low_Frequency_Burst
2193,1258886209.359,10.661,26.59,1.0,Low_Frequency_Burst
2194,1258886613.027,14.798,4010.229,1.0,Blip
2195,1258886791.781,10.225,27.594,1.0,Scattered_Light
2196,1258887657.703,7.989,26.59,1.0,Low_Frequency_Burst
2197,1258887735.344,7.957,19.406,0.999,Low_Frequency_Lines
2198,1258888086.172,28.915,1462.128,1.0,Scattered_Light
2199,1258888982.281,9.666,20.838,0.924,Low_Frequency_Lines
2200,1258889511.594,9.367,23.057,0.995,Low_Frequency_Lines
2201,1258889841.953,7.845,65.817,0.995,Power_Line
2202,1258889850.875,8.039,19.678,0.994,Low_Frequency_Lines
2203,1258890129.672,13.971,3133.541,0.982,Low_Frequency_Burst
2204,1258891073.031,11.18,26.59,1.0,Low_Frequency_Burst
2205,1258891308.406,10.741,1155.883,0.999,Low_Frequency_Burst
2206,1258891984.422,9.621,1315.201,0.919,Scattered_Light
2207,1258892045.063,8.015,220.266,0.995,Low_Frequency_Lines
2208,1258892781.603,9.231,3835.788,0.946,Blip
2209,1258894313.844,7.656,1707.97,0.965,Low_Frequency_Lines
2210,1258894917.156,8.652,19.406,0.998,Low_Frequency_Lines
2211,1258895653.313,19.976,3881.874,1.0,Scattered_Light
2212,1258895797.428,8.29,91.18,0.947,Tomte
2213,1258897142.906,9.721,1929.888,0.967,Scattered_Light
2214,1258922880.719,9.525,550.03,0.966,Low_Frequency_Lines
2215,1258923048.469,7.758,1329.049,0.98,Low_Frequency_Burst
2216,1258923851.156,22.543,3490.116,1.0,Scattered_Light
2217,1258924327.906,7.712,19.406,0.998,Low_Frequency_Lines
2218,1258924982.906,10.289,23.057,0.985,Low_Frequency_Lines
2219,1258925630.344,14.517,3764.125,0.991,Scattered_Light
2220,1258925996.031,20.104,32.829,1.0,Scattered_Light
2221,1258926501.875,9.076,162.896,0.978,Scattered_Light
2222,1258927802.938,10.783,3703.979,0.957,Low_Frequency_Lines
2223,1258927940.344,14.213,26.59,0.999,Scattered_Light
2224,1258928569.938,8.212,3746.261,0.995,Low_Frequency_Lines
2225,1258928928.531,13.395,3881.874,1.0,Scattered_Light
2226,1258929291.281,8.39,3249.652,0.992,Low_Frequency_Lines
2227,1258929472.188,7.938,131.936,0.953,Low_Frequency_Lines
2228,1258929864.844,9.081,3813.464,0.999,Low_Frequency_Lines
2229,1258931042.969,15.981,3350.311,0.996,Scattered_Light
2230,1258931941.563,15.455,2081.292,0.929,Extremely_Loud
2231,1258935298.656,20.676,3006.243,0.998,Scattered_Light
2232,1258935968.453,17.473,2625.649,0.993,Low_Frequency_Burst
2233,1258936003.094,18.561,3298.676,1.0,Scattered_Light
2234,1258936358.281,8.144,2098.233,0.994,Low_Frequency_Lines
2235,1258938477.59,7.617,47.679,0.984,Air_Compressor
2236,1258939010.844,22.509,36.338,1.0,Scattered_Light
2237,1258941348.469,12.212,3409.167,0.999,Scattered_Light
2238,1258942474.922,13.364,26.59,0.984,Low_Frequency_Burst
2239,1258943296.547,12.349,26.59,1.0,Low_Frequency_Burst
2240,1258943385.844,10.208,23.057,1.0,Scattered_Light
2241,1258943873.094,13.002,3985.119,1.0,Scattered_Light
2242,1258945909.563,8.203,3728.798,0.993,Low_Frequency_Lines
2243,1258945941.875,11.71,3615.396,0.96,Scattered_Light
2244,1258946277.957,10.56,89.302,0.984,Tomte
2245,1258947069.906,15.892,723.299,0.998,Scattered_Light
2246,1258950621.715,115.913,3350.311,0.998,Extremely_Loud
2247,1258955078.516,10.802,3703.979,0.958,Low_Frequency_Burst
2248,1258957313.406,10.644,36.026,1.0,Scattered_Light
2249,1258958132.789,11.094,2964.093,0.999,Low_Frequency_Burst
2250,1258958697.414,16.245,30.952,0.999,Low_Frequency_Burst
2251,1258958944.156,11.104,3703.979,0.988,Scattered_Light
2252,1258959128.531,10.858,3883.751,1.0,Scattered_Light
2253,1258959461.094,11.772,521.133,1.0,Scattered_Light
2254,1258960025.844,10.715,3030.386,1.0,Scattered_Light
2255,1258960304.531,9.381,29.996,0.974,Scattered_Light
2256,1258962954.406,23.267,2722.487,1.0,Scattered_Light
2257,1258963766.188,8.118,20.195,0.989,Low_Frequency_Lines
2258,1258963991.969,9.061,3030.906,0.985,Scattered_Light
2259,1258964326.094,15.988,3411.045,1.0,Scattered_Light
2260,1258964391.594,14.077,1563.095,1.0,Scattered_Light
2261,1258970119.438,10.581,2965.97,0.989,Scattered_Light
2262,1258970303.938,19.879,1928.011,0.977,Scattered_Light
2263,1258970838.969,12.057,47.358,1.0,Power_Line
2264,1258971001.969,12.86,2491.438,1.0,Scattered_Light
2265,1258971309.969,9.868,23.057,0.981,Low_Frequency_Burst
2266,1258972386.93,7.939,371.549,0.995,Whistle
2267,1258973540.063,8.894,3983.241,0.997,Low_Frequency_Lines
2268,1258973863.219,10.876,2722.487,1.0,Scattered_Light
2269,1258973961.344,13.92,2925.184,1.0,Scattered_Light
2270,1258975233.391,7.523,33.917,0.978,Scattered_Light
2271,1258976382.031,9.29,23.057,0.983,Scattered_Light
2272,1258976721.344,9.688,29.711,0.963,Scattered_Light
2273,1258977069.094,8.792,3464.271,1.0,Low_Frequency_Burst
2274,1258978371.219,14.418,32.829,0.966,Scattered_Light
2275,1258978943.156,8.918,34.747,0.992,Scattered_Light
2276,1258980289.344,21.033,1644.648,1.0,Scattered_Light
2277,1258980404.781,18.167,2098.233,1.0,Scattered_Light
2278,1258980605.156,7521.859,3813.464,1.0,Extremely_Loud
2279,1258999464.109,18.877,3983.241,1.0,Scattered_Light
2280,1258999910.122,7.791,146.888,1.0,Blip
2281,1259000405.842,7.695,94.188,1.0,Blip
2282,1259000447.458,7.67,109.64,1.0,Blip
2283,1259000582.031,9.582,1604.103,0.981,Low_Frequency_Burst
2284,1259000836.344,13.141,3489.112,1.0,Low_Frequency_Burst
2285,1259000866.195,12.334,1393.351,0.998,Whistle
2286,1259000952.672,17.833,1462.128,1.0,Scattered_Light
2287,1259001644.539,10.261,3891.28,0.996,Whistle
2288,1259002075.008,10.189,3357.49,0.997,Whistle
2289,1259002461.063,15.986,2964.093,0.976,Scattered_Light
2290,1259002616.203,17.163,38.215,1.0,Scattered_Light
2291,1259003460.139,10.296,99.892,1.0,Blip
2292,1259003499.21,19.369,3416.224,1.0,Blip
2293,1259003719.765,7.735,3577.424,1.0,Blip
2294,1259003825.953,10.063,3729.802,0.942,Scattered_Light
2295,1259004161.969,17.164,32.829,1.0,Scattered_Light
2296,1259004344.719,13.333,1172.549,0.999,Scattered_Light
2297,1259004349.031,16.736,38.215,1.0,Scattered_Light
2298,1259004874.248,8.233,88.802,1.0,Blip
2299,1259005479.656,7.737,18.295,0.998,Low_Frequency_Lines
2300,1259005597.594,7.688,19.406,0.995,Low_Frequency_Lines
2301,1259006353.365,8.122,3998.194,1.0,Blip
2302,1259009165.628,18.527,248.315,1.0,Blip
2303,1259009474.578,12.166,2733.875,0.932,Scattered_Light
2304,1259010059.328,8.75,734.745,0.927,Scattered_Light
2305,1259010071.281,14.139,2710.574,1.0,Scattered_Light
2306,1259010296.984,7.93,2976.69,1.0,Air_Compressor
2307,1259010853.594,16.443,42.988,1.0,Scattered_Light
2308,1259012021.023,8.956,384.214,0.995,Whistle
2309,1259012127.094,9.289,24.263,0.939,Low_Frequency_Lines
2310,1259012863.656,14.822,30.952,1.0,Scattered_Light
2311,1259012874.844,13.924,2005.647,0.999,Scattered_Light
2312,1259013916.469,9.221,3728.798,0.977,Low_Frequency_Lines
2313,1259014106.313,15.253,2681.0,0.985,Low_Frequency_Lines
2314,1259015061.031,11.622,20.195,0.999,Low_Frequency_Lines
2315,1259015142.781,16.912,30.952,1.0,Scattered_Light
2316,1259015375.078,13.403,1707.97,0.994,Low_Frequency_Burst
2317,1259015778.92,96.955,1941.601,0.917,Extremely_Loud
2318,1259016260.406,8.29,20.195,0.926,Low_Frequency_Burst
2319,1259017726.283,10.558,3006.243,0.993,Tomte
2320,1259018413.281,21.489,3201.357,1.0,Scattered_Light
2321,1259018468.531,10.08,3881.874,0.977,Low_Frequency_Burst
2322,1259018695.795,7.679,68.391,1.0,Blip
2323,1259019585.406,19.5,2123.641,1.0,Scattered_Light
2324,1259020951.656,8.779,22.449,0.908,Scattered_Light
2325,1259020994.984,15.18,2634.428,0.984,Scattered_Light
2326,1259021380.906,21.26,31.956,1.0,Scattered_Light
2327,1259023701.656,7.73,425.74,0.999,Low_Frequency_Lines
2328,1259024889.113,9.707,73.85,0.976,Tomte
2329,1259025078.078,8.065,3985.119,0.909,Scattered_Light
2330,1259026668.031,17.907,36.338,1.0,Scattered_Light
2331,1259027117.895,20.915,73.85,0.999,Tomte
2332,1259028103.656,17.031,3815.129,1.0,Scattered_Light
2333,1259028354.891,15.593,3703.979,0.997,Scattered_Light
2334,1259028549.906,21.964,3582.116,1.0,Scattered_Light
2335,1259029669.121,9.033,75.727,0.949,Tomte
2336,1259030361.391,15.754,38.215,1.0,Scattered_Light
2337,1259030390.779,8.168,78.045,1.0,Blip
2338,1259032587.844,16.484,3703.979,0.996,Scattered_Light
2339,1259033060.844,15.387,1928.011,1.0,Scattered_Light
2340,1259033354.094,7.878,24.006,0.973,Scattered_Light
2341,1259034700.23,7.807,91.18,0.931,Blip
2342,1259034951.168,714.412,1087.004,1.0,Extremely_Loud
2343,1259035230.469,9.591,23.057,0.9,Scattered_Light
2344,1259036055.715,25.802,3983.241,0.998,Tomte
2345,1259036380.047,9.933,31.473,1.0,Scattered_Light
2346,1259036896.016,11.063,26.59,0.913,Scattered_Light
2347,1259037507.219,16.922,1936.424,1.0,Scattered_Light
2348,1259037859.063,9.469,3409.167,0.989,Low_Frequency_Lines
2349,1259037962.094,19.892,1928.011,1.0,Scattered_Light
2350,1259038132.156,11.952,3206.699,0.999,Scattered_Light
2351,1259038208.215,1058.315,3659.138,1.0,Extremely_Loud
2352,1259040738.521,7.635,68.391,1.0,Blip
2353,1259041324.219,11.395,28.467,0.992,Scattered_Light
2354,1259041552.322,7.698,123.333,1.0,Blip
2355,1259041950.734,8.367,3030.386,0.948,Low_Frequency_Burst
2356,1259042018.094,10.3,3813.464,0.939,Scattered_Light
2357,1259043283.781,13.31,26.59,0.985,Scattered_Light
2358,1259043531.781,12.118,28.467,0.998,Scattered_Light
2359,1259043675.063,8.039,42.703,0.907,Air_Compressor
2360,1259044050.344,10.185,3411.045,0.999,Scattered_Light
2361,1259044810.219,8.78,2970.542,0.982,Scattered_Light
2362,1259044987.219,25.336,221.823,1.0,Scattered_Light
2363,1259045306.906,16.865,3815.341,1.0,Scattered_Light
2364,1259045679.656,14.097,2733.875,1.0,Scattered_Light
2365,1259046578.094,7.87,46.701,1.0,Air_Compressor
2366,1259047271.135,7.815,3771.181,0.999,Blip
2367,1259048235.453,11.502,1269.412,1.0,Scattered_Light
2368,1259049211.781,8.14,28.439,1.0,Scattered_Light
2369,1259049328.969,7.544,2590.013,0.997,Air_Compressor
2370,1259049386.047,9.87,23.057,0.999,Low_Frequency_Burst
2371,1259049984.609,15.701,3872.13,0.901,Scattered_Light
2372,1259050094.516,8.061,23.057,0.952,Low_Frequency_Burst
2373,1259050853.115,11.631,2500.151,1.0,Blip
2374,1259050924.906,18.774,2565.872,1.0,Scattered_Light
2375,1259051463.906,9.628,32.7,0.999,Scattered_Light
2376,1259051978.729,8.497,71.925,1.0,Blip
2377,1259051986.701,9.009,80.907,1.0,Blip
2378,1259053352.447,9.452,78.045,0.946,Tomte
2379,1259053607.531,10.064,3133.541,0.967,Low_Frequency_Burst
2380,1259057159.217,8.384,3211.946,1.0,Blip
2381,1259057315.393,8.774,78.045,0.998,Blip
2382,1259057795.461,8.752,26.59,0.986,Low_Frequency_Burst
2383,1259058664.344,10.754,2409.4,0.992,Power_Line
2384,1259072116.516,7.743,46.695,1.0,Air_Compressor
2385,1259072319.453,7.849,57.94,0.912,Power_Line
2386,1259072763.781,8.292,66.15,0.998,Power_Line
2387,1259073410.285,7.844,63.212,0.949,Tomte
2388,1259073628.094,15.318,3985.119,1.0,Scattered_Light
2389,1259074422.922,8.668,23.057,0.994,Low_Frequency_Burst
2390,1259074728.128,7.576,116.29,1.0,Blip
2391,1259074765.154,10.575,89.302,0.989,Tomte
2392,1259075175.281,9.038,23.057,0.925,Low_Frequency_Burst
2393,1259075484.531,10.909,3985.119,0.99,Scattered_Light
2394,1259076366.469,14.425,2708.256,1.0,Scattered_Light
2395,1259076578.158,7.897,78.045,0.955,Blip
2396,1259076604.219,12.929,2674.583,1.0,Scattered_Light
2397,1259076834.188,9.646,2489.561,0.999,Low_Frequency_Lines
2398,1259076983.031,9.637,3985.119,0.999,Scattered_Light
2399,1259077161.594,6750.229,2634.428,1.0,Extremely_Loud
2400,1259077589.045,10.275,2920.99,0.91,Tomte
2401,1259077607.256,14.79,110.258,0.965,Blip
2402,1259077724.156,19.041,1966.782,1.0,Scattered_Light
2403,1259078062.594,10.824,3883.751,0.999,Scattered_Light
2404,1259078387.404,7.784,855.512,1.0,Blip
2405,1259078663.094,9.107,3883.751,0.935,Scattered_Light
2406,1259079017.557,7.922,65.53,0.999,Blip
2407,1259079910.338,7.668,1044.43,0.942,Tomte
2408,1259079984.291,7.606,80.907,1.0,Blip
2409,1259080758.453,7.675,23.057,0.982,Low_Frequency_Burst
2410,1259082094.813,10.526,3703.979,0.986,Low_Frequency_Lines
2411,1259082215.719,8.313,1017.824,0.921,Air_Compressor
2412,1259082580.127,9.96,78.045,0.938,Blip
2413,1259082990.719,8.481,3082.807,0.998,Scattered_Light
2414,1259083180.563,10.489,3881.874,0.994,Low_Frequency_Lines
2415,1259083795.344,18.655,2757.861,1.0,Scattered_Light
2416,1259084000.219,16.841,3369.126,1.0,Scattered_Light
2417,1259084004.271,9.885,93.497,1.0,Blip
2418,1259084124.985,14.58,2500.151,0.998,Blip
2419,1259084728.016,7.613,45.482,1.0,Air_Compressor
2420,1259085169.23,8.233,63.212,0.957,Tomte
2421,1259086025.906,21.518,38.215,1.0,Scattered_Light
2422,1259087229.264,7.619,58.255,1.0,Blip
2423,1259088166.307,7.634,84.44,0.999,Blip
2424,1259090089.684,11.033,73.85,0.947,Tomte
2425,1259090192.934,8.245,51.198,0.989,Tomte
2426,1259090435.65,9.419,89.302,0.95,Tomte
2427,1259090763.531,15.812,3240.109,1.0,Scattered_Light
2428,1259090898.582,7.59,89.302,0.939,Tomte
2429,1259091844.438,7.669,2651.144,1.0,Low_Frequency_Lines
2430,1259092416.752,7.775,90.968,0.979,Blip
2431,1259092487.215,8.948,1415.018,0.968,Tomte
2432,1259092838.033,8.966,89.302,0.918,Blip
2433,1259094321.281,8.146,3908.818,1.0,Low_Frequency_Lines
2434,1259094896.469,13.371,3983.241,0.999,Scattered_Light
2435,1259095135.719,21.475,2720.609,0.999,Scattered_Light
2436,1259095615.719,8.448,20.195,0.991,Low_Frequency_Lines
2437,1259096084.906,19.526,3703.979,1.0,Scattered_Light
2438,1259096827.234,15.06,30.952,0.948,Low_Frequency_Burst
2439,1259097138.922,20.01,2672.706,0.989,Scattered_Light
2440,1259098071.074,499.997,3945.854,1.0,Extremely_Loud
2441,1259098191.152,10.384,89.302,0.978,Tomte
2442,1259098210.031,9.01,1928.011,0.991,Low_Frequency_Lines
2443,1259101151.674,9.652,91.18,0.998,Blip
2444,1259101915.313,7.967,3240.109,0.986,Low_Frequency_Lines
2445,1259102530.219,8.334,3582.116,0.989,Low_Frequency_Lines
2446,1259103244.156,7.799,2731.998,0.997,Low_Frequency_Lines
2447,1259103666.656,7.901,3298.676,0.938,Low_Frequency_Lines
2448,1259103688.48,7.961,3728.798,0.902,Tomte
2449,1259103856.131,7.697,68.391,0.998,Blip
2450,1259103939.16,10.984,89.302,0.996,Tomte
2451,1259104656.531,8.556,20.838,0.948,Low_Frequency_Lines
2452,1259104756.101,7.791,143.579,0.999,Blip
2453,1259105379.043,485.149,3983.241,1.0,Extremely_Loud
2454,1259108005.281,10.151,131.936,0.907,Scattered_Light
2455,1259110967.598,239.602,550.03,1.0,Extremely_Loud
2456,1259111374.344,10.336,23.057,0.942,Low_Frequency_Lines
2457,1259113893.082,8.172,61.335,0.993,Tomte
2458,1259116058.219,8.881,3490.641,0.953,Low_Frequency_Lines
2459,1259117144.969,11.564,3983.241,0.979,Low_Frequency_Burst
2460,1259119105.781,7.53,17.877,0.997,Low_Frequency_Burst
2461,1259120841.969,9.341,2195.579,0.984,Low_Frequency_Burst
2462,1259120943.605,1772.192,3799.787,1.0,Extremely_Loud
2463,1259122098.563,8.385,2757.861,0.96,Low_Frequency_Lines
2464,1259124496.172,10.1,882.203,0.997,Low_Frequency_Burst
2465,1259125251.777,10.477,73.85,0.987,Tomte
2466,1259127209.631,8.135,61.335,0.939,Tomte
2467,1259128923.459,8.716,50.045,0.927,Blip
2468,1259135350.457,7.799,51.198,0.962,Tomte
2469,1259146983.648,10.662,330.175,1.0,Whistle
2470,1259147662.824,10.989,3464.271,0.991,Tomte
2471,1259147813.846,9.447,78.045,0.996,Blip
2472,1259149653.816,9.251,3983.241,0.992,Tomte
2473,1259150620.539,9.03,386.276,0.998,Whistle
2474,1259150989.129,9.117,61.335,0.992,Tomte
2475,1259151060.406,14.23,26.59,0.979,Low_Frequency_Lines
2476,1259151771.348,8.478,52.202,0.959,Tomte
2477,1259152341.855,8.465,61.335,0.997,Tomte
2478,1259152745.508,7.916,297.162,0.983,Whistle
2479,1259154788.503,20.53,836.138,0.998,Blip
2480,1259156538.129,7.778,73.85,0.966,Tomte
2481,1259158285.535,9.755,61.335,1.0,Tomte
2482,1259158840.717,7.597,78.045,1.0,Blip
2483,1259159886.043,12.208,89.302,0.999,Tomte
2484,1259161888.912,10.819,3409.167,0.994,Tomte
2485,1259161895.379,9.874,73.85,0.998,Tomte
2486,1259163560.375,7.581,20.411,0.996,Low_Frequency_Lines
2487,1259164710.031,8.968,2360.253,0.998,Low_Frequency_Lines
2488,1259164713.393,8.16,61.335,0.976,Tomte
2489,1259165092.855,9.032,61.335,0.935,Tomte
2490,1259166241.723,427.576,1563.095,1.0,Extremely_Loud
2491,1259167160.691,8.452,294.502,0.956,Whistle
2492,1259167222.27,12.941,89.302,0.998,Tomte
2493,1259168182.09,10.343,3490.641,0.997,Tomte
2494,1259169227.119,8.902,73.85,0.991,Tomte
2495,1259169886.613,8.775,53.145,0.962,Blip
2496,1259172833.945,11.325,334.594,0.999,Whistle
2497,1259172930.425,9.174,146.888,1.0,Blip
2498,1259173687.121,8.341,51.198,0.988,Tomte
2499,1259173990.83,7.725,2968.288,0.927,Blip
2500,1259179524.77,7.66,1669.408,0.986,Air_Compressor
2501,1259179758.313,7.658,44.688,0.972,Air_Compressor
2502,1259181654.472,11.743,168.075,1.0,Blip
2503,1259182852.092,10.761,73.85,0.942,Tomte
2504,1259184166.299,7.907,58.255,0.919,Blip
2505,1259185881.16,7.743,73.85,0.989,Tomte
2506,1259187826.887,7.675,61.335,0.999,Tomte
2507,1259196061.871,7.987,61.335,0.998,Tomte
2508,1259196102.688,7.532,2770.378,0.999,Low_Frequency_Lines
2509,1259196351.826,9.001,89.302,0.916,Blip
2510,1259197005.805,7.688,47.964,0.996,Air_Compressor
2511,1259198013.227,7.766,73.85,0.998,Tomte
2512,1259199689.053,8.077,63.212,0.952,Blip
2513,1259199715.115,10.0,73.85,0.996,Tomte
2514,1259201813.629,7.795,53.578,0.984,Air_Compressor
2515,1259204886.215,8.378,61.335,0.999,Tomte
2516,1259207974.287,9.791,71.925,1.0,Blip
2517,1259208267.255,12.45,2666.003,1.0,Blip
2518,1259209982.848,11.507,73.85,0.999,Tomte
2519,1259210504.094,7.542,50.112,0.973,Air_Compressor
2520,1259211059.111,11.301,89.302,0.971,Tomte
2521,1259211094.105,8.959,89.302,0.958,Tomte
2522,1259212277.131,8.539,3597.068,0.996,Blip
2523,1259212470.955,7.818,71.925,0.998,Blip
2524,1259215668.703,8.221,57.94,0.993,Power_Line
2525,1259229273.061,9.805,89.302,0.91,Tomte
2526,1259230084.893,8.043,61.335,0.992,Tomte
2527,1259230237.113,13.094,73.85,0.987,Tomte
2528,1259230321.154,15.743,108.381,0.961,Tomte
2529,1259230387.832,13.376,108.381,0.929,Tomte
2530,1259230626.092,10.683,89.302,0.955,Tomte
2531,1259231256.006,11.742,110.258,0.953,Blip
2532,1259231470.525,8.456,93.497,0.994,Blip
2533,1259231893.973,12.488,3983.241,0.989,Tomte
2534,1259231929.393,8.014,78.045,0.993,Blip
2535,1259232481.789,10.959,293.482,0.999,Whistle
2536,1259234297.52,10.382,61.335,0.999,Tomte
2537,1259234300.217,12.59,108.381,0.952,Tomte
2538,1259234595.521,8.708,84.44,1.0,Blip
2539,1259235268.058,8.373,135.368,1.0,Blip
2540,1259235389.146,12.585,110.258,0.989,Tomte
2541,1259236135.654,11.003,89.302,0.987,Tomte
2542,1259240799.145,9.768,89.302,0.964,Tomte
2543,1259241323.154,9.033,78.045,0.992,Blip
2544,1259242385.158,8.591,75.727,0.976,Blip
2545,1259242447.301,9.537,162.034,0.999,Tomte
2546,1259244329.114,7.827,128.719,1.0,Blip
2547,1259245038.531,10.719,20.195,0.988,Low_Frequency_Burst
2548,1259245124.375,7.831,3728.798,0.999,Low_Frequency_Lines
2549,1259245427.115,8.567,73.85,0.956,Tomte
2550,1259246192.707,1120.303,2378.556,0.988,Extremely_Loud
2551,1259246378.188,11.527,3983.241,0.918,Low_Frequency_Lines
2552,1259246810.438,7.83,3409.167,0.995,Low_Frequency_Lines
2553,1259246813.971,8.013,71.925,1.0,Blip
2554,1259306513.482,7.52,99.892,1.0,Blip
2555,1259307046.91,11.307,3212.111,0.971,Whistle
2556,1259307322.188,8.261,19.406,0.921,Low_Frequency_Lines
2557,1259307385.959,7.689,78.045,0.998,Blip
2558,1259307418.594,7.689,20.838,0.963,Low_Frequency_Burst
2559,1259307454.055,11.42,315.294,0.998,Whistle
2560,1259308759.342,9.789,96.359,1.0,Blip
2561,1259325514.965,12.18,108.381,0.998,Tomte
2562,1259325571.684,9.937,73.85,0.996,Tomte
2563,1259325901.926,13.784,3307.927,0.998,Tomte
2564,1259328939.41,8.583,75.727,0.947,Tomte
2565,1259329105.941,8.274,61.335,0.993,Tomte
2566,1259329304.584,8.116,68.391,1.0,Blip
2567,1259330869.184,12.135,63.212,0.991,Tomte
2568,1259331889.268,9.835,108.381,0.986,Tomte
2569,1259332857.367,7.575,23.057,1.0,Low_Frequency_Burst
2570,1259334523.164,7.631,89.302,0.996,Tomte
2571,1259335006.508,8.206,2402.539,0.999,Low_Frequency_Burst
2572,1259335391.068,9.019,78.045,0.978,Blip
2573,1259335492.844,10.01,1120.991,0.904,Low_Frequency_Lines
2574,1259336960.156,9.296,1245.609,0.995,Air_Compressor
2575,1259337575.625,8.075,2378.556,0.913,Low_Frequency_Lines
2576,1259337623.093,7.6,487.975,0.994,Blip
2577,1259338554.428,8.277,556.315,0.998,Blip
2578,1259338974.803,13.534,3307.927,0.996,Tomte
2579,1259339094.74,12.157,89.302,0.977,Tomte
2580,1259340480.844,9.516,23.057,0.993,Low_Frequency_Burst
2581,1259340823.033,7.711,2779.963,1.0,Blip
2582,1259341300.996,8.549,78.045,0.969,Blip
2583,1259341316.207,9.971,61.335,0.997,Tomte
2584,1259341491.451,9.08,73.85,0.997,Tomte
2585,1259342719.777,10.034,91.18,0.991,Tomte
2586,1259345288.131,12.626,89.302,0.972,Tomte
2587,1259345463.497,9.537,211.877,1.0,Blip
2588,1259346995.072,12.426,108.381,0.943,Tomte
2589,1259350368.15,14.191,108.381,0.995,Tomte
2590,1259350917.268,9.551,61.335,0.969,Tomte
2591,1259351308.762,10.599,73.85,0.997,Tomte
2592,1259352854.551,9.863,89.302,0.996,Tomte
2593,1259352948.535,11.031,89.302,0.996,Tomte
2594,1259354336.989,7.937,93.497,0.946,Blip
2595,1259354372.822,7.695,76.287,1.0,Blip
2596,1259354858.947,9.288,75.727,0.938,Blip
2597,1259355869.373,10.994,89.302,0.988,Tomte
2598,1259358767.051,9.1,89.302,0.999,Tomte
2599,1259359079.709,13.933,3582.116,0.932,Tomte
2600,1259361357.504,311.447,3551.692,0.993,Extremely_Loud
2601,1259362401.816,12.394,1644.648,1.0,Tomte
2602,1259362838.746,467.436,3983.241,1.0,Extremely_Loud
2603,1259363018.527,10.82,61.335,0.988,Tomte
2604,1259363715.229,8.119,3813.464,0.981,Tomte
2605,1259363780.785,8.891,2964.093,0.995,Tomte
2606,1259363860.293,14.2,73.85,0.995,Tomte
2607,1259364664.121,11.277,73.85,0.994,Tomte
2608,1259365016.16,10.096,73.85,0.999,Tomte
2609,1259365102.613,9.629,914.134,0.975,Tomte
2610,1259365115.1,9.228,73.85,0.912,Tomte
2611,1259365735.613,8.034,61.335,0.994,Tomte
2612,1259365887.418,9.204,73.85,0.996,Tomte
2613,1259366043.209,10.04,89.302,0.997,Tomte
2614,1259366190.838,8.425,78.045,0.993,Blip
2615,1259366429.492,8.144,73.85,0.997,Tomte
2616,1259366849.137,11.402,73.85,0.972,Tomte
2617,1259366940.675,10.994,3489.112,0.979,Blip
2618,1259367152.582,9.836,3590.782,0.967,Tomte
2619,1259367259.225,9.355,89.302,0.965,Tomte
2620,1259367305.262,15.956,108.381,0.996,Tomte
2621,1259367929.768,8.585,3835.788,0.997,Blip
2622,1259372375.633,7.749,53.578,0.993,Air_Compressor
2623,1259373777.469,10.698,2081.292,0.999,Low_Frequency_Lines
2624,1259374550.918,9.841,73.85,0.998,Tomte
2625,1259374897.553,10.335,73.85,0.984,Tomte
2626,1259374971.629,8.02,3983.241,0.982,Tomte
2627,1259375343.85,10.915,73.85,0.982,Tomte
2628,1259375503.881,8.676,912.972,0.938,Tomte
2629,1259375722.974,9.729,916.011,0.999,Blip
2630,1259376339.322,10.685,89.302,0.941,Tomte
2631,1259376375.865,8.564,84.44,1.0,Blip
2632,1259377259.621,7.82,761.484,0.997,Tomte
2633,1259379591.996,8.431,63.212,0.94,Tomte
2634,1259379766.988,7.996,61.335,0.983,Tomte
2635,1259380223.563,7.988,3409.167,0.964,Low_Frequency_Lines
2636,1259380376.113,12.297,89.302,0.994,Tomte
2637,1259382078.913,9.817,142.526,0.999,Blip
2638,1259383639.73,11.708,61.335,0.977,Tomte
2639,1259385040.145,8.656,61.335,0.909,Tomte
2640,1259385349.325,27.631,165.213,0.986,Blip
2641,1259386247.605,11.862,89.302,0.905,Tomte
2642,1259386817.449,10.324,73.85,0.997,Tomte
2643,1259388229.809,10.436,519.462,0.988,Tomte
2644,1259388885.516,12.802,30.952,0.986,Low_Frequency_Burst
2645,1259389076.086,9.544,89.302,0.998,Tomte
2646,1259389380.59,11.81,1928.011,0.975,Tomte
2647,1259389936.219,8.148,20.838,0.995,Low_Frequency_Burst
2648,1259416452.066,11.971,89.302,0.999,Tomte
2649,1259416653.64,8.091,108.381,0.981,Blip
2650,1259417180.83,12.759,3427.638,0.907,Tomte
2651,1259417219.658,10.717,1646.525,0.998,Blip
2652,1259417264.955,9.783,93.497,1.0,Blip
2653,1259417327.961,8.961,2535.509,0.971,Whistle
2654,1259417370.789,13.206,2985.483,0.999,Whistle
2655,1259417446.07,8.35,3201.357,0.991,Tomte
2656,1259417523.576,12.175,89.302,0.965,Tomte
2657,1259417649.355,10.222,85.704,0.999,Tomte
2658,1259417660.346,10.744,1463.132,0.997,Blip
2659,1259417670.615,8.014,80.907,1.0,Blip
2660,1259419592.217,9.122,3036.936,0.997,Blip
2661,1259419854.98,8.8,61.335,0.991,Tomte
2662,1259420174.273,12.265,336.202,0.999,Whistle
2663,1259420200.762,8.809,61.335,1.0,Tomte
2664,1259420304.783,7.862,78.045,1.0,Blip
2665,1259420390.117,20.643,3929.399,1.0,Whistle
2666,1259420832.701,10.609,168.075,1.0,Blip
2667,1259420929.27,8.025,61.335,0.998,Tomte
2668,1259420953.403,7.53,89.302,0.935,Blip
2669,1259420986.059,13.518,89.302,0.998,Tomte
2670,1259421133.73,8.555,293.569,0.997,Whistle
2671,1259421214.695,10.45,295.586,0.993,Whistle
2672,1259421399.785,8.011,53.075,0.995,Tomte
2673,1259421883.615,8.189,73.85,0.968,Tomte
2674,1259422369.223,14.494,108.381,0.999,Tomte
2675,1259422907.59,14.033,108.381,0.998,Tomte
2676,1259423020.051,11.056,591.806,0.998,Tomte
2677,1259423127.471,13.458,89.302,0.98,Tomte
2678,1259423417.809,13.678,108.381,0.992,Tomte
2679,1259423899.771,17.399,2634.428,0.958,Tomte
2680,1259424091.436,11.213,108.381,0.993,Tomte
2681,1259424250.076,8.811,89.302,0.995,Tomte
2682,1259424394.312,9.083,104.255,1.0,Blip
2683,1259424472.283,8.69,93.497,1.0,Blip
2684,1259424477.878,26.374,550.03,0.963,Blip
2685,1259424507.732,8.576,65.53,0.957,Blip
2686,1259424828.066,7.946,61.335,0.999,Tomte
2687,1259424962.463,9.485,89.302,0.93,Tomte
2688,1259425432.71,9.11,131.936,0.908,Blip
2689,1259425993.592,9.034,78.045,0.994,Blip
2690,1259426187.457,8.91,61.335,0.948,Tomte
2691,1259426292.504,8.795,73.85,0.972,Tomte
2692,1259426384.645,9.594,73.85,0.989,Tomte
2693,1259427474.059,9.294,61.335,0.999,Tomte
2694,1259427531.389,8.617,3409.167,0.949,Tomte
2695,1259428759.439,10.823,108.381,0.938,Blip
2696,1259429144.48,8.461,3138.049,0.969,Tomte
2697,1259429325.855,7.619,3956.607,0.984,Whistle
2698,1259431311.268,9.568,89.302,0.997,Blip
2699,1259432080.281,11.014,3176.615,0.999,Low_Frequency_Burst
2700,1259432464.563,8.478,2930.829,0.965,Low_Frequency_Lines
2701,1259432978.958,7.947,152.274,1.0,Blip
2702,1259433088.693,7.738,65.53,0.995,Blip
2703,1259433276.506,12.375,89.302,0.98,Tomte
2704,1259433297.412,7.673,71.925,1.0,Blip
2705,1259433324.135,9.554,110.258,0.997,Blip
2706,1259433403.369,7.917,3003.837,0.933,Blip
2707,1259433551.969,8.226,20.838,0.904,Low_Frequency_Lines
2708,1259433580.053,8.783,96.359,0.994,Blip
2709,1259433600.771,11.376,112.576,0.999,Blip
2710,1259433608.029,12.652,108.381,0.957,Tomte
2711,1259434030.781,9.34,65.809,0.961,Low_Frequency_Burst
2712,1259434489.35,7.798,78.045,0.999,Blip
2713,1259435142.776,31.877,3987.436,0.996,Blip
2714,1259436008.166,14.308,3703.979,0.989,Tomte
2715,1259436220.744,11.327,89.302,0.999,Tomte
2716,1259438633.233,11.369,3874.264,0.952,Blip
2717,1259439116.031,12.692,26.59,0.955,Low_Frequency_Burst
2718,1259439565.219,9.732,3582.116,0.991,Low_Frequency_Lines
2719,1259439591.002,8.204,104.255,1.0,Blip
2720,1259439875.861,7.785,104.255,0.999,Blip
2721,1259439881.355,7.795,61.335,0.996,Tomte
2722,1259440177.219,7.679,2378.556,0.995,Low_Frequency_Lines
2723,1259440226.611,112.996,1775.626,0.998,Extremely_Loud
2724,1259440522.273,7.726,20.838,1.0,Low_Frequency_Burst
2725,1259440602.594,20.781,3703.979,0.995,Low_Frequency_Burst
2726,1259441207.463,9.874,110.258,0.975,Blip
2727,1259441521.688,8.76,3983.241,1.0,Low_Frequency_Lines
2728,1259441951.189,8.67,96.359,1.0,Blip
2729,1259442082.967,12.288,2441.856,0.979,Blip
2730,1259442297.521,9.877,89.302,0.905,Tomte
2731,1259442545.725,13.173,1936.424,0.992,Tomte
2732,1259443370.719,9.434,3680.246,0.993,Low_Frequency_Burst
2733,1259443584.941,116.966,1203.208,1.0,Extremely_Loud
2734,1259443709.721,11.847,248.315,1.0,Blip
2735,1259444363.391,11.714,1928.011,1.0,Low_Frequency_Burst
2736,1259444424.563,8.428,18.295,0.998,Low_Frequency_Lines
2737,1259445005.354,9.378,91.18,0.932,Blip
2738,1259445172.063,10.206,3983.241,0.916,Low_Frequency_Lines
2739,1259445583.139,7.651,118.971,0.991,Blip
2740,1259445667.573,8.151,2785.846,0.985,Blip
2741,1259445840.848,10.615,89.302,0.99,Tomte
2742,1259445876.025,7.924,112.576,1.0,Blip
2743,1259446017.26,10.708,108.381,0.993,Tomte
2744,1259446075.584,7.865,112.576,0.972,Blip
2745,1259446439.859,11.888,3267.727,0.966,Low_Frequency_Burst
2746,1259446464.33,10.159,110.258,0.999,Blip
2747,1259447011.826,7.669,84.44,1.0,Blip
2748,1259447376.084,7.542,78.045,1.0,Blip
2749,1259448427.344,8.082,3133.541,0.992,Low_Frequency_Lines
2750,1259448784.057,8.315,370.631,1.0,Blip
2751,1259449493.604,10.073,75.727,0.906,Blip
2752,1259449522.03,8.435,115.437,1.0,Blip
2753,1259449657.623,8.196,84.44,1.0,Blip
2754,1259449884.377,8.28,80.907,1.0,Blip
2755,1259450293.65,10.252,91.18,0.971,Blip
2756,1259450794.221,8.452,110.258,0.964,Blip
2757,1259451485.105,15.967,108.381,0.998,Tomte
2758,1259451498.389,9.92,90.378,0.952,Blip
2759,1259451989.535,7.816,2757.861,0.991,Tomte
2760,1259453166.566,16.012,2706.379,0.997,Tomte
2761,1259457944.406,7.504,23.057,0.997,Low_Frequency_Burst
2762,1259459045.594,8.137,20.195,0.953,Low_Frequency_Lines
2763,1259459912.031,9.015,2849.41,0.964,Power_Line
2764,1259459957.769,11.588,133.813,0.989,Blip
2765,1259460242.571,7.659,138.993,1.0,Blip
2766,1259460897.342,12.427,3582.116,0.941,Tomte
2767,1259460918.732,7.617,76.287,0.925,Blip
2768,1259461119.844,9.15,23.057,0.998,Low_Frequency_Burst
2769,1259461607.531,8.209,2823.051,0.993,Low_Frequency_Lines
2770,1259461716.781,8.519,20.195,0.914,Low_Frequency_Lines
2771,1259461820.717,7.588,112.576,0.997,Blip
2772,1259461848.689,9.126,89.302,0.955,Tomte
2773,1259461862.21,8.779,3558.963,0.967,Blip
2774,1259462071.4,7.621,78.045,0.979,Blip
2775,1259462157.963,7.935,78.045,0.996,Blip
2776,1259462309.262,9.234,695.968,0.938,Tomte
2777,1259462386.48,11.59,61.335,0.995,Tomte
2778,1259466702.441,10.534,1374.535,0.994,Tomte
2779,1259466923.904,8.107,112.576,1.0,Blip
2780,1259467015.717,13.326,131.936,0.988,Tomte
2781,1259467036.275,8.713,80.907,0.999,Blip
2782,1259467695.252,15.076,89.302,0.998,Tomte
2783,1259467945.604,10.559,110.258,0.997,Blip
2784,1259468125.08,7.596,80.907,1.0,Blip
2785,1259468638.781,9.434,1563.095,0.998,Low_Frequency_Burst
2786,1259469264.161,8.182,161.899,0.999,Blip
2787,1259469449.594,9.303,3764.125,1.0,Low_Frequency_Burst
2788,1259469468.064,11.377,110.258,0.961,Blip
2789,1259469504.055,8.803,3813.464,0.93,Tomte
2790,1259469879.859,8.288,53.292,0.972,Air_Compressor
2791,1259470054.531,9.164,18.134,0.999,Low_Frequency_Burst
2792,1259470642.344,10.731,2158.844,0.924,Low_Frequency_Lines
2793,1259471526.938,12.543,118.78,0.998,Power_Line
2794,1259472137.406,11.374,23.057,0.969,Low_Frequency_Lines
2795,1259472219.982,8.365,2638.623,0.997,Blip
2796,1259472398.854,7.891,91.18,0.969,Blip
2797,1259475042.912,10.845,89.302,0.945,Tomte
2798,1259475106.813,14.266,25.298,0.97,Low_Frequency_Burst
2799,1259476032.588,9.909,75.727,0.918,Blip
2800,1259476491.428,14.877,131.936,0.943,Tomte
2801,1259477227.273,315.153,3983.241,0.969,Extremely_Loud
2802,1259478168.799,7.613,89.302,0.966,Tomte
2803,1259478744.832,9.849,73.85,0.928,Tomte
2804,1259478940.395,10.911,108.381,0.939,Tomte
2805,1259479016.715,7.52,108.381,0.99,Tomte
2806,1259480125.58,24.555,3950.049,0.97,Blip
2807,1259480620.551,11.756,2964.093,1.0,Tomte
2808,1259481185.306,7.806,136.131,1.0,Blip
2809,1259481561.76,9.18,89.302,0.972,Tomte
2810,1259481979.725,108.391,295.994,0.998,Extremely_Loud
2811,1259482256.299,9.705,3352.189,0.996,Blip
2812,1259482526.229,9.136,89.302,0.902,Tomte
2813,1259482853.002,9.808,110.258,0.999,Blip
2814,1259483240.582,9.738,3764.125,0.968,Tomte
2815,1259485781.156,9.828,2964.093,0.996,Low_Frequency_Burst
2816,1259486461.287,12.896,108.381,0.95,Tomte
2817,1259487295.656,9.444,56.014,1.0,Power_Line
2818,1259488068.836,14.665,699.828,0.904,Whistle
2819,1259488855.521,7.894,50.045,0.99,Blip
2820,1259492307.641,7.554,1299.963,0.983,Low_Frequency_Burst
2821,1259498006.188,9.039,3350.311,0.963,Low_Frequency_Burst
2822,1259504049.961,9.372,265.147,0.976,Whistle
2823,1259504592.914,12.146,357.194,0.998,Whistle
2824,1259504701.344,10.593,2819.014,0.997,Low_Frequency_Burst
2825,1259505187.352,13.251,328.463,0.999,Whistle
2826,1259505692.075,346.735,3983.241,1.0,Extremely_Loud
2827,1259519061.949,14.621,73.85,0.998,Tomte
2828,1259519490.906,12.143,23.057,1.0,Low_Frequency_Burst
2829,1259521608.313,10.328,1760.511,1.0,Power_Line
2830,1259526234.62,7.583,94.188,1.0,Blip
2831,1259526507.688,9.188,2098.233,0.995,Low_Frequency_Lines
2832,1259526828.086,1786.686,3983.241,1.0,Extremely_Loud
2833,1259527191.43,8.759,3983.241,1.0,Low_Frequency_Burst
2834,1259527386.719,9.515,61.086,1.0,Power_Line
2835,1259529159.324,2560.762,3582.116,1.0,Extremely_Loud
2836,1259529972.813,9.036,1338.059,0.987,Low_Frequency_Lines
2837,1259530375.891,8.717,201.363,1.0,Low_Frequency_Burst
2838,1259531222.281,7.668,18.295,0.958,Low_Frequency_Burst
2839,1259531377.891,8.585,59.16,1.0,Power_Line
2840,1259531721.469,12.306,3881.874,0.998,Low_Frequency_Burst
2841,1259532667.719,12.799,26.59,0.97,Low_Frequency_Burst
2842,1259532922.063,8.533,26.463,0.914,Low_Frequency_Burst
2843,1259533293.688,13.197,813.082,0.987,Low_Frequency_Lines
2844,1259535078.094,8.169,3983.241,0.99,Low_Frequency_Lines
2845,1259535619.711,8.283,3703.979,1.0,Low_Frequency_Burst
2846,1259536942.094,11.442,1775.626,0.951,Low_Frequency_Burst
2847,1259537655.406,8.709,20.195,0.995,Low_Frequency_Lines
2848,1259537850.156,9.296,1835.895,0.96,Low_Frequency_Lines
2849,1259538062.641,8.37,20.195,1.0,Low_Frequency_Burst
2850,1259538073.438,8.205,18.295,0.999,Low_Frequency_Lines
2851,1259540425.137,9.668,63.212,0.986,Tomte
2852,1259540519.613,677.814,3983.241,1.0,Extremely_Loud
2853,1259541157.844,7.608,19.406,0.985,Low_Frequency_Lines
2854,1259541323.844,9.018,3813.464,0.983,Low_Frequency_Burst
2855,1259542648.094,8.407,2486.379,1.0,Low_Frequency_Lines
2856,1259546398.906,13.748,534.169,0.926,Low_Frequency_Burst
2857,1259548933.146,10.558,2491.438,0.932,Tomte
2858,1259551762.896,12.084,196.925,0.951,Blip
2859,1259552165.156,8.627,20.195,0.911,Low_Frequency_Lines
2860,1259555262.125,12.022,1172.549,0.909,Low_Frequency_Lines
2861,1259555420.113,7.71,53.578,0.975,Blip
2862,1259557263.805,7.864,20.195,0.998,Low_Frequency_Burst
2863,1259558361.719,12.908,1267.535,0.914,Low_Frequency_Burst
2864,1259560082.656,13.428,3201.357,0.933,Low_Frequency_Burst
2865,1259560534.906,7.804,20.195,0.969,Low_Frequency_Lines
2866,1259590483.089,10.686,334.827,1.0,Blip
2867,1259598330.875,23.455,2081.292,0.999,Low_Frequency_Burst
2868,1259601526.947,7.7,78.045,0.999,Blip
2869,1259602654.263,34.129,2746.944,0.974,Power_Line
2870,1259604633.656,7.941,1043.337,0.999,Air_Compressor
2871,1259604804.444,20.287,245.453,0.997,Blip
2872,1259605616.172,164.537,3983.241,0.997,Extremely_Loud
2873,1259608765.063,7.7,23.057,0.998,Low_Frequency_Lines
2874,1259612013.344,7.519,1606.482,0.981,Low_Frequency_Lines
2875,1259612321.275,12.596,681.417,0.993,Blip
2876,1259613406.004,348.104,3764.125,0.983,Extremely_Loud
2877,1259613846.438,8.038,2964.093,0.997,Low_Frequency_Lines
2878,1259614222.076,7.676,76.287,1.0,Blip
2879,1259616517.031,7.561,20.838,0.986,Low_Frequency_Lines
2880,1259619727.219,8.385,1028.149,0.999,Low_Frequency_Lines
2881,1259620522.594,8.155,3409.167,0.987,Low_Frequency_Lines
2882,1259620582.469,8.495,20.838,0.973,Low_Frequency_Lines
2883,1259620834.781,7.708,20.195,0.973,Low_Frequency_Lines
2884,1259624170.906,7.74,20.195,0.997,Low_Frequency_Lines
2885,1259624925.344,9.491,447.013,0.979,Low_Frequency_Lines
2886,1259629818.021,8.435,109.64,0.998,Blip
2887,1259630105.313,9.413,20.195,1.0,Low_Frequency_Lines
2888,1259630347.844,8.475,34.098,0.999,Low_Frequency_Lines
2889,1259633678.629,11.286,89.302,0.971,Tomte
2890,1259634790.141,8.828,2378.556,0.998,Low_Frequency_Burst
2891,1259639410.438,8.762,20.411,0.961,Low_Frequency_Lines
2892,1259642466.625,7.778,20.838,1.0,Scattered_Light
2893,1259643653.594,9.201,2378.556,0.982,Low_Frequency_Lines
2894,1259644033.426,658.022,363.574,1.0,Extremely_Loud
2895,1259645341.597,12.3,256.21,1.0,Blip
2896,1259646601.089,8.644,118.971,1.0,Blip
2897,1259650808.188,122.604,3728.798,0.999,Extremely_Loud
2898,1259651431.938,7.941,816.628,0.998,Low_Frequency_Lines
2899,1259651886.891,8.074,26.59,0.981,Low_Frequency_Burst
2900,1259655793.316,7.888,51.198,0.967,Tomte
2901,1259657285.231,19.906,245.453,0.999,Blip
2902,1259658538.127,5276.119,3945.854,1.0,Extremely_Loud
2903,1259660171.094,12.394,37.374,0.938,Low_Frequency_Burst
2904,1259660839.684,7.897,61.788,0.995,Blip
2905,1259663388.313,9.19,3350.311,0.982,Low_Frequency_Lines
2906,1259664436.094,7.804,20.838,0.962,Low_Frequency_Lines
2907,1259665037.934,286.705,241.258,1.0,Extremely_Loud
2908,1259665682.502,7.758,99.892,1.0,Blip
2909,1259668465.02,59560.609,3983.241,1.0,Extremely_Loud
2910,1259670360.625,8.298,3704.983,0.993,Low_Frequency_Lines
2911,1259672354.313,8.364,34.098,0.928,Low_Frequency_Lines
2912,1259673895.203,11.491,23.057,0.997,Low_Frequency_Burst
2913,1259677853.508,23.473,2547.411,0.997,Whistle
2914,1259677947.961,27.972,2834.458,0.985,Whistle
2915,1259678406.875,8.823,3983.241,0.909,Low_Frequency_Lines
2916,1259680418.986,7.805,88.802,1.0,Blip
2917,1259683253.613,131.675,161.018,0.979,Extremely_Loud
2918,1259686684.965,1506.45,3945.854,1.0,Extremely_Loud
2919,1259687399.125,43.392,248.792,0.975,Extremely_Loud
2920,1259687419.521,31281.18,3983.241,1.0,Extremely_Loud
2921,1259687425.515,36837.641,3983.241,1.0,Extremely_Loud
2922,1259688742.438,7.764,20.195,0.986,Low_Frequency_Lines
2923,1259690252.899,7.689,109.64,1.0,Blip
2924,1259691730.344,11.365,2823.051,0.992,Low_Frequency_Lines
2925,1259693234.594,8.316,3703.979,0.985,Low_Frequency_Burst
2926,1259694399.938,8.865,602.944,0.999,Low_Frequency_Lines
2927,1259699000.938,9.24,85.551,0.92,Low_Frequency_Lines
2928,1259699399.863,106.412,161.018,0.994,Extremely_Loud
2929,1259699750.719,8.47,46.928,0.998,Air_Compressor
2930,1259700189.438,7.562,1042.756,0.999,Low_Frequency_Lines
2931,1259702654.125,7.617,3881.874,0.919,Low_Frequency_Lines
2932,1259707567.09,276.468,2706.379,0.957,Extremely_Loud
2933,1259709228.813,9.619,20.195,0.999,Low_Frequency_Lines
2934,1259710565.438,7.573,23.057,0.991,Low_Frequency_Lines
2935,1259711662.281,7.719,20.195,0.993,Low_Frequency_Lines
2936,1259712252.852,8.912,331.192,0.997,Blip
2937,1259712672.756,8.3,3397.493,0.972,Blip
2938,1259715518.732,19.084,89.302,0.947,Tomte
2939,1259720288.438,7.575,1267.535,1.0,Low_Frequency_Lines
2940,1259723504.063,8.887,3250.656,0.991,Low_Frequency_Lines
2941,1259724935.188,9.11,1644.648,0.995,Low_Frequency_Lines
2942,1259726830.629,105.154,3582.116,1.0,Extremely_Loud
2943,1259727527.938,11.562,20.838,0.96,Low_Frequency_Lines
2944,1259727588.84,22.931,3329.919,0.923,Tomte
2945,1259730944.813,11.153,1172.549,0.942,Low_Frequency_Lines
2946,1259731196.656,8.792,3835.788,0.993,Low_Frequency_Lines
2947,1259734195.844,8.06,20.838,0.999,Low_Frequency_Lines
2948,1259743249.186,10.275,712.42,1.0,Blip
2949,1259743644.688,7.829,2489.561,1.0,Low_Frequency_Lines
2950,1259744469.188,8.601,20.195,0.997,Low_Frequency_Lines
2951,1259747151.938,7.749,3464.271,0.964,Low_Frequency_Lines
2952,1259749287.969,10.245,3993.831,0.999,Air_Compressor
2953,1259750126.984,8.173,3206.699,0.971,Low_Frequency_Burst
2954,1259752077.906,8.512,227.261,0.99,Low_Frequency_Lines
2955,1259754361.564,185.482,295.994,1.0,Extremely_Loud
2956,1259754362.184,277.626,131.936,1.0,Extremely_Loud
2957,1259754691.545,7.819,136.131,0.999,Blip
2958,1259755826.313,10.931,1267.535,0.999,Low_Frequency_Lines
2959,1259757426.779,17.477,3523.706,0.992,Tomte
2960,1259758276.813,7.69,20.195,0.985,Low_Frequency_Lines
2961,1259761222.215,11.283,2378.556,0.995,Tomte
2962,1259764272.094,9.728,20.195,0.974,Low_Frequency_Burst
2963,1259769300.156,9.381,3881.874,0.996,Low_Frequency_Lines
2964,1259769788.047,7.838,3659.138,0.969,Low_Frequency_Burst
2965,1259770384.594,9.921,2783.969,0.982,Low_Frequency_Lines
2966,1259771632.75,7.627,3836.06,0.996,Low_Frequency_Lines
2967,1259772577.844,35.767,3983.241,1.0,Scattered_Light
2968,1259773981.438,16.842,3206.699,0.968,Low_Frequency_Burst
2969,1259774508.484,16.833,3427.638,0.952,Scattered_Light
2970,1259775603.281,21.344,2606.288,0.941,Low_Frequency_Lines
2971,1259775800.938,13.04,3813.464,0.989,Low_Frequency_Lines
2972,1259776340.656,8.219,20.195,0.999,Low_Frequency_Burst
2973,1259776425.469,10.364,91.342,0.955,Low_Frequency_Burst
2974,1259776887.781,8.411,20.838,0.921,Low_Frequency_Lines
2975,1259780327.031,24.039,3872.13,0.927,Low_Frequency_Burst
2976,1259782412.578,8.011,3006.243,0.97,Low_Frequency_Burst
2977,1259782452.314,7.697,1287.053,1.0,Blip
2978,1259782530.531,17.332,30.952,0.934,Low_Frequency_Burst
2979,1259783754.953,8.403,20.195,0.999,Low_Frequency_Burst
2980,1259786338.156,10.596,3409.167,0.94,Low_Frequency_Lines
2981,1259790427.063,15.155,23.057,0.966,Low_Frequency_Lines
2982,1259791192.781,10.414,677.222,0.96,Low_Frequency_Burst
2983,1259791258.984,8.163,1898.219,0.929,Scattered_Light
2984,1259791708.094,9.931,2930.829,0.947,Low_Frequency_Lines
2985,1259792411.766,12.422,23.057,0.985,Low_Frequency_Burst
2986,1259793072.188,8.202,52.864,0.905,Power_Line
2987,1259794489.852,7.624,49.976,0.984,Air_Compressor
2988,1259796768.305,8.215,53.578,0.986,Air_Compressor
2989,1259799532.418,582.872,1160.79,0.999,Extremely_Loud
2990,1259799535.844,8.112,47.107,0.996,Air_Compressor
2991,1259800163.031,10.145,23.057,0.941,Low_Frequency_Lines
2992,1259800703.156,11.524,649.664,0.919,Scattered_Light
2993,1259801972.563,8.115,3427.638,1.0,Low_Frequency_Lines
2994,1259802679.688,8.697,2964.093,0.945,Low_Frequency_Burst
2995,1259802924.965,393.961,241.258,1.0,Extremely_Loud
2996,1259803561.313,9.029,23.057,0.999,Low_Frequency_Lines
2997,1259803607.434,7.679,53.292,0.933,Air_Compressor
2998,1259805894.596,9.189,2638.623,0.983,Blip
2999,1259805987.719,8.626,20.195,0.995,Low_Frequency_Lines
3000,1259806829.161,7.586,95.548,1.0,Blip
3001,1259806843.625,9.886,161.018,0.968,Low_Frequency_Lines
3002,1259810769.938,11.89,3624.799,0.921,Low_Frequency_Lines
3003,1259814641.516,7.776,20.195,0.995,Low_Frequency_Burst
3004,1259818230.891,7.543,73.937,1.0,Air_Compressor
3005,1259820576.763,9.863,146.888,1.0,Blip
3006,1259824011.719,11.402,2098.233,0.962,Low_Frequency_Lines
3007,1259824651.688,7.838,3746.261,0.999,Low_Frequency_Lines
3008,1259827757.136,7.6,92.267,0.999,Blip
3009,1259828296.766,8.577,1314.051,0.999,Power_Line
3010,1259830936.822,7.828,58.255,0.979,Blip
3011,1259831389.75,8.342,3813.464,1.0,Low_Frequency_Burst
3012,1259847830.945,7.545,51.994,0.942,Air_Compressor
3013,1259850680.066,1960.021,3813.464,1.0,Extremely_Loud
3014,1259851029.844,49.509,36.338,0.967,Low_Frequency_Burst
3015,1259852337.149,7.671,4000.263,0.988,Blip
3016,1259854389.051,110.163,241.258,1.0,Extremely_Loud
3017,1259855154.344,7.638,1690.314,0.943,Low_Frequency_Lines
3018,1259855714.918,8.198,2091.882,0.919,Air_Compressor
3019,1259855737.45,7.512,158.924,0.999,Blip
3020,1259856353.121,634.783,3983.241,1.0,Extremely_Loud
3021,1259857025.079,7.642,128.719,1.0,Blip
3022,1259857066.354,9.068,104.255,1.0,Blip
3023,1259862694.648,26.199,23.057,0.965,Low_Frequency_Lines
3024,1259864016.697,8.309,3990.298,0.999,Blip
3025,1259867943.813,7.905,3983.241,0.999,Low_Frequency_Lines
3026,1259872835.146,8.054,146.888,1.0,Blip
3027,1259876884.852,17.052,3659.138,0.919,Low_Frequency_Lines
3028,1259884721.176,241.342,363.574,0.987,Extremely_Loud
3029,1259885405.859,8.052,168.922,0.987,Air_Compressor
3030,1259891411.341,8.338,158.924,1.0,Blip
3031,1259892715.281,7.91,3908.818,0.993,Low_Frequency_Burst
3032,1259894418.422,35.581,3983.241,0.996,Extremely_Loud
3033,1259894424.902,1174.4,3983.241,1.0,Extremely_Loud
3034,1259897397.127,486.99,3945.854,1.0,Extremely_Loud
3035,1259956827.344,7.681,20.195,0.965,Low_Frequency_Burst
3036,1259957719.125,7.893,550.03,0.989,Scattered_Light
3037,1259957921.453,14.268,2869.548,0.985,Scattered_Light
3038,1259958066.656,8.142,2741.265,0.957,Scattered_Light
3039,1259959174.906,8.169,2081.292,1.0,Low_Frequency_Burst
3040,1259959729.344,16.319,2655.86,1.0,Scattered_Light
3041,1259959929.016,8.03,3764.125,0.905,Low_Frequency_Burst
3042,1259960248.997,11.77,165.213,0.998,Blip
3043,1259961072.691,322.226,3881.874,1.0,Extremely_Loud
3044,1259962137.943,3302.729,3457.886,1.0,Extremely_Loud
3045,1259963874.797,9.459,23.057,0.976,Low_Frequency_Burst
3046,1259964379.219,7.527,3582.116,0.989,Low_Frequency_Lines
3047,1259966478.875,8.142,3986.066,0.986,Extremely_Loud
3048,1259966617.344,7.561,23.125,0.935,Low_Frequency_Lines
3049,1259966626.414,7.808,372.381,0.994,Whistle
3050,1259969106.78,25.123,554.225,0.987,Blip
3051,1259969473.281,8.764,28.582,0.983,Low_Frequency_Lines
3052,1259972004.594,19.623,3427.638,1.0,Scattered_Light
3053,1259972365.406,7.776,3425.439,0.994,Low_Frequency_Lines
3054,1259972416.063,14.244,1028.149,0.998,Scattered_Light
3055,1259973661.101,10.431,211.877,0.999,Blip
3056,1259973887.938,10.74,3799.787,0.995,Low_Frequency_Lines
3057,1259974574.369,23.097,3746.261,0.95,Tomte
3058,1259974717.938,11.243,677.222,0.969,Low_Frequency_Lines
3059,1259975990.641,10.073,73.85,0.995,Power_Line
3060,1259976507.804,20.744,248.315,1.0,Blip
3061,1259976815.063,10.49,3813.464,0.994,Low_Frequency_Lines
3062,1259979105.938,12.957,620.051,0.99,Low_Frequency_Burst
3063,1259981198.789,8.129,17.877,0.965,Low_Frequency_Burst
3064,1259981565.156,8.024,3908.818,0.989,Low_Frequency_Burst
3065,1259982459.594,8.355,20.195,0.997,Low_Frequency_Burst
3066,1259983158.281,8.784,20.195,0.911,Low_Frequency_Burst
3067,1259983704.031,7.573,3813.464,0.998,Low_Frequency_Burst
3068,1259986294.375,413.154,3267.727,1.0,Extremely_Loud
3069,1259987114.375,9.625,2720.609,0.947,Low_Frequency_Lines
3070,1259987921.594,8.084,20.195,1.0,Low_Frequency_Burst
3071,1259990029.813,8.366,448.679,1.0,Power_Line
3072,1259996354.219,8.274,20.195,0.998,Low_Frequency_Burst
3073,1260018646.492,8.93,686.2,0.978,Whistle
3074,1260018747.824,8.912,2466.589,0.997,Whistle
3075,1260019691.57,15.6,3988.63,0.997,Whistle
3076,1260020120.996,10.0,386.276,0.999,Whistle
3077,1260022448.383,16.165,2910.256,1.0,Whistle
3078,1260023221.656,8.089,19.927,0.991,Low_Frequency_Lines
3079,1260026250.551,568.95,3457.886,1.0,Extremely_Loud
3080,1260031287.563,7.592,62.096,0.999,Power_Line
3081,1260031293.092,60.28,1660.984,0.916,Extremely_Loud
3082,1260032296.758,287.541,2029.314,1.0,Extremely_Loud
3083,1260032506.887,7.575,53.292,0.996,Air_Compressor
3084,1260033056.415,13.413,207.515,1.0,Blip
3085,1260033545.18,11.22,328.463,1.0,Whistle
3086,1260033763.344,7.585,20.838,0.977,Low_Frequency_Lines
3087,1260033957.37,19.007,248.315,1.0,Blip
3088,1260034582.875,10.51,40.939,0.938,Extremely_Loud
3089,1260035494.813,7.527,19.927,1.0,Low_Frequency_Lines
3090,1260039250.469,8.554,2823.051,0.994,Low_Frequency_Burst
3091,1260047769.174,457.14,2731.998,1.0,Extremely_Loud
3092,1260051927.184,485.425,3030.486,1.0,Extremely_Loud
3093,1260069738.719,8.917,1248.333,0.963,Low_Frequency_Burst
3094,1260072367.203,7.522,3211.946,0.999,Air_Compressor
3095,1260072862.313,7.571,21.042,0.99,Low_Frequency_Lines
3096,1260074356.844,7.968,23.057,0.991,Low_Frequency_Burst
3097,1260074817.781,8.95,47.964,0.992,Air_Compressor
3098,1260078822.422,8.763,868.269,0.999,Power_Line
3099,1260088725.375,9.153,20.195,0.997,Low_Frequency_Lines
3100,1260095130.938,7.912,19.969,0.989,Low_Frequency_Lines
3101,1260101299.21,7.758,146.888,0.999,Blip
3102,1260130364.048,7.752,128.719,1.0,Blip
3103,1260133562.629,11.953,61.335,0.955,Tomte
3104,1260135341.573,7.672,159.584,1.0,Blip
3105,1260139501.165,8.418,104.255,1.0,Blip
3106,1260140123.438,11.959,3983.241,0.915,Low_Frequency_Lines
3107,1260141110.816,8.65,287.109,0.994,Whistle
3108,1260146186.685,8.837,152.274,1.0,Blip
3109,1260150942.094,8.139,3551.692,0.994,Low_Frequency_Lines
3110,1260152334.813,8.711,2964.093,0.975,Low_Frequency_Lines
3111,1260154512.531,19.084,3813.464,1.0,Scattered_Light
3112,1260155724.612,8.479,128.719,0.999,Blip
3113,1260156046.131,26.515,241.258,0.901,Blip
3114,1260156793.219,12.503,254.653,1.0,Scattered_Light
3115,1260157077.344,8.183,28.467,0.999,Scattered_Light
3116,1260157692.844,12.476,3983.241,0.954,Low_Frequency_Burst
3117,1260158441.281,13.012,1028.149,1.0,Scattered_Light
3118,1260158718.796,7.667,2707.988,1.0,Blip
3119,1260159100.781,7.783,18.134,0.994,Low_Frequency_Burst
3120,1260160467.281,13.261,1130.446,1.0,Scattered_Light
3121,1260160538.609,10.885,161.918,0.939,Scattered_Light
3122,1260160562.719,9.197,3196.084,0.978,Scattered_Light
3123,1260160588.594,7.595,3409.167,0.999,Low_Frequency_Lines
3124,1260161168.844,14.373,1747.436,1.0,Scattered_Light
3125,1260161504.049,12.769,75.727,0.94,Tomte
3126,1260164455.469,13.986,1251.317,1.0,Scattered_Light
3127,1260164555.688,28.363,3409.167,1.0,Scattered_Light
3128,1260164805.781,30.523,2945.908,1.0,Scattered_Light
3129,1260164814.719,23.696,2810.325,1.0,Scattered_Light
3130,1260164849.094,10.115,32.829,0.963,Scattered_Light
3131,1260164998.609,29.346,3030.486,1.0,Scattered_Light
3132,1260165415.781,17.197,1463.276,1.0,Scattered_Light
3133,1260166376.219,14.582,30.952,1.0,Scattered_Light
3134,1260167228.594,13.321,2651.052,1.0,Scattered_Light
3135,1260167245.906,20.344,2277.907,0.982,Scattered_Light
3136,1260168209.281,12.208,1661.988,1.0,Scattered_Light
3137,1260169572.719,15.509,40.533,1.0,Scattered_Light
3138,1260169607.844,10.838,35.383,1.0,Scattered_Light
3139,1260170536.844,13.682,36.338,1.0,Scattered_Light
3140,1260170637.453,17.608,3881.874,1.0,Scattered_Light
3141,1260170652.906,13.643,3352.189,1.0,Scattered_Light
3142,1260171457.031,14.67,301.332,1.0,Scattered_Light
3143,1260171552.406,11.099,3908.818,0.929,Scattered_Light
3144,1260196467.031,8.798,31.365,0.999,Scattered_Light
3145,1260197350.773,14.002,3769.817,1.0,Whistle
3146,1260198058.383,10.521,2304.781,0.999,Whistle
3147,1260199305.781,9.307,23.057,0.952,Low_Frequency_Burst
3148,1260199449.219,14.371,2319.412,0.991,Scattered_Light
3149,1260199654.211,11.093,386.276,1.0,Whistle
3150,1260199828.219,706.764,3881.874,0.999,Extremely_Loud
3151,1260199998.469,8.85,20.195,0.996,Low_Frequency_Lines
3152,1260200217.342,1016.255,3590.782,1.0,Extremely_Loud
3153,1260201366.719,8.399,207.297,0.957,Low_Frequency_Lines
3154,1260201408.242,7.851,353.079,0.999,Whistle
3155,1260201988.563,10.295,2243.2,0.996,Low_Frequency_Lines
3156,1260202864.688,9.725,1315.201,0.988,Low_Frequency_Lines
3157,1260203102.344,10.635,2463.069,0.905,Low_Frequency_Burst
3158,1260203760.242,10.06,373.043,1.0,Whistle
3159,1260205306.969,16.01,2964.093,0.977,Low_Frequency_Burst
3160,1260206241.969,12.664,26.59,0.919,Low_Frequency_Burst
3161,1260206717.656,10.729,2834.458,0.986,Low_Frequency_Lines
3162,1260208387.031,9.431,20.195,1.0,Low_Frequency_Lines
3163,1260208526.594,11.877,3998.194,1.0,Power_Line
3164,1260210423.906,8.877,23.057,0.959,Low_Frequency_Burst
3165,1260210971.598,178.278,3026.664,0.997,Extremely_Loud
3166,1260211729.938,7.52,18.134,0.985,Low_Frequency_Lines
3167,1260212037.531,11.02,2341.528,0.952,Low_Frequency_Lines
3168,1260212045.469,7.529,17.148,0.995,Low_Frequency_Lines
3169,1260212745.969,8.912,19.406,0.992,Low_Frequency_Lines
3170,1260212801.781,14.996,298.927,0.968,Scattered_Light
3171,1260213547.688,11.453,1017.94,0.986,Low_Frequency_Lines
3172,1260214432.387,23.342,383.912,1.0,Blip
3173,1260214915.094,10.138,3983.241,0.998,Low_Frequency_Burst
3174,1260215990.75,14.885,3427.638,0.99,Low_Frequency_Lines
3175,1260216010.093,7.504,128.719,1.0,Blip
3176,1260216428.688,9.508,30.198,0.984,Low_Frequency_Lines
3177,1260216489.719,9.555,20.195,1.0,Low_Frequency_Burst
3178,1260220262.918,10.085,61.335,0.998,Tomte
3179,1260220433.145,16.066,1128.569,0.998,Tomte
3180,1260220572.963,400.717,3908.818,0.974,Extremely_Loud
3181,1260225242.535,13.216,120.999,0.974,Tomte
3182,1260225663.869,8.462,84.44,1.0,Blip
3183,1260226812.031,12.076,3813.464,0.996,Low_Frequency_Burst
3184,1260227025.49,11.487,131.936,0.964,Tomte
3185,1260227272.293,1704.953,3728.798,1.0,Extremely_Loud
3186,1260228041.219,10.713,2964.093,1.0,Low_Frequency_Burst
3187,1260231245.219,8.428,2920.99,1.0,Low_Frequency_Burst
3188,1260235130.969,8.788,1053.978,0.96,Power_Line
3189,1260235547.601,7.962,109.64,1.0,Blip
3190,1260236359.662,7.52,84.44,1.0,Blip
3191,1260236483.845,597.556,3983.241,1.0,Extremely_Loud
3192,1260237186.706,12.878,3874.008,0.999,Blip
3193,1260237357.063,12.066,2337.938,0.913,Low_Frequency_Lines
3194,1260242244.934,27.464,3201.357,0.931,Tomte
3195,1260242378.663,11.703,171.608,1.0,Blip
3196,1260243970.906,8.388,643.528,1.0,Low_Frequency_Lines
3197,1260244241.234,14.697,1962.668,1.0,Power_Line
3198,1260244689.094,8.046,20.195,0.999,Low_Frequency_Lines
3199,1260244798.594,8.631,20.838,0.985,Low_Frequency_Lines
3200,1260247310.906,9.823,28.205,1.0,Low_Frequency_Lines
3201,1260247828.625,7.853,20.195,0.983,Low_Frequency_Lines
3202,1260247952.219,10.645,26.59,0.943,Scattered_Light
3203,1260248291.188,9.255,1267.535,1.0,Low_Frequency_Lines
3204,1260248566.844,15.066,2964.093,1.0,Scattered_Light
3205,1260249187.514,8.324,2666.003,1.0,Blip
3206,1260249233.188,8.419,18.134,1.0,Low_Frequency_Lines
3207,1260249702.53,8.403,128.719,1.0,Blip
3208,1260250581.156,16.077,3813.464,0.957,Scattered_Light
3209,1260251325.563,7.532,19.406,1.0,Low_Frequency_Lines
3210,1260253043.906,13.019,3703.979,1.0,Scattered_Light
3211,1260253283.691,1157.111,1850.077,1.0,Extremely_Loud
3212,1260253291.813,7.593,48.442,0.961,Air_Compressor
3213,1260255068.052,8.22,104.255,1.0,Blip
3214,1260255896.469,8.179,20.195,0.996,Low_Frequency_Lines
3215,1260256046.688,10.949,20.195,0.995,Low_Frequency_Lines
3216,1260258598.344,7.968,19.406,0.997,Low_Frequency_Lines
3217,1260259187.172,8.133,2634.428,0.993,Low_Frequency_Burst
3218,1260260774.422,8.705,27.594,0.968,Low_Frequency_Burst
3219,1260261316.516,13.219,30.952,0.989,Low_Frequency_Burst
3220,1260261535.281,16.835,2869.548,1.0,Scattered_Light
3221,1260262070.031,10.023,1120.991,0.991,Scattered_Light
3222,1260262305.281,9.138,28.467,0.927,Scattered_Light
3223,1260262601.578,16.036,2965.97,1.0,Scattered_Light
3224,1260266121.281,12.948,2634.428,1.0,Scattered_Light
3225,1260266468.969,19.482,30.952,1.0,Scattered_Light
3226,1260266777.719,10.975,3059.082,0.999,Scattered_Light
3227,1260267284.781,11.733,3681.25,1.0,Scattered_Light
3228,1260267503.469,8.043,54.952,0.948,Power_Line
3229,1260267544.219,13.743,38.215,1.0,Scattered_Light
3230,1260268083.844,13.121,1269.412,1.0,Scattered_Light
3231,1260270306.781,15.154,3909.664,1.0,Scattered_Light
3232,1260270373.488,28.879,108.381,0.935,Tomte
3233,1260270616.906,16.819,39.913,1.0,Scattered_Light
3234,1260272918.281,11.136,2081.292,0.996,Scattered_Light
3235,1260284882.906,19.141,45.695,0.99,Scattered_Light
3236,1260284963.563,7.599,2489.405,0.994,Low_Frequency_Lines
3237,1260400693.469,10.229,23.057,1.0,Low_Frequency_Burst
3238,1260401581.969,8.734,1246.566,0.997,Low_Frequency_Lines
3239,1260402893.094,14.183,3138.049,1.0,Scattered_Light
3240,1260404719.594,8.61,20.195,0.981,Low_Frequency_Lines
3241,1260405403.844,8.28,23.057,1.0,Low_Frequency_Burst
3242,1260405500.594,66.633,849.213,0.986,Blip
3243,1260405737.531,12.464,1928.011,0.907,Low_Frequency_Burst
3244,1260405831.518,656.948,3983.241,1.0,Extremely_Loud
3245,1260407671.359,8.014,35.944,1.0,Low_Frequency_Burst
3246,1260410154.469,17.871,38.215,1.0,Scattered_Light
3247,1260412151.484,8.692,2378.556,0.909,Low_Frequency_Burst
3248,1260412299.609,12.77,3983.241,0.959,Low_Frequency_Burst
3249,1260412584.141,13.172,2378.556,0.96,Scattered_Light
3250,1260413289.531,10.391,2810.325,0.995,Scattered_Light
3251,1260413588.859,13.911,3693.803,0.999,Scattered_Light
3252,1260413813.719,7.999,2029.314,0.989,Low_Frequency_Lines
3253,1260414341.219,14.57,2489.405,1.0,Scattered_Light
3254,1260414717.438,11.193,23.057,0.994,Low_Frequency_Lines
3255,1260414812.289,24.173,341.329,1.0,Whistle
3256,1260415558.094,16.171,30.952,0.949,Low_Frequency_Burst
3257,1260416293.219,8.179,2378.556,0.999,Low_Frequency_Burst
3258,1260416617.156,10.829,3489.112,0.994,Low_Frequency_Burst
3259,1260417567.938,9.051,3703.979,1.0,Low_Frequency_Lines
3260,1260418344.438,11.863,3615.396,0.999,Low_Frequency_Lines
3261,1260419054.469,8.932,20.195,0.999,Low_Frequency_Lines
3262,1260419974.969,10.933,23.057,0.986,Low_Frequency_Burst
3263,1260420862.344,21.164,3409.167,0.993,Low_Frequency_Burst
3264,1260421281.391,7.728,22.449,0.989,Low_Frequency_Burst
3265,1260421345.531,22.899,2378.556,0.983,Low_Frequency_Burst
3266,1260423498.688,10.29,2651.052,0.976,Low_Frequency_Lines
3267,1260424407.813,7.656,3176.615,0.988,Low_Frequency_Lines
3268,1260424538.063,12.36,2061.918,0.992,Low_Frequency_Lines
3269,1260426410.703,8.027,20.195,1.0,Low_Frequency_Burst
3270,1260434831.359,8.982,2563.995,0.95,Low_Frequency_Burst
3271,1260435146.656,15.265,3206.699,0.941,Low_Frequency_Burst
3272,1260436598.938,13.151,3615.396,0.934,Low_Frequency_Lines
3273,1260439206.406,10.856,30.952,0.999,Low_Frequency_Lines
3274,1260439227.313,13.572,3703.979,0.961,Low_Frequency_Lines
3275,1260439346.422,9.585,265.806,1.0,Whistle
3276,1260439744.627,24.531,3983.241,0.974,Blip
3277,1260439747.1,346.931,3983.241,0.921,Extremely_Loud
3278,1260440057.686,8.204,93.497,1.0,Blip
3279,1260440640.656,13.802,3680.246,1.0,Scattered_Light
3280,1260442492.766,10.536,3881.874,0.949,Low_Frequency_Burst
3281,1260443757.873,7.857,78.045,0.986,Blip
3282,1260444729.406,7.857,19.406,0.993,Low_Frequency_Lines
3283,1260445178.781,7.606,26.59,1.0,Low_Frequency_Burst
3284,1260445939.969,7.794,20.195,0.999,Low_Frequency_Lines
3285,1260448185.031,8.749,2081.292,0.963,Low_Frequency_Lines
3286,1260448570.258,7.65,55.59,0.997,Air_Compressor
3287,1260450095.406,24.062,1413.829,0.996,Scattered_Light
3288,1260452285.781,7.975,3746.261,0.999,Low_Frequency_Lines
3289,1260455619.551,13.604,61.335,0.999,Tomte
3290,1260456678.438,16.658,1928.011,0.996,Scattered_Light
3291,1260463262.688,10.319,30.952,0.998,Low_Frequency_Lines
3292,1260464704.062,8.876,3970.915,1.0,Blip
3293,1260464712.183,33.305,3990.298,0.994,Blip
3294,1260464737.648,7.82,53.145,0.949,Air_Compressor
3295,1260467094.688,23.951,3249.652,1.0,Scattered_Light
3296,1260475685.336,7.578,1028.53,0.942,Air_Compressor
3297,1260477031.269,9.14,1582.777,1.0,Blip
3298,1260477702.824,877.198,1453.523,0.953,Extremely_Loud
3299,1260477703.125,222.884,3080.93,0.998,Extremely_Loud
3300,1260479161.813,2893.224,1563.095,0.998,Extremely_Loud
3301,1260479163.125,255.446,3908.818,0.994,Extremely_Loud
3302,1260481009.938,3071.004,3409.167,1.0,Extremely_Loud
3303,1260483712.934,7.585,53.578,0.96,Air_Compressor
3304,1260485058.992,10.304,373.04,0.981,Whistle
3305,1260487497.475,8.754,65.53,0.992,Blip
3306,1260492777.104,11.985,142.526,1.0,Blip
3307,1260495010.773,10.067,3496.779,0.98,Whistle
3308,1260498681.117,7.604,53.578,0.999,Air_Compressor
3309,1260509681.8,8.414,168.075,1.0,Blip
3310,1260511700.898,13.274,373.04,0.997,Whistle
3311,1260512173.957,3907.92,1563.095,1.0,Extremely_Loud
3312,1260542688.871,11.82,328.463,1.0,Whistle
3313,1260546828.336,9.497,296.214,0.998,Whistle
3314,1260548759.608,8.683,175.97,1.0,Blip
3315,1260555395.828,8.124,3923.77,0.998,Air_Compressor
3316,1260556500.527,13.403,61.335,0.999,Tomte
3317,1260571361.719,7.604,2974.683,0.996,Air_Compressor
3318,1260572276.379,890.442,1962.668,1.0,Extremely_Loud
3319,1260573478.533,18.606,3695.681,0.995,Blip
3320,1260575886.865,11.706,136.131,0.998,Blip
3321,1260576767.938,11.614,20.195,0.997,Low_Frequency_Burst
3322,1260578495.969,14.078,554.5,1.0,Low_Frequency_Burst
3323,1260583413.404,12.2,207.515,1.0,Blip
3324,1260586341.71,24.044,2402.539,0.985,Blip
3325,1260589971.355,644.026,3983.241,0.947,Extremely_Loud
3326,1260592374.586,9.614,385.35,0.998,Whistle
3327,1260597332.031,8.654,2634.428,0.982,Low_Frequency_Burst
3328,1260598469.66,7.575,47.964,0.998,Air_Compressor
3329,1260620937.689,250.967,3983.241,0.989,Extremely_Loud
3330,1260621097.406,16.737,26.59,0.995,Scattered_Light
3331,1260621519.527,182.551,882.203,1.0,Extremely_Loud
3332,1260621791.418,8.236,3983.241,1.0,Low_Frequency_Burst
3333,1260621949.281,11.683,3703.979,0.959,Low_Frequency_Burst
3334,1260622681.531,12.3,23.057,0.999,Low_Frequency_Burst
3335,1260623126.961,14.198,357.194,0.999,Whistle
3336,1260623735.188,7.846,61.855,1.0,Low_Frequency_Lines
3337,1260623856.008,10.229,364.25,0.983,Whistle
3338,1260624036.844,9.832,23.057,0.949,Low_Frequency_Lines
3339,1260624329.844,12.351,1275.038,0.917,Extremely_Loud
3340,1260624512.188,8.66,23.057,1.0,Low_Frequency_Lines
3341,1260624818.016,14.967,1268.831,0.968,Low_Frequency_Burst
3342,1260624993.352,10.061,357.194,0.997,Whistle
3343,1260625249.374,8.313,123.333,0.999,Blip
3344,1260625640.664,15.85,241.779,0.992,Whistle
3345,1260625762.219,8.279,19.406,0.996,Low_Frequency_Lines
3346,1260626972.813,8.789,3136.171,0.989,Low_Frequency_Lines
3347,1260626995.406,7.673,54.468,0.978,Power_Line
3348,1260627218.727,8.383,1776.913,0.989,Whistle
3349,1260627916.313,8.777,723.299,0.987,Low_Frequency_Lines
3350,1260629117.313,8.967,3409.167,0.998,Low_Frequency_Lines
3351,1260629368.531,15.007,30.952,1.0,Scattered_Light
3352,1260629885.102,8.741,2489.561,1.0,Low_Frequency_Burst
3353,1260632334.549,8.393,441.012,0.999,Whistle
3354,1260633517.931,11.902,175.97,1.0,Blip
3355,1260633684.766,8.809,3006.243,1.0,Low_Frequency_Burst
3356,1260637282.516,7.757,52.562,0.964,Air_Compressor
3357,1260637769.531,7.598,56.571,1.0,Power_Line
3358,1260638358.156,9.436,38.986,1.0,Low_Frequency_Burst
3359,1260638917.313,7.664,49.124,0.993,Air_Compressor
3360,1260639528.344,8.883,21.768,0.996,Scattered_Light
3361,1260639687.359,18.3,1563.095,0.987,Low_Frequency_Burst
3362,1260639757.608,7.96,3196.601,1.0,Blip
3363,1260640996.328,8.601,24.263,1.0,Low_Frequency_Burst
3364,1260641984.531,23.581,3799.787,1.0,Scattered_Light
3365,1260645668.589,14.858,203.982,1.0,Blip
3366,1260645761.078,10.14,30.952,1.0,Low_Frequency_Burst
3367,1260646035.563,7.751,24.263,0.997,Low_Frequency_Burst
3368,1260650304.656,7.968,24.877,0.993,Low_Frequency_Lines
3369,1260651572.209,8.399,78.045,1.0,Blip
3370,1260652986.344,8.123,61.788,0.999,Power_Line
3371,1260654292.938,9.162,3582.116,0.996,Low_Frequency_Lines
3372,1260654708.656,11.968,26.59,0.962,Scattered_Light
3373,1260655042.961,8.501,20.195,0.999,Low_Frequency_Burst
3374,1260657582.438,11.472,23.057,0.951,Low_Frequency_Lines
3375,1260657638.524,8.463,146.888,1.0,Blip
3376,1260657863.813,8.598,2834.458,0.994,Low_Frequency_Lines
3377,1260660278.824,1666.55,3703.979,1.0,Extremely_Loud
3378,1260661531.028,30.007,322.982,0.989,Blip
3379,1260661741.588,7.663,65.53,1.0,Blip
3380,1260662925.688,11.274,1120.991,0.974,Low_Frequency_Lines
3381,1260664442.406,7.88,3409.167,0.998,Low_Frequency_Lines
3382,1260664488.406,9.509,3249.652,0.991,Low_Frequency_Lines
3383,1260665498.438,14.186,2930.829,0.997,Low_Frequency_Lines
3384,1260670716.105,8.359,65.53,0.993,Tomte
3385,1260670939.063,8.451,19.406,0.984,Low_Frequency_Lines
3386,1260673017.963,485.611,3881.874,1.0,Extremely_Loud
3387,1260673731.219,8.19,22.972,0.979,Scattered_Light
3388,1260674919.063,8.445,3703.979,1.0,Low_Frequency_Lines
3389,1260675557.531,9.963,2720.609,0.974,Low_Frequency_Lines
3390,1260677791.283,7.539,152.274,1.0,Blip
3391,1260679567.219,9.097,3693.803,0.948,Low_Frequency_Lines
3392,1260680429.236,7.523,55.393,0.994,Blip
3393,1260684354.852,68.5,363.574,1.0,Extremely_Loud
3394,1260694287.688,9.003,26.59,0.997,Low_Frequency_Lines
3395,1260697599.113,1409.839,3728.798,1.0,Extremely_Loud
3396,1260700181.891,8.165,51.311,0.998,Air_Compressor
3397,1260700257.293,1146.606,3983.241,1.0,Extremely_Loud
3398,1260702267.938,30.705,1348.951,0.964,Extremely_Loud
3399,1260703864.336,7.642,47.964,0.998,Air_Compressor
3400,1260704473.27,45.157,3582.116,0.998,Low_Frequency_Burst
3401,1260706918.125,9.455,23.057,0.982,Low_Frequency_Lines
3402,1260708486.155,30.219,2964.093,0.983,Blip
3403,1260735041.529,25.625,2169.502,0.96,Tomte
3404,1260735737.147,22413.105,3983.241,1.0,Extremely_Loud
3405,1260740525.344,7.912,49.971,0.998,Air_Compressor
3406,1260740784.041,7.58,78.045,0.993,Blip
3407,1260742151.143,7.66,71.925,1.0,Blip
3408,1260743906.822,7.95,55.393,0.911,Blip
3409,1260744029.758,10.449,307.073,0.999,Whistle
3410,1260744634.086,8.436,392.345,0.965,Whistle
3411,1260744854.523,8.114,53.578,1.0,Air_Compressor
3412,1260747270.576,7.761,71.925,1.0,Blip
3413,1260748318.431,22.726,243.135,0.986,Blip
3414,1260753556.921,8.546,152.274,1.0,Blip
3415,1260754498.982,9.648,1304.158,0.999,Blip
3416,1260754583.661,8.437,165.213,1.0,Blip
3417,1260759449.166,8.865,65.53,0.985,Blip
3418,1260762210.354,15.305,3682.123,0.956,Tomte
3419,1260764974.693,7.653,80.907,1.0,Blip
3420,1260765777.009,7.557,94.188,1.0,Blip
3421,1260768190.236,8.485,78.045,1.0,Blip
3422,1260770283.939,7.61,78.045,0.915,Blip
3423,1260773304.336,7.551,47.964,1.0,Air_Compressor
3424,1260774487.475,8.054,55.393,0.99,Blip
3425,1260776806.043,7.612,647.723,0.973,Blip
3426,1260777293.476,12.605,248.315,1.0,Blip
3427,1260777753.095,8.354,104.255,1.0,Blip
3428,1260778734.455,7.539,91.949,0.993,Blip
3429,1260779130.072,631.974,3237.069,1.0,Extremely_Loud
3430,1260790145.827,20800.707,3983.241,0.996,Extremely_Loud
3431,1260790364.618,16717.043,3983.241,1.0,Extremely_Loud
3432,1260794529.382,12364.834,3983.241,1.0,Extremely_Loud
3433,1260797900.956,1838.928,2741.265,1.0,Extremely_Loud
3434,1260797901.031,841.426,3881.874,1.0,Extremely_Loud
3435,1260800417.461,13.809,475.511,1.0,Whistle
3436,1260800965.125,22.183,699.331,0.956,Extremely_Loud
3437,1260801002.738,307.453,295.994,1.0,Extremely_Loud
3438,1260801423.813,9.525,3799.787,0.999,Scattered_Light
3439,1260805007.963,8.767,4090.872,0.999,Whistle
3440,1260805491.555,16.187,384.911,1.0,Whistle
3441,1260805656.867,14.675,326.784,1.0,Whistle
3442,1260805788.16,8.62,330.203,0.999,Whistle
3443,1260806008.664,13.036,3090.72,1.0,Whistle
3444,1260809053.662,8.225,68.391,1.0,Blip
3445,1260812935.789,9.484,353.737,0.971,Whistle
3446,1260814987.078,7.562,41.669,0.987,Air_Compressor
3447,1260819083.453,8.077,1949.026,0.998,Air_Compressor
3448,1260822141.455,7.697,88.802,1.0,Blip
3449,1260822936.9,7.785,65.53,0.958,Blip
3450,1260824740.887,8.72,1569.392,0.939,Tomte
3451,1260825146.492,641.614,2634.428,1.0,Extremely_Loud
3452,1260826651.889,10.27,63.212,0.913,Tomte
3453,1260829828.768,8.829,80.3,0.999,Blip
3454,1260831153.07,7.632,47.964,0.974,Air_Compressor
3455,1260831617.967,8.337,88.802,1.0,Blip
3456,1260831707.137,550.262,3983.241,0.94,Extremely_Loud
3457,1260845944.18,12.053,386.276,1.0,Whistle
3458,1260847619.441,12.78,1925.438,1.0,Whistle
3459,1260848121.945,14.986,384.911,0.998,Whistle
3460,1260848805.27,7.589,2017.764,0.992,Whistle
3461,1260848848.977,11.377,328.463,0.993,Whistle
3462,1260849863.594,8.503,2989.155,0.933,Power_Line
3463,1260850252.699,8.256,2159.193,0.991,Whistle
3464,1260851343.813,8.492,2244.275,0.962,Scattered_Light
3465,1260855046.023,9.478,380.778,0.997,Whistle
3466,1260860604.39,12.522,168.075,1.0,Blip
3467,1260867740.674,8.506,58.255,0.991,Blip
3468,1260871614.031,8.336,23.057,0.999,Low_Frequency_Lines
3469,1260876851.19,8.128,123.333,1.0,Blip
3470,1260883158.844,7.939,2920.99,0.999,Low_Frequency_Burst
3471,1260883402.984,7.895,53.292,0.995,Air_Compressor
3472,1260885064.406,12.596,26.59,0.99,Scattered_Light
3473,1260886197.531,10.054,24.006,0.973,Low_Frequency_Lines
3474,1260886244.313,8.876,224.075,0.997,Low_Frequency_Lines
3475,1260886685.563,8.445,23.057,0.992,Low_Frequency_Lines
3476,1260888762.031,12.934,26.59,0.989,Low_Frequency_Lines
3477,1260889284.707,46.819,3298.676,0.989,Tomte
3478,1260889294.98,1853.809,3983.241,1.0,Extremely_Loud
3479,1260889862.656,12.283,1928.011,1.0,Scattered_Light
3480,1260890503.938,8.388,24.327,0.991,Scattered_Light
3481,1260890543.094,7.531,20.195,1.0,Low_Frequency_Burst
3482,1260891086.406,18.906,3136.171,1.0,Scattered_Light
3483,1260892474.438,9.882,23.057,0.956,Low_Frequency_Lines
3484,1260893585.156,65.474,3835.788,1.0,Scattered_Light
3485,1260894184.938,17.119,3146.814,0.998,Low_Frequency_Lines
3486,1260894677.313,13.949,3393.298,1.0,Low_Frequency_Lines
3487,1260895047.563,11.749,3983.241,1.0,Scattered_Light
3488,1260895376.781,10.086,1509.966,1.0,Scattered_Light
3489,1260895382.438,12.607,2920.99,0.989,Low_Frequency_Burst
3490,1260895436.923,29.776,3983.241,0.996,Blip
3491,1260895775.438,9.691,23.057,0.979,Low_Frequency_Lines
3492,1260896509.656,23.564,2349.77,1.0,Scattered_Light
3493,1260897637.969,12.414,3983.241,1.0,Power_Line
3494,1260898736.121,365.548,3006.243,0.959,Extremely_Loud
3495,1260899326.781,8.341,2378.556,0.984,Low_Frequency_Lines
3496,1260899347.188,8.615,3680.246,0.998,Low_Frequency_Lines
3497,1260899400.391,16.063,1028.149,0.995,Scattered_Light
3498,1260899585.188,29.435,3983.241,1.0,Scattered_Light
3499,1260899784.469,10.177,28.467,0.999,Scattered_Light
3500,1260900379.094,11.661,3146.814,0.994,Scattered_Light
3501,1260900534.563,11.589,2932.706,1.0,Scattered_Light
3502,1260906545.906,12.172,26.59,1.0,Scattered_Light
3503,1260906639.734,21.77,23.057,0.965,Low_Frequency_Burst
3504,1260906657.219,18.589,3203.234,1.0,Scattered_Light
3505,1260906738.055,11.914,3030.486,0.999,Low_Frequency_Burst
3506,1260907021.594,10.23,1041.752,0.935,Low_Frequency_Lines
3507,1260907050.594,12.54,28.467,1.0,Scattered_Light
3508,1260908500.406,9.235,28.454,1.0,Scattered_Light
3509,1260909775.438,12.284,23.057,0.941,Low_Frequency_Lines
3510,1260910225.781,8.375,3584.25,0.975,Scattered_Light
3511,1260910427.219,8.377,572.654,0.926,Low_Frequency_Burst
3512,1260910485.719,24.625,3813.464,1.0,Scattered_Light
3513,1260910501.188,23.359,2378.556,1.0,Scattered_Light
3514,1260910767.438,9.75,26.59,0.962,Low_Frequency_Burst
3515,1260911149.531,16.049,1644.648,1.0,Scattered_Light
3516,1260911334.438,7.655,3764.971,0.999,Low_Frequency_Lines
3517,1260911824.313,10.466,3393.298,0.994,Low_Frequency_Burst
3518,1260911980.844,29.51,3835.788,0.999,Scattered_Light
3519,1260912307.797,9.138,26.59,0.989,Low_Frequency_Burst
3520,1260913332.906,14.346,2344.934,1.0,Scattered_Light
3521,1260913843.477,13.014,331.924,1.0,Whistle
3522,1260913889.156,29.108,1929.888,1.0,Scattered_Light
3523,1260914060.281,20.948,2372.003,1.0,Low_Frequency_Burst
3524,1260914354.031,11.375,1711.377,0.98,Scattered_Light
3525,1260914585.688,8.813,2769.374,0.992,Low_Frequency_Lines
3526,1260914804.219,10.414,3748.139,1.0,Scattered_Light
3527,1260914932.07,9.16,20.195,0.925,Low_Frequency_Burst
3528,1260915770.719,10.305,24.934,0.981,Scattered_Light
3529,1260915959.531,22.034,3192.406,1.0,Scattered_Light
3530,1260916280.594,8.284,3424.355,0.905,Air_Compressor
3531,1260916634.211,7.955,554.5,0.936,Low_Frequency_Burst
3532,1260916714.406,10.131,24.132,1.0,Scattered_Light
3533,1260916723.969,9.874,29.996,0.921,Scattered_Light
3534,1260916845.094,63.192,3703.979,0.94,Low_Frequency_Burst
3535,1260916864.219,8.857,43.943,0.999,Low_Frequency_Burst
3536,1260917093.424,7.579,84.44,1.0,Blip
3537,1260917889.406,16.598,3582.116,0.962,Scattered_Light
3538,1260917972.039,7.69,3799.787,1.0,Low_Frequency_Burst
3539,1260918051.281,13.446,3881.874,0.996,Low_Frequency_Burst
3540,1260918239.055,13.049,30.952,1.0,Low_Frequency_Burst
3541,1260947887.464,12.54,3663.333,0.999,Blip
3542,1260947903.828,8.929,3983.241,0.916,Low_Frequency_Burst
3543,1260948090.438,14.725,26.59,0.975,Low_Frequency_Lines
3544,1260949209.281,8.785,2119.581,0.98,Scattered_Light
3545,1260949240.742,8.68,53.578,0.979,Air_Compressor
3546,1260949701.781,7.7,2741.265,0.946,Low_Frequency_Lines
3547,1260950633.438,19.101,3201.357,0.998,Low_Frequency_Burst
3548,1260952018.781,19.024,2918.276,1.0,Scattered_Light
3549,1260952078.031,19.219,3329.919,0.982,Low_Frequency_Burst
3550,1260953212.031,7.654,519.256,0.999,Low_Frequency_Burst
3551,1260954120.906,11.95,75.21,1.0,Scattered_Light
3552,1260954225.594,7.562,23.057,0.95,Scattered_Light
3553,1260954269.088,203.714,3983.241,1.0,Extremely_Loud
3554,1260956281.844,14.821,3985.119,1.0,Scattered_Light
3555,1260956384.938,8.839,18.134,0.999,Low_Frequency_Lines
3556,1260956422.031,7.558,60.937,1.0,Power_Line
3557,1260956448.313,10.559,1329.049,0.988,Low_Frequency_Lines
3558,1260962839.797,7.727,3695.681,0.922,Violin_Mode
3559,1260962966.063,8.854,3813.464,0.923,Low_Frequency_Burst
3560,1260963164.031,7.515,3413.219,0.99,Power_Line
3561,1260963245.344,9.836,3983.241,0.955,Scattered_Light
3562,1260964147.938,10.635,3983.241,1.0,Power_Line
3563,1260964306.719,9.34,159.15,0.928,Low_Frequency_Burst
3564,1260964343.656,12.585,34.594,1.0,Scattered_Light
3565,1261006929.938,8.101,3881.874,1.0,Low_Frequency_Lines
3566,1261007169.781,10.345,3799.787,0.999,Low_Frequency_Burst
3567,1261007436.367,8.222,26.157,0.996,Low_Frequency_Burst
3568,1261007586.313,7.797,109.64,0.99,Blip
3569,1261008467.844,25.072,3983.241,1.0,Scattered_Light
3570,1261008705.563,8.082,58.247,1.0,Power_Line
3571,1261012885.969,7.718,57.94,1.0,Power_Line
3572,1261012966.594,15.37,2634.428,1.0,Scattered_Light
3573,1261013348.438,10.217,2930.829,0.997,Low_Frequency_Burst
3574,1261013452.938,9.731,19.406,0.998,Low_Frequency_Lines
3575,1261013881.344,8.499,2649.38,1.0,Power_Line
3576,1261014209.508,9.328,590.064,0.981,Low_Frequency_Burst
3577,1261014647.781,19.445,29.152,1.0,Scattered_Light
3578,1261014768.182,8.232,142.526,0.999,Blip
3579,1261014948.172,23.089,3983.241,1.0,Low_Frequency_Burst
3580,1261015435.467,8.256,80.907,1.0,Blip
3581,1261015447.294,7.72,1231.517,1.0,Blip
3582,1261017360.313,8.137,19.406,0.997,Low_Frequency_Lines
3583,1261017392.063,17.367,3983.241,0.999,Low_Frequency_Burst
3584,1261017397.938,8.359,3902.104,1.0,Power_Line
3585,1261017948.188,7.94,60.163,0.999,Power_Line
3586,1261017950.781,8.474,527.254,0.999,Air_Compressor
3587,1261017953.344,8.744,113.057,0.999,Power_Line
3588,1261018623.688,15.553,3813.464,0.997,Low_Frequency_Burst
3589,1261018751.938,8.472,3108.279,1.0,Power_Line
3590,1261019352.781,11.764,222.828,0.998,Scattered_Light
3591,1261021893.969,24.321,295.994,0.953,Scattered_Light
3592,1261022382.281,11.326,3983.241,0.999,Scattered_Light
3593,1261025406.484,8.347,58.255,0.953,Air_Compressor
3594,1261025482.594,9.28,22.713,1.0,Scattered_Light
3595,1261025620.969,11.316,28.467,1.0,Scattered_Light
3596,1261025696.031,7.757,402.713,0.999,Power_Line
3597,1261149926.938,41.675,61.335,0.995,Extremely_Loud
3598,1261150622.453,13.701,23.057,1.0,Low_Frequency_Burst
3599,1261150774.491,9.142,99.892,1.0,Blip
3600,1261150783.766,8.179,26.59,0.972,Low_Frequency_Burst
3601,1261151583.188,8.195,2506.446,0.986,Power_Line
3602,1261151765.281,8.302,20.838,1.0,Low_Frequency_Lines
3603,1261151821.688,8.762,57.94,1.0,Power_Line
3604,1261152292.906,12.985,2487.225,1.0,Scattered_Light
3605,1261152524.414,14.06,3881.874,0.935,Extremely_Loud
3606,1261153173.156,7.796,2920.99,0.99,Low_Frequency_Burst
3607,1261153439.469,10.844,1775.626,0.996,Low_Frequency_Burst
3608,1261153583.469,10.856,24.263,0.998,Low_Frequency_Burst
3609,1261153731.313,8.562,61.086,1.0,Power_Line
3610,1261154093.219,8.76,20.838,0.999,Low_Frequency_Lines
3611,1261154912.906,13.192,679.099,0.998,Scattered_Light
3612,1261155043.719,14.239,2630.957,0.999,Low_Frequency_Burst
3613,1261155091.85,7.741,99.892,0.998,Blip
3614,1261155446.453,12.284,468.968,0.955,Scattered_Light
3615,1261155731.953,10.87,30.952,1.0,Low_Frequency_Burst
3616,1261156298.055,11.089,144.632,0.949,Low_Frequency_Burst
3617,1261156414.156,11.039,1936.424,0.987,Low_Frequency_Burst
3618,1261156416.281,9.096,2337.938,0.997,Low_Frequency_Burst
3619,1261156537.828,11.945,26.59,1.0,Low_Frequency_Burst
3620,1261156695.844,15.141,3464.271,0.999,Low_Frequency_Burst
3621,1261156760.406,11.335,28.467,0.982,Scattered_Light
3622,1261157596.656,10.282,3703.979,1.0,Low_Frequency_Burst
3623,1261157608.473,579.813,1028.149,1.0,Extremely_Loud
3624,1261157719.813,8.244,36.361,0.916,Low_Frequency_Lines
3625,1261157867.031,8.18,26.59,0.943,Low_Frequency_Burst
3626,1261158666.547,7.859,23.057,0.999,Low_Frequency_Burst
3627,1261159234.969,18.512,1036.466,1.0,Scattered_Light
3628,1261159436.156,9.577,23.612,0.982,Scattered_Light
3629,1261162715.594,9.19,26.59,0.991,Low_Frequency_Burst
3630,1261162748.573,13.349,207.515,1.0,Blip
3631,1261162969.469,10.828,53.075,1.0,Scattered_Light
3632,1261163343.406,7.543,18.134,0.997,Low_Frequency_Lines
3633,1261164450.063,9.909,1578.047,1.0,Power_Line
3634,1261164460.781,22.259,42.988,1.0,Scattered_Light
3635,1261164588.344,8.054,2837.452,0.998,Low_Frequency_Lines
3636,1261165275.188,13.268,3201.357,1.0,Scattered_Light
3637,1261165428.469,9.898,23.057,0.999,Low_Frequency_Burst
3638,1261165538.438,7.901,1564.17,0.977,Low_Frequency_Lines
3639,1261166152.938,10.554,28.256,1.0,Scattered_Light
3640,1261166439.344,7.638,990.369,0.999,Power_Line
3641,1261166514.719,18.369,3136.171,0.989,Low_Frequency_Burst
3642,1261166855.563,14.107,30.952,0.998,Low_Frequency_Burst
3643,1261167094.813,10.365,3427.266,0.999,Power_Line
3644,1261167181.563,11.364,59.16,1.0,Power_Line
3645,1261167456.688,9.349,1563.095,0.998,Power_Line
3646,1261167485.094,11.528,3201.357,1.0,Low_Frequency_Burst
3647,1261167751.141,8.192,23.057,1.0,Low_Frequency_Burst
3648,1261168101.938,8.031,2402.539,0.987,Low_Frequency_Burst
3649,1261170853.219,7.959,534.622,0.988,Low_Frequency_Burst
3650,1261171004.094,8.019,60.253,1.0,Power_Line
3651,1261171708.422,27.473,36.338,0.993,Low_Frequency_Burst
3652,1261171718.906,7.6,58.528,0.999,Power_Line
3653,1261172013.438,8.621,2634.428,0.995,Low_Frequency_Lines
3654,1261172130.063,7.511,56.182,0.999,Power_Line
3655,1261172181.156,9.838,24.263,1.0,Low_Frequency_Burst
3656,1261173553.344,7.597,56.931,0.997,Power_Line
3657,1261174032.656,8.068,41.9,0.994,Power_Line
3658,1261174094.313,9.423,19.406,1.0,Low_Frequency_Lines
3659,1261174442.602,8.556,1644.648,0.978,Low_Frequency_Burst
3660,1261174458.094,7.872,3024.748,1.0,Power_Line
3661,1261174610.313,7.549,685.172,0.985,Power_Line
3662,1261175004.594,8.421,56.571,0.997,Power_Line
3663,1261175200.781,8.078,20.195,0.956,Low_Frequency_Lines
3664,1261175328.938,7.723,53.578,0.917,Air_Compressor
3665,1261175729.063,8.306,58.246,1.0,Power_Line
3666,1261176618.969,7.568,58.77,0.997,Power_Line
3667,1261177239.469,7.797,56.571,0.999,Power_Line
3668,1261177400.021,7.8,71.925,1.0,Blip
3669,1261177835.469,8.304,26.59,0.953,Scattered_Light
3670,1261178046.406,7.876,42.939,0.982,Power_Line
3671,1261178146.094,8.075,26.59,0.999,Low_Frequency_Burst
3672,1261178918.813,8.36,59.16,0.996,Power_Line
3673,1261179064.952,18.669,438.441,0.999,Blip
3674,1261179188.531,11.22,2651.144,0.951,Low_Frequency_Burst
3675,1261179220.938,9.577,59.16,1.0,Power_Line
3676,1261179514.554,7.943,128.719,1.0,Blip
3677,1261179560.281,13.941,26.59,0.929,Scattered_Light
3678,1261180580.848,11.379,2337.938,1.0,Low_Frequency_Burst
3679,1261181025.031,7.965,57.091,0.999,Power_Line
3680,1261181214.281,8.157,281.315,1.0,Power_Line
3681,1261181299.267,26.302,367.769,0.988,Blip
3682,1261181428.844,9.03,29.152,0.992,Low_Frequency_Lines
3683,1261182606.563,8.517,48.641,0.992,Low_Frequency_Lines
3684,1261182723.695,8.382,363.574,0.999,Low_Frequency_Burst
3685,1261182845.719,7.97,57.091,1.0,Power_Line
3686,1261186112.031,19.38,3881.874,0.996,Low_Frequency_Burst
3687,1261186168.172,8.087,57.94,0.995,Power_Line
3688,1261187387.313,8.533,1627.629,0.999,Power_Line
3689,1261188597.563,9.21,1644.648,1.0,Low_Frequency_Burst
3690,1261189805.947,27.148,1043.629,0.979,Tomte
3691,1261191346.469,7.513,40.361,0.994,Power_Line
3692,1261192146.469,8.147,57.94,0.998,Power_Line
3693,1261193288.698,7.506,112.576,0.992,Blip
3694,1261193463.514,8.033,65.53,0.994,Blip
3695,1261193470.719,8.986,38.066,0.978,Power_Line
3696,1261194048.188,7.871,1854.765,0.997,Power_Line
3697,1261194727.438,10.032,54.26,0.996,Power_Line
3698,1261195008.281,7.579,24.061,0.942,Scattered_Light
3699,1261195191.828,7.56,23.057,0.999,Low_Frequency_Burst
3700,1261195839.656,8.064,58.246,1.0,Power_Line
3701,1261196655.438,7.514,53.019,0.997,Power_Line
3702,1261196658.188,7.799,56.571,0.965,Power_Line
3703,1261199291.23,18.85,61.335,0.993,Tomte
3704,1261199707.594,9.122,39.025,0.997,Power_Line
3705,1261200100.766,12.642,3835.788,1.0,Low_Frequency_Burst
3706,1261200266.438,12.831,30.952,0.999,Scattered_Light
3707,1261200296.156,8.571,39.944,1.0,Power_Line
3708,1261200986.156,8.823,20.838,0.991,Scattered_Light
3709,1261201063.048,7.529,109.64,0.999,Blip
3710,1261201915.063,7.669,56.082,0.991,Power_Line
3711,1261205198.844,8.348,2528.008,0.999,Power_Line
3712,1261205294.906,10.42,2920.99,0.915,Low_Frequency_Lines
3713,1261206139.219,7.501,18.295,0.993,Low_Frequency_Lines
3714,1261206284.438,7.572,572.654,0.998,Low_Frequency_Lines
3715,1261206397.797,9.361,24.263,0.999,Low_Frequency_Burst
3716,1261206583.594,35.622,42.988,1.0,Scattered_Light
3717,1261206865.844,13.928,1707.97,0.955,Low_Frequency_Burst
3718,1261225838.094,11.62,2059.584,0.992,Scattered_Light
3719,1261226212.938,11.026,20.195,0.997,Low_Frequency_Lines
3720,1261226567.258,10.897,227.261,0.983,Whistle
3721,1261227216.836,18.342,411.93,1.0,Whistle
3722,1261227340.031,8.322,2352.89,1.0,Power_Line
3723,1261227591.906,8.114,834.26,0.971,Power_Line
3724,1261227601.289,17.339,411.93,1.0,Whistle
3725,1261227619.156,19.504,295.994,0.972,Extremely_Loud
3726,1261227686.008,17.178,385.859,0.997,Whistle
3727,1261227985.223,21.617,373.136,0.999,Whistle
3728,1261228040.883,13.247,386.276,1.0,Whistle
3729,1261228207.998,13.052,3944.805,1.0,Whistle
3730,1261228442.285,13.295,508.592,0.998,Whistle
3731,1261229064.68,7.818,353.737,0.997,Whistle
3732,1261229108.258,9.291,386.276,0.998,Whistle
3733,1261229494.914,8.75,392.345,0.996,Whistle
3734,1261229541.348,12.921,357.194,0.999,Whistle
3735,1261229589.156,13.548,26.59,0.984,Scattered_Light
3736,1261229756.969,8.109,1453.523,0.958,Low_Frequency_Lines
3737,1261229879.961,8.26,3869.063,0.999,Whistle
3738,1261230213.738,9.416,372.28,0.997,Whistle
3739,1261230413.656,12.571,1563.095,0.952,Scattered_Light
3740,1261230516.668,10.186,386.276,0.997,Whistle
3741,1261231473.352,16.348,411.93,1.0,Whistle
3742,1261231662.449,303.795,1936.424,1.0,Extremely_Loud
3743,1261231741.813,7.529,55.093,0.984,Power_Line
3744,1261232082.906,8.611,18.295,0.954,Low_Frequency_Lines
3745,1261232382.195,14.139,475.797,1.0,Whistle
3746,1261232752.877,8.441,3135.418,0.917,Blip
3747,1261232820.406,7.595,66.386,0.992,Air_Compressor
3748,1261234588.742,17.553,411.93,1.0,Whistle
3749,1261234880.348,309.547,2463.069,1.0,Extremely_Loud
3750,1261235048.125,11.625,1502.81,0.999,Scattered_Light
3751,1261236103.471,7.558,84.44,1.0,Blip
3752,1261236440.563,7.607,318.28,1.0,Power_Line
3753,1261237428.969,8.142,38.066,0.984,Power_Line
3754,1261237446.594,9.02,3746.261,1.0,Low_Frequency_Lines
3755,1261240588.408,12.645,131.936,0.979,Tomte
3756,1261240844.719,7.754,40.884,0.926,Power_Line
3757,1261241471.141,16.104,1155.883,0.964,Low_Frequency_Burst
3758,1261241683.465,549.911,2337.938,0.971,Extremely_Loud
3759,1261242408.406,7.831,23.057,0.925,Low_Frequency_Burst
3760,1261242798.156,9.229,18.134,0.997,Low_Frequency_Lines
3761,1261242813.629,10.251,51.198,0.944,Tomte
3762,1261243553.446,7.562,109.64,1.0,Blip
3763,1261243869.232,7.659,78.045,0.987,Blip
3764,1261248675.188,9.653,23.057,0.988,Low_Frequency_Burst
3765,1261248849.43,7.862,473.429,0.999,Violin_Mode
3766,1261248867.156,17.067,3409.167,0.956,Low_Frequency_Burst
3767,1261250377.344,7.816,2489.561,0.998,Low_Frequency_Lines
3768,1261251297.809,7.658,91.18,0.934,Blip
3769,1261252100.883,17.379,441.012,0.994,Violin_Mode
3770,1261252171.148,11.462,313.86,0.999,Violin_Mode
3771,1261252215.992,8.16,2292.553,0.956,Violin_Mode
3772,1261252229.102,12.818,476.919,0.996,Violin_Mode
3773,1261252603.883,17.099,544.5,0.923,Violin_Mode
3774,1261252744.82,8.453,475.723,0.944,Violin_Mode
3775,1261252860.883,13.398,2073.029,0.914,Whistle
3776,1261252932.148,11.548,466.684,0.987,Violin_Mode
3777,1261253006.273,24.363,418.363,0.997,Violin_Mode
3778,1261253013.539,11.928,544.5,0.964,Violin_Mode
3779,1261253060.992,11.437,468.729,0.921,Violin_Mode
3780,1261253141.289,10.674,1993.706,0.997,Violin_Mode
3781,1261253142.164,13.793,476.919,0.957,Violin_Mode
3782,1261253217.945,20.178,363.574,0.975,Violin_Mode
3783,1261253253.68,15.963,544.5,0.987,Violin_Mode
3784,1261253789.227,14.613,550.383,0.967,Violin_Mode
3785,1261254625.68,7.665,457.043,0.92,Violin_Mode
3786,1261255400.461,15.769,365.403,0.987,Whistle
3787,1261256718.578,8.109,50.045,0.995,Air_Compressor
3788,1261257619.188,14.421,2378.556,0.997,Low_Frequency_Burst
3789,1261258544.695,8.288,468.729,0.986,Violin_Mode
3790,1261259240.969,7.934,56.014,0.999,Power_Line
3791,1261259968.211,9.065,3006.243,0.995,Violin_Mode
3792,1261260276.469,8.914,52.326,0.981,Air_Compressor
3793,1261260436.789,8.425,300.71,0.93,Violin_Mode
3794,1261262048.188,7.643,56.814,0.998,Power_Line
3795,1261263768.398,15.427,2424.125,0.977,Violin_Mode
3796,1261263779.602,10.749,468.729,0.997,Violin_Mode
3797,1261264699.063,8.312,38.891,0.987,Power_Line
3798,1261266025.969,8.213,2170.577,0.983,Power_Line
3799,1261269135.063,8.572,39.944,0.969,Power_Line
3800,1261270055.438,7.901,52.562,0.994,Power_Line
3801,1261270347.928,7.621,88.802,1.0,Blip
3802,1261270547.82,7.733,439.585,0.923,Violin_Mode
3803,1261271580.414,19.772,544.5,0.984,Whistle
3804,1261274120.438,10.596,3813.464,1.0,Low_Frequency_Lines
3805,1261277912.594,8.14,53.488,0.984,Power_Line
3806,1261278179.008,16.23,3881.874,0.986,Violin_Mode
3807,1261278829.906,13.451,23.057,0.999,Low_Frequency_Burst
3808,1261281667.813,8.752,2982.598,0.996,Power_Line
3809,1261281690.523,12.474,497.019,0.982,Violin_Mode
3810,1261281765.188,8.779,54.468,0.999,Power_Line
3811,1261281928.68,14.933,476.919,0.976,Violin_Mode
3812,1261282385.695,10.307,1450.832,0.997,Violin_Mode
3813,1261282464.648,9.051,445.387,0.928,Violin_Mode
3814,1261282575.938,8.313,57.94,1.0,Power_Line
3815,1261282652.938,8.176,56.931,0.998,Power_Line
3816,1261285505.188,7.719,55.932,0.988,Power_Line
3817,1261285891.563,7.597,61.492,1.0,Power_Line
3818,1261286537.938,9.671,2160.283,0.953,Power_Line
3819,1261287780.688,7.905,2341.528,0.99,Low_Frequency_Lines
3820,1261290448.281,11.321,23.057,0.972,Low_Frequency_Lines
3821,1261290729.584,7.824,68.391,1.0,Blip
3822,1261295579.99,23.592,302.444,1.0,Blip
3823,1261296217.159,7.651,2654.766,1.0,Blip
3824,1261296767.369,7.686,65.53,0.993,Blip
3825,1261297405.938,8.519,54.998,0.984,Power_Line
3826,1261299318.598,8.775,75.727,0.988,Tomte
3827,1261300846.813,10.324,61.788,0.993,Power_Line
3828,1261303114.813,8.142,2507.504,1.0,Power_Line
3829,1261303381.892,14.866,782.917,1.0,Blip
3830,1261306050.294,10.223,1918.045,1.0,Blip
3831,1261308318.938,8.829,39.799,0.995,Power_Line
3832,1261311029.521,8.346,136.131,0.999,Blip
3833,1261312007.813,7.722,47.964,0.984,Power_Line
3834,1261316779.438,9.203,46.928,0.95,Air_Compressor
3835,1261317209.14,9.202,256.21,1.0,Blip
3836,1261319733.322,13.827,161.018,0.988,Tomte
3837,1261320672.531,8.198,3405.895,0.992,Air_Compressor
3838,1261321229.781,7.929,1954.29,0.997,Power_Line
3839,1261341231.563,8.435,807.395,0.982,Power_Line
3840,1261342735.975,8.0,76.287,1.0,Blip
3841,1261344618.967,7.882,596.001,0.995,Blip
3842,1261351963.124,13.425,168.075,0.995,Blip
3843,1261354641.457,9.644,65.53,0.947,Blip
3844,1261355206.34,8.599,63.212,0.931,Tomte
3845,1261357071.52,25.369,2661.416,1.0,Blip
3846,1261357075.677,11.82,3615.396,0.991,Blip
3847,1261359627.963,7.905,68.391,0.997,Blip
3848,1261364083.428,175.902,3367.249,1.0,Extremely_Loud
3849,1261367103.27,7.72,42.988,0.924,Tomte
3850,1261367213.42,8.37,80.907,0.99,Blip
3851,1261374709.63,7.853,152.274,1.0,Blip
3852,1261374791.727,454.729,1462.128,1.0,Extremely_Loud
3853,1261381343.727,7.518,49.976,1.0,Air_Compressor
3854,1261381956.646,8.71,3592.706,1.0,Blip
3855,1261382593.121,11.729,89.302,0.998,Tomte
3856,1261385860.846,970.383,3582.116,0.999,Extremely_Loud
3857,1261387422.932,14.058,131.936,0.988,Tomte
3858,1261387474.068,12.386,133.813,0.94,Tomte
3859,1261387507.057,8.095,3464.943,1.0,Blip
3860,1261391487.404,481.972,857.679,0.963,Extremely_Loud
3861,1261391699.547,7.542,47.964,0.994,Air_Compressor
3862,1261398975.287,1288.678,3409.167,1.0,Extremely_Loud
3863,1261403392.592,10.893,133.813,0.996,Blip
3864,1261409163.004,24.848,2651.144,0.995,Tomte
3865,1261411027.124,12.129,256.21,1.0,Blip
3866,1261415699.91,8.457,109.64,1.0,Blip
3867,1261415701.113,16.818,73.85,0.973,Tomte
3868,1261415941.619,8.858,1466.181,0.996,Blip
3869,1261421081.975,9.893,112.576,0.983,Blip
3870,1261422696.725,7.892,123.333,0.997,Blip
3871,1261423670.566,17.038,1453.523,0.998,Tomte
3872,1261428273.862,11.06,3718.931,1.0,Blip
3873,1261443621.125,1196.835,3201.357,1.0,Extremely_Loud
3874,1261443622.125,426.525,3813.464,0.998,Extremely_Loud
3875,1261446748.076,11.037,136.131,1.0,Blip
3876,1261474711.82,10.361,411.93,0.996,Whistle
3877,1261474791.008,7.967,364.25,0.979,Whistle
3878,1261476656.617,8.678,364.25,0.996,Whistle
3879,1261478346.487,9.435,110.258,0.943,Blip
3880,1261479482.539,8.784,364.25,0.997,Whistle
3881,1261480972.258,10.133,399.801,1.0,Whistle
3882,1261481740.621,67.916,363.574,0.961,Extremely_Loud
3883,1261482342.725,8.826,373.043,0.997,Whistle
3884,1261483335.624,12.354,207.515,1.0,Blip
3885,1261483574.593,14.76,168.075,1.0,Blip
3886,1261484181.664,10.525,386.276,1.0,Whistle
3887,1261484671.515,9.747,203.982,1.0,Blip
3888,1261484709.398,8.934,2713.519,0.986,Whistle
3889,1261487780.102,11.469,372.28,0.999,Whistle
3890,1261491763.379,3555.17,3409.167,1.0,Extremely_Loud
3891,1261496385.281,7.711,47.796,0.991,Air_Compressor
3892,1261500620.388,12.362,165.213,1.0,Blip
3893,1261501131.77,7.677,3008.12,0.912,Tomte
3894,1261509160.279,7.551,94.188,1.0,Blip
3895,1261512272.911,27.05,300.189,0.965,Blip
3896,1261515637.966,7.705,104.255,1.0,Blip
3897,1261525125.132,9.333,175.97,1.0,Blip
3898,1261526099.094,8.388,1416.452,0.998,Air_Compressor
3899,1261529177.283,7.74,80.907,1.0,Blip
3900,1261545368.496,971.798,2378.556,1.0,Extremely_Loud
3901,1261549894.582,15.945,3030.486,0.948,Extremely_Loud
3902,1261551011.625,11.554,2378.556,1.0,Scattered_Light
3903,1261551462.109,10.768,26.59,0.993,Low_Frequency_Burst
3904,1261551650.724,14.608,203.982,1.0,Blip
3905,1261552602.954,9.626,181.356,1.0,Blip
3906,1261553082.398,8.014,3133.541,0.997,Low_Frequency_Burst
3907,1261553669.803,8.082,675.171,0.997,Blip
3908,1261554483.344,8.028,3642.372,0.974,Power_Line
3909,1261555572.012,208.286,2579.423,1.0,Extremely_Loud
3910,1261563289.063,10.963,508.217,0.999,Scattered_Light
3911,1261566609.356,15.604,201.12,1.0,Blip
3912,1261567406.418,9.623,68.391,0.967,Power_Line
3913,1261568218.409,11.496,3993.831,0.998,Blip
3914,1261568358.293,7.554,50.045,0.994,Air_Compressor
3915,1261576774.241,1713.976,3983.241,1.0,Extremely_Loud
3916,1261577412.629,8.245,78.045,0.947,Blip
3917,1261583921.102,7.622,53.578,0.992,Air_Compressor
3918,1261597302.037,71.552,3908.818,0.958,Extremely_Loud
3919,1261599206.676,79.654,1034.589,0.981,Extremely_Loud
3920,1261600190.637,19.603,3799.787,0.904,Tomte
3921,1261607252.475,10.811,138.385,0.999,Blip
3922,1261612463.373,13.448,201.12,1.0,Blip
3923,1261612904.834,7.936,3888.931,0.983,Blip
3924,1261616032.171,8.166,112.576,0.999,Blip
3925,1261618705.135,8.668,3413.363,0.998,Blip
3926,1261620577.658,8.169,84.44,1.0,Blip
3927,1261622651.426,2054.494,677.222,1.0,Extremely_Loud
3928,1261622921.444,8.576,128.719,1.0,Blip
3929,1261628530.489,8.239,90.162,1.0,Blip
3930,1261637527.613,7.968,55.393,0.938,Blip
3931,1261637791.666,52.204,2930.829,0.93,Extremely_Loud
3932,1261638196.937,27.893,3828.416,1.0,Blip
3933,1261641554.146,7.815,88.802,1.0,Blip
3934,1261641569.271,10.268,146.888,1.0,Blip
3935,1261641701.104,8.338,152.274,1.0,Blip
3936,1261642468.83,7.832,99.892,1.0,Blip
3937,1261643022.685,8.556,128.719,1.0,Blip
3938,1261646055.683,7.759,109.64,0.993,Blip
3939,1261648151.029,7.643,3429.506,0.998,Blip
3940,1261649485.797,22.099,2388.861,0.99,Power_Line
3941,1261655679.748,28.588,131.936,0.98,Tomte
3942,1261657784.562,7.502,99.892,1.0,Blip
3943,1261661972.129,18.754,73.85,1.0,Tomte
3944,1261662417.949,71.082,131.936,0.955,Low_Frequency_Burst
3945,1261665624.088,7.747,88.802,0.999,Blip
3946,1261676949.402,319.876,406.738,0.995,Extremely_Loud
3947,1261681859.636,20.303,3205.552,1.0,Blip
3948,1261687481.525,22.701,2084.436,0.977,Tomte
3949,1261699449.77,95.144,2061.918,1.0,Extremely_Loud
3950,1261702620.855,1226.23,3945.854,1.0,Extremely_Loud
3951,1261703572.898,23.738,3582.116,1.0,Extremely_Loud
3952,1261707955.133,12.854,61.335,0.997,Tomte
3953,1261714792.439,13.874,75.727,0.999,Tomte
3954,1261715128.441,7.809,133.813,0.932,Blip
3955,1261715681.313,10.687,78.704,0.921,Power_Line
3956,1261715874.447,9.572,2385.613,1.0,Blip
3957,1261716575.922,9.258,280.321,0.925,Whistle
3958,1261717936.851,10.792,181.356,1.0,Blip
3959,1261730496.938,18.839,42.988,0.907,Extremely_Loud
3960,1261732011.879,49.939,3361.459,1.0,Extremely_Loud
3961,1261732013.469,92.158,3201.357,0.999,Extremely_Loud
3962,1261739714.107,9.912,55.393,0.996,Blip
3963,1261744904.434,445.374,3983.241,0.993,Extremely_Loud
3964,1261747641.609,13.998,314.561,0.998,Whistle
3965,1261748062.746,11.785,308.905,0.998,Whistle
3966,1261752091.047,8.034,307.073,0.993,Whistle
3967,1261752517.969,17.483,4003.579,0.999,Power_Line
3968,1261754246.809,8.307,2710.126,0.998,Whistle
3969,1261757508.484,10.895,265.806,0.99,Whistle
3970,1261758169.52,13.667,63.212,0.992,Tomte
3971,1261763740.539,7.51,4148.325,0.929,Whistle
3972,1261765101.458,8.475,118.971,1.0,Blip
3973,1261771397.702,13.999,171.323,1.0,Blip
3974,1261772585.83,21.314,245.453,0.981,Blip
3975,1261775920.363,86.503,3983.241,1.0,Extremely_Loud
3976,1261783425.902,419.165,3983.241,1.0,Extremely_Loud
3977,1261787175.034,9.223,118.971,1.0,Blip
3978,1261789928.521,16.714,3990.298,0.999,Blip
3979,1261791736.527,1261.43,1155.883,1.0,Extremely_Loud
3980,1261792291.025,12.218,3874.008,0.922,Blip
3981,1261795790.027,1860.896,3881.874,1.0,Extremely_Loud
3982,1261795797.906,7.889,1102.192,1.0,Air_Compressor
3983,1261800949.752,5155.09,3983.241,1.0,Extremely_Loud
3984,1261806434.619,250.802,363.574,0.937,Extremely_Loud
3985,1261821282.188,77.404,3983.241,1.0,Extremely_Loud
3986,1261821317.9,13.248,1229.917,0.918,Blip
3987,1261825349.488,3220.759,2655.86,1.0,Extremely_Loud
3988,1261826006.086,8.838,373.04,0.999,Whistle
3989,1261826455.952,8.139,386.276,0.993,Whistle
3990,1261826952.289,10.209,296.872,0.999,Whistle
3991,1261827013.602,12.808,386.276,1.0,Whistle
3992,1261827044.117,11.507,343.197,0.998,Whistle
3993,1261827196.117,10.651,441.012,1.0,Whistle
3994,1261830574.706,10.079,201.12,1.0,Blip
3995,1261830979.168,14.338,353.844,0.999,Whistle
3996,1261832941.195,10.12,3091.689,0.999,Whistle
3997,1261833094.113,9.148,352.315,0.999,Whistle
3998,1261836528.727,8.904,312.787,0.997,Whistle
3999,1261838669.477,11.686,1027.309,1.0,Whistle
4000,1261842783.701,759.707,3249.652,1.0,Extremely_Loud
4001,1261842969.304,1735.766,3983.241,0.997,Extremely_Loud
4002,1261844679.152,9.63,323.233,0.999,Whistle
4003,1261844898.273,373.034,3764.125,1.0,Extremely_Loud
4004,1261845090.067,16.727,203.982,1.0,Blip
4005,1261847481.292,8.578,79.405,1.0,Blip
4006,1261853209.875,9.43,30.745,0.982,Extremely_Loud
4007,1261853210.85,479.368,3427.638,0.999,Extremely_Loud
4008,1261856372.73,207.535,3983.241,0.987,Extremely_Loud
4009,1261870473.77,15.784,1046.98,0.999,Tomte
4010,1261882946.481,14.99,211.877,1.0,Blip
4011,1261883914.973,30.703,89.302,0.99,Tomte
4012,1261899926.699,20569.811,3983.241,1.0,Extremely_Loud
4013,1261906825.139,17.49,3746.261,0.972,Blip
4014,1261908890.844,7.804,73.666,0.936,Power_Line
4015,1261914859.708,7.74,133.442,1.0,Blip
4016,1261944468.779,188.686,834.26,1.0,Extremely_Loud
4017,1261948031.801,23.183,3590.782,0.998,Tomte
4018,1261949496.74,8.998,372.28,0.999,Whistle
4019,1261952287.961,7.52,364.908,0.998,Whistle
4020,1261953960.52,7.581,55.393,0.982,Blip
4021,1261956033.883,13.663,1987.349,1.0,Whistle
4022,1261957253.332,13.013,3237.069,0.909,Tomte
4023,1261958841.271,7.88,93.497,1.0,Blip
4024,1261960567.718,10.27,168.075,1.0,Blip
4025,1261960576.78,26.415,1032.344,0.999,Blip
4026,1261961919.968,16.586,3007.975,0.998,Blip
4027,1261962341.422,8.449,3360.901,0.919,Air_Compressor
4028,1261966989.635,9.006,142.526,1.0,Blip
4029,1261981109.397,7.509,113.094,1.0,Blip
4030,1261981456.688,11.987,2088.348,1.0,Blip
4031,1261990112.891,48.072,89.302,0.976,Extremely_Loud
4032,1261992775.93,20.06,3983.241,0.993,Extremely_Loud
4033,1262004127.584,19.906,1898.219,0.995,Tomte
4034,1262018725.41,27.617,3080.93,0.98,Tomte
4035,1262019750.17,467.911,2398.222,1.0,Extremely_Loud
4036,1262026504.167,8.698,146.888,1.0,Blip
4037,1262035737.563,7.616,70.015,0.912,Power_Line
4038,1262037204.724,17.109,2248.755,1.0,Blip
4039,1262042318.756,8.172,1043.101,1.0,Blip
4040,1262044602.011,16.341,203.982,1.0,Blip
4041,1262050501.735,10.153,146.888,0.999,Blip
4042,1262057998.955,4855.648,3945.854,1.0,Extremely_Loud
4043,1262058399.962,10.237,203.982,1.0,Blip
4044,1262061425.651,722.194,3983.241,1.0,Extremely_Loud
4045,1262063011.195,43.78,131.936,0.999,Extremely_Loud
4046,1262063300.527,22.773,3983.241,0.994,Tomte
4047,1262069528.188,7.665,66.776,0.98,Power_Line
4048,1262075365.688,19.435,3998.194,0.996,Power_Line
4049,1262088696.313,20.991,3883.54,0.98,Power_Line
4050,1262104598.723,17.925,73.85,1.0,Tomte
4051,1262107553.77,69.467,161.018,0.987,Extremely_Loud
4052,1262109174.531,10.459,3769.778,0.919,Power_Line
4053,1262110960.965,518.987,3983.241,0.999,Extremely_Loud
4054,1262111998.656,8.394,3201.357,0.986,Low_Frequency_Burst
4055,1262114324.434,14.511,73.85,0.994,Tomte
4056,1262118345.522,13.421,245.453,1.0,Blip
4057,1262125742.918,142.802,3983.241,0.99,Extremely_Loud
4058,1262128840.849,12.114,2356.48,1.0,Blip
4059,1262136755.27,524.773,3703.979,1.0,Extremely_Loud
4060,1262136756.125,53.233,108.381,0.998,Extremely_Loud
4061,1262136772.92,8.033,94.188,1.0,Blip
4062,1262138009.726,25.293,3558.748,1.0,Blip
4063,1262139508.684,11.333,3881.874,0.986,Tomte
4064,1262146186.781,8.249,56.571,1.0,Power_Line
4065,1262148048.798,13.232,3211.661,1.0,Blip
4066,1262151855.531,8.041,20.195,0.975,Low_Frequency_Lines
4067,1262157675.281,13.413,833.42,0.976,Power_Line
4068,1262165963.979,9.863,123.333,1.0,Blip
4069,1262168018.914,7.613,3146.761,0.992,Air_Compressor
4070,1262175783.328,44.009,104.255,1.0,Power_Line
4071,1262176552.346,9.445,2393.509,1.0,Blip
4072,1262183690.426,56.041,2869.548,1.0,Extremely_Loud
4073,1262186034.627,3015.019,3983.241,1.0,Extremely_Loud
4074,1262197886.993,26.646,2345.723,1.0,Blip
4075,1262202980.457,16.334,73.85,0.987,Tomte
4076,1262206844.541,16.278,1299.963,0.995,Tomte
4077,1262211609.027,44.021,447.013,0.98,Extremely_Loud
4078,1262224224.101,20.061,245.453,1.0,Blip
4079,1262231853.248,17.268,3945.854,0.965,Blip
4080,1262251724.715,1507.63,3490.641,1.0,Extremely_Loud
4081,1262252599.338,427.656,2630.957,1.0,Extremely_Loud
4082,1262258018.137,21.325,3464.271,0.972,Tomte
4083,1262285332.978,13.529,165.213,0.995,Blip
4084,1262292280.035,15.322,2634.428,0.984,Tomte
4085,1262310040.354,249.961,2783.969,1.0,Extremely_Loud
4086,1262311125.867,10.365,3151.482,0.938,Violin_Mode
4087,1262311270.602,8.407,3184.746,0.966,Violin_Mode
4088,1262311343.742,7.537,574.835,0.975,Violin_Mode
4089,1262311359.883,12.622,445.387,0.961,Violin_Mode
4090,1262311383.383,15.795,2522.98,0.999,Violin_Mode
4091,1262312315.792,21.237,245.453,1.0,Blip
4092,1262319650.282,12906.21,3983.241,0.999,Extremely_Loud
4093,1262321080.32,8.191,256.125,0.998,Violin_Mode
4094,1262322096.131,8.6,96.359,1.0,Blip
4095,1262322619.681,17.819,306.584,1.0,Blip
4096,1262324511.586,9.645,445.387,0.985,Violin_Mode
4097,1262325542.117,8.295,762.288,0.992,Violin_Mode
4098,1262328695.305,16.91,301.222,0.979,Violin_Mode
4099,1262330130.021,12.935,89.302,0.994,Tomte
4100,1262340020.402,12.51,73.85,0.997,Tomte
4101,1262340497.595,970.758,3006.243,1.0,Extremely_Loud
4102,1262342246.883,11.477,3734.967,0.995,Violin_Mode
4103,1262342491.648,9.428,478.928,0.979,Violin_Mode
4104,1262343155.32,9.75,451.271,0.987,Violin_Mode
4105,1262343433.117,10.834,445.387,0.946,Violin_Mode
4106,1262343465.383,11.374,451.271,0.967,Violin_Mode
4107,1262343794.398,8.971,470.856,0.992,Violin_Mode
4108,1262344026.445,8.994,473.429,0.999,Violin_Mode
4109,1262344042.615,992.734,1400.607,0.995,Extremely_Loud
4110,1262344120.664,10.003,482.542,0.954,Violin_Mode
4111,1262344202.93,12.299,468.729,0.979,Violin_Mode
4112,1262344239.242,9.382,470.856,0.987,Violin_Mode
4113,1262344296.992,12.459,3638.899,0.905,Violin_Mode
4114,1262344344.242,17.297,465.64,0.95,Whistle
4115,1262344361.727,18.657,544.5,0.944,Violin_Mode
4116,1262344414.086,9.005,465.89,0.988,Violin_Mode
4117,1262344431.961,16.365,3727.135,0.98,Violin_Mode
4118,1262344450.883,10.705,451.271,0.988,Violin_Mode
4119,1262344537.004,7.667,482.542,0.946,Violin_Mode
4120,1262344544.242,8.745,2961.918,0.983,Violin_Mode
4121,1262344571.164,9.113,457.043,0.938,Violin_Mode
4122,1262344597.758,17.752,476.919,0.986,Violin_Mode
4123,1262344693.586,14.583,466.684,0.996,Violin_Mode
4124,1262344715.461,12.128,544.5,0.993,Violin_Mode
4125,1262344908.367,23.359,508.592,0.919,Whistle
4126,1262344968.398,7.835,3090.201,0.99,Violin_Mode
4127,1262345105.555,9.857,366.981,0.985,Violin_Mode
4128,1262345164.492,7.804,485.115,0.954,Violin_Mode
4129,1262345294.789,7.512,262.933,0.999,Violin_Mode
4130,1262345436.336,11.221,500.261,0.987,Violin_Mode
4131,1262346960.631,126.738,295.994,0.978,Extremely_Loud
4132,1262349862.772,14.874,256.21,1.0,Blip
4133,1262350080.395,99.706,363.574,0.999,Extremely_Loud
4134,1262355363.844,8.987,74.103,0.988,Power_Line
4135,1262355683.055,11.561,485.418,0.968,Violin_Mode
4136,1262355756.805,8.716,3957.523,0.985,Violin_Mode
4137,1262355962.945,9.082,473.429,0.988,Violin_Mode
4138,1262357588.781,10.279,74.859,0.968,Power_Line
4139,1262366201.291,7.51,50.045,0.952,Blip
4140,1262366736.691,34.671,914.134,0.995,Low_Frequency_Burst
4141,1262370913.996,960.843,1563.095,1.0,Extremely_Loud
4142,1262370914.004,905.433,2081.292,1.0,Extremely_Loud
4143,1262387156.875,18.812,47.505,0.996,Extremely_Loud
4144,1262387157.842,621.179,3703.979,1.0,Extremely_Loud
4145,1262390362.522,9.524,2756.217,0.995,Blip
4146,1262392580.972,9.762,211.877,1.0,Blip
4147,1262397818.712,12.824,303.051,1.0,Blip
4148,1262404340.182,398.304,3728.798,1.0,Extremely_Loud
4149,1262405237.789,10.209,458.569,0.978,Violin_Mode
4150,1262405477.445,19.993,718.918,0.935,Violin_Mode
4151,1262405479.195,8.407,463.235,0.976,Violin_Mode
4152,1262405571.68,8.825,2135.198,0.936,Whistle
4153,1262405730.898,9.908,445.387,0.998,Violin_Mode
4154,1262405779.43,12.924,468.729,0.975,Violin_Mode
4155,1262405845.805,12.625,441.012,0.993,Whistle
4156,1262406708.586,8.741,409.802,0.987,Violin_Mode
4157,1262406709.633,9.809,550.383,0.932,Violin_Mode
4158,1262406722.711,9.887,3168.36,1.0,Violin_Mode
4159,1262406724.289,10.722,501.547,0.996,Violin_Mode
4160,1262406725.336,13.31,466.684,0.907,Whistle
4161,1262406780.836,9.945,441.012,1.0,Whistle
4162,1262406785.68,14.129,476.919,0.985,Violin_Mode
4163,1262406990.352,31.726,449.837,0.982,Whistle
4164,1262407213.508,9.658,3003.976,0.99,Whistle
4165,1262407618.57,12.167,462.854,0.964,Violin_Mode
4166,1262407653.945,7.911,468.729,0.957,Violin_Mode
4167,1262407968.18,9.142,451.271,0.905,Violin_Mode
4168,1262408363.727,10.406,2820.669,0.973,Whistle
4169,1262408830.93,10.164,441.592,0.996,Whistle
4170,1262409097.523,9.33,2246.541,0.989,Violin_Mode
4171,1262409190.102,8.222,468.729,0.999,Violin_Mode
4172,1262409302.227,13.443,466.684,1.0,Violin_Mode
4173,1262409420.336,10.647,1988.056,1.0,Violin_Mode
4174,1262409473.539,10.797,544.5,0.99,Whistle
4175,1262409474.508,10.903,445.387,1.0,Violin_Mode
4176,1262409532.023,10.614,457.043,0.934,Violin_Mode
4177,1262409775.492,9.097,3178.068,0.925,Violin_Mode
4178,1262409778.211,9.208,447.566,0.924,Violin_Mode
4179,1262409778.648,10.685,419.866,0.971,Violin_Mode
4180,1262409780.648,9.024,427.95,0.949,Violin_Mode
4181,1262409857.023,9.014,2867.809,0.94,Violin_Mode
4182,1262409886.664,10.337,451.271,0.941,Violin_Mode
4183,1262409927.211,8.08,538.168,0.974,Violin_Mode
4184,1262409987.117,7.95,669.032,0.937,Violin_Mode
4185,1262410277.148,11.111,409.48,0.997,Whistle
4186,1262410405.32,11.981,3531.237,0.956,Violin_Mode
4187,1262410408.789,11.176,476.919,0.989,Violin_Mode
4188,1262410409.711,14.371,430.777,0.948,Violin_Mode
4189,1262410410.508,11.188,427.95,0.965,Violin_Mode
4190,1262410606.977,7.996,473.429,1.0,Violin_Mode
4191,1262410608.258,12.479,441.012,0.972,Violin_Mode
4192,1262410669.32,15.513,592.031,0.997,Whistle
4193,1262410681.18,7.962,423.462,0.954,Violin_Mode
4194,1262410799.852,10.293,437.339,0.923,Violin_Mode
4195,1262410812.789,21.185,592.031,0.978,Whistle
4196,1262410821.852,8.171,441.592,0.986,Violin_Mode
4197,1262411135.555,10.073,476.919,0.994,Violin_Mode
4198,1262411366.352,7.932,2382.616,0.944,Whistle
4199,1262411515.164,12.432,369.775,0.994,Whistle
4200,1262411568.758,11.468,441.592,0.999,Whistle
4201,1262411765.039,10.186,468.729,0.999,Violin_Mode
4202,1262411828.727,12.413,507.255,0.978,Violin_Mode
4203,1262412045.352,8.12,465.625,0.999,Violin_Mode
4204,1262415113.336,15.656,4096.636,0.999,Whistle
4205,1262415168.82,11.676,4028.297,0.994,Violin_Mode
4206,1262415655.68,20.389,3997.81,0.943,Whistle
4207,1262415691.555,8.744,427.887,0.927,Violin_Mode
4208,1262415763.227,8.618,473.429,0.995,Violin_Mode
4209,1262415908.648,9.126,3915.24,0.962,Violin_Mode
4210,1262415915.07,8.263,473.429,0.991,Violin_Mode
4211,1262416034.164,9.853,530.055,0.994,Whistle
4212,1262430948.156,7.59,40.28,0.904,Air_Compressor
4213,1262432981.457,4373.413,3983.241,1.0,Extremely_Loud
4214,1262548364.809,9.541,406.342,0.997,Whistle
4215,1262548902.15,9.641,2351.685,1.0,Blip
4216,1262549137.631,8.207,128.38,1.0,Blip
4217,1262551312.396,9.865,123.333,1.0,Blip
4218,1262553375.301,1388.807,3813.464,1.0,Extremely_Loud
4219,1262553746.691,1374.032,3361.459,1.0,Extremely_Loud
4220,1262560415.131,11.041,162.896,0.973,Blip
4221,1262566035.952,7.622,131.936,1.0,Blip
4222,1262567242.76,9.348,133.813,0.989,Blip
4223,1262569050.656,7.875,61.788,0.999,Air_Compressor
4224,1262569316.496,10.934,3883.751,0.992,Tomte
4225,1262570651.878,20.985,367.769,1.0,Blip
4226,1262571805.23,62.591,733.741,0.999,Extremely_Loud
4227,1262578713.621,25.035,3945.854,0.955,Tomte
4228,1262586531.77,2655.521,3983.241,1.0,Extremely_Loud
4229,1262586539.938,10.779,3680.246,0.986,Air_Compressor
4230,1262586626.563,8.53,3983.241,0.995,Low_Frequency_Lines
4231,1262595326.271,9.238,138.993,1.0,Blip
4232,1262595338.984,113.465,3813.464,1.0,Extremely_Loud
4233,1262595804.023,9.198,26.59,1.0,Low_Frequency_Burst
4234,1262608996.398,9.974,2723.373,1.0,Whistle
4235,1262609085.73,7.838,330.203,0.999,Whistle
4236,1262609510.223,10.561,314.466,0.999,Whistle
4237,1262609543.469,34.251,241.258,0.981,Extremely_Loud
4238,1262610174.469,8.361,195.37,0.999,Low_Frequency_Burst
4239,1262610206.633,8.107,369.854,0.996,Whistle
4240,1262610255.742,8.027,2672.706,0.983,Low_Frequency_Burst
4241,1262610317.324,11.625,2722.058,0.998,Whistle
4242,1262610486.297,8.418,3486.309,0.986,Whistle
4243,1262610547.805,10.313,287.767,0.993,Whistle
4244,1262610743.48,7.756,392.345,0.998,Whistle
4245,1262610817.609,12.508,2439.979,1.0,Low_Frequency_Burst
4246,1262611400.938,14.255,3006.243,0.965,Extremely_Loud
4247,1262612462.074,10.746,2098.233,0.993,Low_Frequency_Burst
4248,1262613854.55,18.368,557.087,1.0,Blip
4249,1262613893.383,12.124,325.735,0.999,Whistle
4250,1262613969.566,7.781,192.328,0.986,Low_Frequency_Burst
4251,1262614841.793,13.71,383.199,1.0,Whistle
4252,1262615070.645,8.146,294.502,0.995,Whistle
4253,1262616203.352,11.302,340.309,0.998,Whistle
4254,1262616225.398,35.888,3945.854,0.908,Extremely_Loud
4255,1262616326.523,10.579,330.175,0.999,Whistle
4256,1262616777.457,9.956,328.463,0.999,Whistle
4257,1262617037.383,7.781,289.372,0.997,Whistle
4258,1262617403.82,14.68,380.471,1.0,Whistle
4259,1262619198.119,7.681,58.255,0.992,Blip
4260,1262619813.079,10.058,146.888,1.0,Blip
4261,1262622329.959,588.859,447.013,1.0,Extremely_Loud
4262,1262622373.857,304.337,550.03,0.99,Extremely_Loud
4263,1262622505.975,9.008,136.131,1.0,Blip
4264,1262625199.24,7.889,85.188,1.0,Blip
4265,1262627505.762,87.265,3908.818,0.996,Extremely_Loud
4266,1262627511.746,409.245,3350.311,1.0,Extremely_Loud
4267,1262627605.734,8.295,108.416,0.998,Power_Line
4268,1262631008.096,10.072,78.045,0.983,Blip
4269,1262639620.137,264.75,1563.095,0.927,Extremely_Loud
4270,1262649488.521,7.713,217.263,1.0,Blip
4271,1262656213.277,13.654,75.727,0.981,Tomte
4272,1262658652.754,3594.512,3006.243,1.0,Extremely_Loud
4273,1262677087.738,20.316,1461.986,0.951,Extremely_Loud
4274,1262677169.535,16.783,3240.109,0.962,Extremely_Loud
4275,1262677858.188,16.728,1839.649,0.973,Extremely_Loud
4276,1262678362.176,8.952,30.952,0.934,Low_Frequency_Burst
4277,1262678444.184,13.848,1644.648,0.999,Low_Frequency_Burst
4278,1262678632.352,10.658,2118.576,1.0,Low_Frequency_Burst
4279,1262678690.955,45.681,120.999,0.992,Extremely_Loud
4280,1262678761.781,11.273,26.59,0.999,Low_Frequency_Burst
4281,1262679043.969,8.903,2061.918,0.986,Scattered_Light
4282,1262679362.895,53.556,3240.109,0.955,Extremely_Loud
4283,1262679371.107,38.791,73.85,0.986,Extremely_Loud
4284,1262679376.34,59.835,3192.406,0.941,Extremely_Loud
4285,1262679400.104,31.629,89.302,0.995,Extremely_Loud
4286,1262679635.906,29.03,1502.81,0.998,Extremely_Loud
4287,1262679907.199,30.606,447.013,0.998,Extremely_Loud
4288,1262681631.99,40.479,615.299,0.98,Extremely_Loud
4289,1262681875.281,12.231,1818.598,0.986,Low_Frequency_Burst
4290,1262682101.563,14.662,1714.874,0.965,Scattered_Light
4291,1262682939.275,41.325,2378.556,0.998,Extremely_Loud
4292,1262683576.891,12.313,30.952,0.974,Low_Frequency_Burst
4293,1262683987.391,21.892,3908.818,0.933,Scattered_Light
4294,1262684806.758,46.192,489.737,0.998,Extremely_Loud
4295,1262685273.152,9.746,3703.979,0.995,Low_Frequency_Burst
4296,1262685317.828,10.951,2720.609,0.992,Low_Frequency_Burst
4297,1262685399.805,38.062,2159.763,0.994,Extremely_Loud
4298,1262685686.836,8.433,1203.208,0.933,Low_Frequency_Burst
4299,1262686184.836,7.699,26.59,0.971,Low_Frequency_Burst
4300,1262686772.383,11.481,30.952,0.997,Low_Frequency_Burst
4301,1262686870.891,14.221,287.603,1.0,Low_Frequency_Burst
4302,1262687133.539,8.879,26.59,0.906,Low_Frequency_Burst
4303,1262687534.77,8.058,26.59,0.998,Low_Frequency_Burst
4304,1262687576.824,40.457,3582.116,0.974,Extremely_Loud
4305,1262687782.664,8.907,26.59,0.997,Low_Frequency_Burst
4306,1262687793.107,417.618,3983.241,0.963,Extremely_Loud
4307,1262687915.688,23.437,42.988,0.913,Extremely_Loud
4308,1262694408.051,2952.263,3872.13,1.0,Extremely_Loud
4309,1262695331.434,18.981,36.338,0.996,Low_Frequency_Burst
4310,1262695555.496,29.635,2169.502,0.962,Extremely_Loud
4311,1262699670.309,13.77,36.338,0.973,Low_Frequency_Burst
4312,1262700868.871,16.54,3409.167,0.94,Extremely_Loud
4313,1262701259.598,33.155,723.299,0.984,Extremely_Loud
4314,1262701303.113,14.253,36.338,0.945,Low_Frequency_Burst
4315,1262701644.66,29.817,2372.003,0.979,Extremely_Loud
4316,1262701909.117,39.909,2930.829,0.97,Extremely_Loud
4317,1262701946.883,33.077,3367.249,0.925,Extremely_Loud
4318,1262702493.148,165.756,3703.979,0.999,Extremely_Loud
4319,1262705521.938,8.265,25.441,0.984,Extremely_Loud
4320,1262705942.277,12.151,1928.011,0.998,Low_Frequency_Burst
4321,1262705957.219,11.987,3983.241,0.95,Low_Frequency_Burst
4322,1262706573.367,15.412,30.952,1.0,Low_Frequency_Burst
4323,1262706807.945,7.817,26.59,0.903,Low_Frequency_Burst
4324,1262706979.992,16.105,36.338,0.987,Extremely_Loud
4325,1262707349.039,42.472,1563.095,0.987,Extremely_Loud
4326,1262707474.941,14.735,36.338,0.966,Extremely_Loud
4327,1262707505.012,32.294,2651.144,0.99,Extremely_Loud
4328,1262708200.633,13.451,3813.464,0.956,Low_Frequency_Burst
4329,1262708565.102,9.973,26.59,0.986,Low_Frequency_Burst
4330,1262708670.516,8.288,447.013,0.98,Low_Frequency_Burst
4331,1262708982.539,14.616,3006.243,0.998,Low_Frequency_Burst
4332,1262711644.287,9.028,2585.257,0.977,Blip
4333,1262718759.063,8.279,1928.011,0.994,Low_Frequency_Lines
4334,1262718815.1,8.907,171.608,1.0,Blip
4335,1262728441.313,7.964,21.842,0.984,Low_Frequency_Lines
4336,1262729116.813,8.101,57.459,1.0,Power_Line
4337,1262731912.382,31.881,3583.993,0.946,Blip
4338,1262738369.492,7.785,47.964,1.0,Air_Compressor
4339,1262738469.063,8.43,21.199,0.999,Low_Frequency_Lines
4340,1262739482.938,16.1,2096.244,0.999,Power_Line
4341,1262745419.938,7.817,19.678,0.986,Low_Frequency_Lines
4342,1262756932.574,421.678,1569.392,0.982,Extremely_Loud
4343,1262758430.531,9.571,2834.458,0.97,Low_Frequency_Lines
4344,1262760438.488,144.271,196.925,0.903,Extremely_Loud
4345,1262772915.594,9.19,75.989,0.973,Power_Line
4346,1262777345.313,7.71,19.969,0.999,Low_Frequency_Lines
4347,1262780061.416,7.584,201.12,0.959,Blip
4348,1262783706.188,8.942,20.195,0.999,Low_Frequency_Lines
4349,1262785257.035,6622.506,3799.787,1.0,Extremely_Loud
4350,1262790167.063,8.369,814.086,1.0,Low_Frequency_Lines
4351,1262793084.199,26.396,2973.356,0.911,Tomte
4352,1262794517.301,11.476,3457.886,0.971,Scattered_Light
4353,1262795217.032,13.382,374.164,1.0,Blip
4354,1262813725.813,7.746,19.406,0.981,Low_Frequency_Lines
4355,1262814238.131,17.664,108.381,1.0,Tomte
4356,1262821183.309,430.968,2930.829,1.0,Extremely_Loud
4357,1262825137.73,8.225,53.075,0.959,Tomte
4358,1262831360.301,7.561,63.212,0.972,Tomte
4359,1262834719.316,632.614,447.013,1.0,Extremely_Loud
4360,1262840304.041,8.207,2814.521,0.984,Blip
4361,1262840972.375,8.647,19.406,0.905,Low_Frequency_Lines
4362,1262841927.531,7.96,1854.601,1.0,Power_Line
4363,1262851001.324,14.747,61.335,0.985,Tomte
4364,1262853460.886,23.037,245.453,0.998,Blip
4365,1262855505.706,12.442,207.515,1.0,Blip
4366,1262862692.438,7.83,21.199,0.995,Low_Frequency_Lines
4367,1262867997.504,7.609,53.578,0.975,Air_Compressor
4368,1262886765.31,7.945,658.689,1.0,Blip
4369,1262887797.678,7.683,733.888,1.0,Blip
4370,1262891545.752,7.603,88.802,1.0,Blip
4371,1262894845.371,24.255,61.335,0.997,Tomte
4372,1262904112.514,8.328,58.255,1.0,Blip
4373,1262907248.016,7.698,3429.397,1.0,Power_Line
4374,1262912012.938,11.116,2489.561,0.984,Low_Frequency_Lines
4375,1262920709.438,7.798,2786.085,0.957,Scattered_Light
4376,1262924218.093,7.896,123.333,1.0,Blip
4377,1262926356.239,23.968,3987.436,0.993,Blip
4378,1262927183.117,7.525,26.59,0.998,Low_Frequency_Burst
4379,1262927688.035,1328.48,3030.486,0.999,Extremely_Loud
4380,1262930336.815,23.541,367.769,0.999,Blip
4381,1262935267.813,35.194,2964.093,0.995,Extremely_Loud
4382,1262935306.625,20.488,2651.052,0.939,Extremely_Loud
4383,1262935367.645,28.796,3464.271,0.915,Extremely_Loud
4384,1262935372.707,22.562,2930.829,0.951,Extremely_Loud
4385,1262935825.156,35.35,554.5,0.991,Extremely_Loud
4386,1262935855.793,21.348,2834.458,0.963,Extremely_Loud
4387,1262936292.627,47.174,884.469,0.999,Extremely_Loud
4388,1262936403.121,14.078,36.338,0.975,Low_Frequency_Burst
4389,1262936495.938,9.383,26.59,0.979,Low_Frequency_Burst
4390,1262936641.648,26.865,51.198,0.904,Extremely_Loud
4391,1262937203.23,38.879,3582.116,0.974,Extremely_Loud
4392,1262937522.098,37.843,3703.979,0.992,Extremely_Loud
4393,1262937905.852,16.135,3983.241,0.999,Extremely_Loud
4394,1262938212.77,16.508,3746.261,0.999,Low_Frequency_Burst
4395,1262938353.922,8.09,26.59,0.999,Scattered_Light
4396,1262940087.286,9.388,175.97,1.0,Blip
4397,1262940144.09,43.053,3427.638,0.99,Extremely_Loud
4398,1262941164.723,25.431,813.082,0.955,Extremely_Loud
4399,1262941186.758,40.84,2823.051,0.953,Extremely_Loud
4400,1262941980.711,21.901,42.988,0.948,Low_Frequency_Burst
4401,1262942053.18,29.26,3680.246,0.93,Extremely_Loud
4402,1262942070.848,72.091,3703.979,1.0,Extremely_Loud
4403,1262942077.863,41.068,89.302,0.974,Extremely_Loud
4404,1262942086.217,38.755,73.85,0.986,Extremely_Loud
4405,1262942162.645,37.043,1788.453,0.954,Extremely_Loud
4406,1262942202.105,18.464,3133.541,0.99,Extremely_Loud
4407,1262942208.358,869.161,2930.829,1.0,Extremely_Loud
4408,1262942530.262,22.847,2606.288,0.925,Extremely_Loud
4409,1262942716.623,38.475,2378.556,0.985,Extremely_Loud
4410,1262942826.227,42.457,1660.984,0.9,Extremely_Loud
4411,1262943026.268,42.689,1714.874,0.955,Extremely_Loud
4412,1262943049.082,18.097,834.26,0.944,Extremely_Loud
4413,1262943467.59,8.298,30.952,0.981,Low_Frequency_Burst
4414,1262943470.242,9.09,892.791,1.0,Low_Frequency_Burst
4415,1262943633.484,28.413,61.335,0.991,Extremely_Loud
4416,1262943876.949,17.573,3983.241,0.984,Extremely_Loud
4417,1262943957.91,11.368,42.988,0.941,Extremely_Loud
4418,1262944363.191,31.803,3298.676,0.991,Extremely_Loud
4419,1262944519.289,18.712,3329.919,0.976,Extremely_Loud
4420,1262944618.699,28.931,2720.609,0.983,Extremely_Loud
4421,1262945068.726,18.166,370.024,1.0,Blip
4422,1262945189.023,43.567,61.335,0.997,Extremely_Loud
4423,1262946127.869,37.487,1128.569,0.992,Extremely_Loud
4424,1262946420.254,36.656,3146.814,0.972,Extremely_Loud
4425,1262946446.137,110.061,3881.874,1.0,Extremely_Loud
4426,1262946799.365,44.915,1928.011,0.955,Extremely_Loud
4427,1262947239.816,15.729,2964.093,0.917,Low_Frequency_Burst
4428,1262947301.445,32.355,2810.325,0.991,Extremely_Loud
4429,1262954697.551,13.589,36.338,0.939,Extremely_Loud
4430,1262954740.461,8.697,26.59,0.997,Low_Frequency_Burst
4431,1262954914.035,25.524,1230.421,0.979,Extremely_Loud
4432,1262954934.033,49.309,3799.787,0.991,Extremely_Loud
4433,1262954990.809,67.374,1976.361,0.996,Extremely_Loud
4434,1262955009.277,62.397,3764.125,1.0,Extremely_Loud
4435,1262955037.77,72.132,2029.314,1.0,Extremely_Loud
4436,1262955064.01,36.088,3693.803,0.968,Extremely_Loud
4437,1262955512.262,11.601,65.53,0.958,Blip
4438,1262955664.934,8.804,261.656,0.903,Violin_Mode
4439,1262955683.555,26.64,1658.818,0.941,Extremely_Loud
4440,1262955802.574,14.505,2634.428,0.986,Extremely_Loud
4441,1262955825.301,8.63,30.952,0.912,Low_Frequency_Burst
4442,1262955836.457,15.574,1299.963,0.993,Extremely_Loud
4443,1262955893.102,107.484,1690.314,0.998,Extremely_Loud
4444,1262955962.264,59.983,89.302,0.998,Extremely_Loud
4445,1262956375.295,10.103,207.515,1.0,Blip
4446,1262957367.512,27.669,61.335,0.941,Scattered_Light
4447,1262957507.957,22.733,161.018,0.999,Extremely_Loud
4448,1262957611.773,12.295,30.952,0.962,Low_Frequency_Burst
4449,1262958321.969,7.503,24.79,0.994,Extremely_Loud
4450,1262958322.184,12.551,3489.112,1.0,Low_Frequency_Burst
4451,1262958511.055,7.754,1028.149,0.947,Low_Frequency_Burst
4452,1262958919.449,24.766,3237.069,0.948,Extremely_Loud
4453,1262959055.406,26.573,51.198,0.913,Extremely_Loud
4454,1262959375.848,12.252,30.952,1.0,Low_Frequency_Burst
4455,1262959710.969,47.669,3201.357,0.964,Extremely_Loud
4456,1262959860.629,39.08,3582.116,0.992,Extremely_Loud
4457,1262959891.52,32.271,3088.05,0.982,Extremely_Loud
4458,1262959921.031,30.089,61.335,0.998,Extremely_Loud
4459,1262959984.406,8.993,2964.093,1.0,Low_Frequency_Burst
4460,1262960010.066,37.371,1299.963,0.984,Extremely_Loud
4461,1262960171.988,65.198,108.381,0.998,Extremely_Loud
4462,1262960633.527,22.667,51.198,0.995,Extremely_Loud
4463,1262960667.766,7.56,188.822,0.986,Low_Frequency_Burst
4464,1262961494.641,9.269,1928.011,1.0,Low_Frequency_Burst
4465,1262961583.916,112.562,2634.428,1.0,Extremely_Loud
4466,1262961665.697,47.614,1182.101,0.995,Extremely_Loud
4467,1262961714.635,53.559,2378.556,1.0,Extremely_Loud
4468,1262961743.885,52.049,3835.788,0.998,Extremely_Loud
4469,1262961813.117,7.776,24.263,0.999,Low_Frequency_Burst
4470,1262961855.406,13.845,1451.262,1.0,Power_Line
4471,1262961974.371,78.978,1898.219,1.0,Extremely_Loud
4472,1262962199.074,29.224,3030.486,0.943,Extremely_Loud
4473,1262962274.813,39.855,3117.293,0.978,Extremely_Loud
4474,1262962381.875,30.249,2557.643,0.943,Extremely_Loud
4475,1262962403.125,40.546,1155.883,0.963,Extremely_Loud
4476,1262962460.125,17.65,2378.556,0.981,Extremely_Loud
4477,1262962672.52,14.82,3945.854,0.925,Extremely_Loud
4478,1262963085.629,13.855,42.988,0.925,Violin_Mode
4479,1262963462.113,30.552,2973.356,0.933,Extremely_Loud
4480,1262963871.992,31.57,2463.069,0.989,Extremely_Loud
4481,1262964250.188,48.253,2920.99,0.996,Extremely_Loud
4482,1262964711.551,11.851,61.335,0.996,Tomte
4483,1262967652.336,156.535,3551.692,0.992,Extremely_Loud
4484,1262973315.226,15.265,303.051,0.999,Blip
4485,1262975795.27,7.606,53.578,0.989,Air_Compressor
4486,1262985596.246,55.895,131.936,0.95,Extremely_Loud
4487,1262989309.38,13.511,248.315,1.0,Blip
4488,1262989604.469,7.986,1273.985,0.99,Air_Compressor
4489,1262994367.347,16.194,978.902,0.987,Blip
4490,1262995600.508,11.433,1034.589,0.987,Low_Frequency_Lines
4491,1262997951.936,12.909,89.302,0.985,Tomte
4492,1263007334.156,7.814,820.716,0.908,Air_Compressor
4493,1263008936.164,13.687,1299.963,0.996,Low_Frequency_Lines
4494,1263009004.856,11.172,3817.659,0.997,Blip
4495,1263010913.791,11.482,110.258,0.924,Blip
4496,1263011569.063,8.533,54.468,0.901,Power_Line
4497,1263015766.805,7.538,3202.996,0.998,Air_Compressor
4498,1263016316.934,2302.748,3464.271,0.989,Extremely_Loud
4499,1263020719.953,8.689,1140.999,0.995,Low_Frequency_Burst
4500,1263020945.265,3884.478,2930.829,1.0,Extremely_Loud
4501,1263091739.789,10.866,4027.656,0.998,Whistle
4502,1263091953.059,10.441,372.28,0.99,Whistle
4503,1263092063.422,8.049,269.147,0.928,Whistle
4504,1263092154.773,7.58,368.223,0.973,Whistle
4505,1263093121.68,12.087,316.206,0.999,Whistle
4506,1263093527.867,15.115,386.276,0.998,Whistle
4507,1263094190.195,12.306,441.012,1.0,Whistle
4508,1263094260.461,7.541,369.05,0.972,Whistle
4509,1263094843.066,8.105,384.214,0.995,Whistle
4510,1263094894.693,9.332,372.28,0.998,Whistle
4511,1263096764.375,856.265,3813.464,1.0,Extremely_Loud
4512,1263099722.664,9.613,386.276,0.999,Whistle
4513,1263099891.008,14.735,381.52,1.0,Whistle
4514,1263101020.023,8.816,386.276,1.0,Whistle
4515,1263104042.617,9.037,296.242,0.999,Whistle
4516,1263104368.039,9.423,26.59,1.0,Low_Frequency_Burst
4517,1263117509.451,27.246,3748.139,0.995,Blip
4518,1263117835.852,11.855,386.276,0.982,Whistle
4519,1263117931.367,13.278,242.626,0.974,Whistle
4520,1263118434.211,8.788,309.211,0.998,Whistle
4521,1263118462.371,10.928,399.801,0.999,Whistle
4522,1263118662.523,15.722,383.199,1.0,Whistle
4523,1263118797.488,10.502,330.203,0.998,Whistle
4524,1263118899.097,22.639,3085.125,0.902,Blip
4525,1263118944.664,7.678,386.276,0.982,Whistle
4526,1263118985.508,9.771,353.737,0.999,Whistle
4527,1263119207.336,19.132,383.624,0.999,Whistle
4528,1263129328.334,24.486,91.18,0.943,Tomte
4529,1263129416.711,9.059,1480.649,0.983,Violin_Mode
4530,1263129422.773,8.283,353.079,0.998,Whistle
4531,1263129502.414,13.898,2620.904,0.998,Violin_Mode
4532,1263129511.133,8.473,923.205,0.999,Whistle
4533,1263129691.32,10.796,1995.096,1.0,Whistle
4534,1263129826.336,7.544,1708.063,0.991,Violin_Mode
4535,1263129911.586,13.499,299.019,0.92,Violin_Mode
4536,1263130072.867,8.6,439.32,0.996,Violin_Mode
4537,1263130073.539,11.21,445.387,0.999,Violin_Mode
4538,1263130236.07,8.227,3489.112,0.905,Violin_Mode
4539,1263130311.586,8.872,353.079,0.993,Whistle
4540,1263130318.82,8.913,422.002,0.979,Whistle
4541,1263130465.695,10.126,476.919,0.998,Violin_Mode
4542,1263130788.82,10.249,372.28,0.999,Whistle
4543,1263131028.57,10.867,314.466,1.0,Whistle
4544,1263131094.086,8.178,468.392,0.983,Violin_Mode
4545,1263131241.863,9.5,2606.835,0.977,Violin_Mode
4546,1263131243.387,254.586,3489.112,0.991,Extremely_Loud
4547,1263131282.727,8.493,369.05,0.998,Whistle
4548,1263131531.055,8.725,475.723,0.983,Violin_Mode
4549,1263131767.711,8.944,386.276,0.998,Whistle
4550,1263132097.836,10.139,435.708,0.999,Violin_Mode
4551,1263132127.965,10.769,508.592,0.996,Whistle
4552,1263132128.852,8.559,472.45,0.914,Violin_Mode
4553,1263132130.836,9.381,468.729,0.983,Violin_Mode
4554,1263132392.961,7.66,439.32,0.926,Violin_Mode
4555,1263132481.664,9.557,441.012,0.999,Whistle
4556,1263135231.336,7.929,399.801,0.997,Whistle
4557,1263135781.805,7.763,468.392,0.991,Violin_Mode
4558,1263135920.945,9.867,1152.79,0.967,Whistle
4559,1263159042.637,436.041,2634.428,0.994,Extremely_Loud
4560,1263162228.68,9.501,2417.75,0.998,Whistle
4561,1263162570.455,11.344,133.813,0.908,Tomte
4562,1263169243.075,28.777,2088.348,0.999,Blip
4563,1263172040.203,7.661,45.095,1.0,Air_Compressor
4564,1263172269.883,7.757,47.964,0.993,Air_Compressor
4565,1263175218.977,8.599,3890.788,0.923,Whistle
4566,1263175887.945,13.327,3380.477,0.99,Whistle
4567,1263178272.063,7.963,3255.825,0.994,Power_Line
4568,1263178367.692,10.147,175.97,1.0,Blip
4569,1263178594.32,10.74,638.31,0.999,Whistle
4570,1263178888.523,9.914,445.387,0.976,Violin_Mode
4571,1263179536.461,7.518,263.406,0.999,Violin_Mode
4572,1263181089.004,33.29,89.302,0.923,Tomte
4573,1263181280.102,7.726,326.557,0.954,Violin_Mode
4574,1263181348.367,11.158,441.012,0.94,Whistle
4575,1263181754.664,7.88,427.887,0.919,Whistle
4576,1263182357.945,15.039,399.801,1.0,Whistle
4577,1263182635.461,12.67,2158.079,0.976,Violin_Mode
4578,1263182773.773,8.033,465.89,0.998,Violin_Mode
4579,1263191152.396,13.567,203.982,1.0,Blip
4580,1263195568.836,7.578,46.928,0.996,Air_Compressor
4581,1263196051.531,37.381,61.335,0.992,Extremely_Loud
4582,1263200877.265,10.616,175.97,1.0,Blip
4583,1263201039.324,9.617,55.393,1.0,Scattered_Light
4584,1263201859.012,17.02,1027.87,0.98,Extremely_Loud
4585,1263201937.753,9.084,3484.609,1.0,Blip
4586,1263202100.99,34.864,3133.541,0.999,Extremely_Loud
4587,1263202107.074,66.742,3835.788,0.998,Extremely_Loud
4588,1263202450.238,16.984,3464.271,0.939,Extremely_Loud
4589,1263202872.855,21.65,1228.039,0.962,Extremely_Loud
4590,1263202961.313,10.483,3764.125,0.943,Scattered_Light
4591,1263203083.697,34.234,3409.167,0.92,Extremely_Loud
4592,1263214970.389,10.8,1304.158,0.991,Blip
4593,1263215144.449,15.458,3983.241,0.976,Scattered_Light
4594,1263215914.402,38.919,1514.733,0.963,Extremely_Loud
4595,1263215921.289,13.584,3910.345,0.962,Whistle
4596,1263221605.895,22.147,1299.963,0.956,Extremely_Loud
4597,1263221657.039,16.928,385.859,0.999,Whistle
4598,1263221970.285,25.872,1027.529,0.982,Extremely_Loud
4599,1263222277.145,8.131,26.59,0.965,Low_Frequency_Burst
4600,1263222390.07,32.517,3983.241,0.968,Extremely_Loud
4601,1263222606.301,51.519,3813.464,0.996,Extremely_Loud
4602,1263224833.275,34.85,3350.311,0.998,Extremely_Loud
4603,1263224912.574,28.357,3425.439,0.942,Extremely_Loud
4604,1263224985.02,23.644,3945.854,0.966,Extremely_Loud
4605,1263225058.854,32.636,1850.077,0.998,Extremely_Loud
4606,1263225394.215,53.778,89.302,0.942,Extremely_Loud
4607,1263225655.84,8.864,30.952,0.908,Low_Frequency_Burst
4608,1263225969.982,32.294,3835.788,0.994,Extremely_Loud
4609,1263226351.465,37.904,108.381,1.0,Extremely_Loud
4610,1263226632.184,21.222,3703.979,0.985,Extremely_Loud
4611,1263226688.217,33.437,2836.932,0.991,Extremely_Loud
4612,1263226724.527,29.735,1626.035,0.999,Extremely_Loud
4613,1263226806.367,9.121,3983.241,0.909,Extremely_Loud
4614,1263226937.66,17.362,2672.706,0.9,Extremely_Loud
4615,1263234948.199,13.047,3881.874,0.936,Tomte
4616,1263240867.083,9.913,171.608,1.0,Blip
4617,1263246702.481,8.888,261.596,1.0,Blip
4618,1263248249.063,1520.226,3983.241,1.0,Extremely_Loud
4619,1263254060.749,10.648,146.888,1.0,Blip
4620,1263254484.291,17649.453,3983.241,1.0,Extremely_Loud
4621,1263256486.344,643.376,2757.861,1.0,Extremely_Loud
4622,1263258651.434,909.127,3983.241,1.0,Extremely_Loud
4623,1263258925.838,3259.699,3881.874,1.0,Extremely_Loud
4624,1263258935.207,485.295,3799.787,0.991,Extremely_Loud
4625,1263259949.563,10.269,118.78,0.993,Power_Line
4626,1263261359.102,7.52,465.839,0.996,Violin_Mode
4627,1263262668.43,8.092,470.591,0.994,Violin_Mode
4628,1263263298.867,8.946,264.462,0.956,Violin_Mode
4629,1263263963.93,8.929,441.592,0.937,Violin_Mode
4630,1263263966.617,11.209,460.352,0.978,Whistle
4631,1263264108.086,7.507,463.016,0.901,Violin_Mode
4632,1263264169.852,7.594,461.906,0.983,Violin_Mode
4633,1263264170.242,9.809,482.542,0.988,Violin_Mode
4634,1263264171.977,9.188,2271.544,0.928,Violin_Mode
4635,1263264463.914,7.706,465.625,0.91,Violin_Mode
4636,1263264589.07,8.255,254.813,0.975,Violin_Mode
4637,1263264798.586,8.278,476.919,0.904,Violin_Mode
4638,1263265038.914,7.757,472.45,0.972,Violin_Mode
4639,1263265114.461,16.332,316.332,0.964,Whistle
4640,1263265164.414,8.782,472.567,0.914,Violin_Mode
4641,1263265213.211,13.097,476.919,0.996,Whistle
4642,1263265728.68,11.946,1079.6,0.995,Violin_Mode
4643,1263265729.926,7.61,3015.383,0.993,Violin_Mode
4644,1263265785.93,8.359,457.043,0.958,Violin_Mode
4645,1263265826.102,9.285,2035.767,0.974,Violin_Mode
4646,1263265828.785,24.349,3464.271,0.905,Extremely_Loud
4647,1263265951.148,11.368,435.708,0.993,Whistle
4648,1263266472.023,9.191,472.567,0.994,Violin_Mode
4649,1263266502.648,10.927,490.025,0.992,Violin_Mode
4650,1263266695.617,7.681,472.49,0.922,Violin_Mode
4651,1263266799.367,9.279,466.684,0.997,Violin_Mode
4652,1263266831.648,9.201,465.625,0.992,Violin_Mode
4653,1263266880.867,11.531,441.592,0.986,Whistle
4654,1263267037.508,11.197,441.592,0.962,Violin_Mode
4655,1263267759.07,9.597,441.012,0.955,Extremely_Loud
4656,1263267770.602,8.52,473.429,0.998,Violin_Mode
4657,1263268039.82,7.813,473.429,0.964,Violin_Mode
4658,1263268495.174,765.841,3983.241,0.999,Extremely_Loud
4659,1263268822.117,7.622,2968.069,0.952,Whistle
4660,1263268909.93,9.133,497.019,1.0,Violin_Mode
4661,1263268960.93,1248.151,3983.241,0.971,Extremely_Loud
4662,1263269180.43,8.865,399.801,0.983,Whistle
4663,1263269906.805,16.64,438.132,0.992,Violin_Mode
4664,1263270643.273,10.485,1633.098,0.978,Violin_Mode
4665,1263270787.81,262.352,3985.119,0.905,Blip
4666,1263271356.289,11.014,2530.695,0.992,Violin_Mode
4667,1263271380.047,8.342,113.91,0.952,Power_Line
4668,1263271651.959,127.586,3987.436,1.0,Blip
4669,1263272011.82,11.721,445.387,0.977,Violin_Mode
4670,1263272012.195,12.749,3015.383,0.982,Violin_Mode
4671,1263273079.992,1581.412,3983.241,0.997,Extremely_Loud
4672,1263274924.999,7.56,123.333,0.994,Blip
4673,1263278946.852,9.56,574.835,0.954,Violin_Mode
4674,1263279423.82,8.073,1847.793,0.919,Violin_Mode
4675,1263279866.508,8.562,470.856,0.978,Violin_Mode
4676,1263279927.789,8.506,447.657,0.92,Whistle
4677,1263280092.32,14.108,3703.979,0.988,Low_Frequency_Lines
4678,1263297376.313,50.516,3813.464,0.994,Extremely_Loud
4679,1263299145.342,41.831,89.302,0.963,Extremely_Loud
4680,1263299176.621,8.974,1506.581,0.984,Low_Frequency_Burst
4681,1263299362.525,11.658,905.671,0.999,Violin_Mode
4682,1263299637.219,18.799,3409.167,0.981,Extremely_Loud
4683,1263299887.861,33.003,2378.556,0.998,Extremely_Loud
4684,1263300589.418,24.764,1415.018,0.991,Extremely_Loud
4685,1263301604.582,27.408,61.335,0.931,Extremely_Loud
4686,1263301729.543,84.239,3557.086,1.0,Extremely_Loud
4687,1263301964.504,60.194,2277.907,0.995,Extremely_Loud
4688,1263301999.637,54.52,3030.386,0.998,Extremely_Loud
4689,1263302091.975,44.81,857.679,0.998,Extremely_Loud
4690,1263302339.91,53.043,2823.051,1.0,Extremely_Loud
4691,1263302831.92,44.815,2398.222,0.991,Extremely_Loud
4692,1263302860.906,8.525,3567.056,0.986,Air_Compressor
4693,1263302901.246,46.356,3059.082,0.985,Extremely_Loud
4694,1263302948.59,32.719,3201.357,0.985,Extremely_Loud
4695,1263302952.98,38.871,108.381,0.974,Extremely_Loud
4696,1263302989.871,32.255,3582.116,0.916,Extremely_Loud
4697,1263303165.15,36.791,89.302,0.902,Extremely_Loud
4698,1263303220.855,73.225,108.381,0.973,Extremely_Loud
4699,1263303408.395,16.917,3764.125,0.912,Extremely_Loud
4700,1263303456.395,29.808,3240.109,0.983,Extremely_Loud
4701,1263303517.732,43.426,182.167,0.966,Extremely_Loud
4702,1263303590.09,51.436,676.536,0.995,Extremely_Loud
4703,1263303627.611,38.586,2930.829,0.984,Extremely_Loud
4704,1263303634.277,96.036,3680.246,1.0,Extremely_Loud
4705,1263303638.971,45.026,3240.109,0.95,Extremely_Loud
4706,1263303803.406,36.879,2863.791,0.908,Extremely_Loud
4707,1263303822.982,47.62,3703.979,0.985,Extremely_Loud
4708,1263304015.631,36.849,3590.782,0.956,Extremely_Loud
4709,1263304089.785,65.504,108.381,0.996,Extremely_Loud
4710,1263304710.834,62.832,3680.246,0.997,Extremely_Loud
4711,1263304721.689,107.043,2869.548,0.998,Extremely_Loud
4712,1263304733.693,80.683,1722.411,1.0,Extremely_Loud
4713,1263304747.379,52.475,3582.116,1.0,Extremely_Loud
4714,1263304785.105,7.534,32.829,0.96,Violin_Mode
4715,1263304875.742,120.023,3624.799,1.0,Extremely_Loud
4716,1263305061.715,81.154,2417.106,0.991,Extremely_Loud
4717,1263305349.914,35.586,3908.818,0.983,Extremely_Loud
4718,1263306321.221,13.057,838.521,0.994,Violin_Mode
4719,1263307543.217,41.958,3746.261,0.958,Extremely_Loud
4720,1263307597.473,68.839,3872.13,0.992,Extremely_Loud
4721,1263307725.293,29.138,2964.093,0.991,Extremely_Loud
4722,1263308511.984,17.517,3030.486,0.976,Scattered_Light
4723,1263309660.832,28.856,1928.011,0.954,Extremely_Loud
4724,1263310688.527,30.828,3409.167,0.916,Extremely_Loud
4725,1263310741.746,17.609,2964.093,0.943,Extremely_Loud
4726,1263312179.672,23.347,73.85,0.99,Extremely_Loud
4727,1263312354.031,29.431,73.85,0.977,Extremely_Loud
4728,1263312671.496,28.491,61.335,0.996,Extremely_Loud
4729,1263314311.352,9.58,3950.528,0.995,Violin_Mode
4730,1263318566.32,10.213,3776.85,0.992,Whistle
4731,1263319137.414,9.76,3957.523,0.987,Violin_Mode
4732,1263319176.211,11.956,1542.608,0.988,Whistle
4733,1263319815.461,7.723,468.392,0.956,Violin_Mode
4734,1263319879.164,7.788,468.392,0.996,Violin_Mode
4735,1263319978.836,8.522,2247.394,0.949,Violin_Mode
4736,1263320278.375,8.697,1835.895,0.941,Low_Frequency_Lines
4737,1263320333.648,8.797,3081.871,0.982,Violin_Mode
4738,1263320365.742,13.892,1258.466,0.986,Violin_Mode
4739,1263320653.664,10.432,433.701,0.999,Violin_Mode
4740,1263320818.43,8.861,369.854,0.997,Whistle
4741,1263320918.008,9.919,357.194,1.0,Whistle
4742,1263321521.723,16.588,441.012,1.0,Whistle
4743,1263321555.039,16.058,441.012,0.999,Whistle
4744,1263321803.414,7.986,453.059,0.977,Violin_Mode
4745,1263321878.664,8.654,473.429,0.999,Violin_Mode
4746,1263321985.125,7.76,1839.649,0.932,Low_Frequency_Lines
4747,1263322052.117,10.227,3423.863,1.0,Whistle
4748,1263322060.133,7.533,477.576,0.996,Violin_Mode
4749,1263322127.32,11.071,357.194,1.0,Whistle
4750,1263322252.754,14.059,411.93,1.0,Whistle
4751,1263322423.09,13.052,508.592,1.0,Whistle
4752,1263322565.117,11.423,476.919,0.97,Violin_Mode
4753,1263322626.523,9.957,2751.306,0.992,Whistle
4754,1263322827.68,9.727,4029.083,0.998,Whistle
4755,1263323067.961,11.323,468.729,1.0,Violin_Mode
4756,1263323146.461,21.523,384.939,1.0,Whistle
4757,1263323174.555,23.67,370.202,0.996,Whistle
4758,1263323356.711,12.198,368.865,0.991,Whistle
4759,1263323662.18,14.519,441.012,0.998,Violin_Mode
4760,1263325416.07,17.163,384.911,1.0,Whistle
4761,1263326239.555,12.565,380.471,0.989,Whistle
4762,1263326674.461,9.825,465.89,0.996,Violin_Mode
4763,1263327548.242,18.449,3176.994,1.0,Whistle
4764,1263332480.889,12.192,247.708,1.0,Blip
4765,1263333950.924,7.539,61.502,0.991,Blip
4766,1263367910.34,150.755,2341.528,0.999,Extremely_Loud
4767,1263368024.797,7.532,3985.119,0.98,Low_Frequency_Burst
4768,1263372442.406,8.271,20.195,0.998,Low_Frequency_Lines
4769,1263373498.563,7.856,55.602,0.966,Power_Line
4770,1263375715.938,110.653,3983.241,1.0,Extremely_Loud
4771,1263378183.719,9.588,2964.093,0.943,Low_Frequency_Burst
4772,1263378411.688,9.87,1660.984,0.997,Low_Frequency_Lines
4773,1263378574.878,11.159,3714.569,1.0,Blip
4774,1263379961.063,7.577,2378.556,0.999,Low_Frequency_Lines
4775,1263382248.594,7.66,2583.348,0.999,Power_Line
4776,1263384921.813,8.279,3591.303,0.994,Low_Frequency_Lines
4777,1263385112.938,8.125,2095.165,0.947,Air_Compressor
4778,1263387368.969,7.965,3746.261,0.936,Low_Frequency_Lines
4779,1263393565.896,10.861,171.608,1.0,Blip
4780,1263394996.969,33.713,3983.241,0.946,Low_Frequency_Burst
4781,1263406257.625,7.568,3705.054,0.95,Low_Frequency_Lines
4782,1263407408.598,35.933,1541.819,0.962,Tomte
4783,1263407745.741,14.756,168.075,1.0,Blip
4784,1263410903.226,8.104,123.333,1.0,Blip
4785,1263411666.387,1335.573,3983.241,0.996,Extremely_Loud
4786,1263419440.235,17.102,203.982,1.0,Blip
4787,1263421900.754,8.052,3990.298,0.997,Air_Compressor
4788,1263426926.531,8.095,53.488,0.997,Power_Line
4789,1263432941.956,8.533,146.888,1.0,Blip
4790,1263449954.188,8.128,1554.229,0.999,Low_Frequency_Lines
4791,1263468450.772,7.706,352.315,0.991,Whistle
4792,1263469424.576,11.601,460.792,0.996,Blip
4793,1263469747.602,9.014,294.502,0.97,Whistle
4794,1263469777.832,7.604,295.161,0.995,Whistle
4795,1263469848.195,7.9,370.552,0.969,Whistle
4796,1263470566.945,9.506,392.345,0.999,Whistle
4797,1263470583.117,19.045,363.641,1.0,Whistle
4798,1263470601.336,8.863,2016.559,0.982,Violin_Mode
4799,1263470871.383,19.031,520.112,0.999,Whistle
4800,1263470893.992,9.266,352.315,0.998,Whistle
4801,1263470962.751,323.564,3983.241,0.911,Extremely_Loud
4802,1263471038.742,9.378,439.32,0.924,Violin_Mode
4803,1263471480.055,11.203,325.735,0.999,Whistle
4804,1263471510.727,9.345,394.121,0.997,Whistle
4805,1263471594.055,8.05,408.118,0.986,Whistle
4806,1263472073.852,10.808,368.865,1.0,Whistle
4807,1263472260.945,13.503,343.699,1.0,Whistle
4808,1263472594.68,8.856,2931.438,0.999,Whistle
4809,1263472604.977,9.144,364.908,0.996,Whistle
4810,1263472874.445,8.746,352.974,0.957,Whistle
4811,1263472946.492,8.62,375.643,0.991,Whistle
4812,1263472977.254,17.571,73.85,1.0,Tomte
4813,1263473216.117,14.674,330.203,1.0,Whistle
4814,1263473396.203,8.118,193.907,0.929,Extremely_Loud
4815,1263473476.586,12.683,341.987,0.999,Whistle
4816,1263473722.93,7.863,3291.832,0.997,Violin_Mode
4817,1263473754.961,12.365,329.34,1.0,Whistle
4818,1263473820.57,8.281,4146.148,0.989,Violin_Mode
4819,1263474695.828,86.999,4018.439,1.0,Whistle
4820,1263474791.555,8.412,375.643,0.995,Whistle
4821,1263475911.773,13.485,328.463,0.999,Whistle
4822,1263476097.387,10.536,327.653,0.997,Whistle
4823,1263477017.223,8.952,4026.892,0.998,Whistle
4824,1263477095.18,11.912,1237.153,1.0,Whistle
4825,1263477209.695,9.194,295.161,0.986,Whistle
4826,1263477231.613,21.252,440.716,0.997,Whistle
4827,1263477458.884,12.224,306.584,1.0,Blip
4828,1263479209.242,10.672,3419.72,0.999,Whistle
4829,1263479659.787,9.088,373.136,0.999,Whistle
4830,1263481790.42,9.093,136.131,1.0,Blip
4831,1263481812.93,10.346,383.199,0.998,Whistle
4832,1263482377.402,797.062,3457.886,1.0,Extremely_Loud
4833,1263482413.852,14.092,369.296,1.0,Whistle
4834,1263483439.773,10.991,325.735,0.999,Whistle
4835,1263483836.414,10.371,3659.258,0.998,Whistle
4836,1263484060.938,8.88,20.195,0.952,Low_Frequency_Lines
4837,1263484561.984,13.749,353.844,0.999,Whistle
4838,1263484833.742,10.219,295.085,1.0,Whistle
4839,1263487017.867,11.818,1187.268,0.998,Whistle
4840,1263488473.664,8.754,1863.125,0.952,Whistle
4841,1263488508.055,18.413,514.659,0.924,Whistle
4842,1263489034.445,12.374,1214.958,0.996,Violin_Mode
4843,1263499525.273,8.398,3727.973,0.98,Violin_Mode
4844,1263499573.164,10.176,395.179,0.995,Whistle
4845,1263499637.32,12.65,311.738,0.999,Whistle
4846,1263499696.414,11.374,328.463,0.999,Whistle
4847,1263499749.977,8.462,4164.167,0.996,Whistle
4848,1263499958.742,24.466,3976.464,1.0,Whistle
4849,1263499973.789,8.119,466.684,0.988,Whistle
4850,1263500154.07,12.4,328.888,0.999,Whistle
4851,1263500283.715,20.078,369.296,1.0,Whistle
4852,1263500672.66,12.718,4128.26,1.0,Whistle
4853,1263500684.129,13.324,369.296,0.992,Whistle
4854,1263500972.242,7.61,1808.361,0.987,Violin_Mode
4855,1263501143.492,7.958,4220.018,0.978,Violin_Mode
4856,1263501292.133,7.854,472.45,0.933,Violin_Mode
4857,1263501341.586,14.793,296.515,0.985,Whistle
4858,1263501568.006,358.228,1928.011,1.0,Extremely_Loud
4859,1263501585.379,10.606,1117.646,1.0,Whistle
4860,1263501635.492,11.85,399.801,0.999,Whistle
4861,1263501715.031,8.361,20.195,0.993,Low_Frequency_Lines
4862,1263501862.789,9.535,465.625,0.956,Violin_Mode
4863,1263502507.406,11.495,214.461,0.977,Low_Frequency_Lines
4864,1263502633.93,10.281,441.592,0.992,Violin_Mode
4865,1263503154.543,7.643,514.074,0.996,Violin_Mode
4866,1263510427.414,15.642,357.194,1.0,Whistle
4867,1263510818.211,10.605,364.25,0.998,Whistle
4868,1263510883.289,11.665,3635.659,0.996,Whistle
4869,1263510941.438,10.804,20.195,0.904,Low_Frequency_Lines
4870,1263511052.035,11.738,441.012,0.929,Whistle
4871,1263511821.695,16.541,2817.725,1.0,Whistle
4872,1263511850.043,820.425,2378.556,0.997,Extremely_Loud
4873,1263511856.246,17.17,411.93,1.0,Whistle
4874,1263575000.656,7.732,3983.241,0.902,Low_Frequency_Lines
4875,1263575022.172,10.861,222.364,0.988,Whistle
4876,1263575252.477,14.224,3983.241,0.997,Whistle
4877,1263575374.594,13.108,3835.788,1.0,Scattered_Light
4878,1263575490.701,255.2,3983.241,1.0,Extremely_Loud
4879,1263575998.094,7.709,3883.657,0.976,Scattered_Light
4880,1263576053.094,8.484,3908.818,0.997,Scattered_Light
4881,1263576654.59,13.293,375.806,0.998,Whistle
4882,1263576902.031,7.632,4003.354,1.0,Power_Line
4883,1263577460.727,10.131,3983.241,0.965,Low_Frequency_Burst
4884,1263577532.156,7.591,69.063,0.997,Power_Line
4885,1263580742.078,10.173,31.188,1.0,Scattered_Light
4886,1263581346.422,10.615,3703.979,1.0,Low_Frequency_Burst
4887,1263581762.453,8.156,2084.436,0.999,Low_Frequency_Burst
4888,1263582432.906,8.791,2341.528,0.962,Low_Frequency_Burst
4889,1263582464.59,818.487,3746.261,0.992,Extremely_Loud
4890,1263584073.656,10.271,144.527,0.966,Scattered_Light
4891,1263584836.684,9.318,312.787,0.999,Whistle
4892,1263585598.344,11.382,3881.874,1.0,Low_Frequency_Burst
4893,1263585856.813,8.104,3410.172,0.997,Low_Frequency_Lines
4894,1263586040.609,7.547,876.226,0.996,Low_Frequency_Burst
4895,1263588068.18,8.841,4099.177,0.948,Whistle
4896,1263588751.727,11.472,4060.383,0.996,Whistle
4897,1263589030.32,7.853,23.057,1.0,Low_Frequency_Burst
4898,1263589911.93,11.636,3984.144,0.907,Violin_Mode
4899,1263590421.008,22.796,421.424,1.0,Whistle
4900,1263590544.898,50.466,3983.241,0.939,Whistle
4901,1263592030.496,8.355,2150.835,1.0,Whistle
4902,1263592303.723,12.091,3886.766,0.999,Whistle
4903,1263592693.117,8.774,432.283,0.997,Whistle
4904,1263592836.836,7.929,1966.863,0.954,Violin_Mode
4905,1263593451.457,29.92,3771.626,1.0,Whistle
4906,1263594049.477,7.598,472.45,0.97,Violin_Mode
4907,1263594313.305,11.017,462.161,0.994,Whistle
4908,1263595860.488,446.116,3835.788,0.994,Extremely_Loud
4909,1263596021.445,14.373,4164.167,0.997,Violin_Mode
4910,1263597279.852,8.115,473.164,0.992,Violin_Mode
4911,1263597427.531,7.565,57.237,0.994,Power_Line
4912,1263597750.508,14.617,462.475,0.927,Whistle
4913,1263597891.258,17.828,2048.521,1.0,Whistle
4914,1263597916.039,8.038,3484.509,0.939,Violin_Mode
4915,1263598015.391,10.77,3984.246,1.0,Whistle
4916,1263598351.898,10.448,409.48,0.995,Whistle
4917,1263598516.555,22.488,3983.241,0.936,Whistle
4918,1263598626.773,13.214,476.919,0.9,Violin_Mode
4919,1263599085.438,7.863,1028.149,0.991,Scattered_Light
4920,1263599511.93,13.627,466.684,0.969,Violin_Mode
4921,1263599633.238,7.835,3795.049,0.923,Violin_Mode
4922,1263599646.07,14.695,544.5,0.988,Whistle
4923,1263600354.195,13.421,3534.186,0.98,Violin_Mode
4924,1263600537.055,14.494,494.251,0.944,Whistle
4925,1263600657.39,14.954,1644.648,1.0,Blip
4926,1263600950.742,13.376,508.592,1.0,Whistle
4927,1263601004.555,15.267,3134.545,0.965,Whistle
4928,1263601636.836,16.758,3291.832,1.0,Whistle
4929,1263601835.352,11.433,3572.656,0.927,Violin_Mode
4930,1263602013.82,7.903,459.049,0.97,Violin_Mode
4931,1263602345.219,7.916,3764.125,0.996,Scattered_Light
4932,1263602669.867,7.824,439.32,0.961,Violin_Mode
4933,1263602696.227,23.215,4056.341,0.935,Violin_Mode
4934,1263603173.406,9.341,26.59,0.969,Low_Frequency_Burst
4935,1263603973.836,37.307,2392.282,0.955,Whistle
4936,1263604082.742,7.605,3195.57,0.999,Whistle
4937,1263604123.43,10.182,461.078,0.916,Violin_Mode
4938,1263604166.523,10.668,3800.196,0.994,Violin_Mode
4939,1263604426.59,7.554,53.578,0.998,Air_Compressor
4940,1263604632.945,23.313,3848.998,0.978,Whistle
4941,1263604707.492,17.497,508.592,0.986,Whistle
4942,1263604715.484,11.786,3983.241,1.0,Low_Frequency_Burst
4943,1263604873.477,18.767,3346.375,0.998,Violin_Mode
4944,1263605457.883,15.485,298.959,0.94,Violin_Mode
4945,1263605489.07,18.158,4128.26,0.999,Whistle
4946,1263605665.281,11.358,26.59,0.985,Low_Frequency_Burst
4947,1263605808.508,8.688,465.625,0.977,Violin_Mode
4948,1263605875.227,13.164,3705.645,1.0,Violin_Mode
4949,1263606109.461,10.815,266.339,0.936,Violin_Mode
4950,1263606221.148,10.242,3983.241,0.956,Violin_Mode
4951,1263606269.32,10.228,476.919,0.979,Whistle
4952,1263606737.252,17.847,3950.049,1.0,Blip
4953,1263606747.602,10.189,3984.701,0.986,Violin_Mode
4954,1263607131.242,42.555,537.807,0.997,Whistle
4955,1263607351.238,17.032,3848.998,0.987,Whistle
4956,1263607378.719,7.629,58.246,1.0,Power_Line
4957,1263607670.023,14.715,3881.874,0.983,Violin_Mode
4958,1263607845.914,29.652,363.574,0.99,Violin_Mode
4959,1263607874.898,10.472,476.919,1.0,Whistle
4960,1263607943.961,8.145,2378.556,0.99,Extremely_Loud
4961,1263608126.617,7.57,3613.426,0.923,Violin_Mode
4962,1263608189.07,14.608,3986.059,0.995,Violin_Mode
4963,1263608663.48,9.226,470.286,0.988,Violin_Mode
4964,1263608772.852,7.729,3890.788,0.983,Whistle
4965,1263609184.383,11.818,4164.167,0.98,Violin_Mode
4966,1263609500.383,7.883,1884.068,0.98,Violin_Mode
4967,1263609610.969,15.613,3983.241,0.998,Scattered_Light
4968,1263609684.68,11.232,3645.196,0.992,Violin_Mode
4969,1263609770.508,13.674,476.919,0.998,Whistle
4970,1263609816.07,11.465,3968.391,0.997,Violin_Mode
4971,1263610223.563,7.989,3813.464,0.997,Scattered_Light
4972,1263610417.719,12.845,2945.908,0.999,Scattered_Light
4973,1263610430.445,7.994,3440.949,0.947,Whistle
4974,1263610562.273,10.167,438.132,0.967,Violin_Mode
4975,1263610717.742,7.623,2166.438,0.994,Violin_Mode
4976,1263610952.07,11.494,4170.05,0.944,Violin_Mode
4977,1263611191.695,15.032,950.458,0.996,Whistle
4978,1263611457.281,9.535,20.838,0.998,Low_Frequency_Lines
4979,1263611492.102,13.122,1169.82,0.995,Violin_Mode
4980,1263611951.008,7.691,471.705,0.976,Violin_Mode
4981,1263612017.383,11.02,3986.464,0.942,Violin_Mode
4982,1263612030.943,12.272,310.946,1.0,Whistle
4983,1263612134.68,20.97,508.592,0.937,Whistle
4984,1263612210.336,11.294,2132.277,0.985,Violin_Mode
4985,1263612386.977,8.836,4157.835,0.993,Whistle
4986,1263612635.648,9.504,4095.627,0.928,Violin_Mode
4987,1263612786.633,18.1,3835.788,0.973,Violin_Mode
4988,1263613047.785,7.778,451.271,0.983,Violin_Mode
4989,1263613145.117,12.584,627.938,0.99,Whistle
4990,1263613234.789,10.716,3845.947,0.999,Violin_Mode
4991,1263613302.18,8.696,472.45,0.996,Violin_Mode
4992,1263613367.195,11.217,468.729,0.982,Violin_Mode
4993,1263613464.445,7.75,3582.116,1.0,Low_Frequency_Burst
4994,1263613583.008,14.13,3129.177,1.0,Whistle
4995,1263613680.992,8.107,3906.917,0.982,Violin_Mode
4996,1263613994.762,22.528,508.592,0.988,Whistle
4997,1263614446.133,11.769,467.17,0.971,Violin_Mode
4998,1263614518.883,12.626,3944.805,0.994,Whistle
4999,1263614886.07,17.887,3151.261,0.923,Violin_Mode
5000,1263614929.773,15.066,4106.948,0.998,Violin_Mode
5001,1263615305.883,7.953,3624.466,0.981,Whistle
5002,1263615553.844,12.217,3176.615,1.0,Low_Frequency_Burst
5003,1263615858.766,8.381,26.59,0.991,Low_Frequency_Burst
5004,1263615989.211,16.118,3815.58,0.92,Whistle
5005,1263616364.164,19.271,508.592,0.956,Whistle
5006,1263616400.406,7.606,20.838,0.908,Low_Frequency_Burst
5007,1263616476.094,8.725,3983.241,0.997,Low_Frequency_Burst
5008,1263616491.523,7.684,472.45,0.99,Violin_Mode
5009,1263616610.883,35.765,459.609,0.908,Whistle
5010,1263616951.57,11.22,476.919,0.964,Violin_Mode
5011,1263616958.477,13.602,3671.566,0.997,Violin_Mode
5012,1263617371.906,9.155,177.299,0.935,Low_Frequency_Lines
5013,1263617413.398,8.095,472.715,0.977,Violin_Mode
5014,1263617476.994,11.17,3443.695,1.0,Whistle
5015,1263617714.523,9.609,456.778,0.987,Violin_Mode
5016,1263617794.211,12.495,3006.243,1.0,Violin_Mode
5017,1263617807.555,19.341,508.592,0.999,Whistle
5018,1263618015.805,11.487,441.592,1.0,Whistle
5019,1263618207.984,7.541,3983.241,1.0,Low_Frequency_Burst
5020,1263618222.258,12.99,449.147,0.998,Violin_Mode
5021,1263618293.133,10.964,439.585,0.968,Violin_Mode
5022,1263618356.461,10.264,476.919,0.985,Whistle
5023,1263618468.023,25.868,508.592,0.936,Whistle
5024,1263618534.211,19.79,508.592,0.978,Whistle
5025,1263618591.93,11.108,468.729,0.996,Violin_Mode
5026,1263618616.93,21.896,508.592,0.931,Whistle
5027,1263618717.047,9.164,23.057,1.0,Low_Frequency_Burst
5028,1263618837.789,31.495,1456.489,0.988,Whistle
5029,1263618857.926,15.231,1063.251,0.993,Whistle
5030,1263618859.578,8.414,3813.464,1.0,Low_Frequency_Burst
5031,1263619021.383,13.959,3995.09,1.0,Violin_Mode
5032,1263619077.883,11.964,441.012,0.999,Whistle
5033,1263619384.195,8.13,3802.054,0.957,Violin_Mode
5034,1263619759.43,22.404,3151.261,0.947,Whistle
5035,1263619994.648,21.34,508.592,0.985,Whistle
5036,1263620161.211,8.829,4092.069,0.999,Violin_Mode
5037,1263620165.586,9.802,3968.391,0.988,Violin_Mode
5038,1263620232.395,7.586,460.586,0.965,Violin_Mode
5039,1263620465.102,9.974,3908.246,0.979,Whistle
5040,1263620476.789,12.865,441.012,0.937,Whistle
5041,1263620677.602,9.337,441.592,0.908,Violin_Mode
5042,1263620831.961,11.576,3983.241,0.947,Violin_Mode
5043,1263620883.213,518.504,3703.979,0.902,Extremely_Loud
5044,1263621019.258,7.962,3356.11,0.998,Violin_Mode
5045,1263621074.519,17.739,248.315,1.0,Blip
5046,1263621218.352,9.668,4089.743,0.962,Violin_Mode
5047,1263621560.477,12.083,4050.355,0.999,Whistle
5048,1263621662.367,7.596,4023.969,0.91,Violin_Mode
5049,1263643271.042,7.757,116.29,0.997,Blip
5050,1263645266.52,20.965,447.446,1.0,Whistle
5051,1263645632.395,10.566,325.735,1.0,Whistle
5052,1263647477.236,8.518,138.993,1.0,Blip
5053,1263669907.353,13.448,165.213,1.0,Blip
5054,1263670080.109,691.359,3881.874,1.0,Extremely_Loud
5055,1263670309.398,10.13,1671.665,0.993,Whistle
5056,1263670860.57,9.882,326.782,0.999,Whistle
5057,1263671093.867,7.506,374.185,0.909,Whistle
5058,1263671329.758,8.954,3409.167,1.0,Low_Frequency_Burst
5059,1263673203.102,7.661,358.315,0.992,Whistle
5060,1263673240.227,15.186,3662.813,1.0,Whistle
5061,1263673277.727,8.29,364.25,0.966,Whistle
5062,1263674071.842,19.066,3103.788,1.0,Whistle
5063,1263674199.313,8.252,3900.621,0.987,Power_Line
5064,1263677724.088,685.466,3835.788,1.0,Extremely_Loud
5065,1263678430.907,12.654,211.877,1.0,Blip
5066,1263679021.117,12.935,20.195,0.924,Low_Frequency_Burst
5067,1263680750.721,386.399,3764.125,0.96,Extremely_Loud
5068,1263681020.191,996.918,3080.93,1.0,Extremely_Loud
5069,1263682802.269,8.656,96.359,1.0,Blip
5070,1263683264.836,10.993,3997.81,0.996,Whistle
5071,1263684270.594,9.406,3872.13,0.933,Low_Frequency_Lines
5072,1263685165.48,562.949,3881.874,1.0,Extremely_Loud
5073,1263685388.609,9.002,1567.29,0.966,Air_Compressor
5074,1263685563.504,14.541,1928.011,0.95,Tomte
5075,1263686169.313,9.121,3627.985,1.0,Power_Line
5076,1263688223.906,8.857,3746.261,0.936,Low_Frequency_Burst
5077,1263689386.727,19.105,353.844,0.999,Whistle
5078,1263689712.26,7.847,352.974,0.996,Whistle
5079,1263689883.531,8.652,20.195,0.909,Low_Frequency_Lines
5080,1263692223.854,9.329,3990.298,0.999,Blip
5081,1263692703.119,18.555,1878.107,0.986,Blip
5082,1263695767.254,24.26,89.302,0.961,Tomte
5083,1263698031.746,226.09,677.222,0.998,Extremely_Loud
5084,1263701739.086,7.965,3986.698,0.953,Violin_Mode
5085,1263702193.743,14.665,3993.831,1.0,Blip
5086,1263704103.049,20.116,2651.144,0.996,Tomte
5087,1263708803.008,8.854,3983.241,1.0,Low_Frequency_Burst
5088,1263721334.977,8.722,374.816,0.985,Whistle
5089,1263738602.813,33.027,51.198,0.987,Extremely_Loud
5090,1263738603.063,28.015,3799.787,0.959,Extremely_Loud
5091,1263738939.742,19.47,351.948,1.0,Whistle
5092,1263739547.129,9.229,384.939,0.999,Whistle
5093,1263740638.875,10.787,30.125,0.962,Extremely_Loud
5094,1263764189.539,9.403,2082.296,0.999,Whistle
5095,1263764256.449,9.59,328.463,0.999,Whistle
5096,1263765206.436,505.46,3006.243,0.976,Extremely_Loud
5097,1263766149.08,15.402,1590.083,1.0,Blip
5098,1263773695.992,18.775,380.471,1.0,Whistle
5099,1263774203.926,595.791,3813.464,1.0,Extremely_Loud
5100,1263776418.646,8.758,3413.363,1.0,Blip
5101,1263778102.493,8.85,2499.995,1.0,Blip
5102,1263778218.063,7.746,3774.429,0.943,Air_Compressor
5103,1263781606.063,10.165,3899.972,1.0,Power_Line
5104,1263781764.664,8.12,293.482,0.998,Whistle
5105,1263790072.645,7.531,353.079,0.995,Whistle
5106,1263823779.352,12.732,441.012,0.99,Whistle
5107,1263824674.164,10.131,364.25,0.998,Whistle
5108,1263825097.57,9.35,1329.501,0.986,Whistle
5109,1263825146.258,47.375,3234.465,1.0,Whistle
5110,1263825177.648,8.477,364.25,0.999,Whistle
5111,1263825525.82,7.593,352.315,0.999,Whistle
5112,1263826145.773,13.975,411.93,0.999,Whistle
5113,1263826297.602,8.512,374.157,0.999,Whistle
5114,1263828310.914,15.242,712.344,0.999,Whistle
5115,1263830650.641,8.444,3051.298,0.998,Whistle
5116,1263834637.639,8.408,65.53,0.993,Blip
5117,1263841752.563,24.762,4018.439,0.968,Blip
5118,1263851238.563,7.513,2837.936,0.999,Low_Frequency_Lines
5119,1263853517.59,7.572,53.578,0.994,Air_Compressor
5120,1263859541.539,7.636,47.679,0.991,Air_Compressor
5121,1263865604.313,119.978,3813.464,0.995,Power_Line
5122,1263866567.102,8.639,466.684,0.948,Whistle
5123,1263867307.414,8.364,459.049,0.998,Violin_Mode
5124,1263867616.68,12.083,3187.168,0.984,Violin_Mode
5125,1263868613.008,7.939,267.811,0.976,Violin_Mode
5126,1263868613.445,7.761,472.45,0.935,Violin_Mode
5127,1263869060.648,12.728,466.684,0.979,Violin_Mode
5128,1263869065.195,8.247,544.5,0.988,Violin_Mode
5129,1263869353.528,8.644,181.356,1.0,Blip
5130,1263869538.742,8.211,994.007,0.928,Whistle
5131,1263869691.164,8.715,424.781,0.908,Violin_Mode
5132,1263869751.602,7.691,475.723,0.996,Violin_Mode
5133,1263869778.32,8.665,439.056,0.962,Violin_Mode
5134,1263869896.961,11.836,497.019,0.952,Violin_Mode
5135,1263870848.723,336.247,3551.692,1.0,Extremely_Loud
5136,1263871353.195,13.771,451.271,0.994,Violin_Mode
5137,1263871889.414,9.964,441.592,0.922,Violin_Mode
5138,1263872056.805,12.133,451.271,0.988,Whistle
5139,1263872404.32,7.688,468.392,0.922,Violin_Mode
5140,1263872726.789,8.952,472.45,0.965,Violin_Mode
5141,1263872970.523,7.922,3038.953,0.996,Violin_Mode
5142,1263873075.805,10.371,3388.166,0.956,Violin_Mode
5143,1263873281.023,9.682,465.625,0.999,Violin_Mode
5144,1263873364.023,9.928,472.567,0.952,Violin_Mode
5145,1263873527.539,17.02,508.592,0.968,Whistle
5146,1263873660.508,9.215,465.89,0.991,Violin_Mode
5147,1263873751.711,8.057,473.164,0.944,Whistle
5148,1263873828.43,13.449,1518.984,0.995,Whistle
5149,1263874550.211,8.788,472.45,0.996,Violin_Mode
5150,1263874550.727,7.565,3629.106,0.991,Violin_Mode
5151,1263874617.305,10.011,1281.265,0.918,Violin_Mode
5152,1263874759.055,10.446,475.723,0.916,Violin_Mode
5153,1263874831.023,9.401,3622.281,0.987,Violin_Mode
5154,1263875010.789,9.796,456.778,0.95,Violin_Mode
5155,1263875071.414,12.921,3240.855,0.989,Violin_Mode
5156,1263875126.086,8.168,2596.636,0.984,Violin_Mode
5157,1263875275.93,8.773,498.872,0.991,Violin_Mode
5158,1263875323.727,8.393,472.45,0.977,Violin_Mode
5159,1263875388.383,8.488,472.45,0.983,Violin_Mode
5160,1263875598.102,7.601,409.48,0.993,Whistle
5161,1263875943.102,8.527,327.334,0.907,Violin_Mode
5162,1263876709.805,13.805,2031.003,0.995,Whistle
5163,1263879127.289,8.055,470.856,0.984,Violin_Mode
5164,1263880607.82,13.128,365.403,0.942,Whistle
5165,1263880739.898,12.413,477.576,0.988,Violin_Mode
5166,1263880813.508,9.31,3393.508,0.929,Violin_Mode
5167,1263881647.633,7.828,258.961,0.996,Violin_Mode
5168,1263881999.164,8.513,439.32,0.927,Violin_Mode
5169,1263882306.361,11.761,1101.395,0.983,Tomte
5170,1263883727.367,9.499,441.012,0.995,Whistle
5171,1263883884.492,12.408,2559.482,0.959,Violin_Mode
5172,1263884136.883,7.982,472.45,0.991,Violin_Mode
5173,1263884239.926,10.39,61.788,0.994,Power_Line
5174,1263885467.539,7.918,472.45,0.969,Violin_Mode
5175,1263886008.07,7.712,2660.644,0.98,Violin_Mode
5176,1263887934.535,8.729,451.285,0.999,Whistle
5177,1263888464.57,11.621,544.5,0.97,Violin_Mode
5178,1263888717.852,9.176,427.659,0.992,Violin_Mode
5179,1263888795.602,9.588,476.919,0.989,Violin_Mode
5180,1263888912.008,9.869,476.919,0.995,Violin_Mode
5181,1263890086.602,9.486,437.273,0.964,Violin_Mode
5182,1263892208.043,686.278,1171.735,0.949,Extremely_Loud
5183,1263892379.172,12.855,1644.648,0.92,Extremely_Loud
5184,1263892526.461,8.811,420.411,0.991,Whistle
5185,1263892721.407,8.561,172.371,1.0,Blip
5186,1263893505.945,8.45,452.145,0.961,Violin_Mode
5187,1263894411.117,13.415,3500.508,0.907,Violin_Mode
5188,1263895004.963,1047.872,3307.927,0.997,Extremely_Loud
5189,1263895294.758,11.997,1633.299,1.0,Whistle
5190,1263895596.711,9.62,435.708,0.995,Whistle
5191,1263896561.741,24.255,448.89,0.93,Blip
5192,1263897260.164,9.425,441.012,0.999,Whistle
5193,1263897975.867,11.546,441.012,0.999,Whistle
5194,1263898631.57,8.235,473.164,0.991,Violin_Mode
5195,1263898926.559,7.58,425.377,0.987,Whistle
5196,1263899290.445,11.629,436.674,1.0,Whistle
5197,1263899293.82,35.053,607.88,0.977,Whistle
5198,1263899435.555,11.776,365.403,0.989,Violin_Mode
5199,1263899741.723,12.379,441.012,0.997,Whistle
5200,1263901505.027,8.993,461.078,0.997,Whistle
5201,1263902318.695,14.322,508.592,0.999,Whistle
5202,1263902497.664,10.664,2132.277,0.964,Violin_Mode
5203,1263902847.898,11.028,451.271,0.942,Violin_Mode
5204,1263903049.387,14.391,461.078,0.999,Whistle
5205,1263905145.922,8.104,3419.472,0.999,Air_Compressor
5206,1263906138.532,9.176,152.274,1.0,Blip
5207,1263909521.492,8.226,2819.014,0.997,Low_Frequency_Burst
5208,1263913802.797,20.615,3983.241,0.973,Low_Frequency_Burst
5209,1263914595.32,284.746,2964.093,0.998,Extremely_Loud
5210,1263924037.938,170.766,3201.357,0.925,Extremely_Loud
5211,1263981533.879,14.914,384.939,1.0,Whistle
5212,1263981704.477,9.827,357.194,0.999,Whistle
5213,1263982306.602,17.331,383.624,1.0,Whistle
5214,1263982500.086,10.943,3819.915,0.999,Whistle
5215,1263983214.031,8.146,3857.365,1.0,Power_Line
5216,1263983238.281,8.8,49.869,0.993,Air_Compressor
5217,1263983312.289,9.289,4072.186,0.999,Whistle
5218,1263983471.82,13.614,380.471,0.963,Whistle
5219,1263984022.234,10.722,50.045,0.923,Air_Compressor
5220,1263984038.219,8.027,2661.356,0.991,Air_Compressor
5221,1263984364.977,8.784,368.223,0.993,Whistle
5222,1263985419.453,9.638,3990.298,0.98,Air_Compressor
5223,1263985803.886,21.188,245.453,1.0,Blip
5224,1263985823.863,14.099,242.262,0.992,Whistle
5225,1263986049.641,7.623,3479.459,0.98,Air_Compressor
5226,1263986716.953,8.555,3589.173,0.992,Air_Compressor
5227,1263986726.906,7.794,374.153,0.944,Air_Compressor
5228,1263987015.313,9.408,3083.894,0.974,Power_Line
5229,1263987881.813,7.671,1662.514,0.929,Air_Compressor
5230,1263988439.125,7.819,20.195,0.999,Low_Frequency_Lines
5231,1263988806.906,7.991,2389.895,0.998,Air_Compressor
5232,1263988852.289,10.375,328.463,0.999,Whistle
5233,1263989419.563,7.865,55.35,0.919,Power_Line
5234,1263989633.813,8.201,50.635,0.968,Power_Line
5235,1263989821.313,7.505,2651.144,0.999,Low_Frequency_Lines
5236,1263990134.063,8.257,39.849,0.994,Power_Line
5237,1263992534.281,8.059,422.125,0.997,Power_Line
5238,1263997010.802,38.032,454.069,1.0,Blip
5239,1264002273.903,10.086,684.279,1.0,Blip
5240,1264007310.063,7.909,299.108,0.9,Blip
5241,1264007310.799,8.231,124.5,1.0,Blip
5242,1264009445.651,7.692,218.868,0.999,Blip
5243,1264010301.021,15.125,245.453,1.0,Blip
5244,1264011092.004,206.734,1644.648,0.994,Extremely_Loud
5245,1264011113.795,12.928,171.608,1.0,Blip
5246,1264011415.457,11.583,330.203,0.997,Whistle
5247,1264011871.137,10.837,384.939,1.0,Whistle
5248,1264013230.121,10.395,3574.638,0.991,Whistle
5249,1264014955.814,8.783,80.907,1.0,Blip
5250,1264016649.059,952.872,3945.854,0.994,Extremely_Loud
5251,1264017895.027,24.811,2378.556,0.993,Tomte
5252,1264018148.496,1031.887,3983.241,1.0,Extremely_Loud
5253,1264018170.313,8.119,57.237,0.999,Power_Line
5254,1264018580.438,9.827,76.287,0.995,Power_Line
5255,1264018612.469,7.886,38.378,0.999,Air_Compressor
5256,1264018626.641,12.977,509.683,0.999,Scattered_Light
5257,1264018630.129,23.538,2741.265,0.963,Extremely_Loud
5258,1264018676.094,82.035,3983.241,0.997,Extremely_Loud
5259,1264019127.563,8.341,3890.229,0.959,Power_Line
5260,1264019135.188,7.538,57.237,0.993,Power_Line
5261,1264019215.281,8.606,102.218,0.984,Air_Compressor
5262,1264021095.148,13.359,314.561,0.999,Whistle
5263,1264021183.555,1138.448,3746.261,1.0,Extremely_Loud
5264,1264032257.126,8.815,722.557,0.996,Blip
5265,1264033179.205,7.896,398.772,0.999,Blip
5266,1264038362.813,8.359,111.287,0.994,Power_Line
5267,1264039656.219,8.665,47.964,0.985,Air_Compressor
5268,1264043328.301,73465.898,3983.241,0.999,Extremely_Loud
5269,1264046203.952,20.709,241.258,0.905,Blip
5270,1264047502.788,7.825,95.548,1.0,Blip
5271,1264051101.789,9.879,702.035,1.0,Violin_Mode
5272,1264055437.438,137.511,3983.241,0.994,Extremely_Loud
5273,1264056452.846,9.486,3883.751,0.95,Blip
5274,1264058893.453,9.939,191.236,0.976,Whistle
5275,1264060253.525,10.184,747.949,0.999,Violin_Mode
5276,1264062716.131,7.845,58.255,1.0,Blip
5277,1264065183.451,15.522,207.23,1.0,Blip
5278,1264085906.688,8.361,20.411,0.995,Low_Frequency_Lines
5279,1264092709.676,579.841,3983.241,0.983,Extremely_Loud
5280,1264122374.643,514.797,3983.241,1.0,Extremely_Loud
5281,1264123348.4,2670.028,3615.396,1.0,Extremely_Loud
5282,1264124876.223,8.559,1685.568,0.95,Violin_Mode
5283,1264140376.691,7.919,3984.316,0.931,Violin_Mode
5284,1264143373.322,10.488,99.892,1.0,Blip
5285,1264146770.563,9.329,53.578,0.995,Air_Compressor
5286,1264154989.766,9.263,55.59,0.995,Air_Compressor
5287,1264317265.031,9.692,3329.919,0.971,Low_Frequency_Lines
5288,1264317780.563,7.605,61.492,1.0,Power_Line
5289,1264318431.844,18.079,55.393,1.0,Scattered_Light
5290,1264318740.938,20.596,3872.13,1.0,Power_Line
5291,1264319123.547,14.998,50.045,0.945,Air_Compressor
5292,1264319124.688,9.592,26.59,1.0,Scattered_Light
5293,1264319603.063,14.337,3983.241,0.997,Low_Frequency_Burst
5294,1264319970.172,17.62,3703.979,0.994,Scattered_Light
5295,1264319991.153,9.683,2210.531,0.999,Blip
5296,1264320361.844,10.16,1660.984,1.0,Scattered_Light
5297,1264320543.531,9.592,26.59,1.0,Low_Frequency_Burst
5298,1264321130.031,14.471,39.744,1.0,Scattered_Light
5299,1264321191.844,9.865,3799.787,0.999,Low_Frequency_Lines
5300,1264321552.57,7.542,4129.023,0.999,Violin_Mode
5301,1264322042.531,11.237,3350.311,0.91,Low_Frequency_Burst
5302,1264322419.32,7.598,3912.224,0.927,Scattered_Light
5303,1264322448.078,9.462,2197.457,0.993,Scattered_Light
5304,1264323314.969,9.195,3708.174,1.0,Scattered_Light
5305,1264323633.156,13.312,3746.261,0.991,Scattered_Light
5306,1264323657.531,9.477,2964.093,0.998,Low_Frequency_Burst
5307,1264324731.594,17.765,30.952,0.942,Low_Frequency_Burst
5308,1264325664.281,12.631,3945.854,0.985,Low_Frequency_Burst
5309,1264325869.594,11.805,3985.119,0.997,Scattered_Light
5310,1264326358.078,23.235,1755.12,1.0,Scattered_Light
5311,1264326488.906,11.246,3983.241,0.986,Low_Frequency_Burst
5312,1264326530.258,8.134,348.591,0.932,Violin_Mode
5313,1264326636.406,7.594,20.195,0.996,Low_Frequency_Lines
5314,1264328029.469,9.786,1976.361,0.962,Scattered_Light
5315,1264328537.344,8.037,2823.051,0.99,Low_Frequency_Burst
5316,1264328939.449,30.333,89.302,0.999,Tomte
5317,1264329147.313,11.159,3764.125,0.997,Low_Frequency_Lines
5318,1264329375.531,8.65,24.934,0.948,Scattered_Light
5319,1264329430.031,9.257,1644.648,0.999,Low_Frequency_Burst
5320,1264329497.719,8.443,3409.167,0.927,Low_Frequency_Burst
5321,1264329504.906,14.252,3466.148,1.0,Scattered_Light
5322,1264329909.578,21.822,3583.993,1.0,Scattered_Light
5323,1264330652.281,13.48,1502.81,0.952,Low_Frequency_Burst
5324,1264331087.469,8.171,3815.341,1.0,Scattered_Light
5325,1264331270.219,8.938,31.188,0.988,Low_Frequency_Burst
5326,1264331390.219,15.322,32.829,1.0,Scattered_Light
5327,1264331512.406,17.616,36.338,1.0,Scattered_Light
5328,1264331518.031,7.958,912.972,0.949,Low_Frequency_Burst
5329,1264331747.07,7.624,382.864,0.978,Violin_Mode
5330,1264331753.844,12.292,3881.874,0.933,Scattered_Light
5331,1264332558.688,8.065,60.612,1.0,Power_Line
5332,1264332785.594,23.399,3883.751,1.0,Scattered_Light
5333,1264332828.094,17.887,3983.241,1.0,Scattered_Light
5334,1264334335.938,8.059,53.019,0.999,Power_Line
5335,1264334375.469,11.901,195.955,0.997,Scattered_Light
5336,1264334805.781,8.512,3428.827,1.0,Power_Line
5337,1264335156.047,16.884,3945.854,0.937,Low_Frequency_Burst
5338,1264336311.063,8.97,59.566,1.0,Power_Line
5339,1264336520.844,16.362,44.865,1.0,Scattered_Light
5340,1264336803.906,8.535,3839.983,1.0,Scattered_Light
5341,1264338365.619,7.739,753.563,0.996,Violin_Mode
5342,1264338655.281,17.821,36.338,1.0,Scattered_Light
5343,1264338980.094,7.995,2964.093,0.973,Low_Frequency_Lines
5344,1264339050.906,20.428,30.952,1.0,Scattered_Light
5345,1264339078.094,15.411,3582.116,0.995,Low_Frequency_Burst
5346,1264339605.656,9.065,2345.723,0.993,Scattered_Light
5347,1264339704.781,13.5,2403.543,1.0,Scattered_Light
5348,1264359918.438,9.498,23.057,0.995,Low_Frequency_Lines
5349,1264360043.617,22.337,436.877,1.0,Whistle
5350,1264360460.07,7.573,271.318,0.934,Violin_Mode
5351,1264360813.273,20.679,1340.838,0.949,Whistle
5352,1264361256.117,8.025,317.126,0.992,Whistle
5353,1264361302.648,9.448,352.315,0.991,Whistle
5354,1264361351.227,10.998,3983.241,0.998,Whistle
5355,1264361657.969,7.631,298.121,0.919,Low_Frequency_Lines
5356,1264361850.906,7.564,26.59,1.0,Low_Frequency_Burst
5357,1264362294.188,16.861,3409.167,0.984,Low_Frequency_Lines
5358,1264362746.813,10.338,23.057,0.995,Low_Frequency_Lines
5359,1264363375.641,8.146,3464.271,0.945,Low_Frequency_Burst
5360,1264363747.168,8.468,61.502,0.998,Blip
5361,1264364114.656,7.856,404.285,0.99,Low_Frequency_Lines
5362,1264364146.16,8.865,702.035,1.0,Violin_Mode
5363,1264364781.152,7.683,769.141,0.999,Violin_Mode
5364,1264364980.844,10.82,20.838,0.999,Low_Frequency_Lines
5365,1264365403.594,25.523,30.952,0.99,Low_Frequency_Burst
5366,1264365459.188,18.745,3201.357,0.997,Extremely_Loud
5367,1264366287.156,15.714,3030.386,0.997,Scattered_Light
5368,1264366789.992,12.624,357.194,0.999,Whistle
5369,1264367941.281,8.727,24.263,0.966,Low_Frequency_Burst
5370,1264368002.344,8.84,2349.77,1.0,Low_Frequency_Lines
5371,1264368129.094,9.89,1172.549,0.97,Low_Frequency_Lines
5372,1264368580.969,7.953,55.35,0.989,Power_Line
5373,1264369133.133,10.994,372.28,0.999,Whistle
5374,1264369201.563,7.546,23.057,0.993,Low_Frequency_Lines
5375,1264370985.391,12.52,3728.798,0.979,Scattered_Light
5376,1264371356.781,9.723,511.561,0.966,Low_Frequency_Burst
5377,1264371804.156,8.395,46.495,0.958,Air_Compressor
5378,1264371811.609,16.46,196.925,0.962,Scattered_Light
5379,1264372451.094,14.333,30.952,0.996,Scattered_Light
5380,1264372481.91,7.613,61.502,0.996,Air_Compressor
5381,1264372864.422,9.375,30.952,1.0,Low_Frequency_Burst
5382,1264373013.594,9.537,20.195,0.906,Low_Frequency_Lines
5383,1264374562.469,7.523,20.838,0.991,Low_Frequency_Burst
5384,1264374861.031,10.96,23.057,0.905,Low_Frequency_Burst
5385,1264375517.781,7.502,20.195,0.913,Low_Frequency_Burst
5386,1264375627.344,7.768,20.195,0.955,Low_Frequency_Lines
5387,1264376050.031,15.453,3703.979,1.0,Scattered_Light
5388,1264377227.844,7.996,54.26,0.997,Power_Line
5389,1264378043.563,11.549,26.59,1.0,Scattered_Light
5390,1264378721.823,7.532,123.333,0.984,Blip
5391,1264380217.855,7.613,753.579,0.997,Violin_Mode
5392,1264380632.688,14.762,23.057,0.997,Low_Frequency_Lines
5393,1264380774.781,7.665,3964.358,0.974,Power_Line
5394,1264382051.063,7.85,57.237,0.998,Power_Line
5395,1264382590.281,21.565,2869.548,1.0,Scattered_Light
5396,1264382886.594,14.843,3088.05,0.991,Scattered_Light
5397,1264383108.813,8.652,20.195,0.999,Low_Frequency_Lines
5398,1264383386.688,8.822,2869.548,0.998,Low_Frequency_Lines
5399,1264383727.969,12.239,3983.241,0.999,Low_Frequency_Burst
5400,1264383867.117,10.924,1873.912,0.912,Low_Frequency_Burst
5401,1264384306.156,8.128,568.535,1.0,Power_Line
5402,1264385044.656,7.783,19.406,0.998,Low_Frequency_Lines
5403,1264386398.063,7.863,662.033,0.998,Power_Line
5404,1264386992.094,11.291,3367.249,0.977,Low_Frequency_Lines
5405,1264387312.656,8.2,2741.265,0.938,Scattered_Light
5406,1264387375.516,16.6,3409.167,0.968,Low_Frequency_Burst
5407,1264387977.938,7.854,1175.542,0.999,Power_Line
5408,1264390100.328,17.478,3983.241,1.0,Scattered_Light
5409,1264390188.094,15.86,1745.559,0.981,Low_Frequency_Burst
5410,1264391242.219,13.133,3030.486,0.979,Low_Frequency_Lines
5411,1264392416.469,8.143,46.666,0.983,Power_Line
5412,1264395892.641,10.039,26.59,1.0,Low_Frequency_Burst
5413,1264395920.25,8.009,3881.874,0.989,Low_Frequency_Burst
5414,1264398119.188,8.466,55.932,0.909,Power_Line
5415,1264403664.938,7.956,1944.896,0.977,Power_Line
5416,1264404919.438,7.71,35.659,1.0,Low_Frequency_Lines
5417,1264406626.547,12.025,3080.93,0.998,Low_Frequency_Burst
5418,1264407111.547,15.193,31.053,0.919,Low_Frequency_Burst
5419,1264409702.426,418.844,3240.109,1.0,Extremely_Loud
5420,1264424328.941,9714.621,3764.125,1.0,Extremely_Loud
5421,1264424476.375,8.11,3983.241,0.999,Low_Frequency_Lines
5422,1264425340.742,7.994,3640.636,0.998,Whistle
5423,1264425545.656,9.61,23.057,0.918,Low_Frequency_Burst
5424,1264426328.156,8.393,56.571,0.999,Power_Line
5425,1264426403.031,7.766,1575.692,1.0,Air_Compressor
5426,1264427876.586,14.045,411.93,1.0,Whistle
5427,1264428606.031,9.527,3307.927,0.995,Low_Frequency_Lines
5428,1264437730.906,10.162,3813.464,0.971,Low_Frequency_Burst
5429,1264437760.969,9.371,26.59,1.0,Low_Frequency_Burst
5430,1264438430.604,8.087,762.286,0.989,Violin_Mode
5431,1264439003.73,12.012,739.514,0.94,Whistle
5432,1264439943.613,23.917,89.302,0.999,Tomte
5433,1264440720.376,12.791,3993.831,1.0,Blip
5434,1264441739.008,9.135,564.864,0.967,Extremely_Loud
5435,1264441741.727,141.502,3983.241,1.0,Extremely_Loud
5436,1264445128.219,10.82,2845.048,0.98,Air_Compressor
5437,1264446460.49,24.501,300.189,0.983,Blip
5438,1264448383.637,8.053,53.578,0.994,Air_Compressor
5439,1264450097.688,12.45,3983.241,0.989,Low_Frequency_Burst
5440,1264450225.313,8.997,46.95,0.998,Air_Compressor
5441,1264450813.092,13.136,198.803,0.988,Blip
5442,1264452601.836,9.928,372.28,1.0,Whistle
5443,1264453805.395,7.583,53.292,0.965,Air_Compressor
5444,1264455234.137,8.911,42.988,0.92,Tomte
5445,1264461309.719,7.604,3919.408,0.982,Air_Compressor
5446,1264461785.91,813.549,3945.854,0.924,Extremely_Loud
5447,1264468244.629,1311.441,3983.241,1.0,Extremely_Loud
5448,1264468865.301,7.831,53.292,0.993,Air_Compressor
5449,1264469725.693,21.661,108.381,0.988,Tomte
5450,1264470553.058,23.819,3768.32,1.0,Blip
5451,1264478966.527,12.032,51.198,0.915,Tomte
5452,1264484527.422,8.204,50.045,0.99,Air_Compressor
5453,1264484564.391,8.407,3850.976,0.999,Air_Compressor
5454,1264486618.532,13.203,303.051,1.0,Blip
5455,1264492854.197,10.676,136.131,1.0,Blip
5456,1264493266.767,11.385,142.526,1.0,Blip
5457,1264499585.17,27.961,2534.013,0.99,Extremely_Loud
5458,1264499697.156,7.803,3367.249,0.971,Low_Frequency_Burst
5459,1264500080.039,26.319,2783.969,1.0,Low_Frequency_Burst
5460,1264509367.891,8.545,51.311,0.991,Air_Compressor
5461,1264511648.785,198.038,196.925,1.0,Extremely_Loud
5462,1264517960.387,7.722,1718.275,0.955,Air_Compressor
5463,1264527512.473,8.987,108.381,0.986,Tomte
5464,1264531610.946,21.807,300.189,1.0,Blip
5465,1264532309.324,186.378,2327.745,1.0,Extremely_Loud
5466,1264533644.641,9.078,49.976,0.999,Air_Compressor
5467,1264541746.066,592.639,3813.464,0.995,Extremely_Loud
5468,1264545648.877,11.436,203.982,0.999,Blip
5469,1264547477.992,7.864,53.292,0.978,Air_Compressor
5470,1264550060.129,10.568,61.335,0.995,Tomte
5471,1264551660.938,8.163,848.198,0.967,Air_Compressor
5472,1264551664.438,8.372,3017.26,0.962,Air_Compressor
5473,1264552512.037,7.704,63.212,0.929,Blip
5474,1264554506.661,2768.278,3983.241,1.0,Extremely_Loud
5475,1264557420.813,7.772,19.465,0.981,Low_Frequency_Lines
5476,1264558320.918,7.685,53.292,0.99,Air_Compressor
5477,1264559005.712,11.511,251.848,1.0,Blip
5478,1264559496.906,11.757,53.578,0.972,Air_Compressor
5479,1264563727.355,680.343,1928.011,1.0,Extremely_Loud
5480,1264567286.682,318.533,2378.556,0.999,Extremely_Loud
5481,1264568260.668,7.8,53.578,0.991,Air_Compressor
5482,1264577740.438,8.782,3983.241,0.97,Low_Frequency_Lines
5483,1264579790.973,24.04,2489.561,0.986,Tomte
5484,1264581480.018,11.197,142.24,1.0,Blip
5485,1264581709.563,10.367,2883.485,1.0,Air_Compressor
5486,1264584540.906,9.363,47.964,0.997,Air_Compressor
5487,1264586332.559,7.574,53.292,0.995,Air_Compressor
5488,1264589972.436,12.195,171.323,1.0,Blip
5489,1264590549.121,7.853,53.578,0.963,Air_Compressor
5490,1264594896.81,17.32,203.982,1.0,Blip
5491,1264597179.785,711.13,3835.788,1.0,Extremely_Loud
5492,1264602633.813,8.499,20.195,0.999,Low_Frequency_Lines
5493,1264603835.672,8.16,52.562,1.0,Air_Compressor
5494,1264611394.947,10.04,203.982,1.0,Blip
5495,1264611541.104,19.071,243.135,0.994,Blip
5496,1264622668.188,39.611,3813.464,0.988,Extremely_Loud
5497,1264623119.616,19.315,302.444,1.0,Blip
5498,1264626604.719,17.437,3551.692,0.935,Low_Frequency_Burst
5499,1264628482.031,8.706,23.745,0.917,Low_Frequency_Lines
5500,1264628660.211,8.479,492.413,0.992,Violin_Mode
5501,1264628759.469,8.235,2823.051,0.995,Low_Frequency_Lines
5502,1264628953.938,1985.089,3703.979,1.0,Extremely_Loud
5503,1264628961.063,470.542,3307.927,0.998,Extremely_Loud
5504,1264629658.813,10.772,3201.357,0.995,Low_Frequency_Lines
5505,1264629896.41,23.256,1120.991,0.999,Tomte
5506,1264630740.719,8.549,20.838,0.988,Low_Frequency_Lines
5507,1264631031.781,18.301,3983.241,0.913,Scattered_Light
5508,1264631631.422,11.107,903.381,1.0,Air_Compressor
5509,1264631902.156,27.852,1627.912,0.999,Scattered_Light
5510,1264632497.719,9.759,2706.379,0.992,Low_Frequency_Lines
5511,1264635178.531,12.076,3409.167,0.95,Scattered_Light
5512,1264635643.656,16.412,2378.556,0.998,Low_Frequency_Burst
5513,1264636100.844,8.715,2489.561,0.983,Low_Frequency_Lines
5514,1264637234.828,8.717,922.599,1.0,Power_Line
5515,1264637584.938,8.027,834.26,0.998,Low_Frequency_Lines
5516,1264638226.578,8.844,34.396,0.975,Low_Frequency_Lines
5517,1264638483.781,7.943,20.838,0.919,Low_Frequency_Burst
5518,1264640165.734,9.559,20.195,0.998,Low_Frequency_Burst
5519,1264640245.156,27.486,42.988,1.0,Low_Frequency_Burst
5520,1264640400.781,10.374,23.057,0.998,Low_Frequency_Lines
5521,1264641812.469,7.716,56.448,1.0,Power_Line
5522,1264641826.094,8.089,106.659,0.974,Low_Frequency_Lines
5523,1264643560.176,8.603,3157.404,0.993,Air_Compressor
5524,1264643983.966,23.219,2965.97,0.992,Blip
5525,1264645480.484,14.543,3746.261,0.999,Low_Frequency_Burst
5526,1264646099.844,15.352,590.064,0.978,Low_Frequency_Burst
5527,1264646101.781,8.848,23.057,0.969,Low_Frequency_Burst
5528,1264646198.854,102.754,295.994,0.997,Extremely_Loud
5529,1264647430.313,10.532,2672.706,0.992,Low_Frequency_Lines
5530,1264647776.957,7.592,1685.082,0.918,Blip
5531,1264648340.797,10.229,1717.344,0.987,Scattered_Light
5532,1264650036.613,17.306,61.335,0.937,Tomte
5533,1264653074.039,7.928,23.057,0.952,Low_Frequency_Lines
5534,1264654754.688,270.782,2836.932,0.997,Extremely_Loud
5535,1264655185.063,15.733,2398.222,0.98,Power_Line
5536,1264656477.449,383.595,3059.082,0.999,Extremely_Loud
5537,1264656629.531,10.743,2964.093,0.955,Low_Frequency_Lines
5538,1264658577.969,7.939,46.819,0.979,Air_Compressor
5539,1264660058.901,10.119,171.608,1.0,Blip
5540,1264663791.766,7.834,21.412,0.929,Low_Frequency_Burst
5541,1264665419.455,460.375,2337.938,0.984,Extremely_Loud
5542,1264666810.406,12.018,71.536,0.999,Power_Line
5543,1264667125.875,7.64,2341.528,0.974,Low_Frequency_Lines
5544,1264673263.305,18.229,479.51,1.0,Whistle
5545,1264675013.844,8.607,48.935,0.906,Air_Compressor
5546,1264675025.063,9.407,567.6,0.942,Air_Compressor
5547,1264675670.268,9.322,142.526,1.0,Blip
5548,1264677250.25,7.683,20.195,0.932,Low_Frequency_Lines
5549,1264679101.11,12.669,211.877,1.0,Blip
5550,1264680324.031,7.507,49.935,0.964,Air_Compressor
5551,1264681974.55,11.796,168.838,1.0,Blip
5552,1264684927.406,10.825,3307.927,0.999,Low_Frequency_Burst
5553,1264685376.188,8.804,46.453,0.96,Air_Compressor
5554,1264701755.219,9.241,2091.882,0.998,Air_Compressor
5555,1264712539.738,243.077,241.258,1.0,Extremely_Loud
5556,1264714768.344,7.526,1510.259,0.939,Low_Frequency_Lines
5557,1264714943.918,7.88,53.578,0.979,Air_Compressor
5558,1264723411.313,7.992,20.195,0.981,Low_Frequency_Lines
5559,1264725311.424,18.077,245.453,1.0,Blip
5560,1264728156.924,31.569,3205.552,0.962,Blip
5561,1264731510.02,7.511,3465.731,0.988,Air_Compressor
5562,1264738135.137,428.661,3764.125,1.0,Extremely_Loud
5563,1264739985.802,7.681,152.274,1.0,Blip
5564,1264744303.624,7.978,104.255,1.0,Blip
5565,1264751839.414,562.388,2823.051,1.0,Extremely_Loud
5566,1264752031.188,8.991,47.632,0.968,Air_Compressor
5567,1264757746.768,9.5,78.045,0.993,Blip
5568,1264758099.434,639.445,3983.241,0.992,Extremely_Loud
5569,1264758363.423,8.107,146.888,0.999,Blip
5570,1264759361.779,177.822,363.574,0.99,Extremely_Loud
5571,1264760824.719,7.922,59.16,0.998,Power_Line
5572,1264764243.059,90.856,3201.357,0.997,Extremely_Loud
5573,1264765201.375,7.655,3133.541,0.998,Low_Frequency_Lines
5574,1264765573.429,10.647,136.131,0.999,Blip
5575,1264765737.406,9.702,3071.536,0.998,Air_Compressor
5576,1264770794.379,21.956,73.85,0.988,Tomte
5577,1264771188.563,49.539,2672.706,0.997,Extremely_Loud
5578,1264773833.043,636.746,3615.396,1.0,Extremely_Loud
5579,1264788135.254,8.061,53.292,0.974,Blip
5580,1264790620.879,571.313,3201.357,0.998,Extremely_Loud
5581,1264795028.438,13.462,3681.321,0.938,Scattered_Light
5582,1264801192.457,8.242,692.515,0.95,Violin_Mode
5583,1264801689.168,9.012,53.292,0.999,Air_Compressor
5584,1264802993.144,32.752,697.56,1.0,Blip
5585,1264810976.156,10.918,1405.862,0.958,Low_Frequency_Burst
5586,1264812287.551,11.361,73.85,0.999,Tomte
5587,1264812341.174,8.078,2922.471,0.987,Blip
5588,1264814339.488,7.516,53.292,0.96,Blip
5589,1264818357.559,3962.367,3680.246,1.0,Extremely_Loud
5590,1264820399.785,544.721,2634.428,0.996,Extremely_Loud
5591,1264821524.207,8.688,459.394,0.998,Violin_Mode
5592,1264823375.424,7.63,50.045,0.951,Blip
5593,1264823393.555,10.214,668.307,0.995,Whistle
5594,1264829842.73,7.741,497.919,0.986,Violin_Mode
5595,1264830001.785,7.539,53.578,0.94,Blip
5596,1264834290.953,10.543,47.964,0.973,Air_Compressor
5597,1264834519.551,8.057,53.292,0.979,Air_Compressor
5598,1264872727.662,7.578,521.63,0.986,Violin_Mode
5599,1264872976.484,10.822,91.628,0.983,Low_Frequency_Burst
5600,1264873091.469,15.93,3746.261,1.0,Scattered_Light
5601,1264873152.982,10.707,707.65,0.988,Violin_Mode
5602,1264873197.926,7.876,717.613,0.983,Violin_Mode
5603,1264873212.594,13.403,3835.788,0.952,Extremely_Loud
5604,1264873335.66,8.546,373.04,0.998,Whistle
5605,1264873457.797,9.195,1597.584,0.977,Low_Frequency_Burst
5606,1264873640.344,18.129,2973.356,0.981,Scattered_Light
5607,1264873691.934,7.789,374.157,0.996,Whistle
5608,1264873731.027,686.989,550.03,0.99,Extremely_Loud
5609,1264880180.938,8.808,20.195,1.0,Low_Frequency_Lines
5610,1264880723.801,11.389,328.463,0.996,Whistle
5611,1264880799.969,8.759,1604.103,0.998,Low_Frequency_Lines
5612,1264880904.051,7.948,2389.146,0.948,Air_Compressor
5613,1264881019.492,8.922,424.626,0.994,Whistle
5614,1264881177.109,8.574,23.057,0.947,Low_Frequency_Burst
5615,1264881303.188,15.728,42.988,1.0,Scattered_Light
5616,1264881481.531,16.218,2964.093,0.944,Low_Frequency_Burst
5617,1264881562.914,7.764,375.643,0.917,Whistle
5618,1264881812.594,35.554,2040.289,0.989,Low_Frequency_Burst
5619,1264881931.523,7.508,374.174,0.999,Whistle
5620,1264882069.344,17.812,2634.428,1.0,Scattered_Light
5621,1264882273.938,111.253,2337.938,1.0,Scattered_Light
5622,1264882772.531,13.629,26.59,0.944,Low_Frequency_Burst
5623,1264882863.313,7.983,25.11,0.999,Scattered_Light
5624,1264883178.094,64.273,3764.125,0.975,Extremely_Loud
5625,1264883889.492,8.177,380.767,0.975,Whistle
5626,1264884422.469,39.013,3983.241,0.949,Extremely_Loud
5627,1264884528.031,27.908,509.887,0.991,Scattered_Light
5628,1264885287.094,10.813,185.618,0.992,Low_Frequency_Lines
5629,1264886124.938,25.478,30.952,1.0,Scattered_Light
5630,1264886147.031,19.614,2834.458,0.999,Scattered_Light
5631,1264886911.965,7.582,663.397,0.931,Violin_Mode
5632,1264886993.344,14.605,2651.052,0.993,Low_Frequency_Burst
5633,1264888091.484,7.668,23.057,0.994,Low_Frequency_Burst
5634,1264888461.422,10.198,699.519,0.986,Whistle
5635,1264888662.469,7.967,23.057,0.979,Low_Frequency_Burst
5636,1264888666.1,8.351,809.165,0.999,Violin_Mode
5637,1264888903.156,13.668,252.742,0.942,Low_Frequency_Burst
5638,1264889036.598,7.851,53.578,0.982,Air_Compressor
5639,1264889202.531,12.132,3703.979,0.9,Scattered_Light
5640,1264889257.344,12.115,28.467,1.0,Scattered_Light
5641,1264890050.727,12.921,369.296,0.999,Whistle
5642,1264890374.906,13.709,26.59,0.978,Scattered_Light
5643,1264892732.281,21.4,26.59,0.994,Scattered_Light
5644,1264892947.469,19.02,3881.874,0.999,Scattered_Light
5645,1264893803.781,9.652,20.195,0.957,Low_Frequency_Lines
5646,1264894157.469,7.582,20.195,0.989,Low_Frequency_Burst
5647,1264896099.242,8.36,374.157,0.918,Whistle
5648,1264898559.156,17.403,3030.386,0.978,Scattered_Light
5649,1264898841.906,11.625,23.057,0.975,Low_Frequency_Burst
5650,1264899168.07,8.521,3945.854,0.982,Violin_Mode
5651,1264899897.078,7.545,20.195,0.948,Low_Frequency_Burst
5652,1264900294.266,7.778,3464.271,0.969,Low_Frequency_Lines
5653,1264901465.492,7.917,432.376,0.923,Violin_Mode
5654,1264904735.742,9.538,3848.998,0.932,Whistle
5655,1264905301.301,7.717,270.084,0.981,Air_Compressor
5656,1264915542.02,8.465,50.045,0.983,Air_Compressor
5657,1264915843.02,7.96,53.292,0.949,Blip
5658,1264920997.734,12.16,3983.241,0.996,Blip
5659,1264921999.875,244.406,89.302,1.0,Extremely_Loud
5660,1264922000.668,4395.038,3582.116,0.999,Extremely_Loud
5661,1264922101.691,21.284,89.302,0.967,Tomte
5662,1264922778.527,7.756,662.772,0.976,Violin_Mode
5663,1264923373.166,7.612,61.502,0.92,Power_Line
5664,1264930725.453,8.141,20.195,1.0,Low_Frequency_Burst
5665,1264931948.938,16.173,790.51,0.945,Low_Frequency_Burst
5666,1264950441.672,12.824,1928.011,0.999,Low_Frequency_Burst
5667,1264951068.938,8.301,46.701,0.931,Air_Compressor
5668,1264971192.463,7.624,809.43,0.924,Whistle
5669,1264971457.018,10.081,797.912,0.983,Violin_Mode
5670,1264972285.613,8.499,757.621,0.977,Violin_Mode
5671,1264972468.434,7.564,47.964,0.996,Air_Compressor
5672,1264972785.756,10.506,811.436,0.904,Violin_Mode
5673,1264972966.258,10.859,357.194,0.998,Whistle
5674,1264973470.461,7.858,383.404,0.944,Whistle
5675,1264973645.016,9.822,274.944,0.999,Whistle
5676,1264973688.762,333.121,3764.125,0.992,Extremely_Loud
5677,1264973910.734,10.088,3695.208,0.999,Whistle
5678,1264974169.032,8.677,2745.46,1.0,Blip
5679,1264975112.164,9.165,312.785,0.998,Whistle
5680,1264976598.039,8.568,265.806,0.998,Whistle
5681,1264976986.414,7.648,3704.393,0.998,Air_Compressor
5682,1264977364.127,7.527,747.949,0.995,Violin_Mode
5683,1264977746.554,14.68,245.453,1.0,Blip
5684,1264981187.672,8.914,194.739,0.947,Whistle
5685,1264981203.176,7.517,53.578,0.916,Air_Compressor
5686,1264983612.656,8.65,47.679,0.999,Air_Compressor
5687,1264984513.605,14.336,369.296,0.999,Whistle
5688,1264985105.094,9.163,23.057,0.961,Low_Frequency_Lines
5689,1264986533.527,10.868,304.403,0.999,Whistle
5690,1264988690.039,9.164,427.062,1.0,Whistle
5691,1264992046.309,7.718,172.624,0.912,Air_Compressor
5692,1264992893.621,8.621,4118.668,0.993,Whistle
5693,1264994804.301,8.483,414.863,0.983,Whistle
5694,1264995848.752,11.791,162.896,0.937,Blip
5695,1264996708.275,18.353,443.386,0.994,Whistle
5696,1264997303.414,8.91,1530.953,0.999,Whistle
5697,1264998672.473,7.676,53.578,0.989,Air_Compressor
5698,1264999931.926,7.584,3983.241,0.937,Air_Compressor
5699,1265003615.895,20.87,73.85,0.997,Tomte
5700,1265004287.695,7.589,380.398,0.989,Whistle
5701,1265004445.988,33.972,3133.541,0.947,Extremely_Loud
5702,1265005677.713,19.377,201.12,0.985,Blip
5703,1265009814.469,12.186,3835.788,1.0,Scattered_Light
5704,1265010026.586,8.242,2726.809,0.999,Whistle
5705,1265011005.315,18.563,203.982,1.0,Blip
5706,1265011304.445,7.924,4074.486,1.0,Whistle
5707,1265013431.379,8.609,53.292,0.98,Air_Compressor
5708,1265013645.18,10.309,26.59,0.911,Low_Frequency_Burst
5709,1265013896.594,20.511,3464.271,0.994,Scattered_Light
5710,1265014379.738,17.351,73.85,0.924,Tomte
5711,1265015168.008,9.289,430.846,0.965,Whistle
5712,1265015228.295,26.736,300.189,0.973,Blip
5713,1265016934.32,7.684,735.426,0.967,Violin_Mode
5714,1265025106.114,13.594,3416.224,1.0,Blip
5715,1265027167.899,25.272,367.769,0.985,Blip
5716,1265046571.527,8.774,735.426,0.99,Violin_Mode
5717,1265046650.879,11.195,3792.924,1.0,Whistle
5718,1265046689.371,7.503,3984.246,0.979,Violin_Mode
5719,1265046726.461,10.44,3474.938,0.999,Whistle
5720,1265051751.195,9.417,331.123,1.0,Whistle
5721,1265051929.805,11.047,357.194,1.0,Whistle
5722,1265052602.477,11.445,441.012,1.0,Whistle
5723,1265053156.445,13.379,370.718,1.0,Whistle
5724,1265053660.68,10.017,913.656,1.0,Whistle
5725,1265054263.148,8.879,374.816,0.982,Whistle
5726,1265054314.664,8.14,374.157,0.989,Whistle
5727,1265054449.477,11.257,387.04,1.0,Whistle
5728,1265054645.664,17.352,298.289,0.999,Whistle
5729,1265058466.773,19.097,3058.278,0.999,Whistle
5730,1265060116.906,7.829,47.964,0.999,Air_Compressor
5731,1265060559.336,9.825,328.888,1.0,Whistle
5732,1265064052.688,8.981,1282.836,0.942,Air_Compressor
5733,1265073162.105,18.302,89.302,0.999,Tomte
5734,1265074242.707,7.532,3910.695,0.958,Tomte
5735,1265074252.459,7.846,55.393,0.935,Blip
5736,1265074628.371,21.663,61.335,0.941,Tomte
5737,1265079092.406,8.001,2683.011,0.997,Air_Compressor
5738,1265081132.496,12.718,61.335,0.987,Tomte
5739,1265082921.873,7.948,88.802,1.0,Blip
5740,1265090041.863,14.596,2634.428,0.962,Tomte
5741,1265090338.418,14.737,3746.261,0.998,Tomte
5742,1265090848.27,13.804,1462.128,0.956,Tomte
5743,1265090928.371,15.46,2243.2,0.953,Tomte
5744,1265091161.199,12.797,2081.292,0.987,Tomte
5745,1265091238.949,15.326,61.335,0.946,Tomte
5746,1265091566.957,15.796,51.198,0.993,Tomte
5747,1265092870.449,16.192,73.85,0.998,Tomte
5748,1265092946.73,17.461,61.335,0.913,Tomte
5749,1265093706.027,17.871,3945.854,0.979,Tomte
5750,1265094282.246,77.478,161.018,0.97,Extremely_Loud
5751,1265094397.098,14.893,51.198,0.948,Tomte
5752,1265094474.387,17.815,3945.854,0.963,Tomte
5753,1265094721.668,7.656,3985.119,0.974,Blip
5754,1265094778.504,15.433,2179.265,0.967,Tomte
5755,1265094856.559,18.964,61.335,0.939,Tomte
5756,1265095224.52,16.469,2179.265,0.997,Tomte
5757,1265095593.512,17.628,1907.455,0.999,Tomte
5758,1265095892.082,16.2,51.198,0.995,Tomte
5759,1265095971.348,20.255,2834.458,0.997,Tomte
5760,1265096366.879,17.93,61.335,0.985,Tomte
5761,1265096684.363,16.034,3983.241,0.968,Tomte
5762,1265096763.66,16.293,61.335,0.998,Tomte
5763,1265097465.613,7.742,53.292,0.994,Blip
5764,1265097634.191,18.129,61.335,0.949,Tomte
5765,1265098102.652,20.975,3201.357,0.918,Tomte
5766,1265098406.473,19.855,61.335,0.977,Tomte
5767,1265099612.34,20.467,61.335,0.977,Tomte
5768,1265100015.379,20.46,73.85,0.993,Tomte
5769,1265101267.484,9.533,197.765,0.998,Air_Compressor
5770,1265103553.035,23.692,3464.271,0.986,Tomte
5771,1265104583.688,7.658,50.053,0.998,Air_Compressor
5772,1265104994.434,18.277,2378.556,0.944,Tomte
5773,1265105111.574,22.373,61.335,0.907,Tomte
5774,1265107342.668,25.547,3835.788,0.916,Tomte
5775,1265111922.902,7.781,3250.414,0.993,Air_Compressor
5776,1265112515.103,9.149,104.255,1.0,Blip
5777,1265113504.113,1063.961,3176.615,1.0,Extremely_Loud
5778,1265120604.219,7.945,20.195,0.994,Low_Frequency_Lines
5779,1265121130.688,3865.744,3006.243,1.0,Extremely_Loud
5780,1265121571.938,8.044,915.8,0.944,Low_Frequency_Lines
5781,1265123669.832,7.772,47.964,0.999,Air_Compressor
5782,1265125778.213,7.512,50.045,0.921,Blip
5783,1265129792.237,12.108,138.993,1.0,Blip
5784,1265131540.426,147.781,2402.539,1.0,Extremely_Loud
5785,1265134142.592,8.737,123.333,0.957,Blip
5786,1265134145.142,1022.515,3983.241,0.994,Extremely_Loud
5787,1265135829.605,1281.024,2930.829,0.998,Extremely_Loud
5788,1265136320.152,8.112,53.292,0.972,Blip
5789,1265141273.027,403.821,1928.011,0.994,Extremely_Loud
5790,1265144453.021,403.478,2378.556,0.948,Extremely_Loud
5791,1265150929.688,8.051,3489.959,0.996,Low_Frequency_Lines
5792,1265163395.16,8.554,1028.005,0.968,Tomte
5793,1265166152.699,7.904,3309.804,0.934,Tomte
5794,1265166996.52,156.524,2834.458,0.991,Extremely_Loud
5795,1265168578.48,2337.39,3237.069,1.0,Extremely_Loud
5796,1265169239.563,8.357,20.195,0.999,Low_Frequency_Lines
5797,1265173347.438,72.861,3551.692,0.985,Extremely_Loud
5798,1265180248.47,7.663,3631.855,1.0,Blip
5799,1265182557.691,298.228,2394.448,1.0,Extremely_Loud
5800,1265182830.835,9.122,152.274,1.0,Blip
5801,1265183148.044,8.582,142.526,1.0,Blip
5802,1265185471.781,8.412,3006.243,0.997,Low_Frequency_Lines
5803,1265188380.063,8.544,2964.093,0.983,Low_Frequency_Lines
5804,1265192732.434,7.895,61.335,0.959,Tomte
5805,1265193855.081,24.276,3987.436,0.999,Blip
5806,1265195394.758,7.569,739.189,1.0,Violin_Mode
5807,1265196176.514,475.507,677.222,0.953,Extremely_Loud
5808,1265199318.969,10.372,108.414,0.994,Air_Compressor
5809,1265200130.059,303.928,3983.241,1.0,Extremely_Loud
5810,1265209430.688,8.567,3136.171,0.999,Low_Frequency_Lines
5811,1265217296.219,8.717,1604.103,0.996,Low_Frequency_Lines
5812,1265222416.406,7.932,1034.589,0.923,Low_Frequency_Burst
5813,1265226246.129,303.558,2158.844,0.999,Extremely_Loud
5814,1265234811.699,7.545,53.292,0.992,Air_Compressor
5815,1265236978.826,10.813,138.993,1.0,Blip
5816,1265237518.887,7.746,55.393,0.958,Blip
5817,1265238131.425,9.56,3842.844,1.0,Blip
5818,1265238196.575,9.831,3910.695,0.998,Blip
5819,1265240667.418,19.431,295.994,0.993,Tomte
5820,1265240782.848,3421.117,2378.556,1.0,Extremely_Loud
5821,1265240783.063,1251.542,3427.638,1.0,Extremely_Loud
5822,1265240933.383,8.204,497.019,0.925,Violin_Mode
5823,1265241576.314,8.276,115.437,1.0,Blip
5824,1265246897.813,7.867,286.661,0.992,Low_Frequency_Lines
5825,1265247045.527,20.051,1898.219,0.989,Tomte
5826,1265247352.563,7.589,3427.638,0.999,Low_Frequency_Lines
5827,1265257702.939,8.338,61.788,0.999,Blip
5828,1265265304.188,7.588,20.411,0.998,Low_Frequency_Lines
5829,1265268473.619,8.149,161.018,0.999,Blip
5830,1265268548.129,11.211,51.198,0.928,Tomte
5831,1265271970.568,9.944,3708.174,1.0,Blip
5832,1265273187.414,7.952,488.512,0.964,Violin_Mode
5833,1265275157.063,7.632,3983.241,0.994,Low_Frequency_Lines
5834,1265276862.074,214.908,2964.093,1.0,Extremely_Loud
5835,1265277250.658,7.567,3457.886,0.985,Violin_Mode
5836,1265277438.438,331.59,3030.386,1.0,Extremely_Loud
5837,1265277441.125,116.503,2720.609,0.976,Extremely_Loud
5838,1265278136.137,14.814,51.198,0.954,Tomte
5839,1265278208.77,15.0,3703.979,0.986,Tomte
5840,1265279991.59,9.259,2645.018,0.938,Air_Compressor
5841,1265280923.652,395.003,3133.541,1.0,Extremely_Loud
5842,1265281817.929,13.292,2931.294,1.0,Blip
5843,1265282246.652,21.629,51.198,0.984,Tomte
5844,1265282980.652,18.74,61.335,0.992,Tomte
5845,1265283349.418,17.58,1976.361,0.997,Tomte
5846,1265283719.902,18.519,61.335,0.999,Tomte
5847,1265284156.895,18.954,51.198,0.99,Tomte
5848,1265284632.52,19.106,3813.464,0.967,Tomte
5849,1265285080.051,20.024,61.335,0.982,Tomte
5850,1265285446.09,18.824,3249.652,0.989,Tomte
5851,1265285800.16,18.126,61.335,0.944,Tomte
5852,1265285900.313,7.561,2964.093,0.999,Low_Frequency_Lines
5853,1265286779.098,16.766,51.198,0.91,Tomte
5854,1265286858.59,18.294,188.822,0.996,Tomte
5855,1265287203.543,17.376,61.335,0.99,Tomte
5856,1265287553.082,19.42,1299.963,0.954,Tomte
5857,1265287912.254,19.127,61.335,0.996,Tomte
5858,1265288240.926,20.521,73.85,0.994,Tomte
5859,1265288547.605,14.488,51.198,0.954,Tomte
5860,1265288624.105,18.546,3006.243,0.996,Tomte
5861,1265289362.285,16.893,61.335,1.0,Tomte
5862,1265289437.715,19.724,61.335,0.963,Tomte
5863,1265289876.58,898.086,3746.261,1.0,Extremely_Loud
5864,1265290924.323,8.589,223.913,0.998,Blip
5865,1265291665.852,8.522,17.877,0.99,Low_Frequency_Lines
5866,1265292095.271,8.066,476.03,0.987,Whistle
5867,1265294449.09,8.204,50.045,0.963,Blip
5868,1265298805.117,8.633,670.086,0.979,Violin_Mode
5869,1265299091.348,420.61,3624.799,1.0,Extremely_Loud
5870,1265299104.588,731.594,3746.261,1.0,Extremely_Loud
5871,1265300327.793,19.122,180.529,0.948,Tomte
5872,1265301075.246,8.311,3360.901,0.99,Air_Compressor
5873,1265305558.688,8.168,2964.093,1.0,Low_Frequency_Lines
5874,1265307491.01,81.027,3746.261,0.99,Extremely_Loud
5875,1265309666.637,16.371,2741.265,1.0,Tomte
5876,1265309988.723,14.763,1329.049,0.95,Tomte
5877,1265310062.84,16.456,73.85,0.989,Tomte
5878,1265310167.109,10.08,2012.83,0.994,Air_Compressor
5879,1265310445.934,17.318,61.335,0.987,Tomte
5880,1265311631.688,10.744,1720.573,0.981,Air_Compressor
5881,1265311641.059,15.426,61.335,0.996,Tomte
5882,1265312464.063,7.524,260.848,0.99,Low_Frequency_Lines
5883,1265313016.82,7.597,489.055,0.985,Violin_Mode
5884,1265313725.762,8.277,61.502,0.996,Air_Compressor
5885,1265314546.371,801.774,3983.241,1.0,Extremely_Loud
5886,1265315798.773,7.871,266.216,0.981,Violin_Mode
5887,1265316329.105,11186.669,3983.241,1.0,Extremely_Loud
5888,1265320181.875,8.892,2836.932,0.989,Low_Frequency_Lines
5889,1265320503.664,7.592,513.605,0.994,Violin_Mode
5890,1265330844.19,7.995,96.359,1.0,Blip
5891,1265331195.246,9.248,1636.339,0.99,Air_Compressor
5892,1265331876.523,7.95,592.023,0.9,Violin_Mode
5893,1265335279.756,11.859,168.075,1.0,Blip
5894,1265336139.398,7.94,476.919,0.947,Violin_Mode
5895,1265336566.656,10.094,188.822,0.973,Low_Frequency_Lines
5896,1265336569.58,9.685,203.982,0.996,Blip
5897,1265338122.598,8.185,1425.322,0.99,Air_Compressor
5898,1265338843.32,9.965,346.859,0.904,Violin_Mode
5899,1265341359.484,7.799,20.195,1.0,Low_Frequency_Burst
5900,1265341793.285,7.93,363.574,0.907,Violin_Mode
5901,1265343986.969,12.124,3409.167,0.986,Scattered_Light
5902,1265344606.688,11.354,3582.116,0.955,Low_Frequency_Lines
5903,1265344764.344,16.678,30.952,1.0,Scattered_Light
5904,1265345625.938,15.123,1936.424,0.992,Scattered_Light
5905,1265346679.438,11.096,2337.938,0.981,Low_Frequency_Lines
5906,1265346803.281,17.517,3464.271,1.0,Scattered_Light
5907,1265348508.594,16.99,2378.556,0.936,Scattered_Light
5908,1265349613.555,8.006,600.085,0.907,Violin_Mode
5909,1265351014.125,14.139,27.78,1.0,Scattered_Light
5910,1265351238.582,7.632,456.934,0.93,Violin_Mode
5911,1265351264.031,13.402,27.594,0.997,Scattered_Light
5912,1265351481.719,10.24,1506.581,0.944,Low_Frequency_Lines
5913,1265352025.203,10.207,3703.979,0.971,Low_Frequency_Burst
5914,1265352497.844,8.066,20.838,0.985,Low_Frequency_Burst
5915,1265352626.344,14.087,3983.241,1.0,Scattered_Light
5916,1265352683.219,18.475,3983.241,1.0,Scattered_Light
5917,1265353758.125,8.983,3006.243,0.925,Low_Frequency_Lines
5918,1265411472.781,31.253,51.198,0.913,Extremely_Loud
5919,1265411478.109,26.565,271.961,1.0,Scattered_Light
5920,1265411818.281,24.363,1644.648,1.0,Scattered_Light
5921,1265411830.531,33.948,3361.459,0.903,Extremely_Loud
5922,1265412011.578,11.619,3945.854,0.933,Low_Frequency_Burst
5923,1265412048.563,44.884,3240.109,0.992,Low_Frequency_Burst
5924,1265412066.719,11.55,2810.325,0.996,Low_Frequency_Burst
5925,1265412084.438,33.494,3983.241,1.0,Low_Frequency_Burst
5926,1265412592.781,8.054,29.996,0.931,Low_Frequency_Burst
5927,1265412705.508,8.143,20.195,0.988,Low_Frequency_Burst
5928,1265412814.688,10.882,20.838,0.988,Low_Frequency_Burst
5929,1265413235.813,30.967,363.574,0.907,Low_Frequency_Burst
5930,1265417326.969,12.543,197.247,1.0,Scattered_Light
5931,1265417748.156,19.198,38.215,1.0,Scattered_Light
5932,1265418045.438,28.603,26.59,1.0,Low_Frequency_Burst
5933,1265418434.813,39.667,2836.932,0.998,Extremely_Loud
5934,1265418586.117,9.964,1928.011,0.984,Low_Frequency_Burst
5935,1265418599.289,9.588,3703.979,0.972,Low_Frequency_Burst
5936,1265418674.328,23.82,3983.241,0.938,Scattered_Light
5937,1265418965.896,569.039,3881.874,0.985,Extremely_Loud
5938,1265419411.406,9.413,30.743,1.0,Scattered_Light
5939,1265419432.406,15.562,2381.521,1.0,Scattered_Light
5940,1265419801.906,10.814,30.785,1.0,Scattered_Light
5941,1265420250.025,7.695,71.925,1.0,Blip
5942,1265420274.328,10.154,23.057,0.95,Low_Frequency_Burst
5943,1265420630.031,17.318,3985.119,1.0,Scattered_Light
5944,1265420975.156,9.454,24.115,1.0,Scattered_Light
5945,1265421406.156,9.688,3990.298,0.919,Scattered_Light
5946,1265421559.656,9.638,35.147,1.0,Scattered_Light
5947,1265421759.727,8.233,414.39,0.99,Violin_Mode
5948,1265421801.938,41.559,26.59,1.0,Low_Frequency_Burst
5949,1265427659.477,11.501,1898.219,0.999,Low_Frequency_Burst
5950,1265427747.352,9.68,3983.241,0.99,Low_Frequency_Burst
5951,1265427874.438,29.133,3983.241,0.983,Extremely_Loud
5952,1265428095.438,8.55,257.176,0.962,Low_Frequency_Lines
5953,1265428371.016,12.57,202.809,1.0,Low_Frequency_Burst
5954,1265428392.594,18.084,2836.932,1.0,Scattered_Light
5955,1265428435.047,8.513,2783.969,0.962,Low_Frequency_Burst
5956,1265428536.813,33.599,3835.788,0.938,Extremely_Loud
5957,1265428671.094,31.52,3881.874,0.901,Extremely_Loud
5958,1265428910.695,10.089,783.074,0.996,Air_Compressor
5959,1265428986.844,9.415,48.94,1.0,Scattered_Light
5960,1265429170.406,24.652,3983.241,0.921,Scattered_Light
5961,1265429399.906,14.16,36.338,0.988,Low_Frequency_Burst
5962,1265429779.594,7.505,21.248,0.998,Low_Frequency_Lines
5963,1265430294.219,20.198,67.784,1.0,Power_Line
5964,1265430331.844,13.17,3985.119,1.0,Scattered_Light
5965,1265430518.563,21.4,3983.241,0.994,Extremely_Loud
5966,1265430619.156,22.321,51.198,1.0,Scattered_Light
5967,1265430627.344,34.96,2378.556,0.998,Scattered_Light
5968,1265431190.781,29.451,3881.874,0.984,Extremely_Loud
5969,1265431246.18,13.766,3987.436,0.952,Extremely_Loud
5970,1265431258.535,15325.519,3983.241,1.0,Extremely_Loud
5971,1265431524.969,11.16,1412.964,0.999,Scattered_Light
5972,1265431636.031,7.502,45.26,0.994,Power_Line
5973,1265432047.281,26.733,3409.167,1.0,Scattered_Light
5974,1265432081.906,30.619,3983.241,1.0,Scattered_Light
5975,1265432207.922,19.01,1063.062,1.0,Scattered_Light
5976,1265432211.891,11.737,3813.464,0.953,Low_Frequency_Burst
5977,1265432390.969,23.026,3983.241,0.997,Extremely_Loud
5978,1265432710.594,23.978,3983.241,0.978,Extremely_Loud
5979,1265432875.188,10.953,3457.886,0.997,Low_Frequency_Lines
5980,1265432967.219,22.489,1932.206,0.969,Power_Line
5981,1265433145.531,14.435,3764.125,1.0,Low_Frequency_Burst
5982,1265433633.781,24.303,3409.167,0.98,Power_Line
5983,1265433637.219,16.581,36.338,0.946,Low_Frequency_Burst
5984,1265433772.672,10.451,39.744,0.999,Scattered_Light
5985,1265433797.461,8.97,20.195,0.993,Low_Frequency_Burst
5986,1265434215.719,9.974,26.305,0.993,Low_Frequency_Burst
5987,1265434315.563,12.654,3176.615,0.927,Scattered_Light
5988,1265434478.016,7.53,35.147,1.0,Scattered_Light
5989,1265434492.016,14.153,201.363,0.934,Extremely_Loud
5990,1265434774.469,13.748,3618.802,1.0,Scattered_Light
5991,1265434797.945,11.637,386.276,0.999,Whistle
5992,1265435202.688,59.2,3615.396,0.954,Extremely_Loud
5993,1265435341.969,8.47,40.533,1.0,Scattered_Light
5994,1265435368.344,17.469,2533.664,0.931,Low_Frequency_Burst
5995,1265435417.344,10.981,2381.963,1.0,Scattered_Light
5996,1265435501.531,20.554,2672.706,1.0,Scattered_Light
5997,1265435655.672,19.286,3551.692,1.0,Scattered_Light
5998,1265435777.563,10.685,1230.421,0.996,Scattered_Light
5999,1265435842.969,23.56,42.988,0.987,Extremely_Loud
6000,1265435843.031,21.328,1267.535,0.984,Extremely_Loud
6001,1265435921.313,28.568,3881.874,1.0,Extremely_Loud
6002,1265438795.781,15.508,42.988,1.0,Scattered_Light
6003,1265439050.988,2211.502,3557.086,1.0,Extremely_Loud
6004,1265439198.359,11.315,36.602,1.0,Low_Frequency_Burst
6005,1265439199.969,14.35,37.637,1.0,Scattered_Light
6006,1265439252.406,9.604,203.081,1.0,Scattered_Light
6007,1265439258.469,22.618,2810.325,1.0,Scattered_Light
6008,1265439544.656,9.014,2966.227,1.0,Scattered_Light
6009,1265440016.969,7.939,56.571,1.0,Power_Line
6010,1265440117.316,7.578,646.711,0.951,Whistle
6011,1265440209.906,21.825,3409.167,1.0,Scattered_Light
6012,1265440261.828,8.218,2868.629,0.99,Air_Compressor
6013,1265462587.219,13.086,3703.979,0.977,Low_Frequency_Burst
6014,1265462912.883,13.873,411.93,0.998,Whistle
6015,1265462916.594,10.462,35.56,1.0,Scattered_Light
6016,1265463008.438,9.964,3881.874,0.934,Low_Frequency_Lines
6017,1265463034.031,11.609,3985.119,1.0,Scattered_Light
6018,1265463121.219,23.488,2836.932,1.0,Scattered_Light
6019,1265463423.605,11.424,1875.577,0.991,Whistle
6020,1265463634.789,11.08,3997.734,0.999,Whistle
6021,1265463969.594,10.147,3881.874,0.931,Low_Frequency_Burst
6022,1265464124.844,10.298,3309.804,0.945,Scattered_Light
6023,1265464192.648,11.567,441.012,0.945,Whistle
6024,1265464302.719,12.531,3881.874,0.995,Extremely_Loud
6025,1265464345.094,7.648,1267.535,0.999,Low_Frequency_Lines
6026,1265464823.594,16.17,42.988,0.95,Low_Frequency_Lines
6027,1265465739.758,8.029,374.157,0.999,Whistle
6028,1265465825.211,18.185,384.911,1.0,Whistle
6029,1265465883.105,12.623,441.012,0.996,Whistle
6030,1265465925.469,22.859,3983.241,1.0,Scattered_Light
6031,1265465956.141,7.535,46.643,0.992,Air_Compressor
6032,1265465978.719,10.984,203.24,0.997,Scattered_Light
6033,1265466143.938,8.38,262.17,0.982,Low_Frequency_Burst
6034,1265466470.359,13.141,265.147,0.971,Whistle
6035,1265467365.051,7.754,201.12,0.943,Blip
6036,1265467546.656,18.689,3728.798,1.0,Scattered_Light
6037,1265467653.781,11.39,32.829,1.0,Scattered_Light
6038,1265467694.031,11.525,3615.396,0.934,Low_Frequency_Lines
6039,1265497980.344,16.297,30.952,0.996,Low_Frequency_Burst
6040,1265498133.656,8.155,19.406,0.991,Low_Frequency_Lines
6041,1265498715.094,8.843,2327.745,0.948,Low_Frequency_Lines
6042,1265498995.469,14.56,2606.288,0.96,Scattered_Light
6043,1265499101.188,19.09,2823.051,0.945,Low_Frequency_Lines
6044,1265499517.391,21.104,3799.787,0.992,Scattered_Light
6045,1265499643.281,9.515,20.195,0.996,Low_Frequency_Lines
6046,1265499735.906,13.961,2836.932,0.999,Scattered_Light
6047,1265499861.938,13.945,3881.874,0.988,Extremely_Loud
6048,1265499882.531,55.883,2378.556,1.0,Scattered_Light
6049,1265500427.219,25.003,182.481,0.999,Scattered_Light
6050,1265500750.844,7.505,23.057,0.994,Low_Frequency_Burst
6051,1265501423.219,15.398,509.683,0.994,Low_Frequency_Burst
6052,1265501790.271,7.94,68.391,1.0,Blip
6053,1265502363.438,10.409,264.462,1.0,Low_Frequency_Lines
6054,1265503139.66,9.674,112.576,0.9,Tomte
6055,1265503359.469,17.498,3146.814,1.0,Scattered_Light
6056,1265504039.641,22.724,404.027,0.99,Scattered_Light
6057,1265504093.172,15.873,3361.459,0.902,Scattered_Light
6058,1265504244.4,8.023,68.391,1.0,Blip
6059,1265504896.324,2274.279,2439.979,1.0,Extremely_Loud
6060,1265507025.969,26.615,2945.908,1.0,Scattered_Light
6061,1265508159.156,14.839,3249.652,1.0,Scattered_Light
6062,1265508644.719,37.072,42.988,0.995,Scattered_Light
6063,1265508806.781,80.102,1928.011,0.999,Scattered_Light
6064,1265509042.094,8.468,81.132,0.919,Low_Frequency_Lines
6065,1265509598.469,9.282,20.838,0.971,Low_Frequency_Lines
6066,1265510704.672,16.636,3983.241,0.96,Low_Frequency_Burst
6067,1265512004.234,7.592,20.195,0.999,Low_Frequency_Burst
6068,1265512269.156,10.027,2378.556,0.979,Low_Frequency_Lines
6069,1265513075.281,10.721,3464.271,0.972,Low_Frequency_Lines
6070,1265513125.438,8.432,2321.199,0.996,Air_Compressor
6071,1265513384.219,27.376,1928.011,0.996,Scattered_Light
6072,1265514145.813,12.568,2810.325,0.969,Low_Frequency_Lines
6073,1265514579.406,9.314,3146.814,0.984,Low_Frequency_Burst
6074,1265514917.406,21.308,2341.528,0.975,Scattered_Light
6075,1265515475.781,8.29,3030.486,0.988,Low_Frequency_Lines
6076,1265515904.906,8.809,20.195,1.0,Low_Frequency_Burst
6077,1265516147.984,8.603,20.195,1.0,Low_Frequency_Burst
6078,1265516267.906,7.517,3002.964,0.997,Low_Frequency_Lines
6079,1265518031.531,8.28,182.481,0.926,Low_Frequency_Lines
6080,1265518055.531,7.604,18.134,0.966,Low_Frequency_Burst
6081,1265518398.465,1037.554,3427.638,0.993,Extremely_Loud
6082,1265518452.313,17.989,1928.011,0.988,Low_Frequency_Lines
6083,1265519740.156,79.247,3133.541,1.0,Scattered_Light
6084,1265520130.344,8.313,20.195,1.0,Low_Frequency_Burst
6085,1265520177.594,9.77,1267.535,0.947,Low_Frequency_Burst
6086,1265520949.906,7.873,3714.284,0.998,Air_Compressor
6087,1265521771.906,19.555,3582.116,0.921,Low_Frequency_Lines
6088,1265521792.156,7.825,20.195,0.994,Low_Frequency_Lines
6089,1265522341.219,111.424,3813.464,0.971,Low_Frequency_Burst
6090,1265522634.438,19.968,30.952,0.92,Low_Frequency_Lines
6091,1265522721.094,8.719,18.134,0.981,Low_Frequency_Lines
6092,1265523022.188,14.892,1190.115,0.998,Low_Frequency_Lines
6093,1265523293.813,9.66,3464.271,0.958,Low_Frequency_Burst
6094,1265523622.746,25.961,3703.979,0.96,Tomte
6095,1265524656.594,25.697,30.952,0.996,Low_Frequency_Burst
6096,1265524827.438,24.583,266.216,0.986,Low_Frequency_Lines
6097,1265525173.469,8.479,1248.333,0.999,Low_Frequency_Burst
6098,1265525493.531,8.281,20.195,0.998,Low_Frequency_Burst
6099,1265525904.537,579.607,3464.271,0.994,Extremely_Loud
6100,1265527026.156,51.789,36.338,1.0,Scattered_Light
6101,1265527039.094,7.654,3881.874,1.0,Low_Frequency_Lines
6102,1265527914.844,14.288,3409.167,0.97,Low_Frequency_Burst
6103,1265528082.656,7.805,18.134,0.998,Low_Frequency_Lines
6104,1265528592.406,9.562,18.134,0.983,Low_Frequency_Burst
6105,1265529460.969,12.713,23.057,0.996,Low_Frequency_Burst
6106,1265529514.383,8.702,509.601,0.964,Violin_Mode
6107,1265532542.371,345.363,2720.609,0.996,Extremely_Loud
6108,1265533822.422,7.728,20.195,0.985,Low_Frequency_Burst
6109,1265534600.61,14.641,201.12,1.0,Blip
6110,1265534919.08,11.051,203.982,1.0,Blip
6111,1265535071.864,15.653,248.315,0.986,Blip
6112,1265552160.359,22.873,2486.379,0.983,Extremely_Loud
6113,1265552452.031,24.279,1563.095,0.982,Extremely_Loud
6114,1265571389.906,11.009,26.59,0.999,Low_Frequency_Burst
6115,1265571616.406,15.311,3983.241,0.938,Violin_Mode
6116,1265571919.621,26.964,3201.357,0.999,Tomte
6117,1265571930.711,8.556,357.194,0.999,Whistle
6118,1265572002.566,8.845,112.576,0.961,Blip
6119,1265572607.564,7.574,93.497,0.978,Blip
6120,1265572743.498,8.825,78.045,1.0,Blip
6121,1265572884.801,11.294,706.248,0.993,Violin_Mode
6122,1265573976.238,22.476,1315.201,0.998,Tomte
6123,1265574193.383,8.61,489.055,0.975,Violin_Mode
6124,1265574495.715,21.902,262.17,0.99,Tomte
6125,1265574878.691,21.883,2378.556,0.934,Tomte
6126,1265574947.145,22.653,61.335,0.963,Tomte
6127,1265575685.48,8.72,1791.544,0.962,Violin_Mode
6128,1265576036.512,22.075,73.85,0.995,Tomte
6129,1265576776.501,8.896,298.079,0.992,Whistle
6130,1265577215.041,7.715,2745.46,0.993,Blip
6131,1265577273.787,7.627,53.578,0.907,Blip
6132,1265578114.645,9.978,531.883,0.997,Violin_Mode
6133,1265578449.492,7.852,509.601,0.983,Violin_Mode
6134,1265578597.91,8.004,456.367,0.976,Violin_Mode
6135,1265578612.299,10.068,357.194,0.999,Whistle
6136,1265578832.488,7.672,487.549,0.994,Violin_Mode
6137,1265580070.426,8.891,507.255,0.962,Violin_Mode
6138,1265590079.969,10.056,3464.271,0.921,Low_Frequency_Burst
6139,1265590712.738,7.528,2807.814,0.999,Whistle
6140,1265592189.551,18.315,3666.593,1.0,Whistle
6141,1265592258.523,13.53,923.177,0.969,Whistle
6142,1265592478.063,15.944,2964.093,0.962,Low_Frequency_Burst
6143,1265592927.344,7.656,3464.271,0.999,Low_Frequency_Burst
6144,1265594197.844,14.454,2534.013,1.0,Low_Frequency_Burst
6145,1265594442.07,7.654,53.292,0.946,Air_Compressor
6146,1265596550.668,7.856,1070.119,0.911,Blip
6147,1265597143.688,11.002,1658.818,0.984,Low_Frequency_Lines
6148,1265599442.281,12.054,1299.963,0.913,Low_Frequency_Lines
6149,1265599653.844,8.521,1171.735,0.994,Low_Frequency_Lines
6150,1265600122.676,10.68,328.463,1.0,Whistle
6151,1265601409.031,8.063,23.057,0.946,Low_Frequency_Burst
6152,1265603202.324,671.506,3367.249,0.999,Extremely_Loud
6153,1265603606.328,10.12,3764.125,0.998,Low_Frequency_Burst
6154,1265603874.156,11.171,3409.167,0.998,Low_Frequency_Lines
6155,1265604220.813,7.638,18.295,0.998,Low_Frequency_Lines
6156,1265604576.563,10.375,20.838,0.999,Low_Frequency_Lines
6157,1265604901.281,10.476,3503.049,0.983,Air_Compressor
6158,1265606024.313,12.746,2337.938,0.999,Low_Frequency_Lines
6159,1265606069.313,9.283,3590.782,0.99,Low_Frequency_Lines
6160,1265606188.996,8.55,61.502,0.982,Blip
6161,1265606354.844,20.079,3030.486,0.944,Low_Frequency_Burst
6162,1265606910.148,7.828,20.195,0.982,Low_Frequency_Burst
6163,1265607849.844,7.986,1850.077,0.953,Low_Frequency_Lines
6164,1265609461.563,733.61,2081.292,0.999,Extremely_Loud
6165,1265610232.531,20.043,182.86,1.0,Scattered_Light
6166,1265611774.281,8.207,20.838,0.991,Low_Frequency_Lines
6167,1265611818.406,9.952,2964.093,0.988,Low_Frequency_Lines
6168,1265613244.398,8.62,1506.581,1.0,Low_Frequency_Burst
6169,1265613486.625,11.487,27.78,0.958,Scattered_Light
6170,1265614180.594,7.691,257.176,0.998,Low_Frequency_Lines
6171,1265617028.656,8.672,514.652,0.958,Low_Frequency_Burst
6172,1265617747.094,7.506,3582.116,0.996,Low_Frequency_Lines
6173,1265618113.969,14.916,2757.861,1.0,Low_Frequency_Burst
6174,1265618843.781,1031.577,3908.818,1.0,Extremely_Loud
6175,1265618851.125,178.436,2417.106,0.979,Extremely_Loud
6176,1265619247.656,27.106,1946.5,0.972,Extremely_Loud
6177,1265620456.383,8.492,2651.052,1.0,Low_Frequency_Burst
6178,1265623746.344,11.907,40.023,0.962,Low_Frequency_Lines
6179,1265632584.35,14.372,248.315,1.0,Blip
6180,1265632593.196,11.483,211.877,1.0,Blip
6181,1265650845.215,8.8,466.684,0.982,Violin_Mode
6182,1265651010.961,7.941,284.116,0.921,Violin_Mode
6183,1265651137.73,878.03,2819.014,1.0,Extremely_Loud
6184,1265651599.336,8.026,492.911,0.991,Violin_Mode
6185,1265652497.82,8.165,3364.621,0.999,Violin_Mode
6186,1265652551.164,7.723,724.447,0.998,Violin_Mode
6187,1265652740.93,8.233,2589.818,0.985,Violin_Mode
6188,1265655585.262,7.643,2389.146,0.989,Air_Compressor
6189,1265656492.906,8.861,20.195,0.999,Low_Frequency_Burst
6190,1265658086.508,7.606,482.542,0.912,Violin_Mode
6191,1265659636.969,8.895,733.741,0.915,Low_Frequency_Lines
6192,1265659936.094,20.086,3983.241,0.946,Low_Frequency_Burst
6193,1265660061.063,14.018,3361.459,0.992,Low_Frequency_Lines
6194,1265660164.063,7.822,18.295,1.0,Low_Frequency_Lines
6195,1265660448.156,8.455,20.195,1.0,Low_Frequency_Burst
6196,1265660705.832,8.074,1574.881,0.99,Blip
6197,1265661109.938,11.644,3350.311,0.973,Low_Frequency_Lines
6198,1265661295.148,8.229,497.919,0.917,Violin_Mode
6199,1265662570.313,8.223,3582.116,0.974,Low_Frequency_Lines
6200,1265662726.055,7.833,482.542,0.93,Violin_Mode
6201,1265663536.063,9.525,648.643,0.989,Low_Frequency_Lines
6202,1265663900.344,11.831,2836.932,0.99,Low_Frequency_Lines
6203,1265664687.094,15.772,2655.86,0.952,Scattered_Light
6204,1265665504.352,7.659,497.919,0.972,Violin_Mode
6205,1265665532.914,7.501,489.055,0.968,Violin_Mode
6206,1265665703.805,8.686,489.297,0.995,Violin_Mode
6207,1265666415.188,10.777,23.057,1.0,Low_Frequency_Lines
6208,1265666444.305,12.823,425.958,0.998,Whistle
6209,1265666451.063,8.212,3908.818,0.967,Low_Frequency_Lines
6210,1265666608.93,8.594,431.322,0.984,Whistle
6211,1265666694.477,14.838,3554.186,0.983,Whistle
6212,1265666697.711,8.004,458.901,0.955,Violin_Mode
6213,1265666801.258,8.394,2078.527,0.97,Violin_Mode
6214,1265666858.305,7.734,571.123,0.949,Violin_Mode
6215,1265667639.242,8.407,3748.722,0.986,Whistle
6216,1265667783.109,20.433,1506.581,0.999,Extremely_Loud
6217,1265667825.813,13.019,3523.706,0.995,Scattered_Light
6218,1265667933.43,14.919,419.866,0.996,Whistle
6219,1265667982.223,2341.076,3464.271,1.0,Extremely_Loud
6220,1265667983.125,141.703,3192.406,0.945,Extremely_Loud
6221,1265668023.219,7.893,19.406,0.993,Low_Frequency_Lines
6222,1265668027.094,8.467,3146.814,0.995,Low_Frequency_Burst
6223,1265668211.43,15.795,433.282,0.997,Whistle
6224,1265668280.398,8.652,436.172,0.994,Whistle
6225,1265668470.102,13.452,435.708,0.988,Violin_Mode
6226,1265668842.594,15.63,3910.695,1.0,Scattered_Light
6227,1265668912.203,14.339,2378.556,1.0,Scattered_Light
6228,1265668964.367,20.42,366.198,0.999,Whistle
6229,1265669440.355,8.083,53.292,0.952,Blip
6230,1265669459.164,8.986,311.211,0.994,Whistle
6231,1265669537.344,13.798,2920.99,0.969,Scattered_Light
6232,1265669589.008,8.439,3210.502,0.963,Violin_Mode
6233,1265669597.219,7.556,3881.874,0.906,Low_Frequency_Lines
6234,1265669615.555,7.797,411.93,0.905,Violin_Mode
6235,1265669736.898,7.873,447.566,0.957,Violin_Mode
6236,1265670044.727,9.342,4182.015,0.998,Violin_Mode
6237,1265670107.227,12.256,441.592,0.986,Whistle
6238,1265670114.844,23.827,3582.116,1.0,Scattered_Light
6239,1265670212.344,13.144,3703.979,0.998,Scattered_Light
6240,1265670301.094,21.6,229.584,1.0,Scattered_Light
6241,1265670348.742,7.753,499.232,1.0,Violin_Mode
6242,1265699774.438,13.264,2836.932,0.997,Low_Frequency_Lines
6243,1265700289.719,16.737,3206.699,1.0,Scattered_Light
6244,1265701132.469,8.261,3393.298,0.991,Low_Frequency_Burst
6245,1265701291.656,7.502,27.594,0.97,Scattered_Light
6246,1265702877.781,33.285,3945.854,0.999,Scattered_Light
6247,1265703226.375,13.062,3908.818,0.914,Scattered_Light
6248,1265703239.938,12.424,180.529,0.993,Low_Frequency_Lines
6249,1265704293.688,14.399,26.59,0.928,Low_Frequency_Lines
6250,1265705024.438,12.686,3945.854,0.903,Low_Frequency_Lines
6251,1265705296.969,7.701,18.134,0.99,Low_Frequency_Lines
6252,1265705706.531,7.968,3582.116,0.971,Low_Frequency_Lines
6253,1265706649.063,13.145,3367.249,0.92,Low_Frequency_Lines
6254,1265706669.188,13.342,358.475,0.99,Low_Frequency_Lines
6255,1265707036.688,10.149,23.057,0.997,Low_Frequency_Lines
6256,1265707197.906,8.526,23.057,0.939,Low_Frequency_Lines
6257,1265707397.844,9.45,26.59,0.979,Low_Frequency_Burst
6258,1265711314.063,11.118,3006.243,0.995,Low_Frequency_Lines
6259,1265711637.313,16.905,2341.528,0.998,Low_Frequency_Lines
6260,1265711872.688,11.838,1323.846,0.995,Low_Frequency_Lines
6261,1265712027.688,13.323,3813.464,1.0,Low_Frequency_Lines
6262,1265714924.406,7.7,17.148,0.915,Low_Frequency_Lines
6263,1265714957.063,8.438,20.838,0.93,Low_Frequency_Lines
6264,1265715724.369,7.541,118.971,1.0,Blip
6265,1265715743.656,9.883,1644.648,0.987,Low_Frequency_Lines
6266,1265717291.969,12.332,26.59,0.911,Low_Frequency_Lines
6267,1265717997.084,616.44,3983.241,0.941,Extremely_Loud
6268,1265719237.781,8.623,3329.919,0.997,Low_Frequency_Burst
6269,1265719984.727,7.84,20.195,0.98,Low_Frequency_Burst
6270,1265720021.719,14.447,23.057,0.91,Low_Frequency_Burst
6271,1265721162.406,13.641,26.59,0.975,Low_Frequency_Burst
6272,1265722792.063,11.662,23.057,0.998,Low_Frequency_Lines
6273,1265723215.844,29.457,3703.979,0.995,Scattered_Light
6274,1265727270.379,8.05,48.656,0.982,Air_Compressor
6275,1265729719.344,10.055,3489.112,1.0,Scattered_Light
6276,1265732993.137,7.522,47.679,0.953,Air_Compressor
6277,1265733413.588,16.958,136.131,0.988,Blip
6278,1265733724.188,33.877,1874.595,0.994,Scattered_Light
6279,1265734380.531,10.077,2319.412,0.96,Low_Frequency_Lines
6280,1265734860.098,641.26,1936.424,1.0,Extremely_Loud
6281,1265737183.953,9.495,23.057,0.998,Low_Frequency_Burst
6282,1265739394.386,11.303,203.982,1.0,Blip
6283,1265744386.729,16.23,248.315,1.0,Blip
6284,1265749912.93,9.784,443.986,0.961,Whistle
6285,1265754795.938,251.719,2863.791,0.999,Extremely_Loud
6286,1265755281.785,8.411,47.964,0.994,Air_Compressor
6287,1265755459.953,10.837,3993.831,0.945,Air_Compressor
6288,1265756066.508,13.575,476.919,0.983,Whistle
6289,1265757296.127,10.769,73.85,0.988,Tomte
6290,1265766523.188,10.634,47.107,0.995,Air_Compressor
6291,1265767905.353,8.875,146.888,1.0,Blip
6292,1265769627.871,17.211,61.335,0.99,Tomte
6293,1265770047.824,14.539,3582.116,0.985,Tomte
6294,1265770775.352,7.804,447.566,0.957,Whistle
6295,1265771110.508,7.928,453.051,0.988,Whistle
6296,1265772512.508,7.549,971.258,0.967,Violin_Mode
6297,1265773374.582,15.551,63.212,0.991,Tomte
6298,1265773760.09,15.181,382.375,0.988,Tomte
6299,1265774067.863,14.149,3006.243,0.969,Tomte
6300,1265774144.879,16.232,61.335,0.983,Tomte
6301,1265774449.523,8.517,3080.8,0.975,Whistle
6302,1265777827.979,8.272,128.719,1.0,Blip
6303,1265779781.821,17.146,3950.049,0.998,Blip
6304,1265780246.453,7.987,23.057,0.981,Low_Frequency_Burst
6305,1265781581.879,19.566,2651.144,0.994,Tomte
6306,1265782300.629,20.117,61.335,0.993,Tomte
6307,1265782627.742,7.66,502.262,0.968,Violin_Mode
6308,1265782664.973,19.173,489.737,0.975,Tomte
6309,1265783026.582,17.465,51.198,0.949,Tomte
6310,1265783321.801,18.216,3983.241,0.997,Tomte
6311,1265783398.902,19.048,73.85,0.997,Tomte
6312,1265784082.043,16.312,88.25,0.943,Tomte
6313,1265784157.816,17.792,1028.149,0.963,Tomte
6314,1265784544.77,17.794,61.335,0.998,Tomte
6315,1265784618.494,8.86,93.497,0.984,Blip
6316,1265784934.152,18.746,61.335,0.979,Tomte
6317,1265784998.813,7.989,912.009,0.989,Low_Frequency_Lines
6318,1265785260.012,15.264,3409.167,0.996,Tomte
6319,1265785335.324,17.109,1514.733,0.965,Tomte
6320,1265785734.848,17.613,1941.601,0.992,Tomte
6321,1265793835.117,8.494,3888.931,0.961,Air_Compressor
6322,1265794738.746,17.238,61.335,0.99,Tomte
6323,1265795040.707,15.115,3908.818,0.972,Tomte
6324,1265795116.816,17.386,3881.874,0.986,Tomte
6325,1265795269.734,400.799,3799.787,1.0,Extremely_Loud
6326,1265795836.951,17.475,248.315,1.0,Blip
6327,1265796310.941,17.554,3983.241,0.979,Tomte
6328,1265796666.426,17.728,51.198,0.923,Tomte
6329,1265797946.111,18.769,300.189,0.985,Blip
6330,1265798075.531,8.643,52.562,0.998,Air_Compressor
6331,1265800158.594,12.649,3919.408,0.999,Air_Compressor
6332,1265801696.754,18.054,61.335,0.949,Tomte
6333,1265801950.52,13.269,51.198,0.983,Tomte
6334,1265802296.973,16.408,51.198,0.935,Tomte
6335,1265802649.355,16.125,183.687,0.951,Tomte
6336,1265803088.809,15.985,51.198,1.0,Tomte
6337,1265803452.145,16.965,51.198,0.991,Tomte
6338,1265803815.543,12.982,51.198,0.998,Tomte
6339,1265806184.238,7.928,50.045,0.976,Air_Compressor
6340,1265810982.2,12.298,3779.077,1.0,Blip
6341,1265813714.387,8.687,53.578,0.984,Air_Compressor
6342,1265818533.551,8.148,53.292,0.993,Air_Compressor
6343,1265821244.137,7.522,53.578,0.941,Air_Compressor
6344,1265824424.406,7.777,2720.609,0.98,Low_Frequency_Burst
6345,1265830606.313,9.076,20.195,0.995,Low_Frequency_Lines
6346,1265830977.684,21.502,73.85,0.999,Tomte
6347,1265831174.027,399.04,3983.241,1.0,Extremely_Loud
6348,1265831290.063,10.276,3703.979,0.986,Low_Frequency_Lines
6349,1265844236.571,28.777,454.069,0.999,Blip
6350,1265848480.57,8.01,505.981,0.996,Violin_Mode
6351,1265852332.725,1105.891,3983.241,0.995,Extremely_Loud
6352,1265854677.113,7.554,53.292,0.994,Air_Compressor
6353,1265856785.699,10.043,1277.84,0.988,Air_Compressor
6354,1265857181.938,1404.494,3983.241,1.0,Extremely_Loud
6355,1265866908.428,575.858,3983.241,1.0,Extremely_Loud
6356,1265872591.102,8.102,450.395,0.979,Violin_Mode
6357,1265875193.26,7.808,109.64,1.0,Blip
6358,1265875459.762,7.616,47.679,0.996,Air_Compressor
6359,1265877764.176,15.121,61.335,0.957,Tomte
6360,1265878047.998,10.354,138.385,0.998,Blip
6361,1265878193.723,17.741,1267.535,0.994,Tomte
6362,1265878582.879,15.552,61.335,0.961,Tomte
6363,1265879328.051,16.454,2011.746,0.999,Tomte
6364,1265880006.121,13.84,51.198,0.978,Tomte
6365,1265880080.41,16.097,61.335,0.999,Tomte
6366,1265881895.988,14.96,51.198,0.949,Tomte
6367,1265882427.091,10.831,136.131,0.999,Blip
6368,1265882726.363,16.132,2341.528,0.966,Tomte
6369,1265883106.395,17.486,51.198,0.943,Tomte
6370,1265883483.957,16.067,1707.97,1.0,Tomte
6371,1265883861.332,15.783,2964.093,0.932,Tomte
6372,1265884237.504,16.427,61.335,0.953,Tomte
6373,1265884609.238,17.1,51.198,0.973,Tomte
6374,1265885281.434,12.404,3427.638,0.939,Tomte
6375,1265885356.91,16.948,61.335,0.999,Tomte
6376,1265885648.996,16.718,3881.874,0.92,Tomte
6377,1265886390.168,14.051,3881.874,0.986,Tomte
6378,1265886465.52,15.634,73.85,0.997,Tomte
6379,1265887423.586,7.7,488.498,0.973,Violin_Mode
6380,1265887500.02,15.469,51.198,0.979,Tomte
6381,1265887575.965,17.979,3680.246,0.996,Tomte
6382,1265887940.598,17.21,61.335,0.961,Tomte
6383,1265888293.848,15.584,3983.241,0.993,Tomte
6384,1265888555.27,15.934,51.198,0.974,Tomte
6385,1265889305.574,16.867,61.335,0.995,Tomte
6386,1265889564.457,14.537,51.198,0.916,Tomte
6387,1265889642.48,18.345,61.335,0.996,Tomte
6388,1265890334.551,16.749,1101.395,0.973,Tomte
6389,1265890370.693,17.122,2382.752,0.996,Blip
6390,1265890679.918,18.423,853.378,0.986,Tomte
6391,1265890965.09,15.049,2651.052,0.963,Tomte
6392,1265891042.785,16.981,61.335,0.996,Tomte
6393,1265891391.637,17.034,3240.109,0.902,Tomte
6394,1265891423.262,7.667,2091.882,0.991,Air_Compressor
6395,1265891689.426,14.086,1818.598,0.947,Tomte
6396,1265892061.262,16.535,51.198,0.999,Tomte
6397,1265892797.496,15.888,3703.979,0.985,Tomte
6398,1265893236.988,19.156,51.198,0.973,Tomte
6399,1265893346.938,7.992,3659.138,1.0,Low_Frequency_Lines
6400,1265893602.676,19.614,3983.241,0.998,Tomte
6401,1265893683.44,8.925,168.075,1.0,Blip
6402,1265893759.801,7.594,503.838,0.952,Violin_Mode
6403,1265893898.457,17.104,61.335,0.999,Tomte
6404,1265893974.348,16.994,2651.052,0.973,Tomte
6405,1265894331.988,18.824,3361.459,0.987,Tomte
6406,1265894696.254,19.798,1299.963,0.997,Tomte
6407,1265894984.48,16.516,51.198,0.927,Tomte
6408,1265895060.512,17.244,61.335,0.994,Tomte
6409,1265895797.434,17.537,259.779,0.956,Tomte
6410,1265896813.617,7.897,497.019,1.0,Violin_Mode
6411,1265896843.496,14.995,51.198,0.991,Tomte
6412,1265897222.191,16.978,51.198,0.935,Tomte
6413,1265897297.598,18.907,196.925,0.927,Tomte
6414,1265897597.91,13.907,3947.731,0.917,Tomte
6415,1265898425.02,15.28,61.335,0.978,Tomte
6416,1265898722.285,15.575,3799.787,0.949,Tomte
6417,1265898798.051,18.161,3117.293,0.939,Tomte
6418,1265899171.059,17.533,73.85,0.976,Tomte
6419,1265899542.645,15.605,220.266,0.928,Tomte
6420,1265899920.184,18.131,1514.733,0.965,Tomte
6421,1265900299.551,18.834,61.335,0.981,Tomte
6422,1265901372.543,11.806,51.198,0.984,Tomte
6423,1265901447.332,17.164,257.411,0.962,Tomte
6424,1265901830.285,16.399,3799.787,0.997,Tomte
6425,1265902956.066,17.296,2836.932,0.999,Tomte
6426,1265903332.676,19.056,220.259,0.996,Tomte
6427,1265903471.176,7.507,50.045,0.994,Air_Compressor
6428,1265903637.457,14.855,51.198,0.923,Tomte
6429,1265903712.566,17.303,2810.325,0.994,Tomte
6430,1265904402.324,14.989,3983.241,0.934,Tomte
6431,1265904477.012,15.752,51.198,0.98,Tomte
6432,1265904861.16,17.292,51.198,0.981,Tomte
6433,1265905554.449,14.829,61.335,0.977,Tomte
6434,1265905628.723,15.566,61.335,0.998,Tomte
6435,1265905938.754,14.485,3350.311,0.925,Tomte
6436,1265906012.988,18.357,51.198,0.991,Tomte
6437,1265906321.973,14.428,51.198,0.965,Tomte
6438,1265906705.855,12.795,61.335,0.93,Tomte
6439,1265906780.16,15.641,61.335,1.0,Tomte
6440,1265907086.395,14.152,3835.788,0.928,Tomte
6441,1265907160.691,17.29,61.335,1.0,Tomte
6442,1265907543.27,16.497,51.198,0.982,Tomte
6443,1265907911.004,15.981,61.335,0.987,Tomte
6444,1265907989.348,7.631,53.578,0.943,Blip
6445,1265908299.41,18.413,61.335,0.999,Tomte
6446,1265908693.012,19.578,3201.357,0.918,Tomte
6447,1265909882.754,16.893,3582.116,0.989,Tomte
6448,1265910257.059,17.2,3983.241,0.998,Tomte
6449,1265910662.176,16.682,1063.062,0.977,Tomte
6450,1265910977.957,15.884,3881.874,0.995,Tomte
6451,1265911051.043,14.924,51.198,0.984,Tomte
6452,1265911395.043,15.288,51.198,0.965,Tomte
6453,1265911877.363,18.321,73.85,0.999,Tomte
6454,1265913409.766,9.448,47.964,0.997,Air_Compressor
6455,1265913722.719,94.848,3666.195,0.95,Power_Line
6456,1265914883.219,10.906,2826.071,0.948,Air_Compressor
6457,1265917954.822,9.31,104.255,1.0,Blip
6458,1265921827.23,1476.444,583.69,0.979,Extremely_Loud
6459,1265925760.02,7.827,53.292,0.942,Air_Compressor
6460,1265938017.813,340.77,2964.093,0.999,Extremely_Loud
6461,1265947446.285,8.126,53.292,0.998,Air_Compressor
6462,1265948875.371,8.471,55.393,0.963,Blip
6463,1265955518.78,13.879,203.375,1.0,Blip
6464,1265955695.445,8.035,1862.728,0.997,Violin_Mode
6465,1265957084.605,7.601,50.045,0.993,Blip
6466,1265963143.826,13.706,89.302,0.999,Tomte
6467,1265975443.496,15.56,51.198,0.983,Tomte
6468,1265975580.066,13.178,51.198,0.986,Tomte
6469,1265975682.793,16.37,3764.125,0.991,Tomte
6470,1265975815.785,14.284,51.198,0.982,Tomte
6471,1265975922.863,18.454,3615.396,0.981,Tomte
6472,1265976162.746,18.658,2341.528,0.95,Tomte
6473,1265976402.785,18.23,3983.241,0.964,Tomte
6474,1265976773.559,15.264,51.198,0.973,Tomte
6475,1265977121.715,18.203,51.198,0.939,Tomte
6476,1265977252.059,17.338,2655.86,0.962,Tomte
6477,1265977274.199,10.064,51.198,0.918,Tomte
6478,1265977600.246,16.658,1626.035,0.968,Tomte
6479,1265977839.84,19.203,61.335,0.994,Tomte
6480,1265977901.887,7.606,2627.526,0.975,Blip
6481,1265978310.191,16.857,61.335,0.98,Tomte
6482,1265978542.285,18.546,3872.13,0.942,Tomte
6483,1265978630.709,8.425,2827.246,0.999,Blip
6484,1265978787.566,17.009,1644.648,0.996,Tomte
6485,1265978882.986,11.395,112.576,0.998,Blip
6486,1265978932.934,16.384,550.03,0.934,Tomte
6487,1265979028.184,19.426,51.198,0.964,Tomte
6488,1265979099.979,8.02,118.971,1.0,Blip
6489,1265979192.84,15.937,2402.539,0.933,Tomte
6490,1265979245.154,10.027,112.576,0.997,Blip
6491,1265979289.598,18.562,51.198,0.978,Tomte
6492,1265979404.7,16.474,467.351,1.0,Blip
6493,1265979752.824,16.067,61.335,0.997,Tomte
6494,1265979834.645,17.422,661.906,0.995,Tomte
6495,1265990271.816,9.737,441.012,0.925,Violin_Mode
6496,1265990364.691,18.428,1462.128,0.989,Tomte
6497,1265990704.348,15.537,3582.116,0.913,Tomte
6498,1265990783.121,19.197,61.335,0.982,Tomte
6499,1265991498.605,16.217,61.335,0.999,Tomte
6500,1265991644.633,10.604,451.271,0.906,Violin_Mode
6501,1265991795.117,7.545,17.877,0.999,Low_Frequency_Burst
6502,1265991822.477,11.409,1043.629,0.991,Violin_Mode
6503,1265991828.898,9.028,470.591,0.972,Violin_Mode
6504,1265992138.16,14.878,3030.386,0.997,Tomte
6505,1265992578.301,16.781,61.335,0.973,Tomte
6506,1265992776.477,7.558,461.568,0.984,Violin_Mode
6507,1265992912.633,8.28,434.08,0.988,Whistle
6508,1265992976.402,196.673,2341.528,0.999,Extremely_Loud
6509,1265993097.26,9.023,75.727,0.961,Blip
6510,1265993247.559,14.256,3427.638,0.971,Tomte
6511,1265993326.773,9.456,409.48,0.987,Violin_Mode
6512,1265993529.566,8.217,3714.569,0.994,Air_Compressor
6513,1265993533.023,8.31,3023.281,0.91,Violin_Mode
6514,1265993770.539,9.799,419.866,0.999,Whistle
6515,1265994024.582,15.905,248.454,0.993,Tomte
6516,1265994101.09,18.05,51.198,0.962,Tomte
6517,1265994131.754,7.847,267.766,0.978,Air_Compressor
6518,1265994241.352,7.51,461.568,0.993,Violin_Mode
6519,1265994480.074,17.594,61.335,0.982,Tomte
6520,1265995086.605,16.355,295.994,0.958,Tomte
6521,1265995769.512,14.975,228.579,0.99,Tomte
6522,1265995847.777,18.012,61.335,0.992,Tomte
6523,1265996020.023,11.469,339.804,0.901,Violin_Mode
6524,1265996144.867,11.547,451.271,0.966,Violin_Mode
6525,1265996206.445,16.182,519.093,0.995,Whistle
6526,1265996461.336,8.903,441.592,0.971,Whistle
6527,1265996476.523,9.697,411.93,1.0,Whistle
6528,1265997096.66,15.671,51.198,0.934,Tomte
6529,1265997176.605,18.425,61.335,0.987,Tomte
6530,1265997600.961,10.069,337.562,0.999,Whistle
6531,1265997937.633,13.712,393.743,0.995,Whistle
6532,1265997975.82,7.611,471.705,0.983,Violin_Mode
6533,1265998071.59,14.709,188.877,0.912,Tomte
6534,1265998437.32,10.187,445.387,0.988,Violin_Mode
6535,1265998587.633,8.852,461.568,0.953,Violin_Mode
6536,1265998736.148,23.744,695.049,0.993,Whistle
6537,1265998832.473,19.899,61.335,0.982,Tomte
6538,1265999480.918,15.663,61.335,0.943,Tomte
6539,1265999557.809,19.326,597.349,0.995,Tomte
6540,1265999645.273,11.57,445.387,0.976,Whistle
6541,1265999770.242,11.724,472.567,0.982,Whistle
6542,1265999912.996,18.185,757.02,0.991,Tomte
6543,1266000187.543,14.152,61.335,0.985,Tomte
6544,1266000265.191,15.8,61.335,1.0,Tomte
6545,1266000316.839,13.848,248.315,1.0,Blip
6546,1266000393.727,30.533,928.169,0.935,Whistle
6547,1266000630.754,17.592,974.707,0.948,Tomte
6548,1266000744.416,7.839,58.255,0.998,Blip
6549,1266000857.07,9.964,445.387,0.99,Violin_Mode
6550,1266000944.066,17.278,51.198,0.969,Tomte
6551,1266001264.836,13.042,364.649,0.999,Whistle
6552,1266001474.102,13.88,441.012,0.991,Whistle
6553,1266001557.914,18.313,592.031,0.972,Whistle
6554,1266001614.262,19.396,61.335,0.986,Tomte
6555,1266001656.398,13.265,476.919,0.95,Violin_Mode
6556,1266001817.539,18.393,592.031,0.973,Whistle
6557,1266001824.691,16.323,51.198,0.9,Tomte
6558,1266001903.176,17.161,61.335,0.997,Tomte
6559,1266002000.289,14.494,1444.982,0.992,Whistle
6560,1266002173.895,15.97,61.335,0.992,Tomte
6561,1266002562.074,18.078,51.198,0.99,Tomte
6562,1266002698.914,7.508,468.392,0.981,Violin_Mode
6563,1266002778.613,15.233,2834.458,0.983,Tomte
6564,1266002808.367,10.317,468.729,0.915,Violin_Mode
6565,1266002815.711,8.596,472.45,0.968,Violin_Mode
6566,1266002815.945,11.696,476.919,0.929,Violin_Mode
6567,1266002817.258,9.661,456.778,0.992,Violin_Mode
6568,1266003006.795,7.99,80.907,1.0,Blip
6569,1266003172.68,8.06,472.45,0.927,Violin_Mode
6570,1266003205.855,19.591,61.335,0.96,Tomte
6571,1266003431.176,16.591,61.335,0.982,Tomte
6572,1266003449.805,11.623,441.012,1.0,Whistle
6573,1266003556.352,8.308,465.839,0.991,Violin_Mode
6574,1266003653.523,10.294,459.049,0.961,Violin_Mode
6575,1266003858.723,15.505,51.198,0.996,Tomte
6576,1266004058.727,10.731,476.919,0.999,Whistle
6577,1266004080.254,15.855,1028.149,0.975,Tomte
6578,1266004157.152,17.846,1027.87,0.971,Tomte
6579,1266004362.445,9.528,456.778,0.999,Violin_Mode
6580,1266004378.949,14.687,51.198,0.999,Tomte
6581,1266004455.883,8.816,3843.153,0.977,Whistle
6582,1266004458.23,18.89,1267.535,0.996,Tomte
6583,1266004505.867,12.489,451.271,0.953,Violin_Mode
6584,1266004705.004,14.506,51.198,0.987,Tomte
6585,1266004983.102,9.556,461.078,0.997,Whistle
6586,1266005115.148,8.687,1848.915,0.933,Violin_Mode
6587,1266005218.914,18.126,476.919,0.977,Violin_Mode
6588,1266005402.254,14.687,51.198,0.932,Tomte
6589,1266005478.559,17.322,61.335,0.998,Tomte
6590,1266005558.102,9.309,477.576,0.966,Violin_Mode
6591,1266005597.52,14.459,2834.458,1.0,Tomte
6592,1266005789.699,17.156,61.335,0.937,Tomte
6593,1266005864.461,13.028,476.919,0.938,Violin_Mode
6594,1266006225.82,8.894,393.811,0.994,Whistle
6595,1266006436.887,19.29,73.85,0.999,Tomte
6596,1266006485.117,8.265,476.919,0.976,Whistle
6597,1266006546.507,8.041,2389.146,1.0,Blip
6598,1266006562.027,8.145,387.04,0.989,Whistle
6599,1266006938.18,10.6,477.576,0.993,Violin_Mode
6600,1266007305.211,9.958,2094.264,0.903,Whistle
6601,1266007360.617,20.178,441.012,0.998,Whistle
6602,1266007498.824,16.77,51.198,0.946,Tomte
6603,1266007696.758,11.19,497.019,0.942,Violin_Mode
6604,1266007707.055,14.017,508.592,0.998,Whistle
6605,1266007820.449,18.475,51.198,0.905,Tomte
6606,1266007882.07,12.853,438.132,0.999,Whistle
6607,1266007898.102,8.095,405.866,0.937,Violin_Mode
6608,1266008125.555,27.62,3987.51,0.949,Whistle
6609,1266008191.633,16.769,508.592,0.965,Violin_Mode
6610,1266008498.395,17.222,1359.772,1.0,Tomte
6611,1266008526.461,11.949,1021.2,0.918,Violin_Mode
6612,1266008562.268,12.214,452.491,0.999,Whistle
6613,1266008718.77,15.416,3385.128,1.0,Whistle
6614,1266008783.684,14.055,51.198,0.994,Tomte
6615,1266008858.426,15.111,51.198,0.921,Tomte
6616,1266008862.836,8.929,477.576,0.93,Violin_Mode
6617,1266009124.398,18.934,508.592,0.992,Whistle
6618,1266009152.07,7.929,470.591,0.97,Violin_Mode
6619,1266009189.117,9.142,465.625,0.908,Violin_Mode
6620,1266009212.605,17.444,2630.957,0.997,Tomte
6621,1266009434.055,10.947,462.854,0.998,Whistle
6622,1266009503.008,7.603,471.705,0.975,Violin_Mode
6623,1266009505.418,8.323,461.819,0.996,Whistle
6624,1266009549.477,22.75,508.592,0.985,Whistle
6625,1266009840.805,24.959,592.031,0.979,Whistle
6626,1266009932.711,12.777,2107.686,0.999,Whistle
6627,1266009982.211,13.858,2831.977,0.957,Violin_Mode
6628,1266010258.93,8.109,473.164,0.972,Violin_Mode
6629,1266010305.512,12.407,3512.267,0.984,Whistle
6630,1266010310.992,8.088,478.928,0.965,Violin_Mode
6631,1266010584.648,7.615,468.729,0.993,Whistle
6632,1266011101.307,27.704,562.948,0.999,Whistle
6633,1266011103.102,9.576,468.729,0.932,Violin_Mode
6634,1266011219.117,15.716,441.012,0.974,Violin_Mode
6635,1266011282.852,7.962,3622.281,0.963,Violin_Mode
6636,1266011441.211,10.134,482.542,0.998,Violin_Mode
6637,1266012208.977,8.217,433.437,0.911,Violin_Mode
6638,1266012422.971,10.631,3474.938,1.0,Whistle
6639,1266013224.914,15.375,2382.841,0.998,Violin_Mode
6640,1266013858.602,9.939,2658.059,0.967,Violin_Mode
6641,1266014061.117,9.34,1052.34,0.976,Violin_Mode
6642,1266014610.758,9.109,465.625,0.944,Violin_Mode
6643,1266014656.883,8.689,427.105,0.94,Whistle
6644,1266014690.305,10.612,441.012,0.998,Whistle
6645,1266014746.305,7.945,3936.873,0.936,Whistle
6646,1266014895.602,7.516,472.45,0.916,Violin_Mode
6647,1266014902.711,14.842,476.919,0.959,Violin_Mode
6648,1266017043.289,10.38,441.012,1.0,Whistle
6649,1266017232.637,154.369,3881.874,0.998,Extremely_Loud
6650,1266017265.227,7.876,423.048,0.947,Violin_Mode
6651,1266017487.789,11.403,557.326,0.958,Violin_Mode
6652,1266017817.957,8.351,4053.055,0.999,Whistle
6653,1266018231.523,9.71,456.778,0.968,Violin_Mode
6654,1266018266.398,8.635,427.95,0.934,Violin_Mode
6655,1266018304.211,11.576,544.5,0.994,Whistle
6656,1266018576.055,7.629,472.45,0.996,Violin_Mode
6657,1266018857.539,19.462,476.919,0.999,Whistle
6658,1266019510.398,8.594,445.387,0.91,Whistle
6659,1266019595.055,12.309,476.919,0.982,Whistle
6660,1266019957.898,8.187,463.016,0.902,Violin_Mode
6661,1266020256.992,11.956,508.592,0.935,Violin_Mode
6662,1266020525.961,7.89,468.392,0.983,Violin_Mode
6663,1266020884.68,9.753,4056.341,0.998,Violin_Mode
6664,1266020932.096,7.752,2543.24,0.998,Whistle
6665,1266020996.758,11.005,661.205,1.0,Whistle
6666,1266021005.133,9.066,2895.203,0.978,Whistle
6667,1266021964.758,10.395,498.872,0.921,Violin_Mode
6668,1266022051.07,21.477,508.592,0.986,Whistle
6669,1266022161.836,9.329,1574.797,0.996,Violin_Mode
6670,1266022483.727,8.629,253.049,0.933,Violin_Mode
6671,1266022516.82,11.327,2292.553,0.993,Whistle
6672,1266022648.68,8.978,460.352,0.998,Whistle
6673,1266022794.461,8.533,399.801,0.995,Whistle
6674,1266022874.508,9.304,531.395,0.947,Whistle
6675,1266023163.102,8.458,482.542,0.986,Violin_Mode
6676,1266023767.477,15.966,508.592,0.999,Whistle
6677,1266023838.211,9.624,399.801,0.991,Whistle
6678,1266024240.148,8.505,422.183,0.986,Violin_Mode
6679,1266024504.117,8.559,441.012,0.954,Whistle
6680,1266024819.445,8.174,3410.958,0.952,Violin_Mode
6681,1266025316.18,13.304,1825.573,0.991,Violin_Mode
6682,1266025514.117,8.547,472.45,0.9,Violin_Mode
6683,1266025761.383,13.451,3050.473,0.919,Whistle
6684,1266026091.492,9.49,465.625,1.0,Violin_Mode
6685,1266026384.164,7.936,465.625,0.959,Violin_Mode
6686,1266026601.211,9.844,455.376,0.981,Violin_Mode
6687,1266026771.406,10.355,3350.311,0.998,Low_Frequency_Lines
6688,1266027276.867,9.439,723.299,0.955,Violin_Mode
6689,1266027337.617,8.661,431.322,0.989,Whistle
6690,1266027627.367,10.27,267.487,0.965,Violin_Mode
6691,1266027741.688,10.785,406.738,0.985,Low_Frequency_Lines
6692,1266027765.398,14.128,508.592,1.0,Whistle
6693,1266027797.273,9.22,470.591,0.936,Violin_Mode
6694,1266027898.086,9.839,500.261,0.94,Violin_Mode
6695,1266028342.93,11.368,507.431,0.985,Whistle
6696,1266028401.867,8.29,465.625,0.93,Violin_Mode
6697,1266028543.117,8.09,2847.542,0.953,Violin_Mode
6698,1266028580.398,8.873,453.579,0.998,Violin_Mode
6699,1266028628.992,10.939,2714.938,0.979,Whistle
6700,1266029534.68,7.677,473.164,1.0,Violin_Mode
6701,1266029541.217,9.757,112.576,0.988,Blip
6702,1266029930.867,11.366,2877.017,0.962,Whistle
6703,1266030045.961,10.222,468.729,0.951,Violin_Mode
6704,1266030128.719,15.877,252.776,0.999,Scattered_Light
6705,1266030635.055,9.23,3391.18,0.909,Whistle
6706,1266031022.906,9.742,2625.649,0.999,Low_Frequency_Lines
6707,1266031072.543,8.02,465.89,0.985,Violin_Mode
6708,1266031196.18,14.794,476.919,0.993,Violin_Mode
6709,1266031279.477,15.017,4099.177,0.973,Violin_Mode
6710,1266031612.32,13.743,2979.477,0.965,Whistle
6711,1266031810.648,11.272,468.729,0.969,Violin_Mode
6712,1266032606.273,14.292,441.012,0.911,Whistle
6713,1266032617.197,5726.736,3881.874,1.0,Extremely_Loud
6714,1266032801.313,34.188,3881.874,1.0,Scattered_Light
6715,1266032933.914,8.244,2545.794,0.983,Violin_Mode
6716,1266032965.008,18.316,508.592,1.0,Whistle
6717,1266032979.836,12.151,476.919,0.984,Violin_Mode
6718,1266033012.07,10.556,482.803,0.978,Violin_Mode
6719,1266033112.242,14.072,1936.424,0.934,Violin_Mode
6720,1266033752.969,18.065,3551.692,1.0,Scattered_Light
6721,1266033915.777,9.425,500.261,0.995,Violin_Mode
6722,1266034588.852,10.382,455.759,0.948,Violin_Mode
6723,1266034777.211,9.772,441.012,0.991,Whistle
6724,1266034779.43,21.879,1474.067,0.995,Whistle
6725,1266034808.367,10.555,476.919,0.912,Violin_Mode
6726,1266034835.086,14.69,476.919,0.945,Violin_Mode
6727,1266034982.57,12.308,295.994,0.931,Violin_Mode
6728,1266035018.148,8.295,423.21,0.913,Violin_Mode
6729,1266035023.477,9.567,470.591,0.99,Violin_Mode
6730,1266035291.461,9.311,476.919,0.995,Whistle
6731,1266035504.594,9.255,3030.486,1.0,Low_Frequency_Burst
6732,1266035836.508,9.597,477.576,0.933,Violin_Mode
6733,1266036458.539,8.266,473.164,0.945,Violin_Mode
6734,1266036517.445,7.704,3583.508,0.939,Violin_Mode
6735,1266036600.695,7.533,46.928,1.0,Air_Compressor
6736,1266036622.086,19.802,3703.979,0.977,Whistle
6737,1266037016.586,9.595,441.592,0.974,Violin_Mode
6738,1266037159.93,12.42,1282.321,0.996,Violin_Mode
6739,1266044060.656,13.798,853.378,0.963,Low_Frequency_Burst
6740,1266064756.168,19.387,260.848,0.998,Tomte
6741,1266065010.293,20.284,61.335,0.997,Tomte
6742,1266065098.996,20.662,3680.246,0.985,Tomte
6743,1266065129.073,9.56,142.526,1.0,Blip
6744,1266065350.566,17.488,51.198,0.976,Tomte
6745,1266065439.027,21.758,3908.818,0.999,Tomte
6746,1266065766.16,24.08,3489.112,0.987,Tomte
6747,1266066419.262,8.183,53.578,0.984,Air_Compressor
6748,1266066605.113,20.309,207.297,0.991,Tomte
6749,1266066700.902,22.149,1467.985,0.977,Tomte
6750,1266067001.004,25.199,61.335,0.958,Tomte
6751,1266067024.152,7.514,375.643,0.998,Whistle
6752,1266067298.918,21.173,3464.271,0.929,Tomte
6753,1266067518.684,18.652,61.335,0.951,Tomte
6754,1266067611.988,22.533,1248.333,0.994,Tomte
6755,1266067907.559,21.42,3945.854,0.997,Tomte
6756,1266068159.387,22.482,73.85,0.926,Tomte
6757,1266068478.133,9.867,331.123,0.999,Whistle
6758,1266068482.434,21.252,255.065,0.996,Tomte
6759,1266068699.051,19.023,1606.482,0.996,Tomte
6760,1266068789.59,22.972,3703.979,0.993,Tomte
6761,1266069112.418,21.227,3983.241,0.994,Tomte
6762,1266076072.668,20.736,3409.167,0.973,Tomte
6763,1266077465.418,19.308,61.335,0.991,Tomte
6764,1266077548.52,17.058,51.198,0.957,Tomte
6765,1266077864.168,23.256,1626.035,0.993,Tomte
6766,1266078263.895,23.246,3201.357,0.908,Tomte
6767,1266078379.015,8.283,123.333,1.0,Blip
6768,1266078700.918,21.453,2731.998,0.987,Tomte
6769,1266078782.793,17.293,51.198,0.961,Tomte
6770,1266078826.014,9.933,261.656,0.979,Tomte
6771,1266080575.777,8.31,53.578,0.961,Air_Compressor
6772,1266080680.793,22.118,73.85,0.989,Tomte
6773,1266081470.371,21.587,3881.874,0.941,Tomte
6774,1266081595.438,7.757,3137.32,0.996,Low_Frequency_Lines
6775,1266081799.617,8.426,364.25,0.99,Whistle
6776,1266081861.855,22.803,857.679,0.989,Tomte
6777,1266081943.473,16.171,61.335,0.97,Tomte
6778,1266082201.974,24.033,370.631,0.999,Blip
6779,1266082248.902,20.831,61.335,0.995,Tomte
6780,1266082613.73,18.518,1034.589,0.935,Tomte
6781,1266082815.555,15.749,383.199,1.0,Whistle
6782,1266083504.961,11.926,411.93,1.0,Whistle
6783,1266083566.305,10.556,386.276,0.998,Whistle
6784,1266083693.418,20.004,61.335,0.99,Tomte
6785,1266084133.785,18.35,361.802,0.932,Tomte
6786,1266084406.863,20.593,1771.708,0.992,Tomte
6787,1266084761.246,19.782,61.335,0.976,Tomte
6788,1266084843.895,16.253,51.198,0.928,Tomte
6789,1266085114.535,17.8,3006.243,0.998,Tomte
6790,1266085818.426,18.677,61.335,0.993,Tomte
6791,1266086168.652,16.416,61.335,0.982,Tomte
6792,1266086251.105,15.434,3983.241,0.934,Tomte
6793,1266086518.715,17.916,1983.485,0.999,Tomte
6794,1266086867.551,19.536,3703.979,0.978,Tomte
6795,1266087907.73,16.289,3983.241,0.991,Tomte
6796,1266087945.051,8.201,3705.856,0.943,Blip
6797,1266088596.426,16.473,563.537,0.999,Tomte
6798,1266089281.637,16.415,3983.241,1.0,Tomte
6799,1266089621.785,15.413,61.335,0.991,Tomte
6800,1266089703.637,14.249,3703.979,0.939,Tomte
6801,1266089960.316,17.525,3983.241,0.999,Tomte
6802,1266090296.793,18.457,264.462,0.983,Tomte
6803,1266090378.332,14.561,51.198,0.954,Tomte
6804,1266090965.012,14.647,61.335,0.995,Tomte
6805,1266091297.465,17.054,3427.638,0.945,Tomte
6806,1266092669.738,15.683,3267.727,0.998,Tomte
6807,1266092932.049,9.369,65.53,0.999,Blip
6808,1266093075.801,14.679,2159.763,0.995,Tomte
6809,1266093307.651,10.143,211.877,1.0,Blip
6810,1266095243.716,8.444,99.892,0.999,Blip
6811,1266095938.816,11.628,51.198,0.995,Tomte
6812,1266096171.152,11.782,51.198,0.989,Tomte
6813,1266097287.734,18.716,2991.081,1.0,Blip
6814,1266099051.855,13.058,51.198,0.988,Tomte
6815,1266099699.732,10.255,3985.119,0.953,Blip
6816,1266099956.746,15.808,2378.556,0.982,Tomte
6817,1266100163.402,8.422,3910.695,0.923,Tomte
6818,1266100595.768,18.684,89.302,0.997,Tomte
6819,1266101710.48,10.652,3983.241,0.96,Tomte
6820,1266102571.738,12.183,51.198,0.947,Tomte
6821,1266105962.166,10.211,3987.436,1.0,Blip
6822,1266106514.684,9.684,51.198,0.96,Tomte
6823,1266109189.387,7.716,53.292,0.965,Air_Compressor
6824,1266109457.496,728.292,3983.241,1.0,Extremely_Loud
6825,1266113473.414,124.759,3813.464,1.0,Extremely_Loud
6826,1266113693.996,9.207,53.075,0.959,Tomte
6827,1266117489.48,10.459,3249.652,0.992,Tomte
6828,1266117653.371,8.122,4128.26,0.971,Whistle
6829,1266118398.309,11.324,51.198,0.99,Tomte
6830,1266121408.813,427.43,3983.241,1.0,Extremely_Loud
6831,1266125561.86,9.424,3956.444,1.0,Blip
6832,1266128422.965,14.652,131.936,0.991,Tomte
6833,1266130058.188,144.16,3983.241,0.974,Extremely_Loud
6834,1266130160.043,8.973,63.212,0.974,Tomte
6835,1266130875.84,7.605,47.964,0.928,Air_Compressor
6836,1266133586.426,7.981,53.292,0.94,Air_Compressor
6837,1266134818.285,1873.128,3457.886,1.0,Extremely_Loud
6838,1266136840.051,11.354,53.075,0.986,Tomte
6839,1266137399.541,20.195,2351.647,0.992,Blip
6840,1266138706.992,8.745,3597.839,0.993,Air_Compressor
6841,1266141417.777,8.984,3687.303,0.981,Blip
6842,1266142864.215,11.535,51.198,0.999,Tomte
6843,1266144528.285,12.896,51.198,0.99,Tomte
6844,1266144877.844,8.467,45.482,0.994,Air_Compressor
6845,1266146839.145,8.466,3278.317,0.929,Air_Compressor
6846,1266147767.066,11.296,61.335,0.998,Tomte
6847,1266148246.754,7348.151,3945.854,1.0,Extremely_Loud
6848,1266150574.645,826.808,3457.886,1.0,Extremely_Loud
6849,1266151787.926,13.75,3006.243,0.999,Tomte
6850,1266151840.578,10.59,1727.934,0.996,Air_Compressor
6851,1266152057.644,19.557,3708.174,1.0,Blip
6852,1266152357.113,11.406,51.198,0.961,Tomte
6853,1266152593.059,11.434,51.198,0.998,Tomte
6854,1266154221.902,12.775,1563.095,0.993,Tomte
6855,1266155047.871,13.214,61.335,1.0,Tomte
6856,1266155564.156,28.37,3746.261,0.977,Extremely_Loud
6857,1266156729.598,14.735,51.198,0.988,Tomte
6858,1266157593.707,14.922,51.198,0.95,Tomte
6859,1266177281.582,13.473,51.198,0.981,Tomte
6860,1266178977.48,407.384,550.03,1.0,Extremely_Loud
6861,1266180068.832,12.092,51.198,0.992,Tomte
6862,1266181329.801,15.398,61.335,0.999,Tomte
6863,1266182320.473,15.863,909.672,0.956,Tomte
6864,1266183990.582,16.041,1028.149,0.995,Tomte
6865,1266185091.48,8.301,61.788,0.976,Blip
6866,1266185159.293,15.385,489.737,0.973,Tomte
6867,1266186079.246,16.668,1644.648,0.996,Tomte
6868,1266186981.23,15.129,61.335,0.91,Tomte
6869,1266187618.919,7.708,88.802,0.998,Blip
6870,1266188404.457,7.807,3704.108,0.976,Air_Compressor
6871,1266188765.316,15.01,61.335,0.989,Tomte
6872,1266189654.566,15.302,61.335,1.0,Tomte
6873,1266190105.445,17.917,411.93,0.999,Whistle
6874,1266190519.895,17.525,3201.357,0.999,Tomte
6875,1266193902.613,13.98,51.198,0.993,Tomte
6876,1266194879.77,2522.615,3464.271,1.0,Extremely_Loud
6877,1266195339.395,11.479,61.335,0.992,Tomte
6878,1266195565.895,14.565,51.198,0.992,Tomte
6879,1266196162.285,10.591,3008.12,0.998,Tomte
6880,1266196386.918,12.004,61.335,0.997,Tomte
6881,1266196759.742,20.214,411.93,1.0,Whistle
6882,1266198836.777,13.802,51.198,0.985,Tomte
6883,1266204074.77,270.997,3590.782,0.99,Extremely_Loud
6884,1266204359.441,10.003,42.988,0.929,Tomte
6885,1266204577.988,12.832,51.198,1.0,Tomte
6886,1266212644.532,24.512,3883.751,0.921,Blip
6887,1266213473.082,8.637,1488.125,0.921,Tomte
6888,1266215206.412,8.036,3817.659,0.996,Blip
6889,1266220368.729,7.753,231.456,1.0,Blip
6890,1266221279.41,13.28,51.198,0.919,Tomte
6891,1266235095.965,16.877,51.198,0.981,Tomte
6892,1266235433.777,15.493,1714.874,0.959,Tomte
6893,1266235515.238,15.304,51.198,0.994,Tomte
6894,1266235853.473,13.743,51.198,0.975,Tomte
6895,1266235990.387,10.686,3032.363,0.948,Tomte
6896,1266246293.094,32.635,2634.428,0.932,Extremely_Loud
6897,1266246729.324,17.134,51.198,0.961,Tomte
6898,1266246998.191,20.513,3582.116,0.999,Tomte
6899,1266247081.848,16.496,51.198,0.903,Tomte
6900,1266247350.387,19.638,61.335,0.949,Tomte
6901,1266247434.074,19.155,51.198,0.909,Tomte
6902,1266247702.418,20.493,61.335,0.994,Tomte
6903,1266247786.23,16.003,1928.011,0.925,Tomte
6904,1266248055.559,20.771,61.335,0.951,Tomte
6905,1266248764.137,18.806,912.972,0.976,Tomte
6906,1266249448.607,8.096,112.576,0.999,Blip
6907,1266249555.426,19.386,3582.116,0.924,Tomte
6908,1266249824.707,21.204,61.335,0.964,Tomte
6909,1266250004.313,11.933,47.349,0.932,Air_Compressor
6910,1266250178.184,22.563,51.198,0.949,Tomte
6911,1266250884.543,20.331,61.335,0.999,Tomte
6912,1266251291.361,11.636,91.18,0.948,Blip
6913,1266251675.168,18.658,51.198,0.984,Tomte
6914,1266252298.871,20.294,61.335,0.983,Tomte
6915,1266252647.928,8.272,118.971,1.0,Blip
6916,1266253357.105,22.146,2378.556,0.955,Tomte
6917,1266253793.668,19.797,61.335,0.978,Tomte
6918,1266254766.863,20.164,2195.579,0.948,Tomte
6919,1266254850.426,18.675,51.198,0.977,Tomte
6920,1266254969.205,9.145,58.255,0.999,Blip
6921,1266255119.379,21.333,73.85,0.999,Tomte
6922,1266255471.293,20.343,1063.062,0.964,Tomte
6923,1266255554.84,19.066,1488.125,0.914,Tomte
6924,1266256174.699,21.621,61.335,0.98,Tomte
6925,1266256447.383,18.469,3993.295,1.0,Whistle
6926,1266256877.527,23.013,61.335,0.997,Tomte
6927,1266256961.152,21.067,61.335,0.954,Tomte
6928,1266257228.832,22.137,61.335,0.965,Tomte
6929,1266257350.758,11.666,2015.216,1.0,Whistle
6930,1266266467.648,18.052,1085.586,0.999,Whistle
6931,1266266523.402,23.22,2823.051,0.989,Tomte
6932,1266266659.961,26.797,592.031,0.993,Whistle
6933,1266266976.559,22.319,61.335,0.944,Tomte
6934,1266280413.246,25.162,83.114,0.942,Tomte
6935,1266286283.801,24.607,677.222,0.923,Tomte
6936,1266286400.004,22.431,196.925,0.9,Tomte
6937,1266287072.887,24.04,61.335,0.994,Tomte
6938,1266287156.697,8.187,3990.298,1.0,Blip
6939,1266287564.816,405.071,3813.464,1.0,Extremely_Loud
6940,1266289168.801,24.254,61.335,0.959,Tomte
6941,1266289733.211,8.313,386.276,0.997,Whistle
6942,1266289843.738,27.639,73.85,0.982,Tomte
6943,1266289958.363,25.698,3872.13,0.913,Tomte
6944,1266290236.902,26.251,61.335,0.973,Tomte
6945,1266290376.914,521.791,1892.317,1.0,Extremely_Loud
6946,1266290629.941,23.736,3983.241,0.982,Tomte
6947,1266291021.965,26.664,73.85,0.973,Tomte
6948,1266291136.887,26.641,3240.109,0.92,Tomte
6949,1266291413.863,25.173,3881.874,0.907,Tomte
6950,1266291528.605,23.827,2337.938,0.945,Tomte
6951,1266292586.215,26.692,61.335,0.948,Tomte
6952,1266293091.824,26.065,447.013,0.956,Tomte
6953,1266293757.129,25.621,3983.241,0.992,Tomte
6954,1266294258.861,18.78,73.85,1.0,Tomte
6955,1266294535.402,24.555,3881.874,0.982,Tomte
6956,1266294923.566,24.63,3983.241,0.989,Tomte
6957,1266295312.699,25.731,3983.241,0.982,Tomte
6958,1266295700.879,24.95,73.85,0.979,Tomte
6959,1266295969.947,13.251,138.993,1.0,Blip
6960,1266296046.602,8.033,1928.721,0.974,Violin_Mode
6961,1266296087.41,24.403,922.902,0.914,Tomte
6962,1266296233.527,7.751,53.292,0.997,Air_Compressor
6963,1266296474.301,24.596,3464.271,0.957,Tomte
6964,1266296970.207,24.242,2179.265,0.924,Tomte
6965,1266297242.223,25.147,61.335,0.991,Tomte
6966,1266297394.186,8.08,3990.298,0.995,Blip
6967,1266297734.855,23.81,61.335,0.986,Tomte
6968,1266297942.715,8.244,3201.357,0.996,Tomte
6969,1266298005.871,24.791,1606.482,0.994,Tomte
6970,1266298767.199,25.825,3590.782,0.999,Tomte
6971,1266300381.363,22.397,3983.241,0.985,Tomte
6972,1266300650.41,24.574,61.335,0.988,Tomte
6973,1266301028.113,24.254,3983.241,0.934,Tomte
6974,1266301135.793,24.151,61.335,0.995,Tomte
6975,1266301403.551,23.723,3983.241,0.968,Tomte
6976,1266301511.199,25.541,3582.116,0.991,Tomte
6977,1266301778.277,25.161,3983.241,0.997,Tomte
6978,1266302326.084,8.132,2537.858,0.987,Blip
6979,1266302493.682,7.892,3990.298,0.999,Blip
6980,1266302526.621,25.429,3813.464,0.963,Tomte
6981,1266302545.682,10.023,3990.298,1.0,Blip
6982,1266302899.512,25.23,73.85,0.992,Tomte
6983,1266303271.957,26.531,3983.241,0.952,Tomte
6984,1266305693.23,22.025,3006.243,0.981,Tomte
6985,1266307328.777,23.24,3813.464,0.992,Tomte
6986,1266307595.574,22.091,3983.241,0.939,Tomte
6987,1266309223.559,22.119,3983.241,0.998,Tomte
6988,1266310829.027,21.802,3983.241,0.999,Tomte
6989,1266311095.215,23.267,61.335,0.998,Tomte
6990,1266311463.824,25.455,1034.589,0.979,Tomte
6991,1266311831.246,25.825,61.335,0.932,Tomte
6992,1266312299.48,21.544,3983.241,0.994,Tomte
6993,1266312563.332,25.743,61.335,0.972,Tomte
6994,1266312615.326,19.403,198.803,0.986,Blip
6995,1266312928.059,26.017,61.335,0.984,Tomte
6996,1266313029.402,23.988,3983.241,0.976,Tomte
6997,1266313293.285,26.622,2378.556,0.974,Tomte
6998,1266314021.746,27.135,73.85,0.97,Tomte
6999,1266314253.691,8.549,3986.806,0.961,Whistle
7000,1266314386.004,26.214,2823.051,0.967,Tomte
7001,1266314749.348,29.269,3983.241,0.923,Tomte
7002,1266315112.582,28.033,73.85,0.983,Tomte
7003,1266315474.309,26.115,2920.99,0.93,Tomte
7004,1266315579.529,8.502,3817.659,0.976,Blip
7005,1266315835.895,24.798,3457.886,0.985,Tomte
7006,1266316196.934,26.534,73.85,0.998,Tomte
7007,1266316557.48,25.898,3835.788,0.967,Tomte
7008,1266316656.012,25.672,61.335,0.913,Tomte
7009,1266316918.512,25.222,3983.241,0.993,Tomte
7010,1266317376.996,23.15,61.335,0.964,Tomte
7011,1266317639.512,26.633,3945.854,0.907,Tomte
7012,1266317736.965,23.983,61.335,0.976,Tomte
7013,1266318096.598,23.047,383.387,0.948,Tomte
7014,1266319076.98,28.137,61.335,0.997,Tomte
7015,1266319173.02,23.621,61.335,0.994,Tomte
7016,1266319435.676,25.888,61.335,0.99,Tomte
7017,1266319793.988,27.218,3983.241,0.994,Tomte
7018,1266319888.684,22.361,3983.241,0.984,Tomte
7019,1266320151.371,24.979,3490.641,0.958,Tomte
7020,1266320339.125,25.685,3983.241,0.982,Extremely_Loud
7021,1266320508.754,25.555,3945.854,0.995,Tomte
7022,1266320603.973,22.052,2651.052,0.96,Tomte
7023,1266320866.137,26.04,3983.241,0.999,Tomte
7024,1266321317.746,23.606,73.85,0.985,Tomte
7025,1266321935.582,27.575,61.335,0.999,Tomte
7026,1266322292.113,26.116,3908.818,0.983,Tomte
7027,1266322648.848,26.698,61.335,0.997,Tomte
7028,1266322916.559,8.096,3983.241,0.901,Tomte
7029,1266323004.84,25.843,2783.969,0.975,Tomte
7030,1266323715.723,27.124,2486.379,0.986,Tomte
7031,1266324070.137,25.3,2634.428,0.947,Tomte
7032,1266324870.332,20.551,1299.963,0.991,Tomte
7033,1266325224.48,24.511,813.082,0.984,Tomte
7034,1266325449.535,8.196,61.502,0.979,Air_Compressor
7035,1266325486.473,24.156,3881.874,0.994,Tomte
7036,1266325578.129,22.831,61.335,0.917,Tomte
7037,1266326194.09,24.942,76.99,0.99,Tomte
7038,1266326901.199,28.186,61.335,0.936,Tomte
7039,1266326992.16,21.561,61.335,0.989,Tomte
7040,1266327606.082,25.285,61.335,0.996,Tomte
7041,1266327696.199,21.886,61.335,0.941,Tomte
7042,1266328048.324,22.389,3680.246,0.916,Tomte
7043,1266328310.051,24.319,61.335,0.982,Tomte
7044,1266328661.332,26.731,73.85,0.97,Tomte
7045,1266329011.949,23.84,3582.116,0.985,Tomte
7046,1266329452.543,23.614,61.335,0.977,Tomte
7047,1266329713.91,25.188,3133.541,0.968,Tomte
7048,1266329803.395,20.516,3983.241,0.993,Tomte
7049,1266330153.012,22.379,3693.803,0.993,Tomte
7050,1266330394.674,7.623,3993.831,0.967,Blip
7051,1266330414.176,27.326,61.335,0.99,Tomte
7052,1266330503.215,23.195,73.85,0.996,Tomte
7053,1266330852.277,22.999,61.335,0.926,Tomte
7054,1266330879.27,7.867,3468.466,0.965,Blip
7055,1266331112.457,25.449,61.335,0.997,Tomte
7056,1266331549.535,23.5,2341.528,0.981,Tomte
7057,1266331774.902,7.86,53.578,0.998,Air_Compressor
7058,1266331810.105,25.598,61.335,0.906,Tomte
7059,1266332159.551,26.679,73.85,0.992,Tomte
7060,1266332855.551,24.311,3088.05,0.993,Tomte
7061,1266332943.059,20.016,61.335,0.937,Tomte
7062,1266333202.957,26.279,161.018,0.911,Tomte
7063,1266333420.406,25.345,3945.854,0.925,Extremely_Loud
7064,1266333898.949,24.725,61.335,0.978,Tomte
7065,1266334246.754,25.759,3746.261,0.982,Tomte
7066,1266334595.449,26.498,3983.241,0.919,Tomte
7067,1266334944.332,21.758,3983.241,0.994,Tomte
7068,1266340252.113,23.847,3813.464,0.998,Tomte
7069,1266340693.902,20.472,61.335,0.967,Tomte
7070,1266340963.105,20.775,3983.241,0.995,Tomte
7071,1266341404.301,22.519,61.335,0.956,Tomte
7072,1266341673.52,23.634,61.335,0.942,Tomte
7073,1266341759.129,21.881,61.335,0.998,Tomte
7074,1266342028.543,23.455,3409.167,0.997,Tomte
7075,1266342114.199,21.272,61.335,0.924,Tomte
7076,1266342383.613,23.458,3746.261,0.965,Tomte
7077,1266342469.066,21.714,1359.772,0.964,Tomte
7078,1266342738.215,24.976,61.335,0.986,Tomte
7079,1266342760.074,9.555,2674.583,0.984,Tomte
7080,1266343092.473,24.03,61.335,0.981,Tomte
7081,1266343447.535,24.275,2402.539,0.969,Tomte
7082,1266343532.52,19.553,61.335,0.991,Tomte
7083,1266343801.41,25.227,61.335,0.995,Tomte
7084,1266344154.535,22.654,61.335,0.997,Tomte
7085,1266344239.129,20.484,51.198,0.979,Tomte
7086,1266344508.254,20.936,61.335,0.988,Tomte
7087,1266344592.863,21.053,1028.149,0.98,Tomte
7088,1266345651.512,17.349,51.198,0.918,Tomte
7089,1266345919.418,22.977,61.335,0.988,Tomte
7090,1266346055.879,7.531,2932.706,0.933,Blip
7091,1266346271.035,21.534,3133.541,0.999,Tomte
7092,1266346336.336,10.749,316.178,0.999,Whistle
7093,1266346623.379,22.5,61.335,0.992,Tomte
7094,1266346707.199,17.641,51.198,0.986,Tomte
7095,1266347053.271,8.643,93.497,1.0,Blip
7096,1266347326.004,20.395,61.335,0.951,Tomte
7097,1266347555.908,10.873,3990.298,0.997,Blip
7098,1266347760.926,19.828,3350.311,0.926,Tomte
7099,1266348028.91,20.098,61.335,0.908,Tomte
7100,1266348378.426,20.68,3703.979,0.995,Tomte
7101,1266348423.004,7.973,136.131,0.98,Blip
7102,1266348589.012,7.607,297.821,0.977,Whistle
7103,1266348728.207,23.139,61.335,0.982,Tomte
7104,1266348811.465,19.143,61.335,0.98,Tomte
7105,1266349078.168,21.157,3703.979,0.994,Tomte
7106,1266349161.285,18.4,61.335,0.959,Tomte
7107,1266349427.434,20.741,2930.829,0.993,Tomte
7108,1266349777.199,22.201,3582.116,0.975,Tomte
7109,1266350087.768,17.467,73.85,0.998,Tomte
7110,1266350126.301,21.034,1436.31,0.991,Tomte
7111,1266350475.574,20.855,61.335,0.962,Tomte
7112,1266350823.895,21.252,61.335,0.991,Tomte
7113,1266350964.951,9.191,136.131,0.995,Blip
7114,1266351172.559,23.192,1850.077,0.978,Tomte
7115,1266351746.199,8.121,51.198,0.955,Tomte
7116,1266352027.18,7.982,2053.237,0.941,Whistle
7117,1266352215.598,19.569,61.335,0.996,Tomte
7118,1266352645.379,17.324,51.198,0.991,Tomte
7119,1266353256.324,22.527,61.335,0.907,Tomte
7120,1266353602.863,20.099,61.335,0.999,Tomte
7121,1266354986.723,20.897,3703.979,0.996,Tomte
7122,1266355068.535,17.107,61.335,0.986,Tomte
7123,1266355413.238,17.621,3136.171,0.996,Tomte
7124,1266355675.387,19.658,1246.566,0.968,Tomte
7125,1266355738.232,7.983,78.045,0.929,Blip
7126,1266356019.684,19.775,61.335,0.998,Tomte
7127,1266356363.418,16.59,61.335,0.974,Tomte
7128,1266356367.598,8.814,3369.126,0.914,Blip
7129,1266356707.074,18.537,3908.818,0.993,Tomte
7130,1266357393.16,21.058,61.335,0.991,Tomte
7131,1266358328.926,7.909,3886.069,0.947,Blip
7132,1266358419.02,19.387,51.198,0.995,Tomte
7133,1266358500.051,17.211,3881.874,0.972,Tomte
7134,1266358806.432,9.576,165.213,0.997,Blip
7135,1266358841.801,17.981,2195.579,0.997,Tomte
7136,1266359102.652,18.944,89.012,0.993,Tomte
7137,1266359173.426,9.596,3764.125,0.996,Tomte
7138,1266359444.332,19.28,51.198,0.963,Tomte
7139,1266359525.199,17.134,3881.874,0.993,Tomte
7140,1266360125.043,19.105,61.335,0.997,Tomte
7141,1266360205.941,14.969,3983.241,0.941,Tomte
7142,1266360258.932,7.777,78.045,0.998,Blip
7143,1266360465.363,18.56,73.85,0.994,Tomte
7144,1266361147.012,17.65,3703.979,0.936,Tomte
7145,1266361486.637,20.644,3945.854,0.925,Tomte
7146,1266361826.059,18.479,3551.692,0.918,Tomte
7147,1266361906.832,16.638,51.198,0.968,Tomte
7148,1266362165.395,18.956,61.335,0.966,Tomte
7149,1266362504.059,19.483,61.335,0.992,Tomte
7150,1266362842.652,19.499,61.335,0.989,Tomte
7151,1266363180.082,19.627,3799.787,0.999,Tomte
7152,1266368470.434,18.311,61.335,0.924,Tomte
7153,1266368700.121,2348.938,3881.874,1.0,Extremely_Loud
7154,1266369151.512,16.464,51.198,0.997,Tomte
7155,1266369170.246,8.106,3985.119,0.95,Blip
7156,1266369410.887,20.521,3983.241,0.988,Tomte
7157,1266369492.066,16.849,61.335,0.953,Tomte
7158,1266369557.816,7.895,3985.119,0.903,Blip
7159,1266369751.152,19.276,51.198,0.979,Tomte
7160,1266369832.332,17.386,51.198,0.956,Tomte
7161,1266370090.809,21.222,1553.777,0.952,Tomte
7162,1266370171.941,16.172,3908.818,0.999,Tomte
7163,1266370201.924,8.876,3137.736,0.989,Blip
7164,1266370283.807,7.679,317.126,0.997,Whistle
7165,1266370551.461,8.395,4072.158,0.999,Whistle
7166,1266370769.238,18.629,51.198,0.936,Tomte
7167,1266371528.762,16.413,51.198,0.956,Tomte
7168,1266371532.832,8.009,2974.683,0.994,Air_Compressor
7169,1266371786.629,19.134,61.335,0.985,Tomte
7170,1266371867.629,15.646,3983.241,0.994,Tomte
7171,1266372125.566,19.206,3409.167,0.963,Tomte
7172,1266372464.082,19.804,61.335,0.988,Tomte
7173,1266372801.84,20.375,3059.082,0.983,Tomte
7174,1266373478.441,18.24,3582.116,0.994,Tomte
7175,1266373493.496,17.083,4099.177,1.0,Whistle
7176,1266373559.402,17.299,51.198,0.935,Tomte
7177,1266373678.055,13.239,4049.429,0.998,Whistle
7178,1266373815.848,19.11,51.198,0.929,Tomte
7179,1266374153.715,20.521,254.782,0.992,Tomte
7180,1266374175.754,12.261,4063.053,1.0,Whistle
7181,1266374490.887,16.676,3945.854,1.0,Tomte
7182,1266374827.965,19.922,195.37,0.958,Tomte
7183,1266374863.787,8.845,3586.311,0.998,Blip
7184,1266375032.246,8.981,3987.436,0.99,Blip
7185,1266375165.055,42.362,3983.241,0.929,Extremely_Loud
7186,1266375582.355,16.343,51.198,0.906,Tomte
7187,1266375594.064,7.586,96.359,1.0,Blip
7188,1266376024.898,7.837,374.984,0.995,Whistle
7189,1266376171.309,19.211,423.458,0.982,Tomte
7190,1266376252.004,16.679,51.198,0.985,Tomte
7191,1266376739.561,8.968,3813.464,0.998,Tomte
7192,1266376837.762,16.684,61.335,0.999,Tomte
7193,1266377171.77,18.888,51.198,0.99,Tomte
7194,1266377836.902,17.804,3835.788,0.964,Tomte
7195,1266377969.232,9.53,3985.119,0.992,Blip
7196,1266378080.243,10.699,3711.036,1.0,Blip
7197,1266378168.77,17.142,3813.464,0.946,Tomte
7198,1266378249.824,15.032,51.198,0.915,Tomte
7199,1266378395.52,883.248,3945.854,1.0,Extremely_Loud
7200,1266378500.129,20.968,1898.219,0.994,Tomte
7201,1266378793.664,13.419,4099.177,1.0,Whistle
7202,1266378824.925,7.952,210.072,1.0,Blip
7203,1266378831.34,18.466,3703.979,0.942,Tomte
7204,1266379162.285,18.691,2563.995,0.985,Tomte
7205,1266379493.691,18.016,3764.125,0.994,Tomte
7206,1266379824.043,17.349,3983.241,0.969,Tomte
7207,1266379857.135,8.393,3985.119,0.964,Blip
7208,1266381028.941,20.079,61.335,0.987,Tomte
7209,1266381110.121,16.536,1267.535,0.966,Tomte
7210,1266381361.215,19.244,61.335,0.964,Tomte
7211,1266381693.082,20.024,73.85,0.907,Tomte
7212,1266382025.176,20.138,2489.405,0.997,Tomte
7213,1266382355.66,20.344,61.335,0.992,Tomte
7214,1266382687.176,18.386,51.198,0.984,Tomte
7215,1266421734.137,20.974,3881.874,0.999,Tomte
7216,1266443498.496,22.406,61.335,0.962,Tomte
7217,1266447547.039,8.503,384.214,0.996,Whistle
7218,1266447668.008,10.863,372.28,1.0,Whistle
7219,1266449112.671,15.346,165.213,1.0,Blip
7220,1266449242.105,7.928,61.502,0.995,Air_Compressor
7221,1266449578.93,14.059,411.93,1.0,Whistle
7222,1266449910.008,9.256,3981.569,0.999,Whistle
7223,1266450834.664,7.765,2227.073,0.981,Whistle
7224,1266451651.488,8.445,53.292,0.976,Air_Compressor
7225,1266452650.898,12.277,328.463,1.0,Whistle
7226,1266454485.113,374.401,3881.874,1.0,Extremely_Loud
7227,1266454837.639,7.923,3815.341,0.928,Blip
7228,1266464904.398,7.814,3711.036,0.937,Air_Compressor
7229,1266479020.617,7.833,461.078,0.999,Whistle
7230,1266495335.027,252.692,3983.241,0.942,Extremely_Loud
7231,1266495497.621,7.86,372.381,0.977,Whistle
7232,1266495554.59,8.967,372.28,0.997,Whistle
7233,1266495558.824,12.056,411.93,0.993,Whistle
7234,1266495562.293,8.655,4075.678,0.995,Whistle
7235,1266495802.598,8.719,3621.223,0.996,Whistle
7236,1266497392.207,11.672,441.012,1.0,Whistle
7237,1266497421.773,9.818,4017.148,0.999,Whistle
7238,1266497561.492,8.16,353.079,0.993,Whistle
7239,1266497726.086,8.703,364.25,0.994,Whistle
7240,1266497796.176,8.047,3576.027,0.994,Whistle
7241,1266497838.629,10.537,386.276,0.999,Whistle
7242,1266498500.871,8.251,2938.986,0.999,Whistle
7243,1266498763.617,11.719,323.233,0.999,Whistle
7244,1266498846.523,9.48,3997.81,0.999,Whistle
7245,1266499242.023,10.185,850.429,0.997,Whistle
7246,1266501297.676,332.755,3361.459,1.0,Extremely_Loud
7247,1266501301.313,8.145,3021.543,0.992,Air_Compressor
7248,1266501754.664,9.99,374.816,0.977,Whistle
7249,1266502755.102,10.042,386.276,1.0,Whistle
7250,1266503437.492,12.358,2634.58,1.0,Whistle
7251,1266504374.57,11.616,386.276,0.999,Whistle
7252,1266504827.008,8.127,398.211,0.998,Whistle
7253,1266504899.129,9.811,295.161,0.994,Whistle
7254,1266505964.602,7.782,352.974,0.995,Whistle
7255,1266507779.129,10.087,441.012,1.0,Whistle
7256,1266507973.72,9.579,104.255,1.0,Blip
7257,1266518318.23,337.129,3551.692,1.0,Extremely_Loud
7258,1266518757.48,9.079,392.345,0.998,Whistle
7259,1266519015.063,8.129,3987.436,0.997,Scattered_Light
7260,1266519393.496,19.674,3969.079,1.0,Whistle
7261,1266521762.781,9.782,20.838,0.914,Low_Frequency_Lines
7262,1266524078.375,13.74,3764.125,0.96,Low_Frequency_Lines
7263,1266525535.564,8.094,3354.507,0.999,Blip
7264,1266526977.063,14.423,2834.458,0.955,Low_Frequency_Lines
7265,1266527259.494,11.285,171.608,1.0,Blip
7266,1266527817.202,23.905,370.631,1.0,Blip
7267,1266531858.125,7.737,17.666,0.999,Low_Frequency_Lines
7268,1266539520.188,8.315,3908.818,0.997,Low_Frequency_Lines
7269,1266549877.23,236.744,3908.818,1.0,Extremely_Loud
7270,1266552854.184,7.873,53.578,0.995,Air_Compressor
7271,1266555263.77,8.267,61.788,0.992,Air_Compressor
7272,1266559423.708,7.915,321.055,0.986,Blip
7273,1266559599.668,9.098,2323.607,0.995,Blip
7274,1266560645.188,9.068,1959.01,0.936,Power_Line
7275,1266563132.123,16.838,91.18,0.996,Tomte
7276,1266564015.365,8.615,138.993,1.0,Blip
7277,1266567612.895,7.641,53.292,0.986,Air_Compressor
7278,1266567913.887,7.738,53.292,0.988,Air_Compressor
7279,1266569100.801,1509.056,3464.271,1.0,Extremely_Loud
7280,1266570925.854,7.72,53.292,0.945,Blip
7281,1266571460.156,9.089,1182.101,0.999,Low_Frequency_Burst
7282,1266575792.908,3934.54,3983.241,1.0,Extremely_Loud
7283,1266577190.527,13.449,380.471,1.0,Whistle
7284,1266580320.572,571.877,1299.963,1.0,Extremely_Loud
7285,1266588281.795,17.866,1942.874,1.0,Blip
7286,1266589130.176,10.503,131.936,0.979,Tomte
7287,1266590202.73,7.633,47.964,0.989,Air_Compressor
7288,1266591719.252,16.724,370.024,1.0,Blip
7289,1266602772.203,9.371,53.292,0.997,Air_Compressor
7290,1266603154.242,7.869,53.292,0.981,Air_Compressor
7291,1266606990.04,12.305,1810.469,0.988,Blip
7292,1266608816.438,125.741,3249.652,1.0,Extremely_Loud
7293,1266610565.957,776.637,3983.241,0.956,Extremely_Loud
7294,1266610809.168,2384.625,3983.241,1.0,Extremely_Loud
7295,1266616105.762,8.053,53.578,0.988,Air_Compressor
7296,1266617006.711,9.648,3910.695,0.96,Violin_Mode
7297,1266619091.797,16.713,3003.837,0.926,Extremely_Loud
7298,1266631581.875,58.932,51.198,0.999,Extremely_Loud
7299,1266631582.809,651.665,3746.261,1.0,Extremely_Loud
7300,1266648881.738,67.653,2634.428,0.998,Extremely_Loud
7301,1266670201.305,15.226,384.939,1.0,Whistle
7302,1266670259.289,9.5,386.276,0.999,Whistle
7303,1266670636.145,24.329,2672.706,1.0,Tomte
7304,1266670742.867,7.815,386.276,0.999,Whistle
7305,1266670838.914,12.591,344.648,1.0,Whistle
7306,1266671123.134,13.668,1085.999,0.998,Blip
7307,1266671780.555,12.402,373.043,0.999,Whistle
7308,1266673232.059,628.704,3983.241,1.0,Extremely_Loud
7309,1266674679.477,7.915,375.643,0.983,Whistle
7310,1266675074.895,25.546,89.302,0.997,Tomte
7311,1266675655.656,8.336,3159.648,0.997,Power_Line
7312,1266675701.441,8.451,392.345,0.999,Whistle
7313,1266675929.43,10.906,1355.165,1.0,Whistle
7314,1266676632.281,8.026,31.157,1.0,Scattered_Light
7315,1266679509.445,11.647,4068.59,0.999,Whistle
7316,1266680272.469,10.68,53.578,0.984,Air_Compressor
7317,1266681489.695,13.768,386.276,1.0,Whistle
7318,1266681918.773,30.858,3799.787,0.905,Extremely_Loud
7319,1266682847.438,13.866,3983.241,0.988,Low_Frequency_Lines
7320,1266686899.112,9.809,118.971,1.0,Blip
7321,1266686901.202,23.474,2568.19,1.0,Blip
7322,1266688048.844,8.196,3237.069,0.98,Low_Frequency_Lines
7323,1266688393.059,8.062,61.788,0.948,Air_Compressor
7324,1266692588.469,23.767,3908.818,0.946,Low_Frequency_Burst
7325,1266692932.719,8.309,26.59,0.995,Low_Frequency_Burst
7326,1266693236.438,15.347,3427.638,0.952,Low_Frequency_Lines
7327,1266694166.219,9.125,2319.412,0.997,Low_Frequency_Burst
7328,1266694186.23,82.364,2964.093,0.932,Extremely_Loud
7329,1266695382.719,10.602,2534.013,0.975,Low_Frequency_Lines
7330,1266696786.438,18.358,2834.458,0.977,Low_Frequency_Lines
7331,1266697641.953,8.282,1839.649,1.0,Low_Frequency_Burst
7332,1266697929.074,4112.624,3983.241,1.0,Extremely_Loud
7333,1266699159.316,228.439,241.258,0.998,Extremely_Loud
7334,1266699458.094,31.305,3945.854,1.0,Scattered_Light
7335,1266700440.963,7.647,53.145,0.986,Blip
7336,1266701379.563,7.943,300.875,1.0,Low_Frequency_Lines
7337,1266703911.742,9.782,372.28,0.988,Whistle
7338,1266704222.531,13.912,3088.05,0.979,Low_Frequency_Burst
7339,1266705311.719,11.218,1411.087,0.989,Scattered_Light
7340,1266705319.188,12.958,2630.957,0.999,Low_Frequency_Lines
7341,1266705390.563,11.78,3590.782,0.956,Low_Frequency_Lines
7342,1266705781.172,14.754,3201.357,0.974,Low_Frequency_Burst
7343,1266706406.781,10.95,1928.011,0.988,Low_Frequency_Lines
7344,1266706796.688,12.954,3764.125,0.995,Low_Frequency_Lines
7345,1266707495.563,9.605,2964.093,0.981,Power_Line
7346,1266707585.969,7.677,21.072,0.926,Low_Frequency_Lines
7347,1266707632.281,8.498,20.195,0.99,Low_Frequency_Lines
7348,1266707659.688,9.862,18.295,0.931,Low_Frequency_Lines
7349,1266708231.219,20.965,3746.261,1.0,Scattered_Light
7350,1266708466.781,7.979,20.195,1.0,Low_Frequency_Burst
7351,1266708669.688,8.628,18.295,1.0,Low_Frequency_Lines
7352,1266708816.313,8.753,18.134,0.999,Low_Frequency_Lines
7353,1266709530.031,8.536,257.411,0.968,Low_Frequency_Lines
7354,1266709610.156,8.559,2834.458,0.999,Low_Frequency_Lines
7355,1266709716.469,7.717,3590.782,0.914,Low_Frequency_Lines
7356,1266710916.344,9.406,23.057,0.979,Low_Frequency_Lines
7357,1266779837.781,25.291,3947.731,1.0,Scattered_Light
7358,1266779895.211,8.121,497.919,0.93,Violin_Mode
7359,1266780564.625,33.26,3551.692,0.916,Extremely_Loud
7360,1266780629.219,24.24,3983.241,0.999,Scattered_Light
7361,1266780828.469,16.338,3984.907,0.998,Scattered_Light
7362,1266781475.359,10.5,2823.051,0.997,Scattered_Light
7363,1266781806.031,9.43,527.442,0.999,Power_Line
7364,1266782522.313,8.351,2341.528,0.954,Low_Frequency_Lines
7365,1266782835.852,11.232,3983.241,0.999,Low_Frequency_Burst
7366,1266784137.344,14.718,38.215,1.0,Scattered_Light
7367,1266784583.641,10.864,2563.995,1.0,Low_Frequency_Burst
7368,1266785068.469,178.869,3030.486,1.0,Extremely_Loud
7369,1266785511.094,11.311,32.829,0.99,Scattered_Light
7370,1266785967.969,8.807,23.057,0.903,Low_Frequency_Burst
7371,1266786140.406,18.472,3983.241,1.0,Scattered_Light
7372,1266788098.086,8.109,3983.241,1.0,Low_Frequency_Burst
7373,1266789001.031,26.414,1461.986,1.0,Scattered_Light
7374,1266789051.945,9.551,3908.818,0.997,Low_Frequency_Burst
7375,1266789148.908,11.675,3985.119,0.915,Tomte
7376,1266789319.531,10.63,24.263,0.986,Low_Frequency_Lines
7377,1266789555.031,7.894,31.365,1.0,Scattered_Light
7378,1266789675.938,13.783,327.732,0.904,Low_Frequency_Burst
7379,1266790094.586,10.625,20.195,0.99,Low_Frequency_Burst
7380,1266790834.969,8.377,554.714,0.911,Extremely_Loud
7381,1266792082.531,29.389,2341.528,1.0,Scattered_Light
7382,1266792302.156,7.695,20.195,0.972,Low_Frequency_Lines
7383,1266792381.875,11.33,28.913,0.962,Extremely_Loud
7384,1266793366.884,14.186,1267.316,1.0,Blip
7385,1266793484.969,13.24,3201.357,0.995,Low_Frequency_Burst
7386,1266793651.469,10.683,3350.311,0.939,Low_Frequency_Burst
7387,1266793658.602,7.524,501.923,0.996,Violin_Mode
7388,1266793757.727,9.347,26.59,1.0,Low_Frequency_Burst
7389,1266793838.719,11.743,3427.638,0.977,Scattered_Light
7390,1266793853.055,8.244,426.589,0.985,Whistle
7391,1266794328.406,8.021,20.838,0.96,Low_Frequency_Burst
7392,1266797114.219,10.912,28.467,0.977,Scattered_Light
7393,1266797363.844,7.774,3881.874,0.999,Low_Frequency_Lines
7394,1266797685.742,7.879,20.195,1.0,Low_Frequency_Burst
7395,1266798427.781,15.793,30.952,0.988,Scattered_Light
7396,1266798834.906,18.092,3983.241,0.997,Low_Frequency_Burst
7397,1266798931.039,7.562,20.195,0.994,Low_Frequency_Burst
7398,1266799213.656,9.13,3983.241,0.979,Scattered_Light
7399,1266799431.305,10.387,23.057,1.0,Low_Frequency_Burst
7400,1266799836.826,7.989,386.276,0.97,Whistle
7401,1266799975.672,10.532,3983.241,0.963,Scattered_Light
7402,1266800618.289,9.28,3703.979,1.0,Low_Frequency_Burst
7403,1266800904.547,279.692,2237.822,1.0,Extremely_Loud
7404,1266801531.656,12.626,3881.874,0.97,Low_Frequency_Burst
7405,1266802803.773,9.209,20.195,1.0,Low_Frequency_Burst
7406,1266803481.656,9.952,20.195,0.995,Low_Frequency_Lines
7407,1266803672.656,21.847,3983.241,0.937,Scattered_Light
7408,1266803769.844,7.66,19.406,0.986,Low_Frequency_Lines
7409,1266804567.578,11.031,3945.854,0.999,Low_Frequency_Burst
7410,1266804718.844,14.512,26.59,0.962,Scattered_Light
7411,1266804778.594,12.206,1928.011,0.982,Scattered_Light
7412,1266805014.617,8.242,20.195,1.0,Low_Frequency_Burst
7413,1266805252.656,8.558,3659.138,1.0,Low_Frequency_Lines
7414,1266805618.656,8.201,20.195,1.0,Low_Frequency_Lines
7415,1266805649.508,8.188,23.057,1.0,Low_Frequency_Burst
7416,1266805693.156,8.941,3881.874,0.908,Low_Frequency_Burst
7417,1266806046.148,7.67,65.109,1.0,Low_Frequency_Burst
7418,1266806136.117,8.042,1299.963,1.0,Low_Frequency_Burst
7419,1266806182.539,9.437,3764.125,1.0,Low_Frequency_Burst
7420,1266806573.594,7.787,3881.874,0.99,Low_Frequency_Lines
7421,1266806681.773,7.529,20.195,1.0,Low_Frequency_Burst
7422,1266807954.164,10.869,26.59,1.0,Low_Frequency_Burst
7423,1266808818.719,9.414,1155.883,0.986,Low_Frequency_Lines
7424,1266808845.289,9.068,26.726,1.0,Low_Frequency_Burst
7425,1266808845.789,8.396,20.195,0.999,Low_Frequency_Burst
7426,1266808887.281,7.953,2341.528,1.0,Low_Frequency_Burst
7427,1266808965.93,10.324,3872.13,1.0,Low_Frequency_Burst
7428,1266809293.07,8.652,20.195,0.993,Low_Frequency_Burst
7429,1266810006.555,9.587,1502.81,1.0,Low_Frequency_Burst
7430,1266810261.656,9.542,3983.241,0.988,Low_Frequency_Burst
7431,1266810482.172,9.557,2098.233,0.994,Low_Frequency_Burst
7432,1266810674.039,8.983,2081.292,1.0,Low_Frequency_Burst
7433,1266810706.758,9.301,20.195,1.0,Low_Frequency_Burst
7434,1266812306.492,12.595,23.057,1.0,Low_Frequency_Burst
7435,1266812725.68,9.89,1224.693,1.0,Low_Frequency_Burst
7436,1266812729.186,242.569,241.258,0.903,Extremely_Loud
7437,1266813828.195,8.856,23.057,1.0,Low_Frequency_Burst
7438,1266813946.154,19.788,3985.119,0.991,Blip
7439,1266817422.516,8.342,3983.241,1.0,Low_Frequency_Burst
7440,1266818085.82,9.721,23.057,1.0,Low_Frequency_Burst
7441,1266818140.906,10.489,23.057,0.9,Low_Frequency_Burst
7442,1266818669.344,9.724,23.057,0.996,Low_Frequency_Burst
7443,1266819141.758,7.848,20.195,1.0,Low_Frequency_Burst
7444,1266819262.656,9.225,20.838,0.999,Low_Frequency_Burst
7445,1266819674.258,8.518,26.59,0.996,Low_Frequency_Burst
7446,1266819695.086,7.817,3881.874,1.0,Low_Frequency_Burst
7447,1266819855.102,9.56,23.057,1.0,Low_Frequency_Burst
7448,1266820198.086,8.326,20.195,1.0,Low_Frequency_Burst
7449,1266821673.477,7.53,3489.112,1.0,Low_Frequency_Burst
7450,1266821814.367,8.12,20.195,1.0,Low_Frequency_Burst
7451,1266822179.039,11.004,3615.396,1.0,Low_Frequency_Burst
7452,1266822367.68,7.633,3367.249,1.0,Low_Frequency_Burst
7453,1266822483.18,10.759,3983.241,1.0,Low_Frequency_Burst
7454,1266822709.773,8.493,3983.241,1.0,Low_Frequency_Burst
7455,1266823053.813,10.43,3983.241,0.996,Low_Frequency_Lines
7456,1266823130.18,9.044,20.195,1.0,Low_Frequency_Burst
7457,1266823906.305,8.614,20.195,1.0,Low_Frequency_Burst
7458,1266824371.055,9.63,20.195,1.0,Low_Frequency_Burst
7459,1266824429.07,8.113,23.057,1.0,Low_Frequency_Burst
7460,1266824949.969,8.964,23.057,0.98,Low_Frequency_Lines
7461,1266825847.09,745.845,3659.138,1.0,Extremely_Loud
7462,1266827001.813,7.673,19.678,0.997,Low_Frequency_Lines
7463,1266828119.73,8.104,4123.562,0.999,Whistle
7464,1266828885.219,9.821,102.723,0.972,Air_Compressor
7465,1266829196.523,10.384,20.195,0.985,Low_Frequency_Burst
7466,1266829569.648,9.308,20.195,1.0,Low_Frequency_Burst
7467,1266829803.82,8.927,3983.241,0.999,Low_Frequency_Burst
7468,1266830077.055,10.276,23.057,1.0,Low_Frequency_Burst
7469,1266830412.914,7.711,23.057,1.0,Low_Frequency_Burst
7470,1266830553.57,8.775,3983.241,1.0,Low_Frequency_Burst
7471,1266831161.092,8.137,53.292,0.992,Blip
7472,1266831190.883,14.794,26.59,1.0,Low_Frequency_Burst
7473,1266832201.563,11.461,2769.374,0.968,Power_Line
7474,1266832428.43,8.449,3680.246,1.0,Low_Frequency_Burst
7475,1266832547.117,10.894,3983.241,1.0,Low_Frequency_Burst
7476,1266833096.117,7.888,20.195,1.0,Low_Frequency_Burst
7477,1266833418.57,9.228,3350.311,1.0,Low_Frequency_Burst
7478,1266864763.508,7.73,482.542,0.933,Violin_Mode
7479,1266864925.469,10.338,38.215,0.957,Scattered_Light
7480,1266865121.438,9.726,3983.241,0.997,Low_Frequency_Lines
7481,1266866377.781,10.776,261.656,0.997,Scattered_Light
7482,1266866415.891,13.634,421.424,0.993,Whistle
7483,1266866532.469,9.406,3307.927,1.0,Scattered_Light
7484,1266866694.906,13.136,32.829,1.0,Scattered_Light
7485,1266866739.512,10.377,1031.555,0.934,Violin_Mode
7486,1266866874.367,8.388,374.157,0.964,Violin_Mode
7487,1266866885.297,20.611,47.183,1.0,Scattered_Light
7488,1266867178.195,19.089,383.624,0.998,Whistle
7489,1266867392.031,29.807,2382.752,1.0,Power_Line
7490,1266867581.008,22.876,411.93,0.999,Whistle
7491,1266867737.961,14.128,441.012,1.0,Whistle
7492,1266867836.391,25.194,3708.174,1.0,Scattered_Light
7493,1266867920.766,9.626,477.762,0.931,Scattered_Light
7494,1266868043.719,19.422,3984.246,1.0,Scattered_Light
7495,1266868995.313,27.671,3983.241,1.0,Scattered_Light
7496,1266869775.969,12.597,3984.246,1.0,Scattered_Light
7497,1266869852.781,9.031,21.842,0.968,Scattered_Light
7498,1266870114.893,231.766,2810.325,0.996,Extremely_Loud
7499,1266870503.281,18.942,1268.61,1.0,Scattered_Light
7500,1266870607.156,8.361,19.406,0.925,Low_Frequency_Lines
7501,1266870635.906,17.238,30.952,0.987,Scattered_Light
7502,1266871330.594,10.18,3983.241,0.99,Low_Frequency_Burst
7503,1266871494.469,20.45,3983.241,1.0,Scattered_Light
7504,1266871563.109,7.886,164.425,0.999,Scattered_Light
7505,1266871786.781,14.683,3059.082,1.0,Scattered_Light
7506,1266871945.59,8.217,3346.375,0.97,Violin_Mode
7507,1266872295.047,13.601,1502.81,0.991,Scattered_Light
7508,1266872344.766,8.953,3983.241,0.995,Low_Frequency_Burst
7509,1266872378.242,7.708,3950.292,0.962,Whistle
7510,1266873373.031,16.898,545.967,1.0,Scattered_Light
7511,1266873670.469,14.367,3983.241,0.994,Low_Frequency_Burst
7512,1266876176.281,10.72,3983.241,1.0,Scattered_Light
7513,1266876289.344,10.277,3984.246,1.0,Scattered_Light
7514,1266877054.156,24.407,3987.436,1.0,Scattered_Light
7515,1266877494.844,7.622,1245.733,0.994,Scattered_Light
7516,1266877761.594,13.155,31.507,0.999,Scattered_Light
7517,1266877872.906,22.212,3983.241,1.0,Scattered_Light
7518,1266877889.281,8.971,1850.077,0.989,Scattered_Light
7519,1266877896.094,14.48,3983.241,1.0,Scattered_Light
7520,1266877990.688,17.075,3983.241,0.987,Scattered_Light
7521,1266878113.469,13.867,3947.731,1.0,Scattered_Light
7522,1266879157.844,21.149,3945.854,1.0,Scattered_Light
7523,1266879275.344,22.275,3945.854,1.0,Scattered_Light
7524,1266879367.156,11.195,3983.241,0.979,Low_Frequency_Lines
7525,1266879604.844,19.641,3983.241,1.0,Scattered_Light
7526,1266879708.328,15.016,3983.241,1.0,Scattered_Light
7527,1266880103.391,9.972,1658.818,0.995,Scattered_Light
7528,1266880191.469,15.103,3947.731,1.0,Scattered_Light
7529,1266880240.358,10.348,171.608,1.0,Blip
7530,1266880277.188,10.683,3983.241,0.975,Low_Frequency_Lines
7531,1266880440.063,9.494,2741.265,0.997,Low_Frequency_Lines
7532,1266880541.82,7.985,20.195,0.999,Low_Frequency_Burst
7533,1266880769.531,10.402,3985.119,0.976,Scattered_Light
7534,1266880844.508,8.0,1963.616,0.98,Whistle
7535,1266881092.469,9.301,181.277,0.995,Scattered_Light
7536,1266881199.547,7.584,2651.052,0.999,Low_Frequency_Burst
7537,1266882472.922,12.923,3985.119,0.926,Scattered_Light
7538,1266882532.469,9.634,3429.515,1.0,Scattered_Light
7539,1266883422.344,16.738,3983.241,0.993,Low_Frequency_Burst
7540,1266883802.781,19.394,516.187,1.0,Scattered_Light
7541,1266883927.406,14.578,32.829,1.0,Scattered_Light
7542,1266884548.047,19.251,3350.311,1.0,Scattered_Light
7543,1266884612.445,8.413,497.919,0.998,Violin_Mode
7544,1266884636.719,22.198,3813.464,1.0,Scattered_Light
7545,1266884811.656,11.356,3746.261,1.0,Scattered_Light
7546,1266885084.094,15.338,34.359,1.0,Scattered_Light
7547,1266885528.719,17.11,3908.818,1.0,Scattered_Light
7548,1266886001.563,17.905,3945.854,0.954,Scattered_Light
7549,1266889510.516,14.512,3983.241,0.984,Scattered_Light
7550,1266890393.969,11.281,3881.874,0.977,Scattered_Light
7551,1266891164.156,12.795,32.829,0.999,Scattered_Light
7552,1266891462.656,23.298,3835.788,1.0,Scattered_Light
7553,1266892375.156,21.626,3985.119,1.0,Scattered_Light
7554,1266893207.871,7.504,2408.812,0.932,Blip
7555,1266893557.719,17.669,3983.241,0.93,Low_Frequency_Burst
7556,1266893634.906,10.595,3983.241,0.984,Low_Frequency_Burst
7557,1266894306.906,16.334,3987.436,1.0,Scattered_Light
7558,1266895065.676,7.622,3356.875,0.974,Whistle
7559,1266895617.457,7.538,270.369,0.974,Air_Compressor
7560,1266895619.43,7.797,442.711,0.968,Violin_Mode
7561,1266895712.906,11.22,28.467,0.965,Scattered_Light
7562,1266896112.219,21.627,3881.874,0.993,Low_Frequency_Burst
7563,1266896652.281,8.045,3680.246,0.982,Low_Frequency_Lines
7564,1266897389.672,7.519,1644.648,0.999,Low_Frequency_Burst
7565,1266898103.594,8.069,3815.341,0.969,Scattered_Light
7566,1266898432.671,22.237,2500.151,0.993,Blip
7567,1266899870.781,26.206,42.988,1.0,Scattered_Light
7568,1266900297.469,8.686,3703.979,0.942,Low_Frequency_Lines
7569,1266901246.844,23.323,3945.854,1.0,Scattered_Light
7570,1266901803.936,8.092,115.437,1.0,Blip
7571,1266902465.656,9.766,3703.979,0.912,Low_Frequency_Burst
7572,1266903220.719,22.575,37.185,1.0,Scattered_Light
7573,1266904301.109,8.127,3835.788,1.0,Low_Frequency_Burst
7574,1266905046.688,10.056,3983.241,1.0,Low_Frequency_Lines
7575,1266905681.219,8.34,3983.241,0.984,Low_Frequency_Lines
7576,1266907130.516,7.547,3705.856,0.946,Low_Frequency_Burst
7577,1266907191.188,9.315,3050.687,0.915,Power_Line
7578,1266908769.594,10.342,1036.466,0.999,Scattered_Light
7579,1266908996.464,11.211,3986.206,1.0,Blip
7580,1266910061.672,14.842,3983.241,0.997,Low_Frequency_Burst
7581,1266931945.572,537.082,3908.818,1.0,Extremely_Loud
7582,1266934538.002,491.287,3881.874,1.0,Extremely_Loud
7583,1266935132.031,7.526,3850.976,0.999,Power_Line
7584,1266944143.43,15.493,1038.739,1.0,Power_Line
7585,1266945315.063,7.591,61.788,0.979,Power_Line
7586,1266946114.793,27.04,73.85,0.99,Tomte
7587,1266949582.836,16.072,3987.081,1.0,Whistle
7588,1266951899.713,908.599,2757.861,1.0,Extremely_Loud
7589,1266954235.289,8.792,392.345,0.999,Whistle
7590,1266954953.449,7.697,50.045,0.992,Air_Compressor
7591,1266957464.184,8.3,165.977,0.995,Blip
7592,1266957824.188,9.134,51.198,0.958,Extremely_Loud
7593,1266961278.41,8.189,3700.86,0.95,Air_Compressor
7594,1266963222.797,10.386,3995.844,0.993,Air_Compressor
7595,1266967084.576,12.946,115.437,1.0,Blip
7596,1266973757.398,9.693,227.261,0.911,Low_Frequency_Lines
7597,1266975735.91,8.114,53.578,0.981,Air_Compressor
7598,1266983906.654,103.84,3030.386,0.959,Extremely_Loud
7599,1266984142.918,2879.565,2819.014,1.0,Extremely_Loud
7600,1266984694.813,1714.073,3983.241,1.0,Extremely_Loud
7601,1266988093.929,9.153,146.888,1.0,Blip
7602,1266994888.688,11.667,4003.579,0.981,Power_Line
7603,1267001558.492,7.789,441.012,0.916,Whistle
7604,1267009902.633,8.755,513.944,0.995,Violin_Mode
7605,1267012769.076,12.26,3990.298,1.0,Blip
7606,1267013630.758,9.252,3983.241,1.0,Low_Frequency_Burst
7607,1267016724.031,20.48,74.123,0.955,Extremely_Loud
7608,1267024751.611,15.193,248.315,1.0,Blip
7609,1267025207.84,8.499,523.947,0.981,Violin_Mode
7610,1267031607.73,804.071,3983.241,0.996,Extremely_Loud
7611,1267036165.719,7.507,1462.128,0.999,Low_Frequency_Lines
7612,1267037999.781,8.231,20.195,0.995,Low_Frequency_Lines
7613,1267039167.563,9.288,20.195,1.0,Low_Frequency_Lines
7614,1267039296.844,18.999,3983.241,0.993,Scattered_Light
7615,1267043649.313,8.945,194.297,0.981,Air_Compressor
7616,1267043721.551,14.197,73.85,0.996,Tomte
7617,1267045515.875,17.399,1311.471,0.927,Low_Frequency_Lines
7618,1267046947.195,7.521,509.601,0.986,Violin_Mode
7619,1267048383.313,9.119,719.952,0.995,Low_Frequency_Lines
7620,1267049484.516,16.47,1267.535,0.961,Scattered_Light
7621,1267049923.656,20.865,30.952,0.998,Scattered_Light
7622,1267051070.922,11.371,4063.053,0.99,Whistle
7623,1267051476.719,19.553,1027.87,1.0,Scattered_Light
7624,1267053342.438,8.708,1604.103,1.0,Low_Frequency_Lines
7625,1267055177.908,12.932,2688.057,1.0,Blip
7626,1267055236.438,11.599,447.013,0.999,Scattered_Light
7627,1267055402.438,11.494,3615.396,0.999,Low_Frequency_Lines
7628,1267057137.688,8.314,3945.854,0.999,Low_Frequency_Lines
7629,1267057385.469,9.547,20.838,0.984,Low_Frequency_Lines
7630,1267058105.188,10.157,23.057,1.0,Low_Frequency_Lines
7631,1267059322.549,13.636,3985.119,0.987,Blip
7632,1267059881.072,15.2,3985.119,0.955,Blip
7633,1267063847.156,14.764,1898.219,1.0,Scattered_Light
7634,1267066641.504,645.63,3983.241,1.0,Extremely_Loud
7635,1267068529.939,7.988,3718.931,1.0,Blip
7636,1267069476.449,9.186,1383.471,0.996,Whistle
7637,1267070572.531,17.561,3983.241,0.939,Low_Frequency_Burst
7638,1267070857.844,9.145,3983.241,0.981,Low_Frequency_Lines
7639,1267071280.313,7.514,3872.13,0.999,Low_Frequency_Lines
7640,1267073426.969,10.167,2398.222,0.997,Low_Frequency_Lines
7641,1267074196.109,8.12,3881.874,0.986,Low_Frequency_Burst
7642,1267074276.656,11.333,1044.43,0.993,Low_Frequency_Lines
7643,1267078143.418,8.249,3882.72,0.976,Air_Compressor
7644,1267079838.156,13.841,3983.241,0.919,Low_Frequency_Burst
7645,1267083634.859,8.108,47.964,1.0,Air_Compressor
7646,1267085684.617,7.85,3983.241,1.0,Low_Frequency_Burst
7647,1267086986.34,14.89,3881.874,0.989,Tomte
7648,1267087079.07,7.623,1864.218,0.987,Whistle
7649,1267088046.023,8.151,415.877,0.934,Whistle
7650,1267091223.969,16.021,26.59,0.926,Low_Frequency_Burst
7651,1267092342.727,8.09,453.963,0.989,Violin_Mode
7652,1267093050.063,8.839,20.195,0.944,Low_Frequency_Lines
7653,1267093629.555,9.772,436.671,0.999,Whistle
7654,1267093865.188,10.232,3983.241,0.999,Low_Frequency_Lines
7655,1267094272.281,8.351,3985.119,0.988,Scattered_Light
7656,1267094855.281,10.077,519.256,0.992,Low_Frequency_Lines
7657,1267094898.938,8.061,19.406,0.999,Low_Frequency_Lines
7658,1267096177.164,14.674,3201.357,1.0,Low_Frequency_Burst
7659,1267097501.9,36.217,261.656,1.0,Extremely_Loud
7660,1267097716.18,12.37,23.057,1.0,Low_Frequency_Burst
7661,1267098852.141,7.593,20.195,0.983,Low_Frequency_Burst
7662,1267099040.594,7.998,3680.246,0.985,Low_Frequency_Lines
7663,1267101670.438,14.647,3998.194,0.989,Power_Line
7664,1267105017.906,9.003,262.17,0.995,Low_Frequency_Burst
7665,1267105834.977,7.92,348.591,0.976,Blip
7666,1267105847.535,300.54,3983.241,0.999,Extremely_Loud
7667,1267107038.063,10.597,20.195,0.996,Low_Frequency_Lines
7668,1267107123.938,9.371,3983.241,1.0,Low_Frequency_Lines
7669,1267108386.672,7.57,23.057,0.999,Low_Frequency_Burst
7670,1267109764.32,7.595,4027.656,0.986,Whistle
7671,1267110079.156,19.349,3983.241,1.0,Scattered_Light
7672,1267111661.469,9.989,1275.038,0.997,Low_Frequency_Burst
7673,1267112439.178,118.7,196.925,0.999,Extremely_Loud
7674,1267112542.32,8.014,505.981,0.986,Violin_Mode
7675,1267115879.195,9.687,4081.336,0.973,Whistle
7676,1267116223.781,14.222,3983.241,0.92,Low_Frequency_Lines
7677,1267116423.386,12.99,165.213,1.0,Blip
7678,1267116807.563,7.679,18.295,0.989,Low_Frequency_Lines
7679,1267119666.289,8.855,3985.357,0.937,Whistle
7680,1267121271.633,8.969,606.72,0.974,Whistle
7681,1267121616.922,9.25,52.326,0.915,Air_Compressor
7682,1267123323.133,18.408,1415.018,1.0,Low_Frequency_Burst
7683,1267123353.086,17.038,30.952,1.0,Low_Frequency_Burst
7684,1267124195.813,10.737,185.618,0.998,Low_Frequency_Lines
7685,1267124621.063,8.026,19.678,0.908,Low_Frequency_Lines
7686,1267125613.063,9.113,1928.011,1.0,Low_Frequency_Lines
7687,1267125870.305,8.138,463.681,0.906,Violin_Mode
7688,1267125892.063,88.251,3881.874,0.998,Extremely_Loud
7689,1267125909.688,7.576,18.295,0.995,Low_Frequency_Lines
7690,1267138954.545,1539.258,3983.241,0.996,Extremely_Loud
7691,1267139074.801,13.613,75.727,0.996,Tomte
7692,1267139085.594,16.189,3983.241,1.0,Scattered_Light
7693,1267139174.102,7.72,2981.332,0.999,Whistle
7694,1267170259.092,23.578,110.258,0.999,Tomte
7695,1267170279.047,13.515,3983.241,0.976,Low_Frequency_Burst
7696,1267172700.375,11.971,3813.464,0.989,Low_Frequency_Lines
7697,1267173240.688,34.335,3985.119,0.913,Power_Line
7698,1267173660.906,8.062,3908.818,0.998,Low_Frequency_Burst
7699,1267173870.094,7.954,129.357,0.963,Low_Frequency_Lines
7700,1267176131.656,7.717,3482.776,1.0,Power_Line
7701,1267176569.969,10.246,3881.874,0.999,Scattered_Light
7702,1267176750.813,16.289,3813.464,0.937,Low_Frequency_Lines
7703,1267177137.328,9.842,2438.795,0.98,Whistle
7704,1267180506.031,10.814,23.057,0.998,Low_Frequency_Lines
7705,1267180539.938,15.613,3983.241,1.0,Power_Line
7706,1267180544.063,8.414,286.04,0.998,Power_Line
7707,1267181148.766,9.015,20.195,0.959,Low_Frequency_Burst
7708,1267181466.871,13.26,3799.787,0.997,Tomte
7709,1267181987.469,9.265,3026.664,0.961,Low_Frequency_Lines
7710,1267182315.688,14.087,23.057,0.927,Low_Frequency_Lines
7711,1267182645.859,11.457,3983.241,0.998,Low_Frequency_Burst
7712,1267182752.688,11.988,3983.241,0.947,Low_Frequency_Lines
7713,1267183485.727,7.737,372.381,0.989,Whistle
7714,1267183887.031,21.992,3881.874,1.0,Scattered_Light
7715,1267183905.719,8.238,3983.241,0.999,Low_Frequency_Lines
7716,1267184161.438,15.32,3983.241,0.997,Scattered_Light
7717,1267184555.008,8.271,416.367,0.992,Whistle
7718,1267184652.563,11.853,3983.241,0.998,Low_Frequency_Lines
7719,1267184742.563,151.995,3983.241,0.997,Extremely_Loud
7720,1267185036.344,11.186,3815.341,0.975,Scattered_Light
7721,1267185459.672,14.835,3983.241,0.928,Scattered_Light
7722,1267185521.563,11.898,3983.241,0.977,Low_Frequency_Lines
7723,1267185601.906,16.218,3985.119,1.0,Scattered_Light
7724,1267186319.398,10.658,326.784,0.999,Whistle
7725,1267187189.563,11.699,3881.874,0.995,Low_Frequency_Lines
7726,1267188302.547,7.984,453.735,0.999,Low_Frequency_Burst
7727,1267188412.457,7.615,1528.829,0.956,Violin_Mode
7728,1267188640.781,26.954,3983.241,0.972,Low_Frequency_Burst
7729,1267188997.188,7.613,18.134,1.0,Low_Frequency_Lines
7730,1267189318.406,10.771,3983.241,0.997,Low_Frequency_Lines
7731,1267189994.531,13.16,3983.241,0.971,Scattered_Light
7732,1267190076.938,12.003,3983.241,0.991,Low_Frequency_Lines
7733,1267190192.531,7.53,1936.424,1.0,Scattered_Light
7734,1267190303.813,9.056,3983.241,0.993,Scattered_Light
7735,1267190324.766,10.298,3985.119,0.926,Scattered_Light
7736,1267190899.656,12.109,3985.119,1.0,Scattered_Light
7737,1267191070.281,8.833,24.584,0.966,Scattered_Light
7738,1267191211.719,33.216,3703.979,1.0,Scattered_Light
7739,1267192749.719,14.727,1928.011,1.0,Scattered_Light
7740,1267193149.313,9.108,18.295,0.998,Low_Frequency_Lines
7741,1267193646.031,25.004,36.338,0.995,Extremely_Loud
7742,1267226967.164,9.074,20.195,0.927,Low_Frequency_Burst
7743,1267227140.031,8.204,1416.895,0.988,Low_Frequency_Burst
7744,1267227374.906,25.663,3908.818,1.0,Scattered_Light
7745,1267227938.781,27.634,3983.241,0.973,Extremely_Loud
7746,1267228084.719,15.566,3730.675,1.0,Scattered_Light
7747,1267230865.031,18.386,3369.126,1.0,Scattered_Light
7748,1267230935.688,9.246,3088.05,1.0,Low_Frequency_Lines
7749,1267231037.844,20.793,3983.241,0.998,Low_Frequency_Burst
7750,1267231462.719,20.214,2636.306,1.0,Scattered_Light
7751,1267232585.891,7.911,2625.649,0.95,Low_Frequency_Burst
7752,1267232724.109,12.855,44.865,1.0,Scattered_Light
7753,1267232787.344,10.566,3947.731,0.985,Scattered_Light
7754,1267232921.891,9.289,2838.809,0.996,Scattered_Light
7755,1267233012.344,10.698,2935.024,1.0,Scattered_Light
7756,1267233808.469,15.153,3881.874,0.979,Low_Frequency_Burst
7757,1267234055.859,8.757,3881.874,0.973,Low_Frequency_Burst
7758,1267234539.023,13.413,3986.648,0.979,Whistle
7759,1267234649.719,7.815,258.023,0.988,Scattered_Light
7760,1267235313.219,16.266,3984.316,1.0,Scattered_Light
7761,1267235374.438,27.948,3983.241,1.0,Low_Frequency_Burst
7762,1267235610.156,20.291,1646.525,1.0,Scattered_Light
7763,1267235739.656,16.449,3883.751,0.998,Scattered_Light
7764,1267235852.914,12.379,3983.241,0.999,Low_Frequency_Burst
7765,1267235892.844,16.275,32.885,1.0,Low_Frequency_Burst
7766,1267236649.438,30.917,3983.241,1.0,Scattered_Light
7767,1267236862.289,9.187,26.59,0.999,Scattered_Light
7768,1267237148.031,8.834,3030.386,0.924,Extremely_Loud
7769,1267237225.469,32.904,3983.241,1.0,Low_Frequency_Burst
7770,1267237347.781,8.154,1232.298,0.998,Scattered_Light
7771,1267237581.594,24.214,3983.241,0.945,Low_Frequency_Burst
7772,1267237696.391,16.794,3703.979,0.993,Scattered_Light
7773,1267237750.297,17.933,2441.856,0.906,Air_Compressor
7774,1267237805.938,11.893,34.825,0.991,Extremely_Loud
7775,1267237812.398,13.764,20.195,0.911,Low_Frequency_Burst
7776,1267238037.594,20.682,3985.119,1.0,Scattered_Light
7777,1267238266.344,11.631,3985.119,0.904,Extremely_Loud
7778,1267238436.438,68.591,2741.265,0.926,Low_Frequency_Lines
7779,1267238488.234,15.342,3985.119,0.966,Air_Compressor
7780,1267238980.938,11.886,361.802,0.998,Low_Frequency_Burst
7781,1267239261.262,7.554,3873.816,0.981,Whistle
7782,1267239422.938,24.82,3983.241,0.998,Low_Frequency_Burst
7783,1267239859.43,7.783,2195.579,1.0,Low_Frequency_Burst
7784,1267240124.094,8.337,3983.241,1.0,Low_Frequency_Burst
7785,1267240316.609,13.011,3983.241,1.0,Scattered_Light
7786,1267240419.664,9.178,3983.241,0.993,Low_Frequency_Burst
7787,1267240879.063,8.304,32.414,0.922,Low_Frequency_Burst
7788,1267241244.219,21.656,3872.13,0.973,Low_Frequency_Burst
7789,1267241462.156,19.761,3983.241,0.965,Low_Frequency_Burst
7790,1267241468.188,119.505,3983.241,0.998,Extremely_Loud
7791,1267241604.531,7.546,261.656,0.999,Low_Frequency_Burst
7792,1267241741.188,16.488,3703.979,1.0,Low_Frequency_Burst
7793,1267241939.406,86.57,3983.241,0.949,Extremely_Loud
7794,1267248097.219,10.629,21.842,0.993,Scattered_Light
7795,1267248346.563,13.201,23.057,1.0,Scattered_Light
7796,1267248662.563,8.098,61.335,0.982,Low_Frequency_Burst
7797,1267249292.97,8.665,749.113,0.9,Whistle
7798,1267249541.175,10.102,175.97,1.0,Blip
7799,1267249643.275,7.696,436.674,0.989,Whistle
7800,1267249972.016,9.599,53.578,0.994,Air_Compressor
7801,1267250130.344,25.282,3201.357,1.0,Scattered_Light
7802,1267250232.938,23.451,3945.854,0.999,Low_Frequency_Burst
7803,1267250282.516,12.59,3881.874,0.989,Low_Frequency_Burst
7804,1267250334.438,136.007,3523.706,0.982,Extremely_Loud
7805,1267250409.813,186.616,3983.241,0.993,Extremely_Loud
7806,1267268625.434,7.888,38.215,0.978,Scattered_Light
7807,1267268871.277,13.568,42.988,0.965,Extremely_Loud
7808,1267268872.93,10.414,106.794,0.959,Extremely_Loud
7809,1267268903.324,11.289,3983.241,0.915,Violin_Mode
7810,1267269067.453,9.095,132.374,0.997,Low_Frequency_Burst
7811,1267269182.352,62.641,3983.241,0.94,Extremely_Loud
7812,1267269687.652,8.848,38.215,0.925,Violin_Mode
7813,1267269899.18,16.557,3051.298,0.996,Whistle
7814,1267269945.605,16.401,3990.269,0.993,Violin_Mode
7815,1267270093.336,16.922,3983.241,0.994,Low_Frequency_Burst
7816,1267270124.371,11.399,36.338,1.0,Low_Frequency_Burst
7817,1267270400.516,20.269,3983.241,0.915,Extremely_Loud
7818,1267270413.059,13.154,3983.241,0.994,Violin_Mode
7819,1267270532.305,21.588,3983.241,0.953,Extremely_Loud
7820,1267270616.223,11.51,3929.399,1.0,Whistle
7821,1267270638.785,19.91,3908.818,0.995,Extremely_Loud
7822,1267271033.859,17.708,353.844,1.0,Whistle
7823,1267271185.469,8.476,219.404,0.986,Low_Frequency_Lines
7824,1267271619.469,18.394,3983.241,0.973,Extremely_Loud
7825,1267271621.383,8.425,3886.069,0.915,Violin_Mode
7826,1267271755.008,8.632,3176.615,0.997,Low_Frequency_Burst
7827,1267271887.418,11.352,3881.874,0.915,Extremely_Loud
7828,1267272158.055,14.798,3983.241,0.945,Extremely_Loud
7829,1267272331.844,10.348,3983.241,0.985,Scattered_Light
7830,1267272799.512,17.913,3945.854,0.93,Extremely_Loud
7831,1267273034.523,9.321,30.952,0.916,Low_Frequency_Burst
7832,1267273051.699,11.365,3983.241,0.905,Violin_Mode
7833,1267273519.199,7.84,36.338,0.98,Low_Frequency_Burst
7834,1267274697.496,8.651,3489.112,0.944,Violin_Mode
7835,1267274872.039,24.109,367.769,0.985,Whistle
7836,1267275243.711,10.194,227.261,0.958,Low_Frequency_Burst
7837,1267275396.959,107.849,3983.241,0.947,Extremely_Loud
7838,1267275485.18,10.209,4026.892,1.0,Whistle
7839,1267275823.012,17.756,3983.241,0.987,Extremely_Loud
7840,1267276078.191,9.238,36.338,0.995,Violin_Mode
7841,1267276552.879,21.664,2381.692,1.0,Whistle
7842,1267276601.688,21.698,3206.699,1.0,Low_Frequency_Burst
7843,1267276682.277,8.779,2378.556,0.967,Violin_Mode
7844,1267276712.875,13.936,3983.241,0.995,Extremely_Loud
7845,1267276944.707,15.594,2930.829,0.971,Extremely_Loud
7846,1267283817.099,154.49,3329.919,1.0,Extremely_Loud
7847,1267284344.813,8.302,1267.535,1.0,Low_Frequency_Lines
7848,1267284480.383,15.63,23.057,1.0,Low_Frequency_Burst
7849,1267284511.314,7.907,368.678,0.992,Whistle
7850,1267284634.531,135.601,3983.241,0.998,Extremely_Loud
7851,1267284879.977,19.055,3983.241,1.0,Low_Frequency_Burst
7852,1267284995.031,11.223,3557.086,0.929,Low_Frequency_Lines
7853,1267285191.969,8.524,261.488,1.0,Power_Line
7854,1267285455.406,14.725,3983.241,0.995,Power_Line
7855,1267285460.813,62.82,3703.979,0.979,Extremely_Loud
7856,1267285471.938,123.198,3983.241,1.0,Extremely_Loud
7857,1267285499.539,17.644,383.124,1.0,Whistle
7858,1267285643.688,87.272,3983.241,0.907,Extremely_Loud
7859,1267285840.813,128.811,3983.241,0.992,Extremely_Loud
7860,1267285942.938,111.48,3983.241,1.0,Extremely_Loud
7861,1267285943.219,142.572,3983.241,0.999,Extremely_Loud
7862,1267286271.188,102.364,3983.241,0.999,Extremely_Loud
7863,1267286312.938,16.72,3409.167,0.913,Extremely_Loud
7864,1267286315.938,29.766,1553.777,0.959,Extremely_Loud
7865,1267286431.938,97.232,3983.241,0.996,Extremely_Loud
7866,1267286448.688,64.915,3133.541,1.0,Extremely_Loud
7867,1267286454.094,9.743,60.206,1.0,Power_Line
7868,1267286486.563,25.19,3764.125,0.96,Extremely_Loud
7869,1267286497.625,59.673,3703.979,0.976,Extremely_Loud
7870,1267286684.975,9.622,4128.26,0.994,Whistle
7871,1267286784.266,8.746,38.215,1.0,Scattered_Light
7872,1267286858.906,20.832,359.862,0.981,Scattered_Light
7873,1267286982.086,11.571,36.338,0.987,Violin_Mode
7874,1267287420.117,7.937,497.919,0.996,Violin_Mode
7875,1267289429.844,8.004,3902.104,1.0,Power_Line
7876,1267289575.781,27.272,3945.854,0.999,Scattered_Light
7877,1267289914.969,26.724,3703.979,1.0,Scattered_Light
7878,1267290417.531,8.746,3983.241,1.0,Scattered_Light
7879,1267290431.68,7.555,31.188,1.0,Low_Frequency_Burst
7880,1267291219.313,9.764,447.013,0.977,Low_Frequency_Lines
7881,1267291748.781,17.186,3983.241,0.998,Scattered_Light
7882,1267292090.672,8.025,3192.406,0.999,Low_Frequency_Burst
7883,1267292256.094,14.932,3409.167,0.977,Low_Frequency_Burst
7884,1267292454.188,18.567,3799.787,0.911,Extremely_Loud
7885,1267292484.906,10.008,3201.357,0.996,Scattered_Light
7886,1267292677.656,8.308,23.057,0.983,Low_Frequency_Burst
7887,1267292706.688,10.034,2823.051,0.999,Low_Frequency_Lines
7888,1267292725.453,8.857,26.59,0.999,Low_Frequency_Burst
7889,1267293226.027,7.987,26.59,0.971,Low_Frequency_Burst
7890,1267293586.594,10.733,3617.273,1.0,Scattered_Light
7891,1267294466.039,7.765,413.779,0.992,Violin_Mode
7892,1267294557.563,13.216,2378.556,0.997,Low_Frequency_Lines
7893,1267294591.219,8.889,20.838,0.955,Scattered_Light
7894,1267295027.906,14.086,183.936,1.0,Scattered_Light
7895,1267295867.57,10.059,353.737,0.999,Whistle
7896,1267296006.031,22.83,3457.886,1.0,Scattered_Light
7897,1267296818.094,9.397,26.59,0.974,Low_Frequency_Burst
7898,1267297210.781,8.091,31.143,0.948,Scattered_Light
7899,1267297293.531,10.175,2706.379,0.911,Low_Frequency_Lines
7900,1267297366.297,13.317,2243.2,1.0,Scattered_Light
7901,1267297476.344,38.834,36.338,1.0,Scattered_Light
7902,1267297944.469,7.988,2743.142,0.999,Scattered_Light
7903,1267299411.969,33.594,220.397,1.0,Scattered_Light
7904,1267299557.594,16.621,36.338,1.0,Scattered_Light
7905,1267299918.219,9.207,23.057,0.999,Low_Frequency_Lines
7906,1267300126.088,8.592,61.502,0.936,Blip
7907,1267300201.031,10.836,23.057,0.921,Low_Frequency_Burst
7908,1267300276.594,8.829,26.59,0.994,Low_Frequency_Burst
7909,1267300939.594,10.339,24.934,0.999,Scattered_Light
7910,1267302188.969,15.593,3680.246,0.918,Low_Frequency_Burst
7911,1267302214.813,11.587,23.057,0.994,Low_Frequency_Lines
7912,1267303608.906,14.285,426.093,0.999,Scattered_Light
7913,1267304085.828,9.672,23.057,1.0,Low_Frequency_Burst
7914,1267304177.781,14.745,1248.333,0.987,Scattered_Light
7915,1267304317.623,4412.203,3409.167,1.0,Extremely_Loud
7916,1267304579.563,10.548,26.59,0.943,Low_Frequency_Burst
7917,1267307050.969,21.069,836.138,1.0,Scattered_Light
7918,1267308186.906,30.544,3872.13,0.999,Scattered_Light
7919,1267308808.688,7.816,19.406,0.998,Low_Frequency_Lines
7920,1267310313.594,8.808,23.057,0.964,Low_Frequency_Burst
7921,1267310404.969,14.464,26.59,0.995,Scattered_Light
7922,1267310618.781,8.303,23.057,0.963,Low_Frequency_Burst
7923,1267310779.733,8.894,3956.444,1.0,Blip
7924,1267311114.031,8.729,1928.011,0.973,Low_Frequency_Burst
7925,1267311941.031,9.265,3983.241,0.987,Low_Frequency_Lines
7926,1267312110.719,21.542,2360.253,0.997,Scattered_Light
7927,1267312317.719,9.76,3501.23,0.998,Air_Compressor
7928,1267313317.156,20.75,3176.615,0.9,Scattered_Light
7929,1267315226.844,10.098,2378.556,0.968,Low_Frequency_Burst
7930,1267319636.438,9.426,26.59,0.979,Low_Frequency_Lines
7931,1267320148.719,11.072,914.134,0.996,Low_Frequency_Lines
7932,1267323062.938,9.144,3006.243,0.997,Low_Frequency_Lines
7933,1267323441.469,7.971,20.195,0.999,Low_Frequency_Lines
7934,1267324860.049,31.635,4041.092,0.996,Blip
7935,1267324866.344,45.368,3993.831,0.997,Blip
7936,1267325974.289,8.025,20.195,1.0,Low_Frequency_Burst
7937,1267326765.469,10.553,23.057,0.999,Scattered_Light
7938,1267330101.953,8.575,3006.243,0.962,Low_Frequency_Burst
7939,1267335789.492,7.738,20.195,0.988,Low_Frequency_Burst
7940,1267338378.447,8.094,3091.52,0.956,Blip
7941,1267342755.318,18.807,243.135,0.905,Blip
7942,1267344116.124,12.224,3990.298,0.999,Blip
7943,1267353739.543,7.781,53.292,0.974,Air_Compressor
7944,1267357206.711,7.899,26.59,1.0,Low_Frequency_Burst
7945,1267358944.738,7.936,26.59,0.993,Low_Frequency_Burst
7946,1267360377.695,7.604,498.946,0.974,Violin_Mode
7947,1267361090.115,37.227,365.451,0.941,Blip
7948,1267362523.416,11.987,75.727,0.977,Tomte
7949,1267386542.984,410.107,3764.125,1.0,Extremely_Loud
7950,1267386929.436,12.537,118.971,1.0,Blip
7951,1267388044.076,8.674,99.892,1.0,Blip
7952,1267397312.813,90.798,2769.374,1.0,Scattered_Light
7953,1267397998.539,11.366,386.276,1.0,Whistle
7954,1267398280.375,579.464,3799.787,1.0,Extremely_Loud
7955,1267405313.582,1064.635,2823.051,1.0,Extremely_Loud
7956,1267413988.938,9.205,840.124,0.983,Air_Compressor
7957,1267414604.563,8.384,3026.664,1.0,Low_Frequency_Lines
7958,1267415484.926,7.693,53.578,0.99,Air_Compressor
7959,1267418145.84,21.019,61.335,0.982,Tomte
7960,1267419029.039,14.504,411.93,1.0,Whistle
7961,1267420245.563,9.837,3717.917,0.998,Air_Compressor
7962,1267421265.938,9.486,48.442,0.97,Air_Compressor
7963,1267421737.223,624.906,2930.829,1.0,Extremely_Loud
7964,1267424097.563,10.185,2350.54,0.999,Air_Compressor
7965,1267429344.852,9.602,487.549,0.951,Violin_Mode
7966,1267429346.514,7.686,349.683,0.997,Whistle
7967,1267429443.134,8.768,171.608,1.0,Blip
7968,1267432318.377,8.631,168.075,0.999,Blip
7969,1267432995.387,647.852,2920.99,0.998,Extremely_Loud
7970,1267470268.477,8.726,4026.892,0.985,Whistle
7971,1267470931.633,10.856,4073.106,1.0,Whistle
7972,1267471207.068,8.452,1679.031,0.988,Whistle
7973,1267471939.383,18.662,534.218,0.996,Whistle
7974,1267472104.117,9.272,3746.261,1.0,Low_Frequency_Burst
7975,1267472128.063,11.727,2378.556,0.993,Low_Frequency_Lines
7976,1267472687.209,9.502,4099.177,0.992,Whistle
7977,1267473173.031,8.153,20.195,0.978,Low_Frequency_Lines
7978,1267474062.406,9.001,23.057,0.993,Low_Frequency_Lines
7979,1267474314.094,8.505,20.838,0.99,Low_Frequency_Lines
7980,1267474585.235,14.95,203.982,1.0,Blip
7981,1267474823.68,11.548,411.93,0.999,Whistle
7982,1267476303.938,19.503,2642.744,0.947,Extremely_Loud
7983,1267476884.656,8.691,805.439,0.906,Low_Frequency_Lines
7984,1267476909.719,10.189,2834.458,0.998,Low_Frequency_Lines
7985,1267477397.219,8.2,23.057,0.972,Low_Frequency_Burst
7986,1267479146.031,10.983,406.738,0.946,Scattered_Light
7987,1267479257.719,32.614,3006.243,1.0,Scattered_Light
7988,1267479442.656,9.033,19.406,0.981,Low_Frequency_Lines
7989,1267479479.563,16.558,3615.396,0.994,Low_Frequency_Lines
7990,1267480518.313,10.011,3590.782,1.0,Low_Frequency_Lines
7991,1267480550.594,8.394,3409.167,0.999,Low_Frequency_Lines
7992,1267480803.578,16.625,1267.535,0.964,Low_Frequency_Burst
7993,1267480958.156,9.629,357.565,0.996,Low_Frequency_Burst
7994,1267481027.352,8.156,391.682,0.965,Whistle
7995,1267482376.719,10.687,2343.194,0.977,Scattered_Light
7996,1267483609.281,16.565,2836.932,1.0,Scattered_Light
7997,1267484014.313,7.718,20.411,1.0,Low_Frequency_Lines
7998,1267484077.469,11.219,3983.241,0.919,Extremely_Loud
7999,1267484112.063,29.67,3006.243,1.0,Scattered_Light
8000,1267484400.969,22.305,3490.116,1.0,Scattered_Light
8001,1267484826.094,31.085,73.85,0.916,Extremely_Loud
8002,1267514592.625,8.376,18.815,1.0,Low_Frequency_Lines
8003,1267515206.61,9.147,223.913,1.0,Blip
8004,1267516808.703,19.826,2834.458,0.995,Scattered_Light
8005,1267517060.594,7.724,363.574,0.998,Low_Frequency_Lines
8006,1267518110.063,8.708,3136.171,0.999,Low_Frequency_Lines
8007,1267519933.656,12.974,3350.311,0.989,Low_Frequency_Burst
8008,1267520641.906,11.373,3983.241,0.967,Low_Frequency_Burst
8009,1267523590.859,10.438,26.59,0.937,Low_Frequency_Burst
8010,1267524428.537,8.159,80.907,1.0,Blip
8011,1267524579.969,8.446,1415.018,0.996,Low_Frequency_Lines
8012,1267525306.656,12.512,1850.077,1.0,Low_Frequency_Burst
8013,1267525411.281,12.241,3728.798,0.986,Scattered_Light
8014,1267526702.156,12.835,3307.927,0.992,Low_Frequency_Lines
8015,1267527442.391,14.319,36.338,1.0,Scattered_Light
8016,1267527739.938,9.509,4003.471,1.0,Power_Line
8017,1267527740.063,10.419,4001.34,1.0,Power_Line
8018,1267528068.758,7.607,386.276,0.946,Whistle
8019,1267528263.406,26.71,3703.979,1.0,Scattered_Light
8020,1267528470.688,8.33,322.123,0.985,Low_Frequency_Lines
8021,1267528487.938,13.552,3983.241,1.0,Power_Line
8022,1267528545.469,10.641,23.057,0.991,Scattered_Light
8023,1267529005.914,62.715,3983.241,0.927,Extremely_Loud
8024,1267529200.844,7.708,21.248,0.997,Scattered_Light
8025,1267529549.344,9.79,28.467,0.987,Scattered_Light
8026,1267529601.922,11.368,28.467,0.983,Scattered_Light
8027,1267529818.945,9.224,3983.241,1.0,Low_Frequency_Burst
8028,1267529862.969,13.143,26.59,0.94,Scattered_Light
8029,1267529895.906,8.107,4001.34,1.0,Power_Line
8030,1267530207.906,12.585,32.829,1.0,Scattered_Light
8031,1267533616.313,13.853,3983.241,0.999,Low_Frequency_Lines
8032,1267533799.875,7.505,369.253,0.909,Extremely_Loud
8033,1267533832.031,7.817,305.988,1.0,Power_Line
8034,1267534028.734,15.007,3983.241,0.989,Extremely_Loud
8035,1267534767.438,16.13,4003.579,0.997,Power_Line
8036,1267535183.188,8.944,363.574,0.928,Low_Frequency_Lines
8037,1267536114.844,30.526,3983.241,1.0,Scattered_Light
8038,1267537611.445,9.166,4099.177,0.978,Violin_Mode
8039,1267538276.922,10.69,3983.241,0.976,Scattered_Light
8040,1267538651.219,12.151,3983.241,0.936,Low_Frequency_Burst
8041,1267538926.844,11.779,23.057,0.994,Scattered_Light
8042,1267539932.859,19.76,3008.12,1.0,Scattered_Light
8043,1267540123.59,9.414,3983.241,0.943,Extremely_Loud
8044,1267540237.719,21.645,2378.556,1.0,Scattered_Light
8045,1267540755.938,9.398,3983.241,0.981,Low_Frequency_Lines
8046,1267540768.094,32.884,629.82,1.0,Scattered_Light
8047,1267541048.219,7.541,19.406,0.991,Low_Frequency_Lines
8048,1267541372.844,8.238,912.972,0.992,Low_Frequency_Lines
8049,1267541796.594,13.123,3998.194,1.0,Power_Line
8050,1267542357.242,7.628,4091.635,0.962,Whistle
8051,1267542623.719,9.256,1644.648,0.932,Scattered_Light
8052,1267543341.078,12.284,26.59,0.955,Low_Frequency_Burst
8053,1267543750.578,18.462,30.952,0.944,Low_Frequency_Burst
8054,1267543801.023,406.095,3945.854,0.999,Extremely_Loud
8055,1267543882.594,22.361,42.988,1.0,Scattered_Light
8056,1267545963.422,9.735,38.378,0.956,Air_Compressor
8057,1267546011.063,8.91,2885.165,0.953,Power_Line
8058,1267546191.781,16.931,723.299,0.959,Extremely_Loud
8059,1267546215.344,9.446,20.195,0.983,Low_Frequency_Lines
8060,1267546827.094,8.324,2973.802,0.985,Low_Frequency_Lines
8061,1267549617.594,8.516,3006.243,0.987,Low_Frequency_Burst
8062,1267550880.719,19.228,3615.396,0.983,Scattered_Light
8063,1267551657.031,8.669,23.057,0.901,Low_Frequency_Burst
8064,1267553427.719,10.555,2081.292,0.972,Low_Frequency_Lines
8065,1267554218.328,8.922,3813.464,0.911,Low_Frequency_Burst
8066,1267554367.688,12.461,3249.652,0.93,Low_Frequency_Lines
8067,1267557485.219,11.33,3703.979,0.996,Low_Frequency_Lines
8068,1267558297.969,8.68,3813.464,0.995,Low_Frequency_Burst
8069,1267558615.594,14.838,1172.549,0.952,Low_Frequency_Lines
8070,1267558874.906,10.815,23.057,0.92,Low_Frequency_Burst
8071,1267558892.219,12.815,3983.241,0.999,Low_Frequency_Lines
8072,1267558963.563,7.673,19.406,1.0,Low_Frequency_Lines
8073,1267559528.781,15.797,3201.357,0.991,Low_Frequency_Burst
8074,1267561423.781,8.658,20.195,0.999,Low_Frequency_Lines
8075,1267564989.844,12.906,1440.651,0.996,Low_Frequency_Burst
8076,1267566232.531,8.989,20.195,0.984,Low_Frequency_Lines
8077,1267568192.406,7.578,43.395,0.997,Air_Compressor
8078,1267569572.375,7.502,187.222,0.997,Low_Frequency_Lines
8079,1267571293.219,10.134,505.166,0.982,Low_Frequency_Lines
8080,1267571301.844,7.575,2098.233,0.994,Low_Frequency_Lines
8081,1267572886.902,21.321,668.115,0.999,Tomte
8082,1267573581.281,8.387,43.605,0.993,Low_Frequency_Lines
8083,1267576020.469,11.095,2243.2,0.956,Low_Frequency_Lines
8084,1267582439.813,11.008,48.442,0.973,Air_Compressor
8085,1267583036.719,10.284,1160.79,0.989,Low_Frequency_Lines
8086,1267583444.563,185.245,3703.979,0.996,Extremely_Loud
8087,1267583933.637,626.725,2964.093,0.998,Extremely_Loud
8088,1267589670.998,11.341,112.576,1.0,Blip
8089,1267592589.537,7.743,50.045,0.986,Blip
8090,1267593780.063,14.809,3026.581,0.932,Power_Line
8091,1267593952.688,8.887,2797.906,0.998,Air_Compressor
8092,1267595602.313,8.395,20.195,0.983,Low_Frequency_Lines
8093,1267600023.699,1305.938,2836.932,0.958,Extremely_Loud
8094,1267601968.797,10.131,53.578,0.935,Air_Compressor
8095,1267602205.023,699.023,2341.528,0.997,Extremely_Loud
8096,1267604432.947,1064.408,3006.243,1.0,Extremely_Loud
8097,1267608226.179,26.247,367.769,0.993,Blip
8098,1267613104.654,16.478,131.936,0.989,Tomte
8099,1267617658.625,72.236,3582.116,1.0,Scattered_Light
8100,1267619998.355,8.166,53.292,0.99,Air_Compressor
8101,1267626892.152,8.232,350.639,0.942,Whistle
8102,1267627219.008,8.124,26.59,1.0,Low_Frequency_Burst
8103,1267630944.813,16.462,3429.506,0.926,Power_Line
8104,1267635262.063,10.258,3772.084,0.92,Power_Line
8105,1267636990.311,7.511,68.391,0.994,Blip
8106,1267638618.639,16.069,201.12,0.999,Blip
8107,1267642519.313,32.562,3896.826,0.983,Power_Line
8108,1267648453.969,7.819,20.838,0.926,Low_Frequency_Burst
8109,1267651794.047,8.227,244.207,0.981,Low_Frequency_Burst
8110,1267653431.332,8.128,53.292,0.96,Air_Compressor
8111,1267656144.938,13.671,2101.63,0.919,Power_Line
8112,1267657391.4,8.081,109.64,0.995,Blip
8113,1267659073.438,20.125,3626.024,1.0,Power_Line
8114,1267662593.364,8.288,123.333,1.0,Blip
8115,1267669093.832,8.175,50.045,0.994,Air_Compressor
8116,1267672340.313,13.646,3902.212,0.99,Power_Line
8117,1267676486.845,9.185,181.356,1.0,Blip
8118,1267677328.938,12.404,71.536,0.994,Power_Line
8119,1267677433.156,7.824,2061.918,0.994,Low_Frequency_Lines
8120,1267680667.813,10.212,406.398,0.942,Power_Line
8121,1267680954.84,18.863,3703.979,0.994,Tomte
8122,1267682964.566,207.813,241.258,0.999,Extremely_Loud
8123,1267684806.063,18.098,3960.806,0.919,Power_Line
8124,1267687369.77,897.161,3703.979,1.0,Extremely_Loud
8125,1267688007.391,9.569,53.578,0.993,Air_Compressor
8126,1267688531.896,24.477,3985.119,0.964,Blip
8127,1267689326.061,16.152,3947.731,0.953,Blip
8128,1267696502.852,7.781,53.292,0.999,Air_Compressor
8129,1267700719.418,7.55,53.578,0.98,Air_Compressor
8130,1267701491.375,7.862,3680.246,0.998,Low_Frequency_Lines
8131,1267702533.477,11.514,441.012,1.0,Whistle
8132,1267702894.838,460.519,3457.886,1.0,Extremely_Loud
8133,1267704334.004,7.649,53.292,0.952,Blip
8134,1267706910.906,10.026,3582.147,0.989,Power_Line
8135,1267712466.145,7.648,53.578,0.964,Air_Compressor
8136,1267715421.688,8.123,3351.316,1.0,Low_Frequency_Lines
8137,1267716448.364,22.6,3950.049,1.0,Blip
8138,1267728716.185,10.44,146.888,1.0,Blip
8139,1267729333.426,7.652,53.292,0.997,Blip
8140,1267737164.574,7.585,53.578,0.998,Blip
8141,1267737616.158,11.649,201.12,0.999,Blip
8142,1267739272.762,7.524,50.045,0.96,Air_Compressor
8143,1267741080.152,7.957,811.952,0.981,Air_Compressor
8144,1267744858.188,16.68,76.287,0.994,Power_Line
8145,1267744995.723,8.303,53.292,0.999,Blip
8146,1267746870.215,8.513,1516.61,0.977,Tomte
8147,1267751065.438,8.252,70.714,0.983,Power_Line
8148,1267751122.719,21.512,3424.12,0.964,Power_Line
8149,1267762343.938,13.708,1942.963,0.9,Power_Line
8150,1267765795.557,10.331,1103.272,0.922,Tomte
8151,1267767023.188,20.449,76.287,0.999,Power_Line
8152,1267767978.001,16.579,297.871,0.998,Blip
8153,1267768957.188,8.771,3572.03,0.984,Power_Line
8154,1267771497.324,374.777,2741.265,1.0,Extremely_Loud
8155,1267773054.074,15.33,61.335,0.989,Tomte
8156,1267799035.43,17.755,476.919,0.991,Violin_Mode
8157,1267799132.867,9.73,497.019,1.0,Violin_Mode
8158,1267799336.477,9.389,485.115,0.947,Violin_Mode
8159,1267799543.914,8.767,414.075,0.992,Violin_Mode
8160,1267799561.773,10.739,3382.282,0.993,Violin_Mode
8161,1267799689.156,9.269,23.057,0.955,Scattered_Light
8162,1267799767.477,9.324,482.542,0.97,Violin_Mode
8163,1267799916.023,15.434,3983.241,0.993,Violin_Mode
8164,1267800156.961,9.624,3368.324,0.936,Violin_Mode
8165,1267801030.18,8.812,352.315,0.999,Whistle
8166,1267801443.055,9.689,482.803,0.991,Violin_Mode
8167,1267802905.531,8.86,26.59,0.994,Low_Frequency_Burst
8168,1267803150.422,13.894,2651.144,0.954,Low_Frequency_Burst
8169,1267803299.882,10.367,123.333,1.0,Blip
8170,1267803758.844,9.535,23.057,0.959,Low_Frequency_Burst
8171,1267804036.758,17.045,321.626,0.99,Violin_Mode
8172,1267804212.398,9.479,324.272,0.991,Violin_Mode
8173,1267804310.477,9.447,634.661,0.977,Violin_Mode
8174,1267804736.836,7.928,375.643,0.99,Whistle
8175,1267804961.258,10.926,468.729,0.962,Violin_Mode
8176,1267805212.102,9.833,1319.475,0.912,Violin_Mode
8177,1267805443.008,11.512,315.16,0.987,Violin_Mode
8178,1267805510.523,9.895,3421.035,0.96,Whistle
8179,1267806163.32,9.756,470.856,0.944,Violin_Mode
8180,1267806251.906,8.228,1027.87,0.929,Low_Frequency_Burst
8181,1267809239.359,9.959,2836.932,0.982,Low_Frequency_Burst
8182,1267809631.51,18.079,2541.07,1.0,Blip
8183,1267810885.813,9.185,363.574,0.999,Low_Frequency_Lines
8184,1267811389.418,5688.513,3409.167,1.0,Extremely_Loud
8185,1267812292.813,7.693,18.295,1.0,Low_Frequency_Lines
8186,1267817030.902,561.711,363.574,0.985,Extremely_Loud
8187,1267823005.801,7.608,684.686,0.988,Air_Compressor
8188,1267824813.199,7.916,53.578,0.94,Power_Line
8189,1267828123.938,11.77,1462.128,0.991,Scattered_Light
8190,1267828734.77,229.721,2964.093,1.0,Extremely_Loud
8191,1267836739.811,9.239,199.182,0.916,Tomte
8192,1267839899.652,31.463,3457.886,0.905,Tomte
8193,1267842262.105,202.995,2823.051,1.0,Extremely_Loud
8194,1267843264.969,7.921,69.425,0.965,Power_Line
8195,1267852222.215,7.539,213.399,0.996,Air_Compressor
8196,1267852352.346,7.563,1429.97,1.0,Blip
8197,1267858328.994,8.59,123.333,1.0,Blip
8198,1267879214.313,1196.207,2964.093,1.0,Extremely_Loud
8199,1267881107.904,7.931,3397.493,0.941,Blip
8200,1267897470.578,9.127,47.964,1.0,Air_Compressor
8201,1267897472.84,8.066,89.302,0.99,Tomte
8202,1267899218.619,337.542,3983.241,0.906,Extremely_Loud
8203,1267900993.367,7.813,384.939,0.998,Whistle
8204,1267901243.289,14.158,385.859,1.0,Whistle
8205,1267901269.563,9.288,433.25,0.997,Low_Frequency_Lines
8206,1267902855.641,7.936,283.474,0.949,Whistle
8207,1267903734.229,4094.54,3945.854,1.0,Extremely_Loud
8208,1267903744.031,8.444,3629.333,0.933,Air_Compressor
8209,1267905366.65,23579.982,3983.241,1.0,Extremely_Loud
8210,1267905751.066,801.105,1462.128,0.998,Extremely_Loud
8211,1267907984.102,12.639,316.206,0.999,Whistle
8212,1267910256.102,14.716,385.859,1.0,Whistle
8213,1267911306.488,99.643,3298.676,0.965,Extremely_Loud
8214,1267911911.098,29.425,89.302,0.956,Tomte
8215,1267912586.102,7.741,3615.396,0.966,Low_Frequency_Burst
8216,1267916135.57,10.712,386.276,1.0,Whistle
8217,1267917674.188,9.021,3983.241,0.991,Scattered_Light
8218,1267926078.752,607.029,3983.241,1.0,Extremely_Loud
8219,1267932039.652,8.765,53.292,0.996,Air_Compressor
8220,1267933738.771,11.619,142.526,1.0,Blip
8221,1267942071.4,9.406,108.736,0.932,Tomte
8222,1267945938.109,7.532,327.77,0.998,Low_Frequency_Burst
8223,1267947257.859,8.266,24.327,0.99,Low_Frequency_Burst
8224,1267948710.063,8.582,142.526,0.999,Blip
8225,1267949108.438,26.29,183.821,0.984,Extremely_Loud
8226,1267950095.74,10.249,136.131,0.999,Blip
8227,1267950412.715,7.647,53.578,0.961,Blip
8228,1267959135.203,7.766,47.964,0.997,Air_Compressor
8229,1267959614.672,9.109,3835.788,0.959,Power_Line
8230,1267959839.531,21.956,75.21,0.918,Extremely_Loud
8231,1267960345.906,8.728,46.695,0.999,Air_Compressor
8232,1267961172.406,9.645,57.94,0.936,Power_Line
8233,1267963124.688,7.506,17.666,1.0,Low_Frequency_Lines
8234,1267967536.227,10.496,30.952,0.999,Low_Frequency_Burst
8235,1267968175.088,9.306,78.045,0.987,Blip
8236,1267969955.811,7.723,65.53,0.997,Blip
8237,1267971714.863,2728.463,3983.241,1.0,Extremely_Loud
8238,1267989105.811,8.212,67.784,0.999,Blip
8239,1267992425.313,9.018,3582.116,0.909,Low_Frequency_Lines
8240,1267996623.305,12.721,357.194,1.0,Whistle
8241,1267997800.461,11.449,314.466,0.999,Whistle
8242,1267999575.949,8.37,318.4,0.998,Whistle
8243,1268004076.008,7.521,4001.34,0.939,Power_Line
8244,1268004604.473,8.366,312.787,1.0,Whistle
8245,1268016792.955,7.927,3990.298,1.0,Blip
8246,1268017194.115,13.834,165.213,1.0,Blip
8247,1268020659.438,1350.683,3427.638,1.0,Extremely_Loud
8248,1268026037.813,8.115,23.057,1.0,Low_Frequency_Lines
8249,1268030832.348,7.827,53.292,0.989,Air_Compressor
8250,1268034446.73,9.398,53.292,0.961,Air_Compressor
8251,1268050881.914,16.326,411.93,1.0,Whistle
8252,1268051651.961,10.253,372.28,0.999,Whistle
8253,1268052201.941,8.822,110.258,0.952,Tomte
8254,1268052249.676,13.507,357.194,1.0,Whistle
8255,1268052671.148,10.58,316.178,0.999,Whistle
8256,1268052694.23,8.489,2025.341,0.998,Whistle
8257,1268053064.055,13.905,1267.261,0.998,Whistle
8258,1268065675.574,573.428,2823.051,0.946,Extremely_Loud
8259,1268066373.895,8.788,53.292,0.98,Air_Compressor
8260,1268069547.355,11.381,385.859,0.999,Whistle
8261,1268071505.09,340.848,295.994,0.978,Extremely_Loud
8262,1268074272.83,22.655,300.189,0.999,Blip
8263,1268079192.436,9.233,93.497,0.994,Blip
8264,1268079325.215,8.623,47.964,0.994,Air_Compressor
8265,1268086168.031,9.971,23.057,0.945,Low_Frequency_Burst
8266,1268088542.875,8.152,2061.918,0.919,Scattered_Light
8267,1268090469.525,7.56,53.578,1.0,Blip
8268,1268091975.723,9.636,58.255,0.996,Blip
8269,1268094385.105,8.049,50.045,0.955,Air_Compressor
8270,1268096493.488,7.861,53.578,0.978,Air_Compressor
8271,1268097493.945,254.165,447.013,0.993,Extremely_Loud
8272,1268097952.465,172.675,1898.219,0.952,Extremely_Loud
8273,1268103264.393,929.721,2964.093,0.998,Extremely_Loud
8274,1268112784.719,7.511,20.195,0.989,Low_Frequency_Lines
8275,1268114987.438,7.765,20.195,1.0,Low_Frequency_Lines
8276,1268115284.412,395.637,3551.692,0.963,Extremely_Loud
8277,1268116071.367,8.051,2385.613,0.989,Air_Compressor
8278,1268117568.154,13.826,521.339,0.978,Tomte
8279,1268125061.885,7.712,3336.976,1.0,Blip
8280,1268127765.938,15.064,3026.581,0.906,Power_Line
8281,1268150086.199,9.474,53.075,0.984,Tomte
8282,1268154624.676,8.338,53.292,0.978,Air_Compressor
8283,1268158873.563,8.655,572.654,0.992,Low_Frequency_Lines
8284,1268161251.238,7.921,53.578,0.979,Blip
8285,1268163961.801,9.066,58.255,0.962,Air_Compressor
8286,1268167112.688,12.003,2984.431,0.983,Power_Line
8287,1268170163.674,9.92,2662.917,1.0,Blip
8288,1268174730.785,15.101,89.302,1.0,Tomte
8289,1268184109.621,7161.933,3983.241,1.0,Extremely_Loud
8290,1268197638.438,8.676,2810.325,1.0,Low_Frequency_Lines
8291,1268197997.379,8.762,53.578,0.997,Air_Compressor
8292,1268201952.688,8.873,201.363,0.923,Low_Frequency_Lines
8293,1268202369.563,13.407,3923.77,0.998,Power_Line
8294,1268202627.406,10.542,52.326,0.954,Air_Compressor
8295,1268203460.418,824.825,3350.311,0.999,Extremely_Loud
8296,1268204616.203,82.851,3881.874,1.0,Extremely_Loud
8297,1268211897.531,7.98,3457.886,0.981,Low_Frequency_Lines
8298,1268213960.652,7.817,53.292,0.994,Air_Compressor
8299,1268214005.316,1036.959,3703.979,1.0,Extremely_Loud
8300,1268214538.76,10.033,123.333,1.0,Blip
8301,1268216671.436,8.465,61.502,0.932,Blip
8302,1268218478.82,7.777,50.045,0.959,Air_Compressor
8303,1268218493.637,12.066,133.813,0.974,Tomte
8304,1268222744.563,8.649,2733.211,0.967,Air_Compressor
8305,1268234446.719,8.014,182.481,0.996,Low_Frequency_Lines
8306,1268240284.154,9.387,401.2,0.998,Blip
8307,1268244381.637,8.32,53.578,0.985,Air_Compressor
8308,1268244682.832,7.669,2833.64,0.992,Air_Compressor
8309,1268247188.969,8.005,2964.093,0.98,Low_Frequency_Burst
8310,1268247776.637,13.567,404.285,0.968,Tomte
8311,1268254617.596,4825.794,2863.791,1.0,Extremely_Loud
8312,1268255011.59,1055.039,914.134,0.995,Extremely_Loud
8313,1268258538.137,7.824,53.292,0.985,Air_Compressor
8314,1268261148.094,8.311,2081.292,0.982,Low_Frequency_Burst
8315,1268261459.424,19.669,3947.731,0.983,Blip
8316,1268268176.467,7.935,61.502,0.919,Blip
8317,1268269983.66,8.451,53.578,0.98,Blip
8318,1268276911.012,8.026,50.045,0.939,Air_Compressor
8319,1268278992.473,2411.411,3983.241,1.0,Extremely_Loud
8320,1268282963.433,11.211,146.888,1.0,Blip
8321,1268283245.48,2737.517,3813.464,1.0,Extremely_Loud
8322,1268285517.802,10.842,165.213,0.996,Blip
8323,1268286066.67,391.304,3201.357,1.0,Extremely_Loud
8324,1268288347.563,7.812,70.22,0.966,Power_Line
8325,1268289961.063,8.8,19.406,0.999,Low_Frequency_Lines
8326,1268291299.188,7.762,3006.243,0.984,Low_Frequency_Burst
8327,1268296309.932,14.932,168.075,1.0,Blip
8328,1268299647.412,8.319,118.971,1.0,Blip
8329,1268302512.824,8.629,53.578,0.931,Air_Compressor
8330,1268302575.813,9.784,2989.916,0.997,Power_Line
8331,1268304320.215,7.526,53.578,0.998,Air_Compressor
8332,1268304593.777,124.739,1936.424,0.981,Extremely_Loud
8333,1268305789.813,345.563,3881.874,1.0,Extremely_Loud
8334,1268307006.373,18.078,89.302,0.971,Tomte
8335,1268309510.957,7.682,93.497,1.0,Blip
8336,1268311355.684,646.906,1311.471,1.0,Extremely_Loud
8337,1268314916.063,14.774,1197.737,0.901,Power_Line
8338,1268315001.938,7.624,19.536,0.995,Low_Frequency_Lines
8339,1268315047.92,243.518,2081.292,0.956,Extremely_Loud
8340,1268322503.375,9.133,220.259,0.955,Low_Frequency_Lines
8341,1268326068.438,8.685,1776.794,0.998,Low_Frequency_Lines
8342,1268326910.059,8.619,58.255,0.985,Air_Compressor
8343,1268327499.195,155.291,1149.948,0.971,Extremely_Loud
8344,1268327995.957,651.264,2378.556,1.0,Extremely_Loud
8345,1268333075.548,11.476,168.075,1.0,Blip
8346,1268334492.83,3368.09,3881.874,1.0,Extremely_Loud
8347,1268336154.625,7.779,18.815,1.0,Low_Frequency_Lines
8348,1268336535.24,657.445,1644.648,0.971,Extremely_Loud
8349,1268343063.176,10.635,61.335,0.998,Tomte
8350,1268346789.113,7.817,58.255,0.932,Air_Compressor
8351,1268346805.941,262.333,3557.086,0.989,Extremely_Loud
8352,1268350661.992,68.309,3833.802,0.998,Blip
8353,1268356195.909,11.768,168.075,1.0,Blip
8354,1268358614.063,24.338,3605.734,0.943,Power_Line
8355,1268360728.604,605.645,1850.077,1.0,Extremely_Loud
8356,1268361829.043,36.221,89.302,0.99,Tomte
8357,1268362150.199,8.269,61.788,0.94,Blip
8358,1268367870.512,297.217,363.574,0.999,Extremely_Loud
8359,1268370331.352,8.117,487.549,0.94,Violin_Mode
8360,1268370738.625,918.845,3983.241,1.0,Extremely_Loud
8361,1268370740.125,349.238,3983.241,0.998,Extremely_Loud
8362,1268374059.188,8.004,1143.521,1.0,Power_Line
8363,1268374954.301,1132.928,3489.112,1.0,Extremely_Loud
8364,1268389860.197,7.565,61.788,0.964,Blip
8365,1268397384.227,8.681,386.276,0.999,Whistle
8366,1268398460.664,13.656,1417.119,0.999,Whistle
8367,1268398743.398,16.873,441.012,0.998,Whistle
8368,1268398758.977,11.556,353.737,0.999,Whistle
8369,1268399118.008,24.058,1379.057,1.0,Whistle
8370,1268399561.44,7.575,386.276,0.995,Whistle
8371,1268401243.852,9.418,374.816,0.972,Whistle
8372,1268401580.98,10.347,411.93,0.997,Whistle
8373,1268401609.102,10.662,479.51,0.997,Whistle
8374,1268402322.391,9.462,271.838,0.986,Whistle
8375,1268402819.367,8.98,228.007,0.918,Whistle
8376,1268403413.164,16.597,411.93,0.999,Whistle
8377,1268403651.086,7.87,352.315,0.967,Whistle
8378,1268405355.852,14.605,399.801,1.0,Whistle
8379,1268405788.992,16.04,411.93,1.0,Whistle
8380,1268406273.492,14.958,357.194,0.998,Whistle
8381,1268407459.633,16.872,411.93,1.0,Whistle
8382,1268408580.152,95.907,161.018,0.995,Extremely_Loud
8383,1268410040.465,8.479,53.292,0.925,Air_Compressor
8384,1268414705.762,180.286,2061.918,0.999,Extremely_Loud
8385,1268417937.271,15.33,201.12,1.0,Blip
8386,1268419678.988,7.555,53.292,0.929,Blip
8387,1268426468.91,21.99,98.74,0.994,Tomte
8388,1268426700.18,10.211,2052.473,0.999,Whistle
8389,1268430355.519,12.581,168.075,1.0,Blip
8390,1268431726.916,7.909,61.502,0.94,Blip
8391,1268433046.563,9.753,3680.246,0.995,Low_Frequency_Lines
8392,1268434084.813,7.589,3240.109,0.999,Low_Frequency_Lines
8393,1268445883.012,8.038,53.292,0.94,Air_Compressor
8394,1268449422.11,16.215,203.375,1.0,Blip
8395,1268452746.996,9.517,441.012,0.999,Whistle
8396,1268455111.567,10.657,196.925,0.958,Blip
8397,1268480610.509,7.78,84.44,1.0,Blip
8398,1268486781.961,15.236,929.017,1.0,Whistle
8399,1268487094.867,11.067,386.276,1.0,Whistle
8400,1268487265.883,7.719,374.984,0.983,Whistle
8401,1268487613.539,8.747,201.363,0.932,Whistle
8402,1268488738.633,9.3,374.157,0.997,Whistle
8403,1268489425.234,8.312,288.568,0.948,Whistle
8404,1268490019.055,14.931,665.966,0.999,Whistle
8405,1268491852.961,9.483,1412.553,0.999,Whistle
8406,1268494017.742,14.638,411.93,1.0,Whistle
8407,1268494253.582,406.157,3881.874,1.0,Extremely_Loud
8408,1268494958.789,10.192,372.381,0.998,Whistle
8409,1268495051.242,13.274,3862.197,1.0,Whistle
8410,1268506294.129,12.59,61.335,0.999,Tomte
8411,1268506725.176,7.595,53.578,0.968,Blip
8412,1268513462.063,7.641,108.656,1.0,Power_Line
8413,1268539555.551,7.621,809.14,0.99,Air_Compressor
8414,1268542023.229,18.2,303.051,1.0,Blip
8415,1268542940.793,16.694,73.85,0.994,Tomte
8416,1268542974.277,418.058,3409.167,0.958,Extremely_Loud
8417,1268549999.99,7.512,112.576,0.995,Blip
8418,1268551242.487,21.483,302.444,1.0,Blip
8419,1268560940.605,7.607,61.788,0.929,Air_Compressor
8420,1268561241.793,7.846,53.578,0.938,Air_Compressor
8421,1268562747.988,7.696,61.502,0.993,Blip
8422,1268564173.531,7.512,1316.151,0.993,Air_Compressor
8423,1268564823.912,7.544,118.971,1.0,Blip
8424,1268565137.798,11.177,146.888,1.0,Blip
8425,1268567546.219,7.685,48.836,0.998,Air_Compressor
8426,1268567743.375,1344.868,3983.241,1.0,Extremely_Loud
8427,1268572988.713,7.59,53.578,0.974,Power_Line
8428,1268600102.898,8.014,307.073,0.995,Whistle
8429,1268614594.363,9.634,297.606,0.999,Whistle
8430,1268616929.756,17.09,2351.832,1.0,Blip
8431,1268617165.533,26.514,2722.487,0.96,Blip
8432,1268619320.313,13.546,1267.535,0.937,Low_Frequency_Lines
8433,1268623428.391,8.165,290.014,0.986,Whistle
8434,1268624493.348,7.986,61.502,0.987,Blip
8435,1268624941.635,7.963,2887.046,0.989,Whistle
8436,1268625554.188,52.108,3255.062,0.915,Power_Line
8437,1268626355.526,9.916,2984.431,1.0,Blip
8438,1268632324.711,7.848,53.578,0.999,Air_Compressor
8439,1268632610.236,27.161,131.936,0.998,Tomte
8440,1268674549.555,9.306,374.157,0.998,Whistle
8441,1268675151.336,16.453,384.939,0.997,Whistle
8442,1268675173.461,14.205,411.93,0.999,Whistle
8443,1268675182.23,9.329,386.276,1.0,Whistle
8444,1268675479.914,8.805,372.381,0.986,Whistle
8445,1268676257.152,8.719,1101.11,0.997,Whistle
8446,1268677289.273,8.342,343.197,1.0,Whistle
8447,1268678615.617,10.934,372.28,0.998,Whistle
8448,1268678665.246,10.33,2408.356,1.0,Whistle
8449,1268678724.852,8.798,374.984,0.998,Whistle
8450,1268678854.758,10.833,386.276,1.0,Whistle
8451,1268679199.883,15.87,399.787,1.0,Whistle
8452,1268679425.398,8.637,372.28,0.999,Whistle
8453,1268684317.977,7.902,1948.24,0.997,Power_Line
8454,1268686292.266,9.18,304.743,0.92,Whistle
8455,1268688171.867,8.601,406.342,0.998,Whistle
8456,1268689552.277,9.065,50.045,0.947,Blip
8457,1268694633.723,13.864,3464.271,0.951,Tomte
8458,1268695694.473,672.75,2964.093,0.994,Extremely_Loud
8459,1268697605.328,8.493,272.041,0.978,Whistle
8460,1268702895.191,187.023,3881.874,1.0,Extremely_Loud
8461,1268709035.246,403.258,3908.818,0.999,Extremely_Loud
8462,1268709083.52,12.218,2491.282,0.992,Tomte
8463,1268709229.781,9.552,70.714,0.987,Power_Line
8464,1268710334.738,7.93,53.578,0.974,Air_Compressor
8465,1268711830.791,21.321,3557.086,0.999,Extremely_Loud
8466,1268720475.116,10.286,146.888,1.0,Blip
8467,1268722665.49,241.247,3703.979,1.0,Extremely_Loud
8468,1268723631.875,7.54,20.195,0.999,Low_Frequency_Lines
8469,1268724123.188,31.154,3998.194,0.997,Power_Line
8470,1268724166.594,10.567,3257.407,0.983,Power_Line
8471,1268727790.815,14.078,196.925,0.991,Blip
8472,1268727834.059,13.099,73.85,0.972,Tomte
8473,1268731269.438,14.78,3429.506,0.943,Power_Line
8474,1268736001.688,77.745,3983.241,0.999,Extremely_Loud
8475,1268736237.949,8.007,53.578,0.998,Air_Compressor
8476,1268744370.285,8.445,53.578,0.964,Air_Compressor
8477,1268746274.865,7.727,3416.224,0.999,Blip
8478,1268752803.629,7.579,2022.336,0.989,Air_Compressor
8479,1268759780.071,7.679,276.456,0.995,Blip
8480,1268762664.938,11.297,70.22,0.912,Power_Line
8481,1268762748.969,11.559,66.15,0.926,Power_Line
8482,1268764522.063,19.505,4003.579,0.903,Power_Line
8483,1268766752.127,11.323,138.993,0.999,Blip
8484,1268767562.527,8.079,53.292,0.99,Air_Compressor
8485,1268769554.732,19.139,299.4,0.982,Blip
8486,1268770088.063,10.898,2930.829,0.988,Low_Frequency_Lines
8487,1268770532.471,399.2,1928.011,0.98,Extremely_Loud
8488,1268775388.125,8.172,20.195,0.995,Low_Frequency_Lines
8489,1268776635.178,542.06,3983.241,0.973,Extremely_Loud
8490,1268777571.768,15.999,245.453,1.0,Blip
8491,1268778405.645,8.646,3250.699,0.992,Air_Compressor
8492,1268778706.781,7.697,44.382,0.925,Air_Compressor
8493,1268781728.875,8.459,20.195,0.997,Low_Frequency_Lines
8494,1268787179.977,21.255,182.86,0.959,Low_Frequency_Burst
8495,1268787181.297,32.58,162.022,0.978,Extremely_Loud
8496,1268787293.513,1350.239,3983.241,0.999,Extremely_Loud
8497,1268791357.16,8.53,53.292,0.964,Blip
8498,1268791994.938,25.419,3045.338,0.943,Power_Line
8499,1268793465.543,7.734,50.045,0.926,Blip
8500,1268800322.855,6425.007,3983.241,1.0,Extremely_Loud
8501,1268801121.262,7.512,3768.32,0.999,Blip
8502,1268803516.123,2714.007,3983.241,1.0,Extremely_Loud
8503,1268806743.313,29.436,3743.75,0.901,Power_Line
8504,1268808525.223,8.304,53.578,0.996,Air_Compressor
8505,1268812532.677,7.816,93.497,0.992,Blip
8506,1268814248.191,7.811,1057.285,0.995,Air_Compressor
8507,1268815386.137,1433.163,3201.357,1.0,Extremely_Loud
8508,1268815394.563,8.279,2849.848,0.963,Air_Compressor
8509,1268816356.574,7.817,53.578,0.969,Air_Compressor
8510,1268816657.719,8.22,81.172,0.979,Air_Compressor
8511,1268825714.813,15.891,707.434,0.957,Power_Line
8512,1268840940.093,8.666,186.08,1.0,Blip
8513,1268841068.332,18.745,61.335,0.986,Tomte
8514,1268844288.044,9.526,152.274,1.0,Blip
8515,1268848584.746,9.153,3892.179,0.992,Air_Compressor
8516,1268850442.271,11.392,207.408,0.996,Blip
8517,1268851997.768,21.478,3913.013,1.0,Blip
8518,1268853281.406,9.548,23.057,0.948,Low_Frequency_Burst
8519,1268854556.938,26.492,3021.195,0.985,Power_Line
8520,1268856491.328,7.986,26.59,0.944,Low_Frequency_Lines
8521,1268867367.387,446.056,1453.523,0.996,Extremely_Loud
8522,1268870463.289,1318.014,3693.803,0.999,Extremely_Loud
8523,1268870873.184,7.704,53.292,0.996,Air_Compressor
8524,1268873282.762,8.112,2632.706,0.963,Air_Compressor
8525,1268875534.063,8.44,19.406,0.998,Low_Frequency_Lines
8526,1268881716.309,9.154,1197.172,0.962,Air_Compressor
8527,1268900115.898,12.505,411.93,1.0,Whistle
8528,1268900992.967,7.763,53.292,0.928,Blip
8529,1268901396.629,13.298,441.012,0.997,Whistle
8530,1268901750.352,11.851,3848.998,0.999,Whistle
8531,1268902720.742,630.393,2823.051,1.0,Extremely_Loud
8532,1268903165.191,10.9,399.801,1.0,Whistle
8533,1268905301.347,8.277,211.877,1.0,Blip
8534,1268910125.084,8.825,1418.143,0.997,Blip
8535,1268914856.941,7.644,1761.055,0.966,Whistle
8536,1268915653.688,18.574,1568.729,0.923,Power_Line
8537,1268918376.086,7.957,665.092,0.929,Violin_Mode
8538,1268926529.059,8.154,2736.193,0.936,Blip
8539,1268930427.313,18.826,62.483,0.947,Power_Line
8540,1268930510.559,7.919,53.292,0.976,Air_Compressor
8541,1268932919.934,7.541,61.502,0.958,Air_Compressor
8542,1268935028.324,8.153,53.578,0.991,Air_Compressor
8543,1268936835.715,7.678,53.292,0.988,Blip
8544,1268938172.17,136.19,2402.539,0.998,Extremely_Loud
8545,1268941885.615,14.482,203.982,1.0,Blip
8546,1268945014.521,7.832,181.356,1.0,Blip
8547,1268945269.246,9.251,50.045,0.992,Air_Compressor
8548,1268946121.176,26.994,3703.979,0.944,Tomte
8549,1268950802.969,8.492,18.134,1.0,Low_Frequency_Burst
8550,1268951495.914,63.7,3746.261,0.983,Extremely_Loud
8551,1268952503.617,9.375,523.281,0.966,Violin_Mode
8552,1268952902.572,19.335,3985.119,0.956,Tomte
8553,1268953320.031,16.162,3983.241,0.957,Low_Frequency_Burst
8554,1268954265.781,8.689,3872.13,0.99,Low_Frequency_Burst
8555,1268954298.281,8.417,3881.874,0.912,Low_Frequency_Lines
8556,1268954624.219,15.905,2199.88,1.0,Scattered_Light
8557,1268954993.781,7.616,83.827,0.936,Low_Frequency_Burst
8558,1268955028.031,8.811,23.057,0.987,Low_Frequency_Lines
8559,1268955263.289,7.878,1739.411,0.984,Power_Line
8560,1268955750.918,8.208,65.53,0.999,Blip
8561,1268956402.008,11.018,441.012,0.971,Whistle
8562,1268957316.973,8.611,50.045,0.921,Air_Compressor
8563,1268957559.422,20.135,3983.241,0.993,Scattered_Light
8564,1268957609.156,8.096,3703.979,0.991,Low_Frequency_Lines
8565,1268957799.531,10.628,27.594,0.993,Scattered_Light
8566,1268958887.344,10.068,3983.241,0.997,Low_Frequency_Lines
8567,1268959042.906,9.57,261.656,0.999,Low_Frequency_Lines
8568,1268960918.172,10.772,1706.286,0.998,Low_Frequency_Burst
8569,1268961105.219,8.868,1299.963,0.996,Low_Frequency_Lines
8570,1268961575.156,16.439,3983.241,0.981,Scattered_Light
8571,1268961706.281,9.435,1627.912,0.999,Low_Frequency_Lines
8572,1268962189.656,7.874,3703.979,0.967,Low_Frequency_Burst
8573,1268962670.977,7.914,480.73,0.997,Violin_Mode
8574,1268965131.594,15.502,373.62,0.957,Low_Frequency_Burst
8575,1268966832.281,7.958,2337.938,0.989,Low_Frequency_Lines
8576,1268967065.469,12.889,3881.874,0.995,Scattered_Light
8577,1268967404.621,8.089,362.816,0.994,Whistle
8578,1268970121.156,10.429,3983.241,0.934,Low_Frequency_Lines
8579,1268970184.164,9.838,320.622,0.999,Violin_Mode
8580,1268970620.152,17.687,195.37,0.971,Tomte
8581,1268971822.628,8.16,1273.639,0.997,Blip
8582,1268975070.242,7.542,1726.495,0.939,Violin_Mode
8583,1268975584.625,14.5,3983.241,0.992,Extremely_Loud
8584,1268976187.297,13.198,3983.796,0.996,Scattered_Light
8585,1268976250.469,12.133,32.829,0.999,Scattered_Light
8586,1268977303.582,361.237,3983.241,1.0,Extremely_Loud
8587,1268977446.266,17.851,3178.492,0.997,Scattered_Light
8588,1268978613.398,8.664,1748.376,0.904,Violin_Mode
8589,1268978948.953,14.329,3240.109,0.969,Low_Frequency_Burst
8590,1268979184.117,10.254,2762.639,0.995,Power_Line
8591,1268979226.457,437.704,3983.241,0.926,Extremely_Loud
8592,1268980492.391,17.915,252.742,0.926,Low_Frequency_Burst
8593,1268980787.938,8.665,1524.679,0.995,Power_Line
8594,1268980949.688,10.54,20.195,0.992,Low_Frequency_Lines
8595,1268981532.711,7.827,3908.818,0.991,Low_Frequency_Burst
8596,1268981714.166,9.732,3993.831,0.997,Power_Line
8597,1268982051.734,25.154,38.215,1.0,Scattered_Light
8598,1268982295.938,15.949,3983.241,0.987,Power_Line
8599,1268982477.066,7.508,1739.696,0.986,Violin_Mode
8600,1268982583.969,17.261,3983.241,1.0,Scattered_Light
8601,1268984183.219,9.429,3908.818,0.995,Low_Frequency_Burst
8602,1268984493.938,33.674,3983.241,0.988,Extremely_Loud
8603,1268984621.336,19.695,3206.699,1.0,Low_Frequency_Burst
8604,1268984883.941,8.328,108.381,0.913,Tomte
8605,1268984941.464,9.474,146.888,1.0,Blip
8606,1268985266.73,13.75,254.782,0.983,Tomte
8607,1268985748.438,478.055,3983.241,0.999,Extremely_Loud
8608,1268985763.313,305.278,3983.241,0.972,Extremely_Loud
8609,1268986254.977,20.863,3983.241,0.906,Extremely_Loud
8610,1268986465.906,8.451,525.396,1.0,Power_Line
8611,1268986471.715,7.56,4143.615,0.986,Whistle
8612,1268986778.906,9.074,3466.148,0.999,Scattered_Light
8613,1268986909.682,7.583,55.393,0.976,Blip
8614,1268986992.156,19.618,3983.241,1.0,Scattered_Light
8615,1268986997.031,7.788,20.838,0.992,Low_Frequency_Burst
8616,1268988397.18,16.467,3983.241,0.997,Low_Frequency_Burst
8617,1268988612.945,11.297,3983.241,0.916,Low_Frequency_Burst
8618,1268989036.938,839.547,3835.788,0.995,Extremely_Loud
8619,1268989082.594,20.857,3557.086,1.0,Scattered_Light
8620,1269007423.191,8.696,348.591,0.999,Whistle
8621,1269007552.719,17.5,1462.128,0.999,Scattered_Light
8622,1269007607.238,11.091,3122.179,1.0,Whistle
8623,1269008076.555,14.255,385.859,1.0,Whistle
8624,1269008314.219,18.423,3030.386,0.994,Extremely_Loud
8625,1269008370.27,8.828,357.194,0.995,Whistle
8626,1269008430.324,11.845,331.123,1.0,Whistle
8627,1269008489.758,10.76,411.93,0.997,Whistle
8628,1269008685.332,11.588,227.261,0.992,Whistle
8629,1269008801.07,9.128,330.203,0.999,Whistle
8630,1269008822.074,7.652,375.643,0.992,Whistle
8631,1269008860.523,11.511,441.012,0.995,Whistle
8632,1269009465.68,10.626,314.466,0.999,Whistle
8633,1269009642.052,7.663,3874.579,0.999,Whistle
8634,1269009842.664,9.091,372.28,0.998,Whistle
8635,1269010580.977,29.616,431.221,1.0,Whistle
8636,1269011091.297,18.72,3983.241,0.924,Low_Frequency_Burst
8637,1269011681.156,7.715,914.134,0.996,Low_Frequency_Burst
8638,1269011807.399,9.689,307.665,0.97,Whistle
8639,1269012287.32,29.048,421.424,1.0,Whistle
8640,1269012744.953,7.737,3983.241,0.913,Low_Frequency_Burst
8641,1269013024.117,16.763,380.471,1.0,Whistle
8642,1269013453.113,15.989,383.199,1.0,Whistle
8643,1269014807.32,14.642,1594.443,1.0,Whistle
8644,1269015474.992,17.722,295.994,0.962,Whistle
8645,1269016295.193,24.068,2841.127,0.999,Blip
8646,1269016746.414,12.174,325.735,1.0,Whistle
8647,1269016847.883,15.939,383.199,1.0,Whistle
8648,1269016913.434,12.031,299.108,0.998,Whistle
8649,1269017050.523,15.66,380.471,1.0,Whistle
8650,1269018123.344,15.231,2563.995,0.99,Low_Frequency_Burst
8651,1269018341.805,22.026,3890.605,1.0,Whistle
8652,1269018487.57,10.266,372.28,0.999,Whistle
8653,1269019254.289,26.608,440.716,1.0,Whistle
8654,1269024794.719,19.387,201.363,0.992,Scattered_Light
8655,1269031207.781,7.588,17.877,0.997,Low_Frequency_Burst
8656,1269031690.732,11.483,207.23,1.0,Blip
8657,1269031770.844,31.315,3137.176,0.966,Power_Line
8658,1269031901.934,19.483,440.716,1.0,Whistle
8659,1269032389.156,7.64,19.406,0.991,Low_Frequency_Lines
8660,1269032454.426,664.906,3615.396,1.0,Extremely_Loud
8661,1269032613.066,432.028,1707.97,0.978,Extremely_Loud
8662,1269033004.938,7.551,18.295,0.999,Low_Frequency_Lines
8663,1269033034.3,8.133,138.993,1.0,Blip
8664,1269034188.813,9.205,188.822,0.997,Low_Frequency_Lines
8665,1269036478.352,10.001,330.175,0.998,Whistle
8666,1269036948.457,493.919,2081.292,0.945,Extremely_Loud
8667,1269041892.938,9.387,3133.541,1.0,Low_Frequency_Lines
8668,1269044148.688,7.77,73.666,0.958,Power_Line
8669,1269045741.563,18.294,76.287,0.933,Power_Line
8670,1269046142.553,2256.003,3813.464,1.0,Extremely_Loud
8671,1269054338.189,12.749,165.213,1.0,Blip
8672,1269059341.34,2135.672,2378.556,1.0,Extremely_Loud
8673,1269060326.645,9.096,3016.4,0.98,Air_Compressor
8674,1269086331.332,7.949,3299.01,0.982,Violin_Mode
8675,1269086746.102,10.988,3834.838,0.985,Whistle
8676,1269087103.803,978.259,3693.803,1.0,Extremely_Loud
8677,1269089161.867,8.137,368.223,0.96,Whistle
8678,1269090431.672,8.299,304.743,0.939,Whistle
8679,1269120159.281,8.686,23.057,0.986,Low_Frequency_Lines
8680,1269129836.576,10.163,112.576,0.96,Blip
8681,1269133818.934,8.247,3882.72,0.968,Air_Compressor
8682,1269133951.844,9.26,3881.874,0.996,Low_Frequency_Lines
8683,1269133987.035,546.953,3881.874,1.0,Extremely_Loud
8684,1269151442.539,7.906,490.105,0.965,Violin_Mode
8685,1269152681.574,8.542,374.816,0.993,Whistle
8686,1269153239.492,25.069,436.877,0.995,Whistle
8687,1269153257.279,7.785,65.53,0.995,Blip
8688,1269153531.961,7.888,355.691,0.993,Whistle
8689,1269153681.461,9.212,585.913,0.998,Whistle
8690,1269153837.944,20.745,2794.559,1.0,Blip
8691,1269153983.039,16.458,411.93,0.998,Whistle
8692,1269154139.195,12.224,369.296,0.998,Whistle
8693,1269154425.773,7.985,4001.34,0.908,Power_Line
8694,1269154841.434,47.605,3548.491,1.0,Whistle
8695,1269154928.707,31.397,1325.385,1.0,Whistle
8696,1269155926.336,23.332,411.93,1.0,Whistle
8697,1269156669.336,43.183,421.424,0.993,Whistle
8698,1269156982.992,14.995,328.085,1.0,Whistle
8699,1269157247.164,13.371,331.924,0.999,Whistle
8700,1269157542.68,11.345,4005.143,0.979,Power_Line
8701,1269157723.938,13.071,3998.194,1.0,Power_Line
8702,1269157864.266,10.082,285.84,0.989,Whistle
8703,1269158365.523,25.571,384.911,1.0,Whistle
8704,1269158605.938,8.564,3902.104,1.0,Power_Line
8705,1269158622.092,20.326,3902.212,0.902,Blip
8706,1269158985.016,7.658,20.195,0.996,Low_Frequency_Burst
8707,1269159079.969,9.658,3984.907,1.0,Power_Line
8708,1269159524.743,15.342,3998.194,0.905,Blip
8709,1269159773.836,11.294,384.911,0.999,Whistle
8710,1269160317.969,10.817,3990.298,1.0,Power_Line
8711,1269167809.969,7.714,3998.194,1.0,Power_Line
8712,1269168741.938,9.933,3948.672,0.95,Power_Line
8713,1269169212.18,8.108,1850.077,1.0,Low_Frequency_Burst
8714,1269169591.727,28.132,449.098,1.0,Whistle
8715,1269170480.758,13.591,2995.418,0.999,Whistle
8716,1269171005.238,9.198,1607.147,0.998,Whistle
8717,1269171093.938,16.607,3983.241,0.997,Power_Line
8718,1269171716.336,38.579,2827.224,0.995,Whistle
8719,1269172168.031,8.57,3945.854,0.922,Power_Line
8720,1269173593.789,18.196,2920.99,0.996,Low_Frequency_Lines
8721,1269175613.344,13.706,3133.541,0.906,Extremely_Loud
8722,1269177387.542,25.767,303.051,1.0,Blip
8723,1269177449.023,7.752,3985.376,0.976,Whistle
8724,1269178043.969,8.939,3985.119,0.998,Power_Line
8725,1269178737.938,9.419,3985.119,0.999,Power_Line
8726,1269212663.864,9.446,638.611,1.0,Blip
8727,1269214772.992,21.942,807.776,1.0,Whistle
8728,1269215744.762,7.862,53.578,0.99,Air_Compressor
8729,1269220289.391,8.254,3945.854,0.996,Low_Frequency_Burst
8730,1269222994.227,17.209,384.911,1.0,Whistle
8731,1269223303.008,15.879,665.966,1.0,Whistle
8732,1269224479.496,7.721,53.292,0.979,Air_Compressor
8733,1269224675.727,9.599,357.194,0.999,Whistle
8734,1269225490.813,7.953,3983.241,0.912,Low_Frequency_Lines
8735,1269229975.582,146.075,3582.116,1.0,Extremely_Loud
8736,1269234924.313,11.659,2422.245,0.981,Power_Line
8737,1269246097.104,14.079,3915.875,1.0,Blip
8738,1269247564.07,9.821,4128.26,0.995,Whistle
8739,1269249974.125,8.792,18.134,0.987,Low_Frequency_Lines
8740,1269260063.406,11.981,3965.441,1.0,Power_Line
8741,1269262560.313,9.62,1936.424,1.0,Low_Frequency_Lines
8742,1269267703.209,20.939,761.215,1.0,Blip
8743,1269270047.563,9.301,748.36,0.926,Power_Line
8744,1269270833.438,8.854,2696.729,0.974,Power_Line
8745,1269270897.438,13.706,3856.126,0.961,Power_Line
8746,1269274777.617,11.899,550.03,0.998,Low_Frequency_Burst
8747,1269283289.579,7.708,3987.436,0.999,Blip
8748,1269303379.125,12.265,3307.927,0.973,Low_Frequency_Lines
8749,1269307764.063,10.278,20.195,0.983,Low_Frequency_Lines
8750,1269313571.938,1055.948,3983.241,0.979,Extremely_Loud
8751,1269315927.672,8.394,20.195,0.961,Low_Frequency_Burst
8752,1269318415.734,11.876,1720.714,0.995,Air_Compressor
8753,1269321006.469,9.976,2920.99,0.997,Low_Frequency_Lines
8754,1269321064.645,18.411,73.85,1.0,Tomte
8755,1269323042.094,9.347,2625.649,0.993,Low_Frequency_Lines
8756,1269323397.813,10.204,2050.592,0.97,Power_Line
8757,1269327421.125,7.511,18.186,0.998,Low_Frequency_Lines
8758,1269329477.531,15.364,2634.428,0.96,Low_Frequency_Burst
8759,1269329479.688,9.237,33.782,1.0,Scattered_Light
8760,1269334376.063,7.607,2379.632,0.954,Low_Frequency_Lines
8761,1269337504.563,11.159,2105.315,0.999,Power_Line
8762,1269344419.906,8.573,3724.209,1.0,Power_Line
8763,1269344657.441,8.488,203.982,0.947,Air_Compressor
8764,1269345061.377,21.778,133.813,0.981,Tomte
8765,1269345289.547,16.134,3624.799,0.974,Low_Frequency_Burst
8766,1269345814.742,15.876,26.59,0.989,Low_Frequency_Burst
8767,1269346667.938,8.125,4001.34,1.0,Power_Line
8768,1269346747.844,9.513,23.057,0.969,Low_Frequency_Burst
8769,1269347186.063,10.289,3998.194,1.0,Power_Line
8770,1269347269.313,312.898,3983.241,0.998,Extremely_Loud
8771,1269347409.969,11.848,3983.241,1.0,Power_Line
8772,1269349698.719,7.879,23.057,0.919,Low_Frequency_Burst
8773,1269350297.969,9.325,3828.416,1.0,Power_Line
8774,1269350465.938,9.923,3984.316,0.996,Power_Line
8775,1269350856.836,8.273,3557.086,0.998,Low_Frequency_Burst
8776,1269351389.938,10.16,3908.818,0.922,Power_Line
8777,1269356151.156,9.32,26.59,0.954,Low_Frequency_Burst
8778,1269356727.531,11.266,1160.79,0.914,Low_Frequency_Lines
8779,1269358178.813,10.325,23.057,0.999,Low_Frequency_Lines
8780,1269358600.313,9.371,2195.579,0.988,Low_Frequency_Lines
8781,1269359147.125,8.014,3582.116,0.958,Low_Frequency_Lines
8782,1269360520.656,11.226,3693.803,0.999,Low_Frequency_Burst
8783,1269367832.533,9.742,91.18,0.95,Blip
8784,1269368416.969,10.727,30.952,0.995,Low_Frequency_Lines
8785,1269369600.406,21.047,2169.502,1.0,Scattered_Light
8786,1269369620.219,19.963,2819.014,1.0,Scattered_Light
8787,1269369961.703,18.132,2834.458,0.957,Low_Frequency_Burst
8788,1269370175.219,8.394,2081.292,0.972,Low_Frequency_Burst
8789,1269371327.594,10.302,20.195,0.989,Low_Frequency_Burst
8790,1269371609.906,16.658,3001.96,0.905,Low_Frequency_Burst
8791,1269372745.531,10.86,2964.093,0.999,Low_Frequency_Burst
8792,1269372926.656,12.729,1626.035,0.985,Low_Frequency_Lines
8793,1269373797.344,38.298,42.988,1.0,Scattered_Light
8794,1269374758.703,10.453,26.59,0.934,Scattered_Light
8795,1269375729.688,9.071,19.406,0.994,Low_Frequency_Lines
8796,1269376390.688,9.133,29.315,0.998,Low_Frequency_Lines
8797,1269376493.734,26.338,3030.386,1.0,Scattered_Light
8798,1269378106.031,8.856,1928.011,0.971,Low_Frequency_Lines
8799,1269379464.389,8.425,88.802,1.0,Blip
8800,1269380820.156,8.983,2327.745,0.997,Low_Frequency_Lines
8801,1269384415.566,7.524,61.788,0.931,Air_Compressor
8802,1269388641.688,7.528,19.465,0.999,Low_Frequency_Lines
8803,1269388980.563,9.889,138.993,1.0,Blip
8804,1269389115.535,16.237,363.574,0.996,Tomte
8805,1269391193.223,3812.559,3813.464,1.0,Extremely_Loud
8806,1269392224.66,846.123,2534.013,1.0,Extremely_Loud
8807,1269395453.313,10.823,3902.212,0.948,Power_Line
8808,1269399537.346,10.911,165.213,0.994,Blip
8809,1269400964.846,19.861,110.258,0.998,Tomte
8810,1269403917.645,340.769,3582.116,1.0,Extremely_Loud
8811,1269410619.988,7.765,53.578,0.976,Air_Compressor
8812,1269410897.049,11.679,454.069,1.0,Blip
8813,1269411568.879,7099.503,3582.116,1.0,Extremely_Loud
8814,1269413933.152,7.542,47.964,0.994,Air_Compressor
8815,1269414178.424,17.936,89.302,0.99,Tomte
8816,1269414810.813,7.749,259.779,1.0,Low_Frequency_Lines
8817,1269415732.676,22.997,1936.424,0.984,Tomte
8818,1269439534.77,8.025,2974.398,0.989,Air_Compressor
8819,1269442808.234,220.071,2634.428,1.0,Extremely_Loud
8820,1269448122.275,8.475,84.44,1.0,Blip
8821,1269448616.439,1044.945,677.222,0.994,Extremely_Loud
8822,1269453088.879,7.642,53.292,0.975,Blip
8823,1269455285.533,15.014,1976.361,0.993,Tomte
8824,1269464529.701,8.58,3471.328,1.0,Blip
8825,1269465410.457,17.77,131.936,0.982,Tomte
8826,1269465437.785,7.872,58.255,0.975,Air_Compressor
8827,1269471309.457,105.581,2836.932,0.993,Extremely_Loud
8828,1269475979.91,7.876,53.578,0.971,Blip
8829,1269497364.957,7.564,53.292,0.98,Air_Compressor
8830,1269499268.738,14.952,61.335,0.997,Tomte
8831,1269502184.121,8.009,53.578,0.981,Air_Compressor
8832,1269527665.531,9.184,2107.115,0.971,Power_Line
8833,1269531004.063,7.738,2838.653,0.953,Blip
8834,1269534412.293,7.708,53.578,0.998,Air_Compressor
8835,1269534903.639,16.747,198.803,0.986,Blip
8836,1269536219.48,7.514,50.045,0.946,Air_Compressor
8837,1269546003.813,31.391,2548.965,0.96,Power_Line
8838,1269547393.482,2376.67,3983.241,1.0,Extremely_Loud
8839,1269557001.969,9.194,3211.661,0.996,Air_Compressor
8840,1269557002.031,8.922,53.292,0.994,Air_Compressor
8841,1269585285.217,1483.522,3557.086,1.0,Extremely_Loud
8842,1269588326.707,8.427,53.292,0.948,Air_Compressor
8843,1269592971.565,2409.143,3983.241,1.0,Extremely_Loud
8844,1269594027.947,36.901,3720.167,1.0,Whistle
8845,1269594894.938,7.805,49.869,0.967,Air_Compressor
8846,1269595184.748,128.902,3267.727,0.991,Extremely_Loud
