,GPStime,snr,centralFreq,confidence,label
0,1238166408.179,12.088,211.877,1.0,Blip
1,1238168134.43,24.299,421.424,1.0,Whistle
2,1238168518.93,21.492,353.844,0.998,Whistle
3,1238177544.625,8.201,23.028,0.989,Low_Frequency_Lines
4,1238178725.515,10.69,181.356,1.0,Blip
5,1238184348.474,8.16,217.263,1.0,Blip
6,1238186085.87,388.34,3983.241,0.984,Extremely_Loud
7,1238205668.541,36.294,3703.979,0.997,Koi_Fish
8,1238210928.161,10.334,203.982,1.0,Blip
9,1238212171.06,12.358,203.982,1.0,Blip
10,1238258372.188,10.334,3298.676,0.996,Low_Frequency_Lines
11,1238270967.946,11.433,142.526,1.0,Blip
12,1238273567.154,1676.185,3080.93,1.0,Extremely_Loud
13,1238276152.721,16.633,108.381,0.989,Tomte
14,1238278332.648,17.138,1789.666,0.968,Whistle
15,1238281028.938,10.546,35.594,1.0,Scattered_Light
16,1238284675.435,50.996,1378.73,0.995,Koi_Fish
17,1238311656.688,15.557,1563.095,1.0,Scattered_Light
18,1238317898.172,7.532,23.057,0.998,Low_Frequency_Burst
19,1238318668.441,7.789,425.377,0.968,Whistle
20,1238319557.616,36.774,551.908,0.941,Koi_Fish
21,1238325600.021,39.416,3872.13,0.983,Koi_Fish
22,1238332460.351,8.674,175.97,1.0,Blip
23,1238334663.938,9.283,1644.648,1.0,Low_Frequency_Lines
24,1238338639.172,8.727,23.057,0.999,Low_Frequency_Burst
25,1238341159.438,9.467,20.838,0.996,Low_Frequency_Lines
26,1238342489.215,32.569,108.381,0.969,Tomte
27,1238342501.395,15.601,73.85,0.97,Tomte
28,1238342804.301,11.872,65.53,0.908,Tomte
29,1238343496.543,14.735,73.85,0.996,Tomte
30,1238349027.245,16.111,241.258,0.991,Blip
31,1238351278.938,7.91,20.411,1.0,Low_Frequency_Lines
32,1238351592.813,8.401,18.134,0.997,Low_Frequency_Lines
33,1238357214.438,8.181,509.683,0.93,Low_Frequency_Lines
34,1238359076.033,671.424,2198.445,1.0,Extremely_Loud
35,1238363904.094,10.063,23.057,0.97,Low_Frequency_Burst
36,1238363983.969,7.91,31.747,1.0,Scattered_Light
37,1238368850.281,7.738,892.791,0.975,Low_Frequency_Lines
38,1238369237.299,11.053,61.335,0.967,Tomte
39,1238369497.094,8.093,3393.298,0.969,Scattered_Light
40,1238376858.219,8.427,3240.109,0.995,Low_Frequency_Lines
41,1238377604.328,8.526,4056.544,0.991,Whistle
42,1238377745.875,8.583,17.666,0.995,Low_Frequency_Lines
43,1238377821.813,9.001,2463.069,0.999,Low_Frequency_Lines
44,1238378455.926,23.526,1873.912,0.908,Koi_Fish
45,1238378694.375,9.597,234.08,0.984,Low_Frequency_Lines
46,1238379611.875,7.964,3551.692,1.0,Low_Frequency_Lines
47,1238380453.375,10.516,2869.548,0.93,Low_Frequency_Lines
48,1238381017.078,7.65,20.195,0.999,Low_Frequency_Burst
49,1238381472.125,16.019,2930.829,0.973,Low_Frequency_Lines
50,1238381833.625,17.544,2836.932,0.959,Low_Frequency_Lines
51,1238382290.313,10.746,2563.995,0.998,Scattered_Light
52,1238383123.516,8.458,3659.138,0.975,Low_Frequency_Burst
53,1238383573.625,14.849,2479.719,0.976,Scattered_Light
54,1238383874.625,20.83,3409.167,0.938,Scattered_Light
55,1238383978.813,8.117,30.5,1.0,Scattered_Light
56,1238384062.906,8.481,1488.125,0.996,Low_Frequency_Burst
57,1238384511.344,7.69,24.061,0.99,Low_Frequency_Lines
58,1238385129.125,29.013,3307.927,0.964,Low_Frequency_Lines
59,1238385414.344,8.326,23.057,0.956,Low_Frequency_Burst
60,1238385672.875,18.849,3945.854,0.926,Scattered_Light
61,1238387505.125,7.713,2319.234,1.0,Low_Frequency_Lines
62,1238387679.625,18.991,3367.249,0.978,Low_Frequency_Lines
63,1238387834.125,19.273,3409.167,0.925,Low_Frequency_Lines
64,1238387963.344,11.226,3240.109,0.903,Scattered_Light
65,1238388015.406,13.181,3615.396,0.995,Scattered_Light
66,1238388838.625,26.488,3835.788,0.994,Scattered_Light
67,1238388866.625,13.797,3192.406,0.998,Scattered_Light
68,1238389882.656,27.064,3746.261,0.999,Scattered_Light
69,1238389939.813,8.383,2964.093,1.0,Low_Frequency_Lines
70,1238390421.813,18.581,2634.428,1.0,Scattered_Light
71,1238390745.375,22.801,3881.874,0.998,Low_Frequency_Lines
72,1238390943.719,11.967,3680.246,0.928,Scattered_Light
73,1238392634.219,15.744,3872.13,1.0,Scattered_Light
74,1238392841.625,18.119,3881.874,0.955,Low_Frequency_Lines
75,1238392914.125,15.325,3813.464,0.948,Low_Frequency_Lines
76,1238393083.875,8.061,914.134,0.998,Scattered_Light
77,1238393361.875,12.324,20.195,0.991,Low_Frequency_Lines
78,1238393366.625,10.098,21.248,0.987,Low_Frequency_Lines
79,1238393730.969,8.567,22.252,0.907,Scattered_Light
80,1238393822.375,14.763,3136.171,0.909,Low_Frequency_Lines
81,1238393985.281,9.502,1564.972,0.998,Scattered_Light
82,1238394134.625,11.24,2341.528,0.986,Low_Frequency_Lines
83,1238394266.672,11.988,3881.874,0.955,Scattered_Light
84,1238394294.875,10.182,3882.721,0.998,Low_Frequency_Lines
85,1238394394.531,9.297,30.785,1.0,Scattered_Light
86,1238394782.344,11.413,38.215,0.986,Scattered_Light
87,1238394972.875,19.309,3835.788,0.922,Low_Frequency_Lines
88,1238395043.125,7.591,3747.653,0.974,Low_Frequency_Lines
89,1238395066.469,16.788,3764.125,1.0,Scattered_Light
90,1238395436.875,10.773,2836.932,0.934,Scattered_Light
91,1238395957.375,14.224,3983.241,0.961,Low_Frequency_Lines
92,1238395981.656,7.913,29.253,0.946,Scattered_Light
93,1238396441.781,9.934,2966.209,0.989,Scattered_Light
94,1238396447.719,8.35,2967.5,1.0,Scattered_Light
95,1238396478.969,8.68,30.785,1.0,Scattered_Light
96,1238396615.375,11.095,18.815,0.999,Low_Frequency_Lines
97,1238396676.719,8.276,32.555,1.0,Scattered_Light
98,1238396963.625,10.378,3946.375,0.998,Low_Frequency_Lines
99,1238397112.344,9.527,3908.818,0.999,Scattered_Light
100,1238397206.125,13.991,834.26,1.0,Scattered_Light
101,1238397441.281,7.707,1933.258,0.984,Scattered_Light
102,1238397499.906,8.92,2964.093,0.997,Scattered_Light
103,1238398458.125,16.735,3146.814,0.919,Low_Frequency_Lines
104,1238398489.625,12.688,3813.464,0.913,Low_Frequency_Lines
105,1238398846.375,9.87,3881.874,1.0,Scattered_Light
106,1238398984.125,8.267,2964.093,0.995,Low_Frequency_Lines
107,1238399209.375,11.285,3881.874,1.0,Low_Frequency_Lines
108,1238399410.344,9.444,26.59,1.0,Low_Frequency_Burst
109,1238399733.219,8.783,1851.955,0.965,Scattered_Light
110,1238399808.484,14.46,3703.979,0.991,Scattered_Light
111,1238400044.125,15.175,3983.241,1.0,Scattered_Light
112,1238400179.93,9.759,4037.344,0.998,Whistle
113,1238400568.125,14.067,3192.406,0.995,Low_Frequency_Lines
114,1238400676.125,17.696,20.195,0.998,Low_Frequency_Lines
115,1238400720.875,13.304,3799.787,0.996,Low_Frequency_Lines
116,1238401237.125,9.325,18.815,0.998,Low_Frequency_Lines
117,1238401431.906,8.748,3881.874,1.0,Scattered_Light
118,1238401707.875,22.712,3983.241,0.984,Low_Frequency_Lines
119,1238401785.406,8.993,25.004,0.999,Scattered_Light
120,1238401823.703,8.163,37.578,0.981,Low_Frequency_Burst
121,1238402327.625,13.937,2810.325,0.999,Low_Frequency_Lines
122,1238402520.875,8.128,18.629,0.984,Low_Frequency_Lines
123,1238402693.781,10.119,3837.665,0.998,Scattered_Light
124,1238402940.781,7.595,37.374,0.999,Low_Frequency_Lines
125,1238403314.422,8.475,43.395,0.998,Scattered_Light
126,1238403494.094,8.948,29.996,0.919,Scattered_Light
127,1238403562.375,16.459,23.127,0.976,Low_Frequency_Lines
128,1238404252.359,7.855,20.195,0.985,Low_Frequency_Lines
129,1238404288.531,15.333,3983.241,1.0,Scattered_Light
130,1238404462.875,11.51,2581.851,0.955,Low_Frequency_Lines
131,1238404977.047,8.253,26.59,0.998,Low_Frequency_Burst
132,1238405176.625,13.001,3881.874,0.981,Low_Frequency_Lines
133,1238405230.676,10.429,3240.109,0.997,Whistle
134,1238405347.906,8.483,3886.712,1.0,Scattered_Light
135,1238405534.875,9.935,1314.571,0.99,Low_Frequency_Lines
136,1238405879.125,15.079,3489.112,0.947,Low_Frequency_Lines
137,1238406635.344,8.158,645.405,0.986,Scattered_Light
138,1238406700.375,13.023,2579.423,0.998,Low_Frequency_Lines
139,1238407325.375,19.657,3983.241,0.956,Low_Frequency_Lines
140,1238407986.125,19.707,1776.794,0.996,Low_Frequency_Lines
141,1238408708.875,7.637,19.138,0.999,Low_Frequency_Lines
142,1238411558.125,22.909,3350.311,0.942,Low_Frequency_Lines
143,1238411825.094,18.069,156.63,0.999,Scattered_Light
144,1238412443.906,15.557,3983.241,0.964,Scattered_Light
145,1238412446.281,10.701,3748.139,0.984,Scattered_Light
146,1238412449.184,7.555,425.377,0.919,Whistle
147,1238412478.091,22.265,1472.718,1.0,Blip
148,1238412499.094,8.243,1300.967,0.934,Low_Frequency_Lines
149,1238412740.063,11.151,1113.448,1.0,Low_Frequency_Lines
150,1238412957.563,7.504,23.403,0.966,Scattered_Light
151,1238413136.875,9.706,2305.927,0.999,Low_Frequency_Lines
152,1238413534.188,9.225,2654.55,1.0,Scattered_Light
153,1238414017.594,13.643,1462.128,0.993,Scattered_Light
154,1238414156.469,19.302,3206.699,1.0,Scattered_Light
155,1238414547.125,15.813,3464.271,0.944,Low_Frequency_Lines
156,1238414632.172,8.463,447.013,1.0,Scattered_Light
157,1238414961.094,10.023,43.834,0.998,Scattered_Light
158,1238415129.734,13.062,405.904,0.994,Scattered_Light
159,1238415135.969,18.069,308.872,1.0,Scattered_Light
160,1238415172.281,11.721,1333.244,0.998,Scattered_Light
161,1238415252.375,11.238,769.159,1.0,Scattered_Light
162,1238415343.406,9.945,2964.093,1.0,Scattered_Light
163,1238415350.656,14.29,34.359,1.0,Scattered_Light
164,1238415412.969,13.017,3030.386,1.0,Scattered_Light
165,1238415485.594,10.821,3815.341,0.952,Scattered_Light
166,1238415503.281,8.595,28.467,1.0,Scattered_Light
167,1238415586.125,7.99,3080.93,0.942,Low_Frequency_Lines
168,1238424634.438,9.708,1714.874,0.951,Low_Frequency_Lines
169,1238425224.383,7.515,1167.743,0.942,Whistle
170,1238425357.844,9.975,3241.114,1.0,Scattered_Light
171,1238425473.594,18.177,3983.241,1.0,Scattered_Light
172,1238428212.188,20.567,2731.998,1.0,Scattered_Light
173,1238428240.953,8.576,2783.969,0.906,Low_Frequency_Burst
174,1238428388.578,16.404,62.339,1.0,Scattered_Light
175,1238428390.094,11.678,37.342,0.978,Scattered_Light
176,1238428422.719,7.581,19.406,0.998,Low_Frequency_Burst
177,1238428701.375,14.091,221.823,0.967,Low_Frequency_Lines
178,1238428805.719,10.798,1928.011,0.999,Scattered_Light
179,1238428874.156,9.703,28.256,1.0,Scattered_Light
180,1238428905.93,9.12,3883.099,0.967,Whistle
181,1238428966.938,16.355,3801.664,1.0,Scattered_Light
182,1238429009.031,129.626,3881.874,1.0,Extremely_Loud
183,1238429192.344,12.006,1224.693,0.99,Low_Frequency_Burst
184,1238429662.125,14.874,1707.97,1.0,Scattered_Light
185,1238429693.188,12.997,2964.093,0.986,Scattered_Light
186,1238429779.125,10.018,18.303,0.937,Low_Frequency_Lines
187,1238430085.625,21.387,3409.167,0.984,Low_Frequency_Lines
188,1238430300.156,8.642,24.934,0.969,Scattered_Light
189,1238431131.656,12.99,30.952,1.0,Scattered_Light
190,1238431135.594,12.656,2836.335,1.0,Scattered_Light
191,1238431263.523,9.08,2529.894,0.969,Whistle
192,1238431366.875,14.303,3680.246,0.999,Low_Frequency_Lines
193,1238431638.125,16.275,3427.638,0.999,Scattered_Light
194,1238431819.844,14.616,3088.05,0.981,Low_Frequency_Burst
195,1238431854.625,12.836,20.195,0.999,Low_Frequency_Lines
196,1238432352.984,8.899,178.907,0.991,Low_Frequency_Burst
197,1238432996.969,14.653,3983.241,0.981,Scattered_Light
198,1238433082.625,9.583,3983.762,0.985,Low_Frequency_Lines
199,1238434701.375,16.105,2378.556,0.995,Low_Frequency_Lines
200,1238435221.688,21.334,3983.241,1.0,Scattered_Light
201,1238435229.375,22.305,3983.241,0.972,Low_Frequency_Lines
202,1238435618.156,8.66,28.582,0.926,Low_Frequency_Burst
203,1238435892.125,37.401,3835.788,0.926,Scattered_Light
204,1238435912.813,8.365,20.195,0.984,Low_Frequency_Lines
205,1238436548.375,17.749,1299.963,0.993,Low_Frequency_Lines
206,1238437614.281,7.908,24.934,0.996,Scattered_Light
207,1238438195.516,11.793,318.38,0.908,Scattered_Light
208,1238438214.438,12.54,3006.243,0.914,Low_Frequency_Burst
209,1238438490.398,8.129,23.057,1.0,Low_Frequency_Burst
210,1238438747.656,8.417,2195.579,0.997,Low_Frequency_Lines
211,1238438919.188,11.917,3201.357,1.0,Scattered_Light
212,1238440244.344,8.152,18.134,0.984,Low_Frequency_Burst
213,1238442896.375,11.699,2823.051,0.999,Low_Frequency_Lines
214,1238444512.281,8.316,26.59,0.937,Low_Frequency_Burst
215,1238444711.125,27.178,3881.874,0.911,Scattered_Light
216,1238444807.624,86.611,1936.424,0.995,Koi_Fish
217,1238444856.125,58.831,1161.367,0.919,Low_Frequency_Lines
218,1238444916.193,25.529,287.603,0.953,Tomte
219,1238444917.817,8.773,123.333,0.985,Blip
220,1238444997.906,7.634,20.195,0.997,Low_Frequency_Lines
221,1238445386.188,8.347,20.195,0.984,Low_Frequency_Lines
222,1238445982.688,13.118,23.057,1.0,Low_Frequency_Lines
223,1238447668.875,17.809,1644.648,0.989,Low_Frequency_Lines
224,1238447996.344,7.849,24.263,0.993,Scattered_Light
225,1238448238.344,12.372,1644.648,0.919,Scattered_Light
226,1238449112.406,8.002,38.378,0.902,Scattered_Light
227,1238449140.406,7.837,20.195,0.939,Low_Frequency_Burst
228,1238449270.375,12.55,2378.556,0.985,Low_Frequency_Lines
229,1238450219.344,10.787,20.195,0.977,Low_Frequency_Lines
230,1238451650.586,8.016,407.186,0.99,Whistle
231,1238451808.281,7.836,19.406,0.996,Low_Frequency_Lines
232,1238452547.375,16.034,20.195,0.986,Low_Frequency_Lines
233,1238453739.094,12.391,26.59,0.902,Scattered_Light
234,1238454381.906,12.453,3945.854,1.0,Scattered_Light
235,1238454981.188,8.871,3464.271,0.998,Low_Frequency_Lines
236,1238455024.594,19.812,3136.171,0.991,Scattered_Light
237,1238455313.742,8.424,289.676,0.969,Whistle
238,1238455498.063,9.043,1563.095,0.966,Low_Frequency_Lines
239,1238455960.695,14.985,447.013,0.999,Low_Frequency_Burst
240,1238456022.125,21.791,3983.241,0.989,Low_Frequency_Lines
241,1238456114.719,16.095,2836.932,0.995,Scattered_Light
242,1238456774.656,11.29,38.215,0.974,Scattered_Light
243,1238456935.891,9.869,26.59,0.906,Scattered_Light
244,1238457122.656,15.268,1597.584,1.0,Scattered_Light
245,1238457187.594,8.361,1155.883,0.952,Low_Frequency_Burst
246,1238457187.594,8.361,1155.883,0.952,Low_Frequency_Burst
247,1238457409.344,19.15,3206.699,1.0,Scattered_Light
248,1238457467.328,8.957,2783.969,0.986,Low_Frequency_Burst
249,1238457638.781,8.472,3409.167,0.934,Low_Frequency_Lines
250,1238457874.047,7.729,3427.638,0.999,Low_Frequency_Burst
251,1238458081.625,16.065,3835.788,0.995,Low_Frequency_Lines
252,1238458131.414,11.612,3143.78,1.0,Whistle
253,1238458154.656,16.988,1808.592,0.914,Scattered_Light
254,1238458228.625,8.086,1929.015,0.999,Scattered_Light
255,1238458452.469,14.588,1604.103,1.0,Scattered_Light
256,1238458560.125,10.008,3176.615,1.0,Scattered_Light
257,1238458905.125,17.297,3813.464,0.999,Low_Frequency_Lines
258,1238458979.133,7.762,3428.958,0.996,Whistle
259,1238458979.133,7.762,3428.958,0.996,Whistle
260,1238459163.844,17.87,2869.548,1.0,Scattered_Light
261,1238459199.672,7.641,26.59,0.999,Low_Frequency_Burst
262,1238459347.906,10.695,3705.856,1.0,Scattered_Light
263,1238459350.875,11.065,2241.698,0.999,Scattered_Light
264,1238459511.094,8.655,1205.198,0.998,Low_Frequency_Burst
265,1238459552.594,11.672,38.215,1.0,Scattered_Light
266,1238459650.785,12.274,258.978,0.995,Whistle
267,1238459650.785,12.274,258.978,0.995,Whistle
268,1238459885.094,12.371,26.59,0.999,Low_Frequency_Burst
269,1238460122.094,9.734,3813.464,1.0,Scattered_Light
270,1238460273.969,9.099,30.785,0.976,Scattered_Light
271,1238460395.906,7.653,1172.549,0.994,Scattered_Light
272,1238460411.188,8.567,25.047,1.0,Low_Frequency_Lines
273,1238460478.156,16.179,3030.486,1.0,Scattered_Light
274,1238460835.625,13.426,3908.818,1.0,Scattered_Light
275,1238461136.672,9.564,28.467,0.924,Scattered_Light
276,1238461431.625,11.162,3881.874,0.975,Low_Frequency_Lines
277,1238461564.656,9.981,28.467,0.998,Scattered_Light
278,1238461667.172,9.653,36.419,0.973,Scattered_Light
279,1238461791.625,22.625,26.59,0.935,Low_Frequency_Lines
280,1238462027.469,9.007,25.191,0.987,Scattered_Light
281,1238462095.453,9.008,3133.541,0.975,Scattered_Light
282,1238462112.281,12.02,3240.109,1.0,Scattered_Light
283,1238462206.828,9.235,3060.086,1.0,Scattered_Light
284,1238462315.469,9.004,42.448,1.0,Scattered_Light
285,1238462404.156,8.553,28.467,0.992,Scattered_Light
286,1238462893.031,11.214,295.994,0.995,Scattered_Light
287,1238463232.688,7.827,27.338,0.996,Low_Frequency_Lines
288,1238463409.219,10.418,3251.529,0.983,Scattered_Light
289,1238463483.281,9.391,295.349,0.995,Low_Frequency_Lines
290,1238463518.039,8.154,3944.016,0.999,Whistle
291,1238463788.449,580.082,1928.011,0.996,Extremely_Loud
292,1238464158.938,8.634,572.654,0.999,Low_Frequency_Lines
293,1238464308.594,13.421,1267.535,0.901,Low_Frequency_Burst
294,1238464398.656,8.21,3703.979,0.996,Low_Frequency_Lines
295,1238464580.375,10.619,3201.357,0.999,Low_Frequency_Lines
296,1238465451.031,10.013,3881.874,0.938,Scattered_Light
297,1238465635.125,27.934,2741.265,0.928,Scattered_Light
298,1238465645.875,19.057,2378.556,0.996,Low_Frequency_Lines
299,1238465981.191,7.824,292.571,0.983,Whistle
300,1238466044.375,21.893,3409.167,0.923,Low_Frequency_Lines
301,1238466139.875,12.516,3410.243,0.957,Low_Frequency_Lines
302,1238466140.375,14.723,220.397,0.926,Low_Frequency_Lines
303,1238466177.406,15.203,3872.13,1.0,Scattered_Light
304,1238466544.031,8.952,3881.874,0.99,Low_Frequency_Lines
305,1238466702.781,11.549,3815.341,1.0,Scattered_Light
306,1238467132.719,8.742,26.59,0.999,Low_Frequency_Burst
307,1238467397.656,20.753,1665.179,0.924,Scattered_Light
308,1238467545.219,11.416,30.952,1.0,Scattered_Light
309,1238467640.781,14.046,46.394,1.0,Scattered_Light
310,1238467966.813,8.867,25.929,0.995,Scattered_Light
311,1238468007.578,10.551,1898.219,1.0,Low_Frequency_Burst
312,1238468013.735,10.469,146.888,1.0,Blip
313,1238468325.328,14.461,3681.25,0.957,Scattered_Light
314,1238468359.094,8.971,25.836,0.903,Low_Frequency_Lines
315,1238468500.109,8.202,2398.222,0.998,Low_Frequency_Burst
316,1238468635.219,9.472,23.057,0.998,Low_Frequency_Burst
317,1238468728.719,9.552,2343.405,0.994,Scattered_Light
318,1238469313.969,8.307,19.406,0.988,Low_Frequency_Lines
319,1238469330.094,17.181,2835.305,1.0,Scattered_Light
320,1238469332.516,7.678,2082.296,0.962,Scattered_Light
321,1238469381.719,10.286,134.715,0.949,Scattered_Light
322,1238469510.094,12.69,3983.241,1.0,Scattered_Light
323,1238469536.602,7.657,386.276,0.988,Whistle
324,1238469808.094,8.411,19.406,0.992,Low_Frequency_Lines
325,1238469823.719,15.761,3813.464,1.0,Scattered_Light
326,1238470131.031,10.856,2964.093,0.999,Scattered_Light
327,1238470139.844,8.654,3983.241,0.999,Scattered_Light
328,1238470313.414,8.998,26.59,0.991,Low_Frequency_Burst
329,1238470419.828,8.046,27.338,0.984,Low_Frequency_Burst
330,1238470619.922,7.553,216.51,1.0,Low_Frequency_Burst
331,1238470649.391,8.007,44.176,0.912,Scattered_Light
332,1238470670.094,8.808,23.057,0.998,Scattered_Light
333,1238470789.117,8.642,479.315,0.925,Whistle
334,1238470817.594,8.08,20.838,0.99,Low_Frequency_Lines
335,1238471096.219,11.65,44.865,1.0,Scattered_Light
336,1238471345.531,11.556,3240.109,0.968,Low_Frequency_Burst
337,1238471401.969,11.562,3464.271,1.0,Scattered_Light
338,1238471616.406,10.509,2380.434,1.0,Scattered_Light
339,1238471805.728,8.825,217.263,1.0,Blip
340,1238471805.728,8.825,217.263,1.0,Blip
341,1238472005.192,19.884,3810.377,1.0,Blip
342,1238472010.105,7.645,3997.81,0.99,Whistle
343,1238472036.344,8.275,20.195,0.995,Low_Frequency_Burst
344,1238472036.344,8.275,20.195,0.995,Low_Frequency_Burst
345,1238472061.656,11.457,44.865,1.0,Scattered_Light
346,1238472116.844,11.173,30.952,0.995,Scattered_Light
347,1238472270.031,9.507,1142.876,0.938,Scattered_Light
348,1238472272.518,37.969,4041.092,0.959,Blip
349,1238472485.219,7.512,1707.97,0.998,Low_Frequency_Lines
350,1238472542.406,12.974,1299.963,1.0,Scattered_Light
351,1238472830.656,15.177,3908.818,0.999,Scattered_Light
352,1238473087.781,9.504,23.057,0.999,Low_Frequency_Burst
353,1238473228.094,8.564,185.49,0.994,Low_Frequency_Burst
354,1238473232.594,8.109,3551.692,0.981,Low_Frequency_Burst
355,1238473249.781,8.253,3983.241,0.967,Low_Frequency_Burst
356,1238473428.344,7.898,19.406,0.991,Low_Frequency_Lines
357,1238473663.844,8.193,1454.527,0.988,Scattered_Light
358,1238473825.93,7.651,482.803,0.991,Whistle
359,1238473891.469,9.359,105.007,0.947,Scattered_Light
360,1238473934.797,12.354,2973.802,0.998,Scattered_Light
361,1238473937.344,8.528,3886.069,1.0,Scattered_Light
362,1238474109.117,10.925,3594.454,0.961,Whistle
363,1238474222.531,10.371,3813.464,0.962,Low_Frequency_Burst
364,1238474367.594,8.386,3468.466,0.997,Scattered_Light
365,1238474533.094,10.824,1155.883,0.939,Low_Frequency_Burst
366,1238474765.894,11.453,211.877,1.0,Blip
367,1238474765.894,11.453,211.877,1.0,Blip
368,1238475006.813,15.674,3206.699,0.928,Scattered_Light
369,1238475035.656,7.803,3135.418,0.926,Scattered_Light
370,1238475348.156,9.339,30.654,0.953,Scattered_Light
371,1238475355.93,8.012,3803.355,0.912,Whistle
372,1238475483.055,8.162,294.279,0.954,Whistle
373,1238475483.055,8.162,294.279,0.954,Whistle
374,1238475724.039,8.815,4067.237,0.941,Whistle
375,1238475724.039,8.815,4067.237,0.941,Whistle
376,1238475763.281,11.166,3835.788,1.0,Low_Frequency_Burst
377,1238476846.109,8.217,3837.665,0.946,Scattered_Light
378,1238477256.945,8.243,3298.625,0.937,Whistle
379,1238477392.031,7.588,227.261,0.95,Low_Frequency_Burst
380,1238477644.664,7.948,1542.356,0.972,Whistle
381,1238477884.688,7.853,19.406,1.0,Low_Frequency_Lines
382,1238477922.297,11.535,625.862,1.0,Scattered_Light
383,1238477961.094,12.848,2834.458,0.996,Scattered_Light
384,1238479005.469,10.416,35.659,0.997,Low_Frequency_Burst
385,1238479158.469,8.883,23.057,0.943,Low_Frequency_Burst
386,1238479289.313,10.285,23.057,0.997,Low_Frequency_Lines
387,1238479688.844,10.246,554.5,1.0,Low_Frequency_Lines
388,1238479754.453,8.247,1612.676,0.998,Low_Frequency_Burst
389,1238479754.453,8.247,1612.676,0.998,Low_Frequency_Burst
390,1238480119.188,7.707,32.829,1.0,Scattered_Light
391,1238480202.203,8.286,2360.253,0.91,Low_Frequency_Burst
392,1238480301.82,9.042,314.358,0.989,Whistle
393,1238482083.625,17.823,2081.292,0.909,Low_Frequency_Lines
394,1238482083.625,17.823,2081.292,0.909,Low_Frequency_Lines
395,1238482428.469,9.283,20.195,0.982,Low_Frequency_Lines
396,1238482761.113,7.608,26.59,0.971,Low_Frequency_Burst
397,1238483224.227,8.421,461.078,0.963,Whistle
398,1238483243.813,7.919,36.338,0.998,Scattered_Light
399,1238483472.438,10.342,3006.243,0.995,Low_Frequency_Lines
400,1238483795.406,9.097,572.654,0.954,Low_Frequency_Burst
401,1238485379.203,8.241,2651.052,0.982,Low_Frequency_Burst
402,1238485379.203,8.241,2651.052,0.982,Low_Frequency_Burst
403,1238486457.281,12.448,3703.979,0.974,Low_Frequency_Burst
404,1238487200.031,9.501,3746.261,0.997,Low_Frequency_Burst
405,1238487200.031,9.501,3746.261,0.997,Low_Frequency_Burst
406,1238487698.313,8.823,23.057,1.0,Low_Frequency_Burst
407,1238488356.813,23.218,2327.745,0.997,Scattered_Light
408,1238492058.563,11.097,3703.979,0.943,Low_Frequency_Lines
409,1238492559.717,17.279,3334.115,0.999,Blip
410,1238492559.717,17.279,3334.115,0.999,Blip
411,1238496023.617,7.846,415.372,0.904,Whistle
412,1238508724.367,8.444,350.016,0.909,Whistle
413,1238513392.922,22.912,55.139,0.999,Scattered_Light
414,1238514741.438,61.222,30.952,1.0,Scattered_Light
415,1238530913.375,11.246,3208.576,0.946,Scattered_Light
416,1238541002.41,9.22,75.727,0.91,Tomte
417,1238541002.41,9.22,75.727,0.91,Tomte
418,1238541002.41,9.22,75.727,0.91,Tomte
419,1238541002.41,9.22,75.727,0.91,Tomte
420,1238541910.971,413.586,2378.556,1.0,Extremely_Loud
421,1238542688.063,7.651,3591.164,0.993,Scattered_Light
422,1238546525.307,221.293,3983.241,0.995,Extremely_Loud
423,1238553475.014,6432.43,3983.241,1.0,Extremely_Loud
424,1238553475.014,6432.43,3983.241,1.0,Extremely_Loud
425,1238557068.934,13.191,3367.249,0.944,Blip
426,1238561967.314,11.446,112.576,0.987,Blip
427,1238561967.314,11.446,112.576,0.987,Blip
428,1238562456.245,9.724,175.97,0.99,Blip
429,1238562456.245,9.724,175.97,0.99,Blip
430,1238564374.148,7.755,1904.799,0.985,Whistle
431,1238574368.635,10.339,112.576,0.999,Blip
432,1238579164.938,7.561,20.838,0.981,Low_Frequency_Lines
433,1238579392.395,67.617,1928.011,0.99,Koi_Fish
434,1238579394.955,13.45,75.727,0.992,Tomte
435,1238580633.49,16.203,89.302,0.984,Tomte
436,1238590992.936,788.402,3983.241,1.0,Extremely_Loud
437,1238591081.596,3781.404,3983.241,1.0,Extremely_Loud
438,1238595303.274,12.733,248.315,1.0,Blip
439,1238596986.469,7.809,1936.424,0.974,Low_Frequency_Lines
440,1238598541.145,37.12,404.027,0.902,Tomte
441,1238598952.487,8.89,455.955,0.974,Whistle
442,1238600957.711,23.701,4028.576,0.935,Blip
443,1238601243.137,31.126,89.302,0.916,Tomte
444,1238603101.848,62.277,3419.757,1.0,Blip
445,1238613898.281,9.364,26.59,0.996,Scattered_Light
446,1238613906.313,9.418,30.952,0.964,Scattered_Light
447,1238613962.594,8.419,391.139,0.901,Scattered_Light
448,1238623021.842,185.404,2634.428,1.0,Koi_Fish
449,1238623210.029,8.543,63.212,0.998,Repeating_Blips
450,1238624191.219,7.766,28.602,0.968,Low_Frequency_Burst
451,1238629514.875,8.21,1335.499,0.993,Scattered_Light
452,1238633157.813,9.181,2081.292,0.993,Low_Frequency_Lines
453,1238640522.313,9.275,27.67,1.0,Scattered_Light
454,1238644032.813,7.582,19.299,1.0,Low_Frequency_Lines
455,1238644245.219,8.872,3244.304,1.0,Scattered_Light
456,1238648419.063,10.844,38.215,1.0,Scattered_Light
457,1238650218.406,11.708,1113.448,0.999,Scattered_Light
458,1238650576.891,9.219,2741.265,0.968,Low_Frequency_Burst
459,1238652119.793,16.782,2657.161,0.985,Blip
460,1238652213.664,9.508,20.195,0.954,Low_Frequency_Lines
461,1238653037.063,7.631,223.238,0.909,Scattered_Light
462,1238653125.881,284.126,3582.116,0.995,Extremely_Loud
463,1238653527.715,7.56,425.377,0.965,Whistle
464,1238654872.104,141.772,3983.241,0.949,Koi_Fish
465,1238655518.526,16.978,251.848,1.0,Blip
466,1238659115.094,8.974,31.552,1.0,Scattered_Light
467,1238661425.531,8.916,1081.194,0.989,Scattered_Light
468,1238662183.438,8.281,1405.862,0.999,Low_Frequency_Lines
469,1238665010.813,7.615,2651.144,0.996,Low_Frequency_Lines
470,1238665049.031,8.964,32.414,1.0,Scattered_Light
471,1238667964.501,7.959,146.888,1.0,Blip
472,1238669428.013,12.673,138.385,0.993,Blip
473,1238671617.719,9.378,31.627,0.973,Scattered_Light
474,1238673487.948,29.222,1032.344,0.955,Repeating_Blips
475,1238674443.197,26.142,89.302,0.989,Tomte
476,1238675641.186,9.824,138.993,1.0,Blip
477,1238679344.906,7.628,23.057,0.975,Low_Frequency_Lines
478,1238685012.406,7.67,28.602,1.0,Scattered_Light
479,1238686305.375,7.899,27.738,0.999,Low_Frequency_Lines
480,1238691313.625,91.761,3523.706,0.995,Extremely_Loud
481,1238695390.33,13.922,3203.234,0.931,Tomte
482,1238701507.688,7.775,3409.167,1.0,Low_Frequency_Lines
483,1238701622.428,34.647,2651.144,0.979,Koi_Fish
484,1238703185.889,8.375,93.497,0.971,Blip
485,1238704340.593,22.348,2634.428,0.964,Blip
486,1238708879.969,7.832,20.195,0.954,Low_Frequency_Burst
487,1238712612.563,38.094,557.087,0.916,Blip
488,1238720543.885,2519.403,3059.082,1.0,Extremely_Loud
489,1238723571.181,51.414,3913.013,1.0,Koi_Fish
490,1238725926.688,7.778,24.061,0.992,Low_Frequency_Lines
491,1238726528.057,7.787,104.255,1.0,Blip
492,1238727739.977,8.465,36.338,0.984,Low_Frequency_Burst
493,1238730000.625,8.008,1929.015,0.991,Low_Frequency_Lines
494,1238730052.502,53.635,3746.261,1.0,Koi_Fish
495,1238733603.371,14.552,1161.367,0.933,Tomte
496,1238735556.411,14.701,251.848,1.0,Blip
497,1238736535.094,10.187,40.533,1.0,Scattered_Light
498,1238744193.384,207.192,3983.241,0.948,Koi_Fish
499,1238744195.165,7.679,116.29,0.966,Blip
500,1238758060.848,30.278,861.248,1.0,Blip
501,1238758444.694,14.241,211.877,1.0,Blip
502,1238759310.531,12.894,32.829,0.999,Low_Frequency_Burst
503,1238759357.086,8.328,365.451,0.995,Low_Frequency_Burst
504,1238759503.031,7.626,1258.221,0.999,Scattered_Light
505,1238759710.931,9.254,146.888,1.0,Blip
506,1238761183.75,11.099,1462.128,0.944,Scattered_Light
507,1238764322.622,69.307,2586.045,0.994,Koi_Fish
508,1238773356.16,1214.269,1707.97,0.982,Extremely_Loud
509,1238783966.89,13.235,881.058,1.0,Blip
510,1238785671.476,8.737,152.274,1.0,Blip
511,1238788903.895,408.315,3813.464,0.92,Extremely_Loud
512,1238793105.58,34.091,131.936,0.993,Koi_Fish
513,1238794944.589,11.9,211.877,1.0,Blip
514,1238797245.373,7.613,128.719,1.0,Blip
515,1238802897.594,7.824,2741.265,1.0,Low_Frequency_Lines
516,1238806184.313,8.312,573.658,0.917,Low_Frequency_Lines
517,1238808466.75,19.33,1597.584,0.983,Low_Frequency_Lines
518,1238808875.832,8.19,2418.983,0.984,Tomte
519,1238809959.313,9.722,1644.648,0.966,Low_Frequency_Lines
520,1238812285.957,983.593,3799.787,1.0,Extremely_Loud
521,1238813231.285,7.619,53.292,0.976,Blip
522,1238813773.688,13.559,2820.892,1.0,Scattered_Light
523,1238816330.938,8.691,3059.082,0.999,Low_Frequency_Lines
524,1238820870.094,11.033,3703.979,0.999,Low_Frequency_Burst
525,1238821114.967,73.306,3983.241,0.999,Koi_Fish
526,1238824120.918,373.367,2479.719,1.0,Extremely_Loud
527,1238841069.313,7.832,213.594,0.999,Low_Frequency_Lines
528,1238842546.183,37.922,1630.23,0.994,Blip
529,1238843694.555,7.977,435.708,0.986,Whistle
530,1238844831.609,14.03,3194.283,0.968,Low_Frequency_Burst
531,1238850961.32,10.078,20.195,0.998,Low_Frequency_Burst
532,1238853574.529,22.069,241.258,0.98,Koi_Fish
533,1238859701.753,7.98,132.998,1.0,Blip
534,1238863131.09,167.349,3998.194,1.0,Blip
535,1238864459.986,18.463,3471.328,1.0,Blip
536,1238870504.452,36.695,162.896,0.917,Koi_Fish
537,1238870798.117,7.507,4174.539,0.977,Whistle
538,1238873313.526,450.756,3983.241,0.998,Extremely_Loud
539,1238896738.063,8.34,1028.875,1.0,Low_Frequency_Lines
540,1238898372.119,129.42,1563.095,1.0,Koi_Fish
541,1238900179.496,14.032,108.381,0.936,Koi_Fish
542,1238915896.044,69.815,3947.731,0.982,Koi_Fish
543,1238920023.684,366.148,1928.011,1.0,Extremely_Loud
544,1238925174.869,43.588,2098.233,0.996,Koi_Fish
545,1238925743.031,10.517,149.145,0.998,Scratchy
546,1238926015.781,10.068,105.387,0.998,Scratchy
547,1238926487.156,9.997,204.111,0.923,Scratchy
548,1238926488.406,9.258,205.677,0.964,Scratchy
549,1238926586.516,10.319,107.293,0.983,Scratchy
550,1238926588.594,9.326,3950.606,0.998,Scratchy
551,1238935253.656,7.84,3551.692,0.992,Low_Frequency_Lines
552,1238937739.898,14.496,303.642,0.984,Whistle
553,1238939757.956,11.533,118.971,1.0,Blip
554,1238940121.125,11.478,1564.972,1.0,Scattered_Light
555,1238941885.014,418.494,2964.093,1.0,Extremely_Loud
556,1238943776.049,53.759,3983.241,0.998,Koi_Fish
557,1238946396.637,216.878,633.177,0.998,Extremely_Loud
558,1238946404.832,341.857,196.925,0.935,Extremely_Loud
559,1238947494.887,61.302,3872.13,1.0,Extremely_Loud
560,1238951019.406,8.322,891.561,0.995,Scratchy
561,1238954901.833,35.095,1510.776,0.923,Blip
562,1238955234.306,62.908,300.189,0.958,Koi_Fish
563,1238959079.625,78.114,3201.357,0.959,Extremely_Loud
564,1238960979.084,64.662,1028.149,0.998,Koi_Fish
565,1238964318.512,31.591,61.335,0.994,Tomte
566,1238970636.535,21.698,1272.101,0.978,Tomte
567,1238972608.777,79.433,3945.854,1.0,Extremely_Loud
568,1238974073.739,14.773,3989.691,1.0,Blip
569,1238974878.681,11.676,168.075,1.0,Blip
570,1238974908.548,15.528,201.12,1.0,Blip
571,1238975811.34,190.383,3881.874,1.0,Extremely_Loud
572,1238976307.313,9.042,311.127,0.988,Low_Frequency_Lines
573,1238985587.926,14.053,63.212,0.947,Tomte
574,1238994164.57,195.75,161.018,0.993,Extremely_Loud
575,1238994168.34,147.255,108.381,0.996,Extremely_Loud
576,1238994176.449,173.686,1563.095,0.96,Extremely_Loud
577,1238994221.012,129.431,131.936,0.908,Extremely_Loud
578,1238996417.867,7.662,356.214,0.925,Whistle
579,1239001651.782,12.478,142.526,1.0,Blip
580,1239006894.46,24.914,3684.441,0.999,Blip
581,1239011003.906,10.014,3201.357,0.949,Scattered_Light
582,1239012378.922,9.362,28.467,0.996,Low_Frequency_Burst
583,1239018523.258,132.967,3703.979,1.0,Extremely_Loud
584,1239023621.832,917.137,677.222,0.992,Extremely_Loud
585,1239044247.893,88.479,3006.243,1.0,Koi_Fish
586,1239045593.844,7.958,23.057,0.993,Low_Frequency_Lines
587,1239048366.447,11.074,136.131,0.981,Blip
588,1239061115.887,4615.623,3746.261,0.934,Extremely_Loud
589,1239064698.516,7.76,2534.013,0.993,Low_Frequency_Lines
590,1239071961.838,7.673,53.578,0.999,Blip
591,1239080891.309,134.018,161.018,0.999,Extremely_Loud
592,1239080898.227,45.184,2834.458,0.945,Extremely_Loud
593,1239084038.802,56.94,3985.119,1.0,Koi_Fish
594,1239090780.988,12.537,51.198,0.931,Tomte
595,1239091326.425,31.96,370.631,0.999,Blip
596,1239095405.688,412.758,3298.676,1.0,Extremely_Loud
597,1239095408.125,114.823,3881.874,0.996,Extremely_Loud
598,1239096317.594,9.735,3582.116,1.0,Scattered_Light
599,1239097095.402,25.786,2081.292,0.982,Koi_Fish
600,1239097634.979,42.619,196.925,0.999,Koi_Fish
601,1239097638.357,8.463,96.359,1.0,Blip
602,1239097874.604,12.562,747.278,0.998,Tomte
603,1239105706.531,7.743,3413.606,0.996,Scattered_Light
604,1239106285.531,9.076,39.251,1.0,Scattered_Light
605,1239107123.336,12.095,338.633,0.978,Low_Frequency_Lines
606,1239107252.125,137.061,3728.798,0.986,Scattered_Light
607,1239107403.648,8.564,3983.241,0.904,Low_Frequency_Lines
608,1239112226.906,8.159,2487.441,1.0,Scattered_Light
609,1239112260.164,9.9,28.602,1.0,Low_Frequency_Burst
610,1239112444.891,9.279,36.338,0.993,Low_Frequency_Burst
611,1239112487.906,13.295,36.338,0.999,Scattered_Light
612,1239112490.406,7.771,303.656,0.975,Low_Frequency_Burst
613,1239112928.258,9.119,26.59,1.0,Low_Frequency_Burst
614,1239114313.344,7.712,30.952,0.954,Scattered_Light
615,1239115077.906,9.018,249.734,0.965,Scratchy
616,1239118610.547,48.149,3215.294,1.0,Scratchy
617,1239121555.99,9.797,93.497,1.0,Blip
618,1239122130.019,159.61,2634.428,0.967,Extremely_Loud
619,1239122297.523,31.749,1267.535,0.931,Koi_Fish
620,1239123507.571,18.464,1563.095,0.958,Repeating_Blips
621,1239126883.543,877.922,3307.927,0.917,Koi_Fish
622,1239131478.722,14.001,3314.376,1.0,Blip
623,1239132372.541,12.249,91.18,0.933,Tomte
624,1239133852.652,23.131,73.85,0.99,Tomte
625,1239141457.565,770.364,3983.241,1.0,Extremely_Loud
626,1239141501.946,126.169,3409.167,1.0,Extremely_Loud
627,1239142665.279,18.028,247.708,1.0,Blip
628,1239147261.963,8.375,58.255,0.999,Blip
629,1239150427.375,7.596,2607.292,1.0,Low_Frequency_Lines
630,1239152432.642,10.302,256.21,1.0,Blip
631,1239156780.143,19989.938,3983.241,1.0,Extremely_Loud
632,1239157234.125,7.534,19.37,0.997,Low_Frequency_Lines
633,1239159912.346,8.1,61.502,0.976,Blip
634,1239160155.178,8.008,78.045,1.0,Blip
635,1239168993.625,7.757,19.969,1.0,Low_Frequency_Lines
636,1239177426.088,17.789,3241.987,0.958,Tomte
637,1239178196.368,10.361,492.347,1.0,Blip
638,1239180981.104,12.053,3583.993,0.999,Tomte
639,1239182885.301,1254.364,1898.219,1.0,Extremely_Loud
640,1239191996.224,10.862,171.608,1.0,Blip
641,1239201189.479,14.658,162.896,1.0,Blip
642,1239206108.875,8.236,2379.561,0.998,Low_Frequency_Lines
643,1239206498.846,8.749,3256.708,0.999,Blip
644,1239206509.537,8.505,104.255,1.0,Blip
645,1239209391.813,8.645,2349.77,0.976,Low_Frequency_Lines
646,1239214433.723,10.399,61.335,0.984,Tomte
647,1239217033.018,8.666,204.685,1.0,Blip
648,1239217532.828,58.813,3703.979,0.997,Extremely_Loud
649,1239217632.523,159.5,3409.167,0.993,Extremely_Loud
650,1239217677.379,150.035,3427.638,0.998,Extremely_Loud
651,1239217721.172,107.575,1101.395,1.0,Extremely_Loud
652,1239217758.895,100.799,1976.361,0.997,Extremely_Loud
653,1239219801.541,47.635,2081.292,0.999,Koi_Fish
654,1239223271.844,8.851,106.268,0.98,Scratchy
655,1239223272.469,9.062,301.459,0.997,Scratchy
656,1239227411.995,7.653,181.356,1.0,Blip
657,1239236196.381,26.266,403.998,0.952,Koi_Fish
658,1239236548.67,87.024,805.763,0.997,Koi_Fish
659,1239243963.184,7.618,356.82,0.983,Whistle
660,1239247844.48,126.432,1028.149,0.964,Extremely_Loud
661,1239249857.969,13.82,26.59,0.994,Low_Frequency_Burst
662,1239259804.498,33.917,196.925,0.986,Koi_Fish
663,1239259851.395,7.596,100.838,0.95,Scratchy
664,1239261076.281,8.237,1954.999,0.999,Scratchy
665,1239263126.156,9.647,23.057,0.939,Low_Frequency_Lines
666,1239263380.895,13.037,3409.167,0.954,Low_Frequency_Burst
667,1239264190.906,11.657,3323.227,0.997,Scratchy
668,1239265338.594,7.722,88.323,0.968,Scratchy
669,1239265987.656,8.115,20.838,0.994,Low_Frequency_Lines
670,1239266055.075,7.808,3956.158,1.0,Blip
671,1239266525.906,8.742,110.408,0.997,Scratchy
672,1239270455.563,7.776,32.414,1.0,Scattered_Light
673,1239272222.075,7.68,152.274,1.0,Blip
674,1239272500.446,175.729,1563.095,0.901,Koi_Fish
675,1239272956.236,34.536,3703.979,0.977,Koi_Fish
676,1239276385.259,14.109,2920.99,0.937,Blip
677,1239276534.015,178.4,3983.241,0.932,Extremely_Loud
678,1239277494.82,17.406,2930.829,0.947,Low_Frequency_Burst
679,1239278716.295,213.19,3703.979,1.0,Extremely_Loud
680,1239278726.593,687.219,3983.241,0.998,Extremely_Loud
681,1239278804.286,236.14,3409.167,1.0,Extremely_Loud
682,1239278876.78,456.222,3983.241,1.0,Extremely_Loud
683,1239290086.301,7.6,392.326,0.939,Whistle
684,1239290882.191,209.203,1028.149,0.913,Extremely_Loud
685,1239291131.125,9.091,2411.586,0.999,Scattered_Light
686,1239291671.188,8.673,29.101,0.999,Scattered_Light
687,1239291834.395,47.623,295.994,0.966,Koi_Fish
688,1239311477.484,9.759,26.59,0.986,Low_Frequency_Burst
689,1239311651.585,110.143,3006.243,0.981,Extremely_Loud
690,1239311774.833,66.623,2769.374,1.0,Extremely_Loud
691,1239311795.796,124.945,3409.167,1.0,Extremely_Loud
692,1239311835.314,54.502,1928.011,0.963,Extremely_Loud
693,1239311840.689,12.339,165.213,0.988,Blip
694,1239311881.073,41.261,3425.439,0.969,Extremely_Loud
695,1239312459.813,11.745,3409.167,0.992,Low_Frequency_Lines
696,1239316011.394,24.566,3987.436,1.0,Blip
697,1239318668.625,7.671,3883.265,0.998,Low_Frequency_Lines
698,1239320161.92,24.869,241.258,0.957,Koi_Fish
699,1239320332.169,21.66,1610.677,1.0,Blip
700,1239320752.779,8.179,58.255,0.969,Blip
701,1239320959.161,73.085,3945.854,1.0,Koi_Fish
702,1239320996.214,78.649,2378.556,0.994,Koi_Fish
703,1239324750.665,152.429,3367.249,1.0,Extremely_Loud
704,1239324755.071,111.126,3457.886,1.0,Extremely_Loud
705,1239325264.89,129.579,3457.886,1.0,Extremely_Loud
706,1239325275.997,70.179,2378.556,0.92,Koi_Fish
707,1239327168.828,41.014,3615.396,0.997,Extremely_Loud
708,1239327267.091,238.765,3983.241,1.0,Extremely_Loud
709,1239327446.723,17.265,108.381,0.976,Tomte
710,1239327677.438,16.123,20.195,0.907,Low_Frequency_Lines
711,1239327819.938,16.577,2319.412,0.954,Low_Frequency_Lines
712,1239327824.313,11.164,18.134,0.997,Low_Frequency_Lines
713,1239331821.293,44.322,1462.128,0.979,Extremely_Loud
714,1239331824.753,26.107,2964.093,0.9,Extremely_Loud
715,1239331980.74,16.765,834.26,0.977,Blip
716,1239331993.043,47.766,3307.927,0.934,Extremely_Loud
717,1239331998.47,21.463,447.013,0.935,Blip
718,1239334035.019,39.854,300.189,0.959,Koi_Fish
719,1239341420.155,58.861,2378.556,1.0,Extremely_Loud
720,1239344564.764,1540.541,2378.556,0.999,Extremely_Loud
721,1239348563.973,82.502,2991.081,1.0,Blip
722,1239358750.384,60.923,1564.972,1.0,Koi_Fish
723,1239371072.01,9.591,171.323,0.999,Blip
724,1239379379.109,8.256,30.785,0.988,Low_Frequency_Burst
725,1239383255.719,8.549,41.345,0.938,Scattered_Light
726,1239383488.719,12.643,3557.086,0.964,Low_Frequency_Burst
727,1239396336.04,10.849,793.158,0.975,Whistle
728,1239401807.939,55.373,161.018,1.0,Koi_Fish
729,1239402933.816,643.939,2973.802,1.0,Extremely_Loud
730,1239403022.339,9.728,1155.951,1.0,Blip
731,1239403216.841,30.95,451.208,0.995,Blip
732,1239416734.563,7.536,20.195,0.999,Low_Frequency_Lines
733,1239418671.61,37.981,2965.97,0.991,Koi_Fish
734,1239422561.724,37.408,2733.875,0.937,Blip
735,1239424022.354,68.046,3983.241,1.0,Koi_Fish
736,1239452740.943,14.911,61.335,0.989,Tomte
737,1239466335.166,47.126,196.925,0.989,Koi_Fish
738,1239495446.009,39.143,2121.764,0.91,Koi_Fish
739,1239508534.791,136.17,161.018,0.976,Koi_Fish
740,1239525416.719,7.882,27.594,0.998,Scattered_Light
741,1239527903.688,9.577,28.375,0.983,Scattered_Light
742,1239528702.152,23.144,89.302,0.972,Tomte
743,1239529780.281,7.653,553.437,0.992,Scattered_Light
744,1239531685.941,193.453,2783.969,0.989,Koi_Fish
745,1239533413.691,20.464,3582.116,0.998,Tomte
746,1239534167.229,140.758,3201.357,1.0,Koi_Fish
747,1239536659.938,9.121,18.295,0.999,Low_Frequency_Lines
748,1239541296.986,9.671,300.189,0.905,Blip
749,1239542114.375,8.94,26.938,0.992,Scattered_Light
750,1239543298.063,14.186,4018.439,0.98,Blip
751,1239546034.257,60.558,3178.492,0.998,Koi_Fish
752,1239568343.648,7.566,420.903,0.966,Whistle
753,1239568575.322,56.242,550.03,1.0,Koi_Fish
754,1239572257.711,9477.366,3703.979,1.0,Extremely_Loud
755,1239572750.435,10.393,146.888,1.0,Blip
756,1239578718.012,8.539,3080.93,0.998,Low_Frequency_Burst
757,1239581514.084,115.917,3409.167,1.0,Extremely_Loud
758,1239582572.563,7.638,20.04,0.999,Low_Frequency_Lines
759,1239587855.139,16.291,91.18,0.984,Tomte
760,1239588997.117,9.375,2783.969,1.0,Low_Frequency_Burst
761,1239590555.941,91.884,1850.077,0.984,Koi_Fish
762,1239591724.625,7.63,382.442,0.997,Low_Frequency_Burst
763,1239594876.437,8.102,181.356,1.0,Blip
764,1239596124.531,10.766,36.338,0.999,Scattered_Light
765,1239597568.14,15.629,171.323,1.0,Blip
766,1239598032.117,7.945,1028.149,1.0,Low_Frequency_Burst
767,1239598984.125,24.193,3764.415,0.993,Extremely_Loud
768,1239601169.94,60.445,3985.119,1.0,Koi_Fish
769,1239601929.875,12.728,17.877,0.991,Low_Frequency_Burst
770,1239604445.211,351.029,2061.918,1.0,Extremely_Loud
771,1239604469.465,198.414,2964.093,1.0,Extremely_Loud
772,1239605590.95,17.624,303.051,1.0,Blip
773,1239607010.902,129.179,3393.298,1.0,Extremely_Loud
774,1239607032.344,47.094,3764.125,0.997,Extremely_Loud
775,1239607053.66,40.077,89.302,0.989,Extremely_Loud
776,1239608975.114,11.39,175.97,1.0,Blip
777,1239611746.375,9.025,1563.095,0.906,Extremely_Loud
778,1239613739.629,201.103,3983.241,1.0,Extremely_Loud
779,1239618435.145,55.263,3746.261,0.96,Koi_Fish
780,1239621123.313,7.593,2837.865,0.989,Scattered_Light
781,1239622529.219,8.16,92.457,0.973,Scratchy
782,1239626115.587,53.259,3436.155,1.0,Blip
783,1239628435.938,8.159,24.934,0.992,Scattered_Light
784,1239632562.212,11.632,2489.405,0.995,Blip
785,1239635155.367,9.599,348.793,1.0,Whistle
786,1239635287.344,7.585,2394.448,0.998,Low_Frequency_Lines
787,1239635447.973,51.436,1644.648,0.998,Extremely_Loud
788,1239639948.781,8.061,26.59,0.993,Low_Frequency_Burst
789,1239641213.07,786.844,3945.854,0.999,Extremely_Loud
790,1239644494.125,8.513,3681.25,0.994,Low_Frequency_Lines
791,1239647772.344,7.747,106.268,0.989,Scratchy
792,1239648083.712,122.804,3983.241,0.999,Koi_Fish
793,1239648633.535,41.664,3080.93,1.0,Extremely_Loud
794,1239651144.098,24.831,2964.093,0.997,Tomte
795,1239652586.326,8.679,80.907,1.0,Blip
796,1239652589.826,10.837,73.85,0.995,Tomte
797,1239652591.182,9.633,61.335,0.951,Tomte
798,1239652599.389,26.506,3693.803,1.0,Extremely_Loud
799,1239652619.768,20.676,3006.243,0.987,Extremely_Loud
800,1239652681.221,7.582,58.255,0.999,Blip
801,1239652693.277,36.763,3746.261,1.0,Extremely_Loud
802,1239652697.816,33.347,3983.241,0.992,Extremely_Loud
803,1239652715.258,15.362,89.302,0.936,Tomte
804,1239652841.941,18.55,1299.963,1.0,Tomte
805,1239662498.117,7.741,1506.581,0.979,Low_Frequency_Burst
806,1239664531.313,10.361,3457.886,0.998,Low_Frequency_Lines
807,1239665059.053,8.552,3393.298,0.97,Blip
808,1239675359.541,74.655,3881.874,1.0,Koi_Fish
809,1239679339.189,230.548,3201.357,0.916,Koi_Fish
810,1239693600.094,11.963,30.952,1.0,Scattered_Light
811,1239695694.313,11.179,3983.241,1.0,Scattered_Light
812,1239696384.156,7.89,23.057,0.935,Low_Frequency_Burst
813,1239702486.156,17.902,1113.448,0.999,Low_Frequency_Burst
814,1239705200.875,28.21,35.587,0.998,Extremely_Loud
815,1239705201.631,306.401,161.018,1.0,Extremely_Loud
816,1239710350.813,7.814,3708.35,0.908,Scattered_Light
817,1239718689.125,10.01,3617.273,0.994,Scattered_Light
818,1239719616.156,9.893,3249.652,0.996,Scattered_Light
819,1239727086.221,7.611,118.971,0.997,Blip
820,1239735214.706,19.915,2334.364,1.0,Blip
821,1239736449.697,41.16,297.871,0.991,Koi_Fish
822,1239741679.384,8.44,128.719,1.0,Blip
823,1239743878.029,7.621,93.141,0.956,Blip
824,1239752727.062,239.585,3983.241,0.928,Koi_Fish
825,1239759185.636,12.719,175.97,1.0,Blip
826,1239761748.912,7.577,79.098,0.991,Blip
827,1239764554.133,7.57,2819.014,1.0,Low_Frequency_Burst
828,1239771660.875,9.64,1275.541,1.0,Scattered_Light
829,1239775886.986,13.542,63.212,0.993,Tomte
830,1239786022.656,12.092,2535.89,0.988,Scattered_Light
831,1239786074.625,8.467,25.618,0.985,Low_Frequency_Lines
832,1239788651.613,23.043,89.302,0.991,Tomte
833,1239789081.686,9.321,80.907,1.0,Blip
834,1239790947.776,8.286,104.255,1.0,Blip
835,1239796741.117,7.991,30.952,0.987,Low_Frequency_Burst
836,1239798975.969,10.762,28.467,0.987,Scattered_Light
837,1239801214.577,20.465,248.315,1.0,Blip
838,1239801222.526,57.912,2965.97,1.0,Koi_Fish
839,1239803454.122,9.344,142.526,1.0,Blip
840,1239804030.477,7.863,436.558,0.971,Whistle
841,1239805060.929,16.696,1586.04,0.994,Blip
842,1239805595.227,8.912,420.889,0.996,Whistle
843,1239806997.664,8.942,30.952,0.974,Low_Frequency_Burst
844,1239808235.125,7.553,194.987,0.987,Low_Frequency_Lines
845,1239809584.553,44.807,448.89,0.987,Koi_Fish
846,1239810031.313,7.984,1267.535,0.999,Low_Frequency_Lines
847,1239815467.152,176.548,3030.386,1.0,Extremely_Loud
848,1239815573.145,32.494,2920.99,1.0,Extremely_Loud
849,1239815658.832,42.065,3490.641,1.0,Extremely_Loud
850,1239815660.727,36.09,2964.093,0.984,Extremely_Loud
851,1239815712.539,19.073,3206.699,0.923,Extremely_Loud
852,1239815968.895,24.306,89.302,0.95,Tomte
853,1239815999.223,12.621,61.335,0.925,Tomte
854,1239816026.26,10.467,73.85,0.992,Tomte
855,1239816072.98,20.88,3590.782,0.984,Tomte
856,1239816103.262,8.936,61.335,0.998,Tomte
857,1239816107.705,9.567,65.53,0.999,Blip
858,1239816138.043,88.697,592.631,0.999,Extremely_Loud
859,1239816153.158,7.887,80.907,0.997,Blip
860,1239816157.287,43.666,227.261,0.998,Extremely_Loud
861,1239816184.713,10.982,65.53,0.978,Blip
862,1239816192.811,24.143,89.302,0.999,Extremely_Loud
863,1239816207.816,9.806,51.198,0.921,Tomte
864,1239816247.611,39.988,3409.167,1.0,Extremely_Loud
865,1239816401.238,10.732,61.335,0.969,Tomte
866,1239816460.355,17.362,825.505,0.983,Extremely_Loud
867,1239816473.008,10.196,61.335,0.915,Extremely_Loud
868,1239816908.191,7.675,53.075,0.956,Tomte
869,1239817215.34,24.552,1190.115,0.954,Tomte
870,1239817221.488,12.79,63.212,0.998,Tomte
871,1239817291.09,26.087,1907.455,0.978,Extremely_Loud
872,1239817409.551,33.066,834.26,0.996,Koi_Fish
873,1239817425.033,49.618,2741.265,0.96,Extremely_Loud
874,1239817657.873,11.108,63.212,0.978,Tomte
875,1239817737.445,7.502,3300.554,0.934,Scattered_Light
876,1239817904.84,50.729,220.397,0.985,Low_Frequency_Burst
877,1239817932.775,8.929,75.727,0.998,Tomte
878,1239818260.785,25.622,2964.093,0.911,Tomte
879,1239818895.066,13.783,61.335,0.997,Tomte
880,1239819038.613,12.814,61.335,0.977,Tomte
881,1239819042.207,68.138,857.679,1.0,Extremely_Loud
882,1239819498.703,66.161,131.936,1.0,Extremely_Loud
883,1239819557.494,11.041,78.045,0.905,Blip
884,1239819764.367,322.833,161.018,1.0,Extremely_Loud
885,1239819789.746,9.953,63.212,0.993,Tomte
886,1239819817.773,144.416,3409.167,0.94,Extremely_Loud
887,1239823208.251,22.528,300.189,0.991,Blip
888,1239824974.23,18.99,73.85,0.994,Tomte
889,1239828845.777,12.67,2360.253,0.983,Tomte
890,1239829755.809,13.033,51.198,0.993,Tomte
891,1239830012.973,34.837,1359.772,0.989,Tomte
892,1239830057.191,29.197,3409.167,0.938,Extremely_Loud
893,1239830156.645,9.107,63.212,0.979,Tomte
894,1239830158.41,14.411,61.335,0.945,Tomte
895,1239830333.621,19.906,73.85,0.967,Tomte
896,1239830341.855,8.57,158.508,0.972,Tomte
897,1239830355.92,12.013,63.212,0.93,Tomte
898,1239830375.168,10.234,51.198,0.939,Tomte
899,1239830401.529,10.864,73.85,0.998,Tomte
900,1239832241.746,15.318,61.335,0.981,Tomte
901,1239832252.367,352.962,2378.556,1.0,Extremely_Loud
902,1239833609.063,15.09,201.12,1.0,Blip
903,1239835248.87,8.09,88.802,0.999,Blip
904,1239835990.076,8.096,171.608,0.999,Blip
905,1239836531.808,104.412,2964.093,1.0,Extremely_Loud
906,1239843390.15,36.791,3983.241,0.999,Koi_Fish
907,1239846980.463,10.971,63.212,0.949,Tomte
908,1239847148.441,234.478,3703.979,1.0,Extremely_Loud
909,1239847247.146,50.372,550.03,0.994,Extremely_Loud
910,1239847282.926,8.215,30.952,0.975,Low_Frequency_Burst
911,1239847368.721,15.034,91.18,0.962,Tomte
912,1239849436.041,99.965,295.994,0.999,Koi_Fish
913,1239849560.113,12.057,73.85,0.998,Tomte
914,1239850236.012,343.356,2394.448,1.0,Extremely_Loud
915,1239850353.688,20.583,971.864,0.95,Extremely_Loud
916,1239850647.941,215.31,3557.086,0.989,Extremely_Loud
917,1239862181.045,15.287,1848.018,1.0,Blip
918,1239870229.229,76.752,679.099,1.0,Koi_Fish
919,1239872775.805,452.732,295.994,1.0,Extremely_Loud
920,1239882523.875,8.02,35.545,1.0,Scattered_Light
921,1239882528.992,12.167,3885.131,1.0,Whistle
922,1239885909.438,9.298,26.14,0.96,Scattered_Light
923,1239886695.313,9.704,25.856,0.988,Scattered_Light
924,1239893349.344,7.521,19.406,0.999,Low_Frequency_Lines
925,1239894061.544,7.676,109.64,1.0,Blip
926,1239901902.303,42.904,2533.664,1.0,Koi_Fish
927,1239902507.166,12.232,203.982,1.0,Blip
928,1239904272.701,49.67,2741.265,1.0,Koi_Fish
929,1239908457.438,44.322,3329.919,0.983,Extremely_Loud
930,1239909080.83,99.945,3983.241,0.999,Koi_Fish
931,1239910361.625,7.588,1936.738,0.998,Scattered_Light
932,1239914904.73,26.241,131.936,0.999,Koi_Fish
933,1239915948.65,81.608,1928.011,0.998,Koi_Fish
934,1239915955.668,1262.41,3813.464,1.0,Extremely_Loud
935,1239918974.446,11.339,138.993,1.0,Blip
936,1239919795.524,8.132,1578.047,0.999,Blip
937,1239926368.379,189.725,131.936,0.964,Extremely_Loud
938,1239926552.783,963.738,2417.106,0.979,Extremely_Loud
939,1239930885.631,13.211,3947.731,0.922,Tomte
940,1239931152.418,13.179,61.335,0.999,Tomte
941,1239936161.643,29.096,1506.581,0.968,Tomte
942,1239940483.706,7.588,109.64,1.0,Blip
943,1239941591.199,11.601,61.335,0.985,Tomte
944,1239942084.465,108.942,3703.979,0.999,Extremely_Loud
945,1239942089.668,49.159,196.925,1.0,Extremely_Loud
946,1239942107.787,7.655,78.045,0.999,Tomte
947,1239942109.721,9.181,80.907,0.937,Tomte
948,1239942114.807,9.224,96.359,0.911,Tomte
949,1239942126.758,16.238,89.302,0.96,Extremely_Loud
950,1239942133.688,10.628,227.1,0.988,Tomte
951,1239942134.839,8.292,104.255,0.998,Blip
952,1239942146.494,18.557,89.302,0.991,Tomte
953,1239942164.912,11.825,61.335,0.949,Tomte
954,1239942204.176,9.869,61.335,0.993,Tomte
955,1239942223.086,14.334,78.045,0.925,Tomte
956,1239942237.205,17.133,91.18,0.93,Tomte
957,1239942245.795,23.518,73.85,0.996,Tomte
958,1239942257.293,8.087,2378.556,0.98,Tomte
959,1239942261.396,22.462,89.302,0.999,Tomte
960,1239942797.49,8.531,58.255,0.977,Blip
961,1239947043.563,8.096,1644.648,1.0,Low_Frequency_Lines
962,1239948384.79,320.803,3983.241,0.979,Extremely_Loud
963,1239948464.744,494.189,3983.241,1.0,Extremely_Loud
964,1239948490.558,9.41,196.925,0.943,Tomte
965,1239948497.874,416.516,3983.241,1.0,Extremely_Loud
966,1239948541.228,174.945,3582.116,0.999,Extremely_Loud
967,1239948632.433,9.283,363.574,0.972,Tomte
968,1239948655.67,683.872,3983.241,1.0,Extremely_Loud
969,1239948662.134,12.367,447.013,0.901,Koi_Fish
970,1239948663.911,158.211,3464.271,0.959,Koi_Fish
971,1239948667.929,132.147,3030.486,1.0,Extremely_Loud
972,1239948706.084,586.095,3983.241,1.0,Extremely_Loud
973,1239948711.484,396.657,3983.241,1.0,Extremely_Loud
974,1239948723.862,182.306,3813.464,1.0,Extremely_Loud
975,1239948915.114,167.161,3201.357,1.0,Extremely_Loud
976,1239948997.315,276.162,3983.241,0.998,Extremely_Loud
977,1239949043.784,275.085,3703.979,1.0,Extremely_Loud
978,1239949048.718,183.855,3409.167,1.0,Extremely_Loud
979,1239949108.496,80.477,3489.112,0.997,Extremely_Loud
980,1239949226.327,292.381,3983.241,1.0,Extremely_Loud
981,1239949331.689,422.864,3983.241,1.0,Extremely_Loud
982,1239949344.71,376.081,3983.241,1.0,Extremely_Loud
983,1239949359.103,133.47,3409.167,1.0,Extremely_Loud
984,1239949484.428,94.302,3201.357,0.999,Extremely_Loud
985,1239949734.711,29.682,3693.803,0.958,Koi_Fish
986,1239949812.402,137.052,3983.241,1.0,Extremely_Loud
987,1239950131.209,349.292,3983.241,0.996,Extremely_Loud
988,1239950140.135,302.669,3983.241,0.96,Extremely_Loud
989,1239950143.814,125.998,3582.116,1.0,Extremely_Loud
990,1239950172.565,21.864,2563.995,0.96,Extremely_Loud
991,1239950177.683,59.045,2634.428,1.0,Extremely_Loud
992,1239950204.499,50.334,1928.011,0.961,Extremely_Loud
993,1239950443.024,50.184,1644.648,1.0,Extremely_Loud
994,1239950544.24,105.704,3881.874,1.0,Extremely_Loud
995,1239950553.771,7.973,256.21,0.963,Repeating_Blips
996,1239950558.56,13.063,2382.752,1.0,Koi_Fish
997,1239950574.154,7.927,461.965,1.0,Repeating_Blips
998,1239950578.986,8.257,68.391,0.944,Blip
999,1239950595.3,419.884,3983.241,1.0,Extremely_Loud
1000,1239950600.627,22.73,447.013,0.998,Blip
1001,1239950657.506,8.607,577.018,1.0,Repeating_Blips
1002,1239950657.745,9.649,1038.739,1.0,Repeating_Blips
1003,1239950661.033,13.393,684.279,0.999,Repeating_Blips
1004,1239950661.798,23.812,1271.73,1.0,Repeating_Blips
1005,1239950663.463,13.898,2381.521,0.998,Repeating_Blips
1006,1239950665.458,7.988,722.557,1.0,Repeating_Blips
1007,1239950666.49,8.826,1302.733,1.0,Repeating_Blips
1008,1239950666.827,25.892,1329.049,0.975,Repeating_Blips
1009,1239950668.21,54.047,2968.288,0.932,Repeating_Blips
1010,1239950669.423,22.625,1570.152,0.983,Repeating_Blips
1011,1239950683.904,26.428,2396.325,0.961,Repeating_Blips
1012,1239950684.714,16.142,1267.535,0.999,Repeating_Blips
1013,1239950685.042,10.241,316.332,1.0,Repeating_Blips
1014,1239950690.099,36.525,1563.095,0.925,Repeating_Blips
1015,1239950691.792,20.408,3176.615,0.996,Repeating_Blips
1016,1239950697.678,215.073,3983.241,1.0,Extremely_Loud
1017,1239950703.919,118.16,3983.241,0.999,Extremely_Loud
1018,1239950720.923,27.901,2964.093,0.91,Extremely_Loud
1019,1239950740.87,88.42,3983.241,0.997,Extremely_Loud
1020,1239950743.93,24.999,2964.093,0.993,Koi_Fish
1021,1239950746.7,12.052,1934.12,0.977,Repeating_Blips
1022,1239950747.856,33.032,2968.288,0.957,Repeating_Blips
1023,1239950760.101,15.761,1271.73,1.0,Repeating_Blips
1024,1239950764.09,219.207,3983.241,0.986,Extremely_Loud
1025,1239950767.518,43.993,3705.856,1.0,Repeating_Blips
1026,1239950773.521,648.801,3983.241,1.0,Extremely_Loud
1027,1239950784.175,11.175,370.631,0.902,Repeating_Blips
1028,1239950787.764,11.835,451.208,1.0,Blip
1029,1239950790.458,13.344,300.189,1.0,Blip
1030,1239950908.574,39.494,2769.374,0.962,Koi_Fish
1031,1239950916.139,747.543,3983.241,1.0,Extremely_Loud
1032,1239955044.938,8.072,2837.452,0.976,Low_Frequency_Lines
1033,1239956301.813,8.273,20.195,0.989,Low_Frequency_Lines
1034,1239958027.692,103.854,3983.241,0.975,Koi_Fish
1035,1239959237.715,20.9,1027.529,0.954,Tomte
1036,1239960604.583,9.312,128.719,1.0,Blip
1037,1239962786.594,8.398,1983.485,0.904,Low_Frequency_Lines
1038,1239963024.006,7.615,3998.194,1.0,Blip
1039,1239963768.938,9.881,20.195,1.0,Low_Frequency_Lines
1040,1239964449.467,7.608,104.255,1.0,Blip
1041,1239965312.898,7.924,406.342,0.975,Whistle
1042,1239966417.039,9.423,2750.364,0.982,Whistle
1043,1239968707.164,7.852,425.377,0.971,Whistle
1044,1239969314.27,11.739,62.339,0.976,Tomte
1045,1239969387.113,12.292,63.212,0.949,Tomte
1046,1239969411.049,10.708,78.045,0.939,Blip
1047,1239969425.484,210.694,3201.357,1.0,Extremely_Loud
1048,1239969496.168,151.737,3201.357,0.998,Extremely_Loud
1049,1239969780.855,17.462,2834.458,0.997,Tomte
1050,1239969799.781,133.722,2783.969,1.0,Extremely_Loud
1051,1239969800.891,188.422,196.925,1.0,Extremely_Loud
1052,1239969814.471,8.38,84.44,1.0,Blip
1053,1239970178.715,215.279,2964.093,0.997,Extremely_Loud
1054,1239970232.953,62.334,3133.541,0.911,Extremely_Loud
1055,1239970235.879,102.848,3240.109,1.0,Extremely_Loud
1056,1239970305.934,96.904,3728.798,1.0,Extremely_Loud
1057,1239970322.691,237.338,1041.752,1.0,Extremely_Loud
1058,1239970608.184,87.429,1775.626,0.98,Extremely_Loud
1059,1239970630.309,129.669,3001.96,1.0,Extremely_Loud
1060,1239970642.367,14.482,2834.458,0.903,Low_Frequency_Burst
1061,1239970646.436,8.032,64.903,0.983,Blip
1062,1239973446.926,95.875,3409.167,1.0,Extremely_Loud
1063,1239973506.789,51.847,2533.664,0.995,Extremely_Loud
1064,1239973509.887,49.358,2341.528,0.999,Extremely_Loud
1065,1239973517.422,67.291,131.936,1.0,Extremely_Loud
1066,1239973536.172,206.463,2651.052,1.0,Extremely_Loud
1067,1239974103.91,10.674,61.335,0.997,Tomte
1068,1239974199.246,9.142,1604.103,0.954,Scattered_Light
1069,1239974220.949,27.627,2341.528,0.997,Extremely_Loud
1070,1239974285.813,46.552,1028.149,1.0,Extremely_Loud
1071,1239974289.984,54.408,3703.979,1.0,Extremely_Loud
1072,1239974657.861,51.985,805.763,0.946,Koi_Fish
1073,1239975108.512,113.515,1299.963,0.996,Extremely_Loud
1074,1239975187.688,64.512,108.381,1.0,Extremely_Loud
1075,1239975192.793,38.585,89.302,0.999,Extremely_Loud
1076,1239975201.117,84.369,2398.222,0.999,Extremely_Loud
1077,1239975211.674,96.197,2378.556,0.996,Extremely_Loud
1078,1239975235.824,46.677,108.381,0.982,Extremely_Loud
1079,1239975240.262,108.66,1076.999,1.0,Extremely_Loud
1080,1239975257.93,181.13,1928.011,1.0,Extremely_Loud
1081,1239975280.254,374.783,3133.541,1.0,Extremely_Loud
1082,1239975284.434,329.93,196.925,1.0,Extremely_Loud
1083,1239975621.52,283.398,161.018,1.0,Extremely_Loud
1084,1239975756.43,328.648,3881.874,1.0,Extremely_Loud
1085,1239976740.908,353.881,1028.149,1.0,Extremely_Loud
1086,1239976793.895,227.739,2378.556,1.0,Extremely_Loud
1087,1239976962.969,7.826,3350.311,0.957,Low_Frequency_Lines
1088,1239977031.871,23.904,3799.787,0.992,Extremely_Loud
1089,1239977469.816,279.059,3983.241,0.96,Extremely_Loud
1090,1239978311.004,200.691,2061.918,0.993,Koi_Fish
1091,1239978319.184,77.504,2634.428,1.0,Extremely_Loud
1092,1239978360.344,10.729,42.988,0.998,Low_Frequency_Burst
1093,1239980667.129,12.975,61.335,0.996,Tomte
1094,1239980715.541,175.318,2061.918,1.0,Extremely_Loud
1095,1239981224.229,8.527,68.391,0.959,Blip
1096,1239982038.938,40.278,61.335,1.0,Extremely_Loud
1097,1239982162.273,12.551,61.335,0.977,Tomte
1098,1239982353.018,8.649,51.198,0.996,Tomte
1099,1239986993.02,13.042,3703.979,0.96,Tomte
1100,1239987659.156,7.689,2337.938,0.921,Low_Frequency_Burst
1101,1239988505.488,46.879,1928.011,0.928,Extremely_Loud
1102,1239989958.027,9.647,51.198,0.977,Tomte
1103,1239989971.754,13.46,61.335,0.978,Tomte
1104,1239990029.711,226.95,3945.854,1.0,Extremely_Loud
1105,1239990726.016,12.359,52.589,1.0,Scattered_Light
1106,1239990792.527,47.292,3237.069,1.0,Extremely_Loud
1107,1239990799.387,180.383,2964.093,1.0,Extremely_Loud
1108,1239990905.594,7.866,22.449,0.999,Low_Frequency_Burst
1109,1239991594.428,7.528,96.359,1.0,Blip
1110,1239992170.309,236.942,2378.556,1.0,Extremely_Loud
1111,1239993279.777,138.688,3030.486,0.999,Extremely_Loud
1112,1239993298.328,54.89,3088.05,1.0,Extremely_Loud
1113,1239993308.398,342.955,1502.81,1.0,Extremely_Loud
1114,1239995343.379,180.146,3703.979,1.0,Extremely_Loud
1115,1239995486.402,104.3,834.26,1.0,Extremely_Loud
1116,1239995673.387,195.186,3615.396,1.0,Extremely_Loud
1117,1239995797.641,23.601,3799.787,0.973,Extremely_Loud
1118,1239995807.596,139.582,221.823,0.997,Extremely_Loud
1119,1239995828.396,66.265,1361.683,0.975,Extremely_Loud
1120,1239995862.301,128.528,2973.356,0.996,Extremely_Loud
1121,1239995871.763,11.812,261.596,0.975,Repeating_Blips
1122,1239995872.067,8.404,223.913,0.994,Repeating_Blips
1123,1239995926.021,21.923,214.461,0.993,Scattered_Light
1124,1239995937.746,247.139,711.255,0.951,Koi_Fish
1125,1239995967.68,177.185,1541.819,0.989,Extremely_Loud
1126,1239996049.293,234.769,3176.615,0.979,Extremely_Loud
1127,1239996058.387,219.566,3945.854,1.0,Extremely_Loud
1128,1239996254.482,251.822,3457.886,0.92,Extremely_Loud
1129,1239996371.541,138.084,3728.798,1.0,Extremely_Loud
1130,1239996444.406,9.006,43.395,1.0,Scattered_Light
1131,1239996615.527,171.181,234.08,0.987,Extremely_Loud
1132,1239996906.086,371.669,2918.276,1.0,Extremely_Loud
1133,1239997606.121,268.233,3489.112,1.0,Extremely_Loud
1134,1239997890.094,10.36,2863.791,0.951,Scattered_Light
1135,1239998093.344,7.577,19.406,1.0,Low_Frequency_Lines
1136,1239998245.707,58.421,1717.344,1.0,Extremely_Loud
1137,1239999098.221,8.825,55.393,0.98,Blip
1138,1239999133.137,29.27,1898.219,0.998,Extremely_Loud
1139,1239999214.861,8.021,55.393,0.929,Blip
1140,1239999715.441,8.681,926.875,0.98,Low_Frequency_Burst
1141,1239999806.785,11.786,51.198,0.986,Tomte
1142,1240000485.041,86.192,3983.241,1.0,Extremely_Loud
1143,1240000790.098,14.528,61.335,0.982,Tomte
1144,1240000796.793,11.997,1101.336,0.999,Tomte
1145,1240000837.644,7.975,158.924,0.998,Blip
1146,1240000854.44,8.873,93.497,0.999,Blip
1147,1240000947.371,10.833,2378.556,0.997,Tomte
1148,1240000963.465,15.876,73.85,1.0,Tomte
1149,1240002753.246,78.99,2463.069,0.988,Koi_Fish
1150,1240002908.238,353.594,3813.464,1.0,Extremely_Loud
1151,1240002927.02,249.836,2029.314,1.0,Extremely_Loud
1152,1240003090.715,131.497,161.018,0.92,Extremely_Loud
1153,1240003125.559,142.387,3201.357,0.994,Extremely_Loud
1154,1240003550.348,236.195,3703.979,1.0,Extremely_Loud
1155,1240003620.508,154.527,2634.428,1.0,Extremely_Loud
1156,1240003734.113,178.521,1644.648,1.0,Extremely_Loud
1157,1240005278.813,7.656,310.301,0.996,Low_Frequency_Lines
1158,1240006251.402,21.303,2534.013,0.989,Tomte
1159,1240006420.32,116.609,2634.428,0.981,Koi_Fish
1160,1240006433.508,68.528,108.381,0.983,Extremely_Loud
1161,1240006473.863,48.076,2651.052,0.943,Extremely_Loud
1162,1240006739.294,22.044,248.315,1.0,Blip
1163,1240006966.941,116.99,161.018,0.938,Koi_Fish
1164,1240007665.66,101.706,161.018,0.999,Extremely_Loud
1165,1240007672.574,110.891,3983.241,0.999,Extremely_Loud
1166,1240007889.188,7.568,28.481,0.999,Scattered_Light
1167,1240008627.625,8.462,218.4,1.0,Low_Frequency_Lines
1168,1240012327.409,10.036,211.877,1.0,Blip
1169,1240013249.496,9.925,63.212,0.975,Tomte
1170,1240013584.832,13.323,2720.609,0.961,Tomte
1171,1240014704.822,199.993,3703.979,1.0,Extremely_Loud
1172,1240014723.426,146.42,3703.979,1.0,Extremely_Loud
1173,1240015464.927,8.099,259.654,1.0,Blip
1174,1240017889.59,14.405,61.335,0.979,Tomte
1175,1240017893.668,13.813,2863.791,0.977,Tomte
1176,1240017899.715,14.097,61.335,0.994,Tomte
1177,1240017918.941,13.827,73.85,0.905,Tomte
1178,1240018007.785,11.118,51.198,0.99,Tomte
1179,1240018023.465,12.998,61.335,0.981,Tomte
1180,1240018237.334,60.082,3201.357,0.991,Extremely_Loud
1181,1240018268.523,423.611,1272.101,1.0,Extremely_Loud
1182,1240019471.578,19.069,3409.167,0.996,Low_Frequency_Burst
1183,1240020078.906,7.994,23.057,0.954,Low_Frequency_Burst
1184,1240023864.813,9.522,3582.116,1.0,Low_Frequency_Lines
1185,1240026302.406,10.65,180.529,1.0,Low_Frequency_Burst
1186,1240030674.375,30.757,1928.011,0.971,Scattered_Light
1187,1240031311.844,7.755,2769.374,0.983,Low_Frequency_Burst
1188,1240050202.844,8.261,3750.457,1.0,Scattered_Light
1189,1240050211.516,7.74,3881.874,0.995,Low_Frequency_Burst
1190,1240050222.779,10.663,3714.569,1.0,Blip
1191,1240050451.188,10.295,3425.439,0.919,Low_Frequency_Burst
1192,1240050649.719,11.869,36.338,0.997,Low_Frequency_Burst
1193,1240050894.857,73.66,677.222,0.998,Koi_Fish
1194,1240051152.406,7.744,20.195,0.996,Low_Frequency_Burst
1195,1240051358.719,7.715,17.877,0.919,Low_Frequency_Burst
1196,1240051369.141,8.622,25.298,0.953,Low_Frequency_Burst
1197,1240051461.938,7.727,19.406,1.0,Low_Frequency_Lines
1198,1240051629.453,7.541,20.195,1.0,Low_Frequency_Burst
1199,1240051874.844,8.166,20.838,0.996,Low_Frequency_Lines
1200,1240053157.141,7.736,320.622,0.947,Low_Frequency_Burst
1201,1240056585.512,7.621,227.323,0.976,Blip
1202,1240056789.125,8.109,26.59,0.998,Scattered_Light
1203,1240057986.797,8.343,27.498,0.982,Low_Frequency_Burst
1204,1240058461.191,91.931,550.03,1.0,Low_Frequency_Burst
1205,1240059582.719,10.92,2655.246,1.0,Scattered_Light
1206,1240060984.559,206.812,1415.018,1.0,Extremely_Loud
1207,1240060992.938,313.42,3659.138,1.0,Extremely_Loud
1208,1240061229.434,285.841,3006.243,1.0,Extremely_Loud
1209,1240061238.289,202.145,2479.719,1.0,Extremely_Loud
1210,1240061244.152,271.411,2625.649,1.0,Extremely_Loud
1211,1240061297.855,164.983,3615.396,0.999,Extremely_Loud
1212,1240061375.631,202.232,1597.584,1.0,Extremely_Loud
1213,1240061959.531,26.635,26.59,0.923,Low_Frequency_Burst
1214,1240062841.813,8.479,2015.153,0.996,Scattered_Light
1215,1240063719.688,23.905,3813.464,0.986,Low_Frequency_Lines
1216,1240063895.571,47.627,448.89,0.999,Koi_Fish
1217,1240065951.609,11.694,1509.966,0.989,Low_Frequency_Burst
1218,1240066115.469,10.366,218.4,0.999,Low_Frequency_Burst
1219,1240066669.904,85.474,3080.93,0.995,Koi_Fish
1220,1240066984.532,8.401,123.333,1.0,Blip
1221,1240067172.129,32.778,3409.167,0.997,Tomte
1222,1240067175.477,47.341,108.381,0.907,Extremely_Loud
1223,1240067199.988,176.077,914.134,0.988,Koi_Fish
1224,1240067204.445,327.937,2945.908,1.0,Extremely_Loud
1225,1240067516.194,100.445,3983.241,1.0,Koi_Fish
1226,1240067711.469,8.794,27.665,0.994,Scattered_Light
1227,1240068317.795,8.956,65.53,0.96,Blip
1228,1240068531.27,8.619,65.53,0.994,Blip
1229,1240069430.435,9.21,181.356,1.0,Blip
1230,1240069869.65,8.094,146.888,1.0,Blip
1231,1240070282.809,9.551,61.335,0.995,Tomte
1232,1240070299.635,11.727,73.85,0.998,Tomte
1233,1240070307.941,14.1,2743.142,0.999,Tomte
1234,1240070584.961,43.219,108.381,0.999,Extremely_Loud
1235,1240070803.379,8.677,55.393,0.93,Blip
1236,1240070815.012,12.987,3815.341,0.979,Tomte
1237,1240071114.285,9.294,63.212,0.983,Tomte
1238,1240071129.824,21.885,2378.556,0.998,Tomte
1239,1240071135.324,11.364,73.85,0.996,Tomte
1240,1240071193.09,10.386,53.075,0.975,Tomte
1241,1240071311.113,13.228,3983.241,0.999,Tomte
1242,1240071316.988,13.86,3201.357,0.999,Tomte
1243,1240071339.025,8.027,3771.181,1.0,Blip
1244,1240071849.285,13.587,63.212,0.938,Tomte
1245,1240071870.145,61.187,3881.874,1.0,Extremely_Loud
1246,1240072089.16,13.217,61.335,0.948,Tomte
1247,1240072204.363,13.391,3746.261,0.951,Tomte
1248,1240072229.98,73.038,3835.788,1.0,Extremely_Loud
1249,1240072233.598,13.537,61.335,0.905,Tomte
1250,1240072240.832,10.539,63.212,0.93,Tomte
1251,1240072243.025,12.471,63.212,0.927,Tomte
1252,1240072273.285,37.141,805.763,0.987,Extremely_Loud
1253,1240072285.197,11.77,75.727,0.951,Tomte
1254,1240072324.965,9.203,61.335,0.933,Tomte
1255,1240072593.592,10.952,65.53,0.992,Blip
1256,1240072596.793,22.288,3361.459,0.997,Tomte
1257,1240072617.98,9.712,53.075,0.995,Tomte
1258,1240072780.094,9.742,23.057,0.984,Low_Frequency_Burst
1259,1240073050.723,125.669,2360.253,1.0,Extremely_Loud
1260,1240073505.863,67.996,2533.664,0.993,Extremely_Loud
1261,1240073653.414,20.778,1707.97,0.982,Extremely_Loud
1262,1240073659.984,46.062,3329.919,0.999,Extremely_Loud
1263,1240073665.637,52.21,3908.818,0.997,Extremely_Loud
1264,1240073823.145,80.248,3945.854,0.988,Extremely_Loud
1265,1240073879.191,341.891,3813.464,1.0,Extremely_Loud
1266,1240073889.15,161.641,196.925,0.987,Extremely_Loud
1267,1240073920.082,12.2,550.03,0.982,Tomte
1268,1240073995.113,25.932,3703.979,0.989,Extremely_Loud
1269,1240074006.305,311.827,161.018,1.0,Extremely_Loud
1270,1240074042.813,17.933,3881.874,0.941,Scattered_Light
1271,1240074204.314,8.127,65.53,0.998,Tomte
1272,1240074227.357,67.99,1818.598,1.0,Extremely_Loud
1273,1240074245.232,9.075,89.302,0.999,Blip
1274,1240074286.475,10.103,63.212,0.976,Tomte
1275,1240074305.967,7.736,88.802,0.929,Blip
1276,1240074780.563,8.597,43.395,1.0,Scattered_Light
1277,1240074972.938,11.61,3030.386,0.996,Scattered_Light
1278,1240075892.938,7.525,2378.556,0.902,Low_Frequency_Lines
1279,1240077579.17,18.17,3489.112,0.997,Tomte
1280,1240078530.469,9.77,20.195,0.997,Low_Frequency_Burst
1281,1240078651.781,7.756,320.622,0.976,Low_Frequency_Burst
1282,1240079531.938,10.562,550.03,1.0,Scattered_Light
1283,1240079949.422,7.553,3490.641,1.0,Low_Frequency_Burst
1284,1240083772.047,14.531,2834.458,1.0,Low_Frequency_Burst
1285,1240084005.719,8.039,20.195,0.965,Low_Frequency_Burst
1286,1240084119.625,7.958,19.676,0.999,Low_Frequency_Lines
1287,1240084440.875,16.341,2836.932,0.985,Scattered_Light
1288,1240084814.781,8.409,3329.919,0.93,Low_Frequency_Burst
1289,1240084924.828,7.721,2047.767,1.0,Low_Frequency_Burst
1290,1240085765.328,11.685,3746.261,0.947,Low_Frequency_Burst
1291,1240085862.938,9.815,23.057,0.902,Low_Frequency_Lines
1292,1240086250.969,9.013,1850.077,0.999,Low_Frequency_Lines
1293,1240086272.875,8.348,18.303,0.914,Low_Frequency_Lines
1294,1240086949.281,10.005,3881.874,0.999,Scattered_Light
1295,1240088411.719,24.956,3983.241,0.995,Scattered_Light
1296,1240090094.438,18.056,3835.788,1.0,Scattered_Light
1297,1240091266.41,274.341,1506.581,0.999,Extremely_Loud
1298,1240091660.584,497.363,1898.219,0.923,Extremely_Loud
1299,1240093604.281,22.07,1707.97,1.0,Scattered_Light
1300,1240093782.594,9.103,32.754,0.943,Low_Frequency_Burst
1301,1240098499.703,9.862,3987.436,1.0,Scattered_Light
1302,1240098609.336,9.484,4075.622,0.978,Whistle
1303,1240098642.781,17.31,3945.854,0.965,Low_Frequency_Burst
1304,1240098647.406,24.02,3983.241,0.99,Extremely_Loud
1305,1240098707.359,9.662,3983.241,1.0,Low_Frequency_Burst
1306,1240098749.469,10.679,3983.241,0.919,Low_Frequency_Burst
1307,1240098802.063,14.869,3813.464,0.996,Scattered_Light
1308,1240098827.641,9.029,3950.049,0.922,Scattered_Light
1309,1240098871.906,12.415,3985.119,0.999,Scattered_Light
1310,1240099003.156,18.652,3615.396,0.951,Low_Frequency_Burst
1311,1240099398.977,7.733,4099.177,1.0,Whistle
1312,1240100696.768,7.627,1870.716,0.927,Extremely_Loud
1313,1240100718.347,69.129,3993.831,0.994,Blip
1314,1240100769.969,97207.477,3983.241,0.999,Extremely_Loud
1315,1240103761.992,10.208,4001.923,0.99,Whistle
1316,1240104009.977,8.304,3988.066,0.963,Whistle
1317,1240104045.263,9.37,4099.177,1.0,Whistle
1318,1240104377.719,7.622,980.478,0.994,Low_Frequency_Burst
1319,1240110911.531,8.766,18.134,1.0,Low_Frequency_Burst
1320,1240111645.031,9.207,20.195,0.998,Low_Frequency_Lines
1321,1240114047.313,130.012,3006.243,1.0,Extremely_Loud
1322,1240114751.313,8.209,3983.241,0.999,Low_Frequency_Burst
1323,1240115132.719,9.511,3146.814,1.0,Low_Frequency_Burst
1324,1240115151.219,10.054,3703.979,0.985,Low_Frequency_Burst
1325,1240115763.672,7.968,17.877,1.0,Low_Frequency_Burst
1326,1240116416.672,12.243,26.59,1.0,Low_Frequency_Burst
1327,1240117179.284,8.651,3984.633,1.0,Blip
1328,1240120848.899,21.016,245.453,0.999,Blip
1329,1240120980.766,26.12,230.825,0.971,Scratchy
1330,1240122841.969,8.82,30.474,1.0,Scattered_Light
1331,1240123679.875,8.444,3983.241,0.964,Low_Frequency_Burst
1332,1240124114.104,7.771,4099.177,0.995,Whistle
1333,1240124981.289,8.575,4118.668,0.984,Whistle
1334,1240126954.681,64.146,2345.723,0.998,Blip
1335,1240130779.172,8.172,20.195,1.0,Low_Frequency_Burst
1336,1240130781.039,9.359,20.195,1.0,Low_Frequency_Burst
1337,1240130847.688,9.197,30.785,1.0,Scattered_Light
1338,1240131111.469,8.353,20.195,0.999,Low_Frequency_Lines
1339,1240131194.469,11.623,23.057,1.0,Low_Frequency_Burst
1340,1240131482.969,8.971,2964.093,1.0,Low_Frequency_Burst
1341,1240131737.965,62.294,108.381,0.995,Koi_Fish
1342,1240133104.547,9.248,1850.077,0.98,Low_Frequency_Burst
1343,1240134131.609,7.675,3835.788,0.986,Low_Frequency_Burst
1344,1240135399.875,8.195,2657.738,0.999,Scattered_Light
1345,1240135527.059,163.36,3693.803,1.0,Koi_Fish
1346,1240135717.531,9.497,2378.556,0.93,Scattered_Light
1347,1240136770.813,8.292,3813.464,0.965,Low_Frequency_Lines
1348,1240137103.375,10.098,19.37,1.0,Low_Frequency_Lines
1349,1240137370.074,20.424,73.85,0.999,Tomte
1350,1240142893.133,7.958,413.779,0.973,Whistle
1351,1240144358.234,17.151,1235.649,0.902,Scratchy
1352,1240145325.625,8.955,3703.979,0.996,Low_Frequency_Burst
1353,1240147223.793,7.7,4140.194,0.969,Whistle
1354,1240148466.105,40.753,295.994,1.0,Koi_Fish
1355,1240150060.122,9.96,99.892,1.0,Blip
1356,1240151486.32,10.095,4049.648,0.976,Whistle
1357,1240151716.305,9.009,4056.544,0.953,Whistle
1358,1240151723.73,7.655,4128.26,0.907,Whistle
1359,1240152396.977,11.768,3983.241,0.902,Extremely_Loud
1360,1240165998.344,8.082,25.338,0.946,Low_Frequency_Burst
1361,1240166096.219,9.514,2343.405,0.919,Low_Frequency_Burst
1362,1240166613.813,7.592,1172.256,0.996,Low_Frequency_Lines
1363,1240167981.219,8.948,20.438,0.986,Low_Frequency_Lines
1364,1240170074.283,97.523,1248.333,0.999,Koi_Fish
1365,1240181424.497,28.598,243.135,0.979,Koi_Fish
1366,1240184719.431,7.906,3592.706,1.0,Blip
1367,1240190377.968,33.67,196.925,0.976,Koi_Fish
1368,1240192237.332,13.692,1027.87,0.998,Tomte
1369,1240192465.879,8.772,73.85,0.977,Tomte
1370,1240192772.429,7.797,96.359,1.0,Blip
1371,1240200510.119,7.733,104.255,1.0,Blip
1372,1240200922.57,9.183,20.195,0.995,Low_Frequency_Burst
1373,1240202020.625,8.083,2863.791,0.996,Low_Frequency_Lines
1374,1240202126.518,84.361,834.26,0.964,Koi_Fish
1375,1240206630.949,10.31,36.338,0.999,Low_Frequency_Burst
1376,1240207538.555,8.916,30.952,0.96,Low_Frequency_Burst
1377,1240207566.582,9.205,89.302,0.959,Tomte
1378,1240207708.988,10.67,51.198,0.981,Tomte
1379,1240207726.96,7.51,133.813,0.998,Blip
1380,1240209171.131,7.722,80.907,0.993,Blip
1381,1240216791.449,59.795,196.925,0.979,Koi_Fish
1382,1240221521.641,8.347,3201.357,0.99,Low_Frequency_Burst
1383,1240221825.994,7.531,88.802,0.999,Blip
1384,1240221864.581,72.169,3987.436,0.997,Koi_Fish
1385,1240222408.238,138.713,3367.249,0.981,Extremely_Loud
1386,1240222637.188,9.31,297.871,0.997,Blip
1387,1240222710.125,23.454,23.057,0.954,Low_Frequency_Lines
1388,1240223433.396,8.572,128.719,1.0,Blip
1389,1240225512.813,9.932,29.996,1.0,Scattered_Light
1390,1240226166.567,49.692,2634.428,0.949,Extremely_Loud
1391,1240226232.684,13.41,361.802,0.904,Tomte
1392,1240226239.652,10.461,42.988,1.0,Low_Frequency_Burst
1393,1240226244.574,19.722,1028.149,0.974,Tomte
1394,1240226630.688,12.456,3813.464,0.929,Low_Frequency_Lines
1395,1240226942.688,12.041,1172.549,0.997,Low_Frequency_Lines
1396,1240227041.517,87.166,677.222,0.928,Koi_Fish
1397,1240227566.082,18.814,3881.874,0.995,Tomte
1398,1240228015.723,8.972,104.916,0.983,Tomte
1399,1240228025.152,15.672,1604.103,0.948,Tomte
1400,1240228028.09,20.257,51.198,0.992,Low_Frequency_Burst
1401,1240228031.539,12.379,1454.253,1.0,Low_Frequency_Burst
1402,1240228828.969,9.882,24.934,0.994,Scattered_Light
1403,1240229621.059,10.008,42.988,0.997,Tomte
1404,1240229638.879,14.767,61.335,0.976,Tomte
1405,1240229644.59,15.687,241.258,0.982,Tomte
1406,1240229730.293,17.591,2964.093,0.911,Tomte
1407,1240229734.676,21.98,1606.482,0.999,Low_Frequency_Burst
1408,1240229738.901,8.435,198.014,0.994,Blip
1409,1240229766.363,17.22,2581.851,0.926,Tomte
1410,1240229768.824,19.062,51.198,0.902,Low_Frequency_Burst
1411,1240229830.129,17.586,550.03,0.972,Low_Frequency_Burst
1412,1240229842.082,40.909,834.26,0.945,Low_Frequency_Burst
1413,1240231901.916,65.617,3703.979,0.985,Koi_Fish
1414,1240232570.216,21.575,303.051,1.0,Blip
1415,1240232919.021,8.779,93.497,0.985,Blip
1416,1240233210.298,15.328,2409.595,1.0,Blip
1417,1240237596.992,8.822,521.109,1.0,Low_Frequency_Burst
1418,1240237598.087,7.878,138.993,0.992,Blip
1419,1240237657.215,20.299,51.198,0.987,Low_Frequency_Burst
1420,1240237660.465,12.9,73.85,1.0,Tomte
1421,1240237671.098,10.962,75.864,0.94,Tomte
1422,1240238900.702,87.611,3947.731,0.998,Koi_Fish
1423,1240240563.813,8.018,2934.236,0.907,Low_Frequency_Lines
1424,1240243219.93,12.408,89.302,0.994,Low_Frequency_Burst
1425,1240243254.18,9.896,23.057,1.0,Low_Frequency_Burst
1426,1240243258.727,8.442,20.195,1.0,Low_Frequency_Burst
1427,1240243349.309,19.305,1835.895,0.907,Low_Frequency_Burst
1428,1240245119.723,41.735,1041.752,0.984,Extremely_Loud
1429,1240248589.862,13.821,2974.683,1.0,Blip
1430,1240249150.133,14.493,3995.269,0.988,Whistle
1431,1240251767.198,9.2,256.21,1.0,Blip
1432,1240253977.824,10.321,51.198,0.967,Tomte
1433,1240257798.374,7.594,136.131,0.994,Blip
1434,1240262001.879,7.851,68.391,0.987,Blip
1435,1240263984.01,8.256,1648.843,0.996,Blip
1436,1240264515.855,11.882,61.335,0.926,Tomte
1437,1240265670.785,13.153,108.381,0.986,Tomte
1438,1240272921.964,10.515,165.213,0.961,Blip
1439,1240273444.908,8.727,1905.144,1.0,Blip
1440,1240273804.688,7.841,20.838,0.979,Low_Frequency_Lines
1441,1240274075.855,219.164,1272.101,1.0,Extremely_Loud
1442,1240274865.369,7.695,118.971,1.0,Blip
1443,1240276715.648,22.445,3030.486,0.913,Low_Frequency_Burst
1444,1240276796.565,74.077,3881.874,1.0,Extremely_Loud
1445,1240279489.096,7.527,93.497,0.976,Blip
1446,1240282045.104,8.623,120.046,0.997,Blip
1447,1240285606.095,16.431,3950.049,1.0,Blip
1448,1240287605.962,7.694,135.368,1.0,Blip
1449,1240289015.559,8.051,133.813,0.995,Blip
1450,1240289870.209,40.867,2964.093,0.925,Koi_Fish
1451,1240292841.766,91.639,2964.093,0.997,Extremely_Loud
1452,1240292908.641,102.333,3582.116,1.0,Extremely_Loud
1453,1240292919.527,10.944,42.988,0.905,Tomte
1454,1240292941.534,76.907,3249.652,0.97,Extremely_Loud
1455,1240292949.861,27.434,3030.386,0.994,Extremely_Loud
1456,1240292969.167,104.877,3983.241,1.0,Extremely_Loud
1457,1240293130.989,15.196,248.315,1.0,Blip
1458,1240294666.744,8.864,142.526,1.0,Blip
1459,1240294968.518,7.655,53.075,0.969,Blip
1460,1240295551.705,7.516,88.802,0.999,Blip
1461,1240300963.854,15.358,2610.483,0.987,Blip
1462,1240301256.773,364.01,1604.103,1.0,Extremely_Loud
1463,1240301574.395,144.583,1775.626,1.0,Extremely_Loud
1464,1240301604.457,132.923,2783.969,1.0,Extremely_Loud
1465,1240302215.583,25.36,367.769,0.999,Blip
1466,1240311630.922,9.526,26.59,1.0,Low_Frequency_Burst
1467,1240313305.938,9.595,21.453,1.0,Low_Frequency_Lines
1468,1240313742.51,8.081,3432.43,1.0,Blip
1469,1240314412.699,103.555,3133.541,1.0,Extremely_Loud
1470,1240314414.063,29.325,61.335,0.918,Extremely_Loud
1471,1240314462.355,108.742,2681.0,0.958,Koi_Fish
1472,1240314644.918,173.565,161.018,1.0,Extremely_Loud
1473,1240315102.375,9.325,24.926,0.978,Scattered_Light
1474,1240315398.23,104.338,2634.428,0.984,Extremely_Loud
1475,1240315412.035,160.702,3703.979,1.0,Extremely_Loud
1476,1240316096.313,8.784,2722.487,0.999,Scattered_Light
1477,1240316178.281,8.059,89.373,0.983,Scattered_Light
1478,1240325215.531,8.516,3136.171,1.0,Low_Frequency_Burst
1479,1240325657.758,8.282,874.05,0.959,Whistle
1480,1240326368.031,9.98,295.994,0.979,Low_Frequency_Burst
1481,1240327675.594,11.745,3703.979,0.997,Low_Frequency_Burst
1482,1240327986.031,7.874,20.195,0.981,Low_Frequency_Burst
1483,1240328034.018,79.635,161.018,1.0,Koi_Fish
1484,1240328608.422,7.878,218.4,0.967,Low_Frequency_Burst
1485,1240329093.313,7.517,1155.883,0.955,Low_Frequency_Lines
1486,1240329844.055,8.095,834.825,0.982,Whistle
1487,1240330847.375,8.229,3410.172,0.997,Low_Frequency_Lines
1488,1240331191.234,9.781,26.59,0.999,Low_Frequency_Burst
1489,1240331596.792,7.639,104.255,0.96,Blip
1490,1240331997.425,8.053,104.255,1.0,Blip
1491,1240332123.195,7.586,23.057,0.983,Low_Frequency_Burst
1492,1240332269.625,19.754,2741.265,0.918,Low_Frequency_Lines
1493,1240332730.469,8.746,27.78,0.945,Low_Frequency_Burst
1494,1240332792.172,10.201,26.59,0.98,Low_Frequency_Burst
1495,1240332919.625,21.642,1717.344,0.971,Low_Frequency_Lines
1496,1240333160.375,31.279,28.455,0.998,Scattered_Light
1497,1240333342.856,126.625,3080.93,0.975,Koi_Fish
1498,1240333485.125,11.18,20.195,0.994,Low_Frequency_Lines
1499,1240333704.625,14.843,1569.392,0.99,Scattered_Light
1500,1240333923.809,25.183,3983.241,1.0,Tomte
1501,1240334054.135,244.843,3983.241,0.998,Extremely_Loud
1502,1240335898.938,9.783,32.797,1.0,Scattered_Light
1503,1240335975.125,7.587,21.228,0.973,Low_Frequency_Lines
1504,1240336094.064,7.654,88.802,1.0,Blip
1505,1240336641.625,28.003,3881.874,0.995,Low_Frequency_Lines
1506,1240336745.125,23.288,3835.788,0.957,Low_Frequency_Lines
1507,1240336841.469,13.446,30.952,0.999,Scattered_Light
1508,1240337289.895,11.46,61.335,0.976,Tomte
1509,1240337309.375,24.288,3133.541,0.92,Low_Frequency_Lines
1510,1240337332.926,10.967,63.212,0.995,Tomte
1511,1240337363.781,7.736,31.675,1.0,Scattered_Light
1512,1240337475.234,51.065,3983.241,0.998,Extremely_Loud
1513,1240337487.369,222.754,2651.052,1.0,Extremely_Loud
1514,1240338356.355,21.483,73.85,0.989,Tomte
1515,1240338651.476,8.065,93.497,1.0,Blip
1516,1240339202.531,9.723,734.539,0.987,Scattered_Light
1517,1240341286.219,8.583,3680.246,0.991,Scattered_Light
1518,1240341643.625,11.493,3582.637,0.99,Low_Frequency_Lines
1519,1240342044.375,9.052,2378.556,0.956,Low_Frequency_Lines
1520,1240342575.875,21.611,3983.241,1.0,Extremely_Loud
1521,1240344089.063,11.167,26.59,0.934,Scattered_Light
1522,1240344652.375,20.154,2417.106,0.931,Low_Frequency_Lines
1523,1240344848.359,12.917,2378.556,0.995,Scattered_Light
1524,1240344855.125,19.835,1436.31,0.988,Scattered_Light
1525,1240344955.125,15.182,3409.167,0.935,Low_Frequency_Lines
1526,1240345260.875,18.185,3693.803,0.936,Low_Frequency_Lines
1527,1240345337.484,11.535,1028.149,0.912,Low_Frequency_Burst
1528,1240345576.531,8.71,20.195,0.999,Low_Frequency_Lines
1529,1240345823.125,8.014,18.303,0.996,Low_Frequency_Lines
1530,1240346407.625,12.3,2870.068,0.977,Low_Frequency_Lines
1531,1240347069.645,7.712,413.2,0.958,Whistle
1532,1240347429.031,9.005,1563.095,0.938,Low_Frequency_Burst
1533,1240348112.094,8.598,3883.751,0.969,Scattered_Light
1534,1240348175.594,14.962,3659.138,0.925,Low_Frequency_Burst
1535,1240348279.526,8.389,99.607,1.0,Blip
1536,1240348420.031,9.323,30.785,1.0,Scattered_Light
1537,1240348543.531,12.566,2342.919,1.0,Scattered_Light
1538,1240348814.125,8.595,18.815,0.999,Low_Frequency_Lines
1539,1240349607.625,19.702,1101.395,0.984,Low_Frequency_Lines
1540,1240350582.02,7.944,357.998,0.991,Whistle
1541,1240350600.875,13.364,3133.541,0.99,Low_Frequency_Lines
1542,1240351153.563,10.815,859.556,1.0,Scattered_Light
1543,1240351166.875,12.735,3813.464,0.994,Low_Frequency_Lines
1544,1240351533.15,8.878,104.255,1.0,Blip
1545,1240352117.892,15.43,306.584,1.0,Blip
1546,1240352234.813,9.074,18.134,0.98,Low_Frequency_Lines
1547,1240352237.594,8.708,3523.706,0.998,Low_Frequency_Burst
1548,1240352290.256,7.711,2841.515,0.999,Blip
1549,1240352408.492,10.85,386.276,0.999,Whistle
1550,1240352523.875,21.182,1524.226,0.974,Scattered_Light
1551,1240352948.375,23.016,3133.541,0.986,Low_Frequency_Lines
1552,1240353002.852,7.68,415.372,0.979,Whistle
1553,1240353042.165,995.768,3983.241,1.0,Extremely_Loud
1554,1240353813.844,10.562,3409.167,0.906,Scattered_Light
1555,1240353950.707,8.527,419.443,0.995,Whistle
1556,1240354978.907,7.754,2389.146,0.999,Blip
1557,1240355708.297,8.422,22.449,0.963,Low_Frequency_Burst
1558,1240355973.125,22.4,3409.167,0.92,Low_Frequency_Lines
1559,1240355984.625,11.445,2118.576,0.997,Low_Frequency_Lines
1560,1240357071.938,10.011,3582.116,0.997,Low_Frequency_Lines
1561,1240357490.642,7.844,146.888,1.0,Blip
1562,1240357579.875,11.911,20.195,0.996,Low_Frequency_Lines
1563,1240357584.625,8.128,2558.164,0.997,Low_Frequency_Lines
1564,1240357945.807,197.524,3945.854,1.0,Extremely_Loud
1565,1240358238.87,148.219,3983.241,0.905,Koi_Fish
1566,1240358295.672,10.635,3551.692,0.907,Scattered_Light
1567,1240358588.219,10.429,30.952,0.945,Low_Frequency_Lines
1568,1240358601.942,569.723,2964.093,1.0,Extremely_Loud
1569,1240359378.594,9.995,20.838,0.993,Low_Frequency_Lines
1570,1240359578.781,13.917,3908.818,0.936,Scattered_Light
1571,1240360104.813,7.92,20.838,0.982,Low_Frequency_Lines
1572,1240360430.875,14.744,2819.014,0.978,Low_Frequency_Lines
1573,1240360527.875,22.174,2563.995,0.982,Scattered_Light
1574,1240360914.375,22.335,30.952,0.986,Low_Frequency_Lines
1575,1240361627.719,7.672,20.838,0.988,Low_Frequency_Burst
1576,1240362317.063,56.402,2581.851,1.0,Scattered_Light
1577,1240362724.625,11.264,489.758,0.998,Low_Frequency_Lines
1578,1240363236.539,7.884,345.037,0.996,Whistle
1579,1240363779.848,11.749,63.212,0.992,Tomte
1580,1240364722.16,7.695,2825.725,0.98,Whistle
1581,1240365101.187,8.898,109.64,0.999,Blip
1582,1240365340.924,7.993,138.993,1.0,Blip
1583,1240367664.375,49.922,3813.464,1.0,Scattered_Light
1584,1240367995.531,11.293,3682.123,0.998,Scattered_Light
1585,1240368752.125,26.459,23.057,0.947,Low_Frequency_Lines
1586,1240368920.125,19.798,2823.051,1.0,Scattered_Light
1587,1240370501.637,16.841,63.212,1.0,Tomte
1588,1240370728.875,12.747,914.981,0.968,Low_Frequency_Lines
1589,1240370874.375,14.502,23.057,0.978,Low_Frequency_Lines
1590,1240372078.688,8.628,18.965,0.998,Low_Frequency_Lines
1591,1240372238.844,10.013,2509.909,0.971,Low_Frequency_Burst
1592,1240372339.781,7.613,20.195,0.992,Low_Frequency_Lines
1593,1240372674.125,24.777,3393.298,0.909,Scattered_Light
1594,1240372760.625,16.129,1028.149,0.992,Low_Frequency_Lines
1595,1240373573.875,19.389,1506.581,0.968,Scattered_Light
1596,1240374079.867,9.479,291.401,0.97,Whistle
1597,1240374252.591,14.096,306.299,1.0,Blip
1598,1240375759.469,7.564,20.411,0.985,Low_Frequency_Lines
1599,1240377501.067,8.178,96.359,1.0,Blip
1600,1240377941.236,7.817,80.907,0.977,Blip
1601,1240377956.67,7.578,115.437,1.0,Blip
1602,1240378123.938,8.793,23.057,0.988,Low_Frequency_Lines
1603,1240379603.813,8.322,2398.222,0.995,Low_Frequency_Lines
1604,1240379793.625,32.289,3201.357,1.0,Scattered_Light
1605,1240380378.754,7.628,425.377,0.972,Whistle
1606,1240380684.063,8.088,3703.979,1.0,Scattered_Light
1607,1240381153.375,33.479,453.735,0.965,Whistle
1608,1240382092.808,19.95,303.051,1.0,Blip
1609,1240382095.63,20.181,374.164,1.0,Blip
1610,1240382512.813,8.328,24.098,0.99,Low_Frequency_Lines
1611,1240382526.656,8.751,3201.357,1.0,Low_Frequency_Burst
1612,1240382711.672,13.816,2836.932,0.992,Scattered_Light
1613,1240383050.969,7.803,20.195,0.997,Low_Frequency_Lines
1614,1240383256.063,10.108,1604.103,0.904,Scattered_Light
1615,1240384728.229,7.527,96.359,1.0,Blip
1616,1240385611.813,8.112,2378.556,0.998,Low_Frequency_Lines
1617,1240386578.17,8.956,65.53,0.997,Blip
1618,1240387264.153,7.504,112.576,1.0,Blip
1619,1240388602.742,1793.009,1563.095,1.0,Extremely_Loud
1620,1240389728.719,10.624,2402.539,0.999,Scattered_Light
1621,1240390318.156,7.763,29.242,0.941,Scattered_Light
1622,1240390372.097,30.731,1614.554,0.988,Koi_Fish
1623,1240390579.246,11.404,63.212,0.947,Tomte
1624,1240390645.375,36.867,2277.907,0.992,Scattered_Light
1625,1240391800.541,7.744,115.437,0.995,Blip
1626,1240392070.051,15.567,1101.395,0.999,Tomte
1627,1240392204.504,140.73,3329.919,1.0,Extremely_Loud
1628,1240392363.375,15.935,2634.428,0.987,Low_Frequency_Lines
1629,1240392586.738,213.443,1267.535,1.0,Extremely_Loud
1630,1240392642.202,7.653,128.719,1.0,Blip
1631,1240392856.408,188.627,2964.093,1.0,Extremely_Loud
1632,1240392885.281,7.714,2239.699,1.0,Scattered_Light
1633,1240392927.344,20.658,2651.052,0.969,Extremely_Loud
1634,1240392935.947,231.937,2121.764,1.0,Extremely_Loud
1635,1240393046.631,9.066,65.53,0.997,Blip
1636,1240393286.23,173.433,2836.932,1.0,Extremely_Loud
1637,1240393428.604,14.234,91.18,0.985,Tomte
1638,1240393477.648,144.528,2973.356,1.0,Extremely_Loud
1639,1240393481.598,125.97,196.925,0.986,Extremely_Loud
1640,1240393488.48,75.24,2757.861,0.938,Koi_Fish
1641,1240393493.703,211.98,2061.918,1.0,Extremely_Loud
1642,1240393503.875,17.746,364.706,0.999,Extremely_Loud
1643,1240393513.094,152.131,3881.874,1.0,Extremely_Loud
1644,1240393542.945,155.483,161.018,1.0,Extremely_Loud
1645,1240393546.191,15.505,61.335,0.951,Tomte
1646,1240393699.248,9.526,55.393,1.0,Blip
1647,1240393906.162,118.761,161.018,0.996,Extremely_Loud
1648,1240393930.133,158.205,3409.167,0.995,Extremely_Loud
1649,1240393957.715,242.815,3703.979,0.954,Extremely_Loud
1650,1240394349.063,9.014,2731.998,0.999,Scattered_Light
1651,1240395794.754,89.095,2834.458,0.984,Koi_Fish
1652,1240395801.227,156.521,2061.918,1.0,Extremely_Loud
1653,1240395875.301,82.848,3249.652,0.951,Extremely_Loud
1654,1240395895.746,120.449,857.679,1.0,Extremely_Loud
1655,1240395911.883,95.027,2378.556,1.0,Extremely_Loud
1656,1240395927.806,30.899,550.03,0.998,Extremely_Loud
1657,1240395932.621,57.904,161.018,0.995,Extremely_Loud
1658,1240395977.932,53.95,3799.787,0.981,Extremely_Loud
1659,1240396024.318,9.478,65.53,0.96,Tomte
1660,1240396082.551,12.11,51.198,0.921,Tomte
1661,1240396106.973,18.196,1101.395,0.997,Tomte
1662,1240396133.783,16.107,256.66,0.999,Tomte
1663,1240396382.902,15.399,3983.241,0.949,Extremely_Loud
1664,1240396406.578,37.56,3881.874,0.998,Extremely_Loud
1665,1240396438.383,7.557,23.057,0.962,Tomte
1666,1240396691.574,11.271,942.832,0.98,Tomte
1667,1240397333.32,10.351,30.952,0.96,Low_Frequency_Burst
1668,1240397650.824,70.727,1569.392,1.0,Extremely_Loud
1669,1240397748.688,29.338,3030.486,0.992,Extremely_Loud
1670,1240397762.047,226.466,3908.818,1.0,Extremely_Loud
1671,1240397769.152,227.709,212.519,0.999,Extremely_Loud
1672,1240397802.621,258.153,3703.979,1.0,Extremely_Loud
1673,1240397848.84,13.188,2378.556,1.0,Tomte
1674,1240397981.342,90.859,2890.905,0.97,Koi_Fish
1675,1240398010.314,10.201,2653.021,0.992,Blip
1676,1240398128.766,60.907,3881.874,1.0,Extremely_Loud
1677,1240398141.867,56.432,131.936,0.929,Extremely_Loud
1678,1240398143.424,36.413,131.936,0.999,Extremely_Loud
1679,1240398235.967,11.794,3194.283,0.948,Tomte
1680,1240398244.91,9.573,51.198,0.997,Tomte
1681,1240398246.465,12.232,51.198,0.978,Tomte
1682,1240398296.246,12.693,51.198,0.925,Tomte
1683,1240398356.779,10.177,2011.746,0.985,Tomte
1684,1240398425.645,12.994,61.335,0.956,Tomte
1685,1240398464.41,9.589,100.471,0.987,Low_Frequency_Burst
1686,1240398558.059,9.269,36.338,0.98,Tomte
1687,1240398581.42,11.688,61.335,0.999,Tomte
1688,1240399115.467,11.07,61.335,0.964,Tomte
1689,1240399330.285,17.242,3176.615,0.995,Tomte
1690,1240399351.461,7.788,26.59,0.902,Low_Frequency_Burst
1691,1240399352.639,13.213,63.212,0.989,Tomte
1692,1240399418.443,9.689,75.727,0.933,Tomte
1693,1240399650.215,10.33,1771.708,0.958,Tomte
1694,1240399877.979,11.141,65.53,0.976,Blip
1695,1240399980.375,10.374,1564.972,1.0,Scattered_Light
1696,1240400827.227,7.65,372.28,0.986,Whistle
1697,1240400956.023,175.527,3983.241,0.993,Extremely_Loud
1698,1240401195.475,10.096,3813.464,0.935,Scattered_Light
1699,1240401202.717,69.926,2973.802,1.0,Extremely_Loud
1700,1240401218.742,105.754,1120.991,1.0,Extremely_Loud
1701,1240401233.646,7.784,67.784,0.988,Blip
1702,1240401236.912,11.006,3985.119,0.99,Tomte
1703,1240401240.52,8.894,222.136,0.947,Tomte
1704,1240401258.525,13.604,93.497,0.914,Blip
1705,1240401322.488,7.613,53.075,0.978,Tomte
1706,1240401490.563,8.284,3703.979,0.998,Scattered_Light
1707,1240401794.438,10.927,20.195,0.992,Low_Frequency_Lines
1708,1240402162.749,7.63,104.255,0.997,Blip
1709,1240402612.309,78.725,1604.103,0.997,Extremely_Loud
1710,1240402684.377,35.597,108.381,0.998,Extremely_Loud
1711,1240402691.689,9.057,3489.112,0.971,Tomte
1712,1240402699.65,9.132,256.706,0.906,Tomte
1713,1240403233.105,16.684,3133.541,0.93,Tomte
1714,1240403241.164,44.492,3464.271,0.928,Extremely_Loud
1715,1240403255.807,15.818,3176.615,0.966,Tomte
1716,1240403269.021,8.256,80.907,1.0,Blip
1717,1240403323.805,7.584,51.198,0.965,Tomte
1718,1240403351.502,13.532,1929.888,0.929,Tomte
1719,1240403353.373,20.719,300.515,0.999,Tomte
1720,1240403363.943,8.004,68.391,1.0,Blip
1721,1240403379.746,12.106,3393.298,0.951,Tomte
1722,1240403386.377,11.598,63.212,0.98,Tomte
1723,1240403445.611,8.663,68.391,1.0,Blip
1724,1240403465.486,7.515,61.335,0.964,Blip
1725,1240403531.4,98.15,3983.241,0.994,Extremely_Loud
1726,1240403549.723,16.025,3409.167,0.993,Tomte
1727,1240403555.049,21.326,96.359,1.0,Blip
1728,1240403575.24,8.78,53.075,0.977,Tomte
1729,1240403614.34,36.633,1644.648,0.999,Extremely_Loud
1730,1240403642.174,8.563,80.907,0.999,Blip
1731,1240403645.426,10.743,73.85,0.998,Tomte
1732,1240403658.676,8.689,61.335,0.976,Tomte
1733,1240403665.176,14.639,73.85,0.999,Tomte
1734,1240403682.572,7.581,2026.698,0.998,Blip
1735,1240403762.965,9.172,64.521,0.98,Scattered_Light
1736,1240403862.463,156.903,1928.011,1.0,Extremely_Loud
1737,1240403918.953,68.503,3983.241,1.0,Extremely_Loud
1738,1240403947.527,8.718,51.198,0.977,Tomte
1739,1240403996.416,29.883,131.936,1.0,Extremely_Loud
1740,1240404002.092,10.111,80.907,0.913,Tomte
1741,1240404036.479,7.767,53.075,0.967,Blip
1742,1240405355.225,8.029,96.359,1.0,Blip
1743,1240408872.344,10.679,3945.854,0.92,Low_Frequency_Lines
1744,1240409120.496,40.616,3983.241,0.968,Koi_Fish
1745,1240410989.646,11.156,211.877,1.0,Blip
1746,1240411490.377,8.483,78.045,0.988,Blip
1747,1240412977.531,8.731,31.188,0.985,Scattered_Light
1748,1240413053.711,7.538,4073.171,0.934,Whistle
1749,1240413972.594,7.634,3464.271,1.0,Low_Frequency_Burst
1750,1240414878.813,7.605,68.363,0.916,Scattered_Light
1751,1240414997.09,8.153,407.186,0.942,Whistle
1752,1240415082.586,7.931,425.942,0.905,Whistle
1753,1240415546.568,8.017,96.359,1.0,Blip
1754,1240417487.683,23.651,3013.3,0.998,Blip
1755,1240418887.125,57.358,2402.539,1.0,Scattered_Light
1756,1240419527.457,8.218,420.411,0.91,Whistle
1757,1240419904.908,7.522,80.907,0.999,Blip
1758,1240420085.146,42.171,3746.261,1.0,Koi_Fish
1759,1240422151.267,14.921,1932.206,1.0,Blip
1760,1240422596.469,7.537,17.877,0.984,Low_Frequency_Burst
1761,1240423721.019,8.253,300.189,1.0,Blip
1762,1240424077.623,7.597,84.44,1.0,Blip
1763,1240424966.928,8.334,93.497,0.999,Blip
1764,1240425155.406,8.081,1928.011,0.998,Low_Frequency_Burst
1765,1240427002.487,8.589,152.274,0.999,Blip
1766,1240427484.688,14.445,207.515,1.0,Blip
1767,1240428123.137,833.942,3908.818,1.0,Extremely_Loud
1768,1240428313.625,8.83,3697.21,0.999,Scattered_Light
1769,1240432689.844,11.983,1275.038,0.997,Scattered_Light
1770,1240432850.594,9.621,554.5,0.982,Low_Frequency_Lines
1771,1240433346.375,35.127,2651.052,0.989,Low_Frequency_Lines
1772,1240434688.375,16.903,1850.077,0.95,Low_Frequency_Lines
1773,1240435377.678,7.556,84.44,1.0,Blip
1774,1240435702.727,8.617,3539.449,0.999,Whistle
1775,1240435726.729,8.646,115.437,0.996,Blip
1776,1240436669.685,999.557,3703.979,0.999,Extremely_Loud
1777,1240438287.598,12.537,61.335,0.995,Tomte
1778,1240438566.125,27.453,1717.344,1.0,Scattered_Light
1779,1240441172.115,71.583,241.258,1.0,Koi_Fish
1780,1240441505.031,11.42,2964.093,0.951,Low_Frequency_Lines
1781,1240441994.461,8.077,293.155,0.95,Whistle
1782,1240443748.859,8.105,3080.93,0.993,Low_Frequency_Burst
1783,1240443800.969,9.044,19.406,1.0,Low_Frequency_Lines
1784,1240443906.188,13.911,26.815,0.936,Low_Frequency_Lines
1785,1240444314.281,8.606,3240.109,0.996,Low_Frequency_Burst
1786,1240444353.125,22.665,2318.713,0.981,Low_Frequency_Lines
1787,1240445297.938,8.663,3361.459,0.997,Low_Frequency_Lines
1788,1240445688.276,12.854,979.279,0.943,Whistle
1789,1240446659.219,8.427,20.195,0.993,Low_Frequency_Lines
1790,1240446802.563,11.189,1203.208,0.999,Scattered_Light
1791,1240447103.156,8.141,20.195,0.992,Low_Frequency_Burst
1792,1240447395.875,35.612,3006.243,0.916,Low_Frequency_Lines
1793,1240447716.969,13.801,30.952,0.964,Scattered_Light
1794,1240447800.125,28.313,3908.818,0.919,Low_Frequency_Lines
1795,1240449109.094,12.762,3582.116,0.999,Scattered_Light
1796,1240449324.721,8.072,80.907,1.0,Blip
1797,1240449333.813,9.214,3030.386,0.935,Low_Frequency_Lines
1798,1240450448.125,16.959,73.85,0.968,Scattered_Light
1799,1240451579.875,13.28,2834.458,0.991,Low_Frequency_Lines
1800,1240451867.656,12.321,42.988,1.0,Scattered_Light
1801,1240452291.406,8.349,221.823,0.994,Low_Frequency_Lines
1802,1240452309.219,9.696,2659.267,1.0,Scattered_Light
1803,1240452552.375,15.878,1462.128,0.9,Scattered_Light
1804,1240452629.125,19.849,218.4,0.997,Scattered_Light
1805,1240452942.875,11.213,3945.854,0.993,Scattered_Light
1806,1240452964.938,7.869,24.934,0.978,Scattered_Light
1807,1240453101.031,9.363,3703.979,0.98,Low_Frequency_Lines
1808,1240453223.344,8.48,20.195,0.996,Low_Frequency_Lines
1809,1240453701.125,9.857,18.931,0.937,Low_Frequency_Lines
1810,1240453750.781,11.854,2769.374,0.994,Scattered_Light
1811,1240454321.625,18.081,1983.485,0.914,Low_Frequency_Lines
1812,1240455159.344,7.751,30.952,0.991,Low_Frequency_Lines
1813,1240455425.625,8.319,3367.249,0.997,Low_Frequency_Lines
1814,1240456694.969,7.911,3490.641,0.928,Low_Frequency_Lines
1815,1240457080.094,9.937,3489.112,0.98,Scattered_Light
1816,1240457548.898,7.716,1809.732,0.958,Whistle
1817,1240457800.852,7.566,390.957,0.979,Whistle
1818,1240457814.719,9.432,28.467,0.99,Scattered_Light
1819,1240458147.219,10.089,20.195,0.995,Low_Frequency_Lines
1820,1240458713.406,8.172,297.871,0.988,Scattered_Light
1821,1240459989.594,9.359,3006.243,0.947,Low_Frequency_Lines
1822,1240460758.875,18.653,3746.261,0.986,Low_Frequency_Lines
1823,1240460858.406,7.649,2379.561,0.986,Low_Frequency_Lines
1824,1240461050.615,7.963,93.497,0.999,Blip
1825,1240461244.906,16.505,26.59,0.987,Scattered_Light
1826,1240462380.125,10.155,22.11,0.996,Low_Frequency_Lines
1827,1240465098.531,13.191,2378.556,0.91,Low_Frequency_Burst
1828,1240466284.906,8.716,2625.649,0.999,Low_Frequency_Lines
1829,1240466574.105,8.551,399.164,0.979,Whistle
1830,1240466839.938,7.705,612.564,0.995,Low_Frequency_Lines
1831,1240468177.198,7.712,84.44,1.0,Blip
1832,1240468585.773,7.886,425.942,0.958,Whistle
1833,1240468789.219,9.576,1928.011,0.99,Low_Frequency_Lines
1834,1240468865.207,64.611,2945.908,0.99,Koi_Fish
1835,1240469196.781,7.845,2341.528,1.0,Low_Frequency_Lines
1836,1240469319.469,8.062,28.182,1.0,Scattered_Light
1837,1240469553.063,8.39,19.406,0.998,Low_Frequency_Lines
1838,1240469960.609,7.563,20.195,0.99,Low_Frequency_Burst
1839,1240470547.813,8.604,2341.528,1.0,Low_Frequency_Lines
1840,1240470550.484,12.635,1962.668,0.93,Low_Frequency_Burst
1841,1240471030.281,8.624,2634.428,0.986,Low_Frequency_Lines
1842,1240472097.563,9.25,221.823,0.96,Low_Frequency_Lines
1843,1240472816.18,9.01,419.443,0.995,Whistle
1844,1240473526.594,9.142,509.683,0.989,Low_Frequency_Lines
1845,1240473998.375,24.669,26.59,0.987,Scattered_Light
1846,1240474053.708,9.919,136.131,1.0,Blip
1847,1240474418.344,8.405,24.006,1.0,Low_Frequency_Lines
1848,1240474469.375,15.117,2720.609,0.947,Low_Frequency_Lines
1849,1240475094.195,10.091,3970.819,0.961,Whistle
1850,1240475540.063,7.818,3881.874,0.994,Low_Frequency_Lines
1851,1240475638.813,10.233,26.59,1.0,Scattered_Light
1852,1240476699.906,12.352,3983.241,0.997,Scattered_Light
1853,1240478326.752,8.132,138.385,1.0,Blip
1854,1240478656.094,9.329,3059.082,0.998,Low_Frequency_Lines
1855,1240479154.406,10.528,1287.068,0.923,Low_Frequency_Lines
1856,1240480816.219,9.594,2630.957,1.0,Scattered_Light
1857,1240483139.563,7.546,2834.979,1.0,Low_Frequency_Lines
1858,1240485965.938,9.889,1928.011,1.0,Low_Frequency_Lines
1859,1240486167.319,59.229,3945.854,1.0,Koi_Fish
1860,1240487847.648,7.789,2876.083,0.925,Whistle
1861,1240487937.938,12.933,23.057,0.998,Low_Frequency_Lines
1862,1240489461.531,10.089,815.624,0.999,Low_Frequency_Lines
1863,1240490866.898,7.705,4118.238,0.97,Whistle
1864,1240490870.586,8.15,3929.399,0.923,Whistle
1865,1240490925.984,7.914,23.057,0.998,Low_Frequency_Burst
1866,1240496239.594,8.985,28.602,1.0,Low_Frequency_Burst
1867,1240496284.531,10.011,3684.441,0.997,Scattered_Light
1868,1240496501.281,15.42,3983.241,1.0,Low_Frequency_Burst
1869,1240496736.594,11.054,3985.119,0.999,Scattered_Light
1870,1240496868.719,10.239,3409.167,0.986,Low_Frequency_Burst
1871,1240497367.406,7.52,22.103,1.0,Low_Frequency_Burst
1872,1240497614.438,8.406,1041.752,0.998,Low_Frequency_Lines
1873,1240498386.188,19.906,1898.219,0.933,Low_Frequency_Lines
1874,1240528250.451,15.881,89.302,0.953,Tomte
1875,1240528320.107,13.739,2973.356,0.93,Extremely_Loud
1876,1240528366.501,59.966,1035.206,0.98,Blip
1877,1240528384.668,10.744,2284.315,0.937,Extremely_Loud
1878,1240528474.402,9.926,51.198,0.996,Tomte
1879,1240528479.584,7.57,71.925,1.0,Blip
1880,1240528559.006,8.695,65.53,0.974,Blip
1881,1240528597.945,9.539,42.988,0.931,Tomte
1882,1240528654.168,10.12,73.85,0.999,Tomte
1883,1240528660.27,8.107,42.988,0.987,Tomte
1884,1240528796.332,12.448,51.198,0.974,Tomte
1885,1240528924.377,7.731,76.287,1.0,Blip
1886,1240528985.154,18.007,91.18,0.995,Tomte
1887,1240529011.807,10.652,63.212,0.911,Tomte
1888,1240529660.145,199.767,2823.051,0.966,Koi_Fish
1889,1240529679.023,303.207,3615.396,0.972,Extremely_Loud
1890,1240530040.229,9.052,2345.723,0.972,Blip
1891,1240530113.16,8.903,2964.093,0.943,Tomte
1892,1240530121.398,7.837,4099.177,0.918,Whistle
1893,1240530283.189,7.505,68.391,0.995,Blip
1894,1240530389.434,13.625,61.335,0.978,Tomte
1895,1240530970.926,236.935,3881.874,0.998,Extremely_Loud
1896,1240531028.906,95.23,3908.818,1.0,Extremely_Loud
1897,1240531034.564,156.48,188.877,1.0,Extremely_Loud
1898,1240531044.73,128.912,3908.818,1.0,Extremely_Loud
1899,1240531362.559,11.462,61.335,0.986,Tomte
1900,1240531423.18,174.336,3409.167,1.0,Extremely_Loud
1901,1240531430.447,142.751,3006.243,1.0,Extremely_Loud
1902,1240531696.133,176.147,2834.458,1.0,Extremely_Loud
1903,1240531889.711,83.203,3703.979,1.0,Extremely_Loud
1904,1240531921.98,162.264,2061.918,0.987,Extremely_Loud
1905,1240531962.023,139.111,3746.261,1.0,Extremely_Loud
1906,1240532079.246,12.946,61.335,0.922,Tomte
1907,1240532098.184,13.478,73.85,0.999,Tomte
1908,1240532181.504,71.848,1892.317,0.998,Extremely_Loud
1909,1240532194.684,56.162,2318.713,0.977,Extremely_Loud
1910,1240532202.488,37.388,3464.271,0.965,Extremely_Loud
1911,1240532216.801,13.48,75.21,0.987,Tomte
1912,1240532219.316,15.143,61.335,0.993,Tomte
1913,1240532272.135,8.886,55.393,0.911,Blip
1914,1240532286.742,8.698,61.335,0.998,Tomte
1915,1240532301.701,12.611,3888.931,0.999,Blip
1916,1240532403.76,46.492,3557.086,1.0,Extremely_Loud
1917,1240532416.761,8.514,94.188,0.981,Scratchy
1918,1240532654.221,9.025,99.892,0.997,Blip
1919,1240532658.699,11.647,2195.579,0.995,Tomte
1920,1240532710.043,43.071,1267.535,0.995,Extremely_Loud
1921,1240532761.367,54.895,3813.464,0.993,Extremely_Loud
1922,1240532765.148,21.112,726.711,0.929,Extremely_Loud
1923,1240532799.871,44.416,2002.241,0.977,Extremely_Loud
1924,1240532812.841,31.823,2195.579,0.933,Koi_Fish
1925,1240532901.876,14.036,131.936,0.999,Scratchy
1926,1240532947.934,18.926,161.781,1.0,Extremely_Loud
1927,1240532987.133,7.73,2378.556,0.959,Koi_Fish
1928,1240532989.533,7.612,68.391,0.914,Scattered_Light
1929,1240533064.504,17.578,131.936,0.904,Tomte
1930,1240533098.056,12.562,3489.112,1.0,Extremely_Loud
1931,1240533158.159,11.149,1338.059,0.902,Extremely_Loud
1932,1240533200.23,102.477,3409.167,1.0,Extremely_Loud
1933,1240533322.406,11.826,131.936,1.0,Extremely_Loud
1934,1240533334.217,13.789,1684.732,1.0,Extremely_Loud
1935,1240533357.67,10.906,162.786,0.966,Extremely_Loud
1936,1240533381.064,52.23,2651.144,1.0,Extremely_Loud
1937,1240533396.684,51.885,754.398,1.0,Extremely_Loud
1938,1240533517.594,10.517,1028.946,1.0,Scattered_Light
1939,1240533938.438,8.991,30.785,1.0,Scattered_Light
1940,1240535107.094,8.494,2583.861,0.999,Scattered_Light
1941,1240535298.277,29.08,2606.288,0.999,Tomte
1942,1240535315.156,7.957,3006.243,0.999,Low_Frequency_Lines
1943,1240535485.752,263.413,3983.241,1.0,Extremely_Loud
1944,1240535516.347,53.858,2964.093,0.919,Koi_Fish
1945,1240536447.754,53.135,3703.979,0.999,Extremely_Loud
1946,1240536863.791,127.226,241.258,0.996,Koi_Fish
1947,1240536891.293,277.658,3703.979,0.989,Extremely_Loud
1948,1240536940.258,201.564,3026.664,0.992,Extremely_Loud
1949,1240537175.148,82.04,2378.556,0.976,Extremely_Loud
1950,1240537384.031,40.704,553.727,1.0,Extremely_Loud
1951,1240539943.8,707.176,3983.241,1.0,Extremely_Loud
1952,1240539967.125,9.433,2534.739,0.942,Low_Frequency_Lines
1953,1240542218.711,473.724,3908.818,0.998,Extremely_Loud
1954,1240543573.465,11.721,63.212,0.986,Tomte
1955,1240543982.199,266.122,3464.271,0.999,Extremely_Loud
1956,1240544063.59,11.151,2834.458,0.998,Tomte
1957,1240544280.166,10.683,53.075,0.99,Blip
1958,1240544743.289,11.146,214.773,0.977,Low_Frequency_Burst
1959,1240544845.008,66.448,3136.171,0.999,Extremely_Loud
1960,1240544861.252,14.439,110.258,0.911,Koi_Fish
1961,1240544910.684,13.772,63.212,0.998,Tomte
1962,1240544973.232,14.002,3746.261,0.994,Extremely_Loud
1963,1240544987.77,14.821,73.85,0.993,Scattered_Light
1964,1240545020.939,99.15,3835.788,0.998,Extremely_Loud
1965,1240545029.529,10.608,84.44,0.998,Blip
1966,1240545516.027,48.457,3799.787,0.973,Extremely_Loud
1967,1240545630.652,47.791,298.927,0.909,Extremely_Loud
1968,1240545742.328,9.349,3881.874,0.966,Low_Frequency_Burst
1969,1240546398.922,22.897,3240.109,0.996,Extremely_Loud
1970,1240546744.883,483.956,2964.093,1.0,Extremely_Loud
1971,1240549136.594,22.959,26.59,0.989,Low_Frequency_Burst
1972,1240549142.234,9.012,20.195,1.0,Low_Frequency_Burst
1973,1240549483.609,10.76,2029.314,1.0,Low_Frequency_Burst
1974,1240549982.344,8.894,3201.357,0.95,Low_Frequency_Burst
1975,1240551418.336,104.705,3813.464,0.993,Extremely_Loud
1976,1240551904.484,9.91,3746.261,1.0,Low_Frequency_Burst
1977,1240552235.055,7.56,422.183,0.952,Whistle
1978,1240554274.953,7.809,2869.548,0.976,Low_Frequency_Burst
1979,1240554410.43,15.589,363.62,0.998,Whistle
1980,1240559720.514,7.734,1472.433,1.0,Blip
1981,1240560482.641,7.848,26.59,0.952,Scattered_Light
1982,1240561184.156,8.966,3201.357,0.973,Low_Frequency_Burst
1983,1240561346.469,7.883,1461.986,0.989,Low_Frequency_Lines
1984,1240561429.395,1119.271,1850.077,1.0,Extremely_Loud
1985,1240561621.948,843.481,3983.241,0.999,Extremely_Loud
1986,1240563338.367,112.209,2159.763,0.964,Extremely_Loud
1987,1240563457.465,10.176,1569.392,0.994,Tomte
1988,1240563738.563,13.204,3201.357,0.966,Low_Frequency_Lines
1989,1240563824.543,565.267,3582.116,1.0,Extremely_Loud
1990,1240563959.438,10.957,3006.243,0.985,Low_Frequency_Lines
1991,1240564393.852,9.353,957.969,0.945,Whistle
1992,1240564807.404,23.685,108.381,0.925,Tomte
1993,1240565485.626,30.289,1583.433,0.999,Blip
1994,1240566428.469,8.72,20.195,0.964,Low_Frequency_Burst
1995,1240567197.859,8.544,155.724,0.989,Scratchy
1996,1240567805.824,7.78,1452.898,0.999,Whistle
1997,1240570583.375,8.747,1488.125,0.978,Scattered_Light
1998,1240574340.279,61.857,3983.241,0.998,Koi_Fish
1999,1240575025.902,7.946,413.2,0.958,Whistle
2000,1240575229.294,151.81,3983.241,0.975,Koi_Fish
2001,1240575429.578,8.708,807.317,0.999,Low_Frequency_Burst
2002,1240575722.152,21.127,73.85,0.97,Tomte
2003,1240576230.958,9.243,217.263,1.0,Blip
2004,1240588629.138,15.518,3947.731,1.0,Blip
2005,1240592574.086,9.047,358.893,0.979,Whistle
2006,1240592627.542,30.647,2964.093,0.977,Koi_Fish
2007,1240593015.309,45.116,131.936,0.985,Koi_Fish
2008,1240593606.354,8.522,99.892,1.0,Blip
2009,1240599223.297,94.297,3993.831,0.998,Blip
2010,1240602009.406,505.779,3746.261,0.999,Extremely_Loud
2011,1240603435.408,8.635,136.131,0.992,Blip
2012,1240603805.875,10.167,549.299,0.994,Low_Frequency_Lines
2013,1240605459.672,73.029,2166.82,0.931,Koi_Fish
2014,1240610505.301,8.055,53.075,0.963,Tomte
2015,1240613516.42,28.785,363.574,0.995,Koi_Fish
2016,1240613889.627,8.11,93.497,0.993,Blip
2017,1240624936.316,66.635,901.192,0.995,Koi_Fish
2018,1240626223.878,31.453,551.908,0.916,Repeating_Blips
2019,1240634514.691,12.933,118.971,1.0,Blip
2020,1240636060.356,14.062,251.848,1.0,Blip
2021,1240638204.02,79.038,2081.292,0.962,Koi_Fish
2022,1240676801.97,7.858,115.437,1.0,Blip
2023,1240676857.646,51.499,3910.695,0.998,Koi_Fish
2024,1240679290.263,7.853,96.359,1.0,Blip
2025,1240681241.746,7.553,136.131,0.95,Blip
2026,1240682007.279,20.821,247.708,1.0,Blip
2027,1240692197.658,44.44,3983.241,1.0,Koi_Fish
2028,1240692635.96,20.481,248.315,1.0,Blip
2029,1240695582.568,12.752,168.075,1.0,Blip
2030,1240700932.479,7.89,138.385,1.0,Blip
2031,1240703325.602,8.304,408.234,0.996,Whistle
2032,1240704602.736,8.441,80.907,1.0,Blip
2033,1240706770.687,43.431,554.225,0.922,Koi_Fish
2034,1240711305.809,37.112,853.378,0.995,Koi_Fish
2035,1240711802.287,273.057,3983.241,1.0,Extremely_Loud
2036,1240711878.858,279.31,3983.241,0.998,Extremely_Loud
2037,1240716710.309,17.857,3006.243,0.969,Low_Frequency_Burst
2038,1240726571.193,122.407,363.574,0.968,Koi_Fish
2039,1240728611.918,1000.56,3409.167,1.0,Extremely_Loud
2040,1240733192.034,9.21,2979.045,1.0,Blip
2041,1240736002.843,8.175,211.877,0.999,Blip
2042,1240747715.431,172.978,3983.241,0.951,Koi_Fish
2043,1240748900.375,9.074,972.939,0.999,Low_Frequency_Lines
2044,1240751067.034,7.761,146.888,1.0,Blip
2045,1240755092.665,8.53,261.596,1.0,Blip
2046,1240755389.723,7.586,2382.752,0.995,Blip
2047,1240769794.756,8.074,84.44,0.999,Blip
2048,1240774383.22,14.68,201.12,0.998,Blip
2049,1240778803.668,17.509,1044.43,0.994,Tomte
2050,1240782547.996,440.704,3006.243,1.0,Extremely_Loud
2051,1240783898.656,58.621,2479.719,0.994,Extremely_Loud
2052,1240786153.355,13.021,53.075,0.951,Tomte
2053,1240786271.596,8.143,136.131,1.0,Blip
2054,1240787061.428,9.053,138.385,1.0,Blip
2055,1240788414.313,8.68,3418.215,1.0,Scattered_Light
2056,1240791394.09,27.261,61.335,0.921,Tomte
2057,1240791412.103,16.184,248.315,1.0,Blip
2058,1240794112.895,4104.598,3582.116,1.0,Extremely_Loud
2059,1240795308.395,490.959,3659.138,1.0,Extremely_Loud
2060,1240807806.483,60.172,3361.459,1.0,Koi_Fish
2061,1240808252.462,112.047,3947.731,0.962,Koi_Fish
2062,1240809223.661,7.632,146.888,1.0,Blip
2063,1240810356.858,424.58,3983.241,1.0,Extremely_Loud
2064,1240810422.945,28.804,453.735,0.994,Extremely_Loud
2065,1240810429.238,135.679,2920.99,0.981,Extremely_Loud
2066,1240810437.348,89.039,1267.535,0.932,Koi_Fish
2067,1240810850.229,28.712,1267.535,0.955,Koi_Fish
2068,1240812614.863,92.387,1928.011,0.996,Extremely_Loud
2069,1240813070.637,233.458,3201.357,1.0,Extremely_Loud
2070,1240814643.824,25.392,914.134,0.937,Koi_Fish
2071,1240815527.807,33.172,3983.241,0.999,Koi_Fish
2072,1240816004.613,335.22,3813.464,1.0,Extremely_Loud
2073,1240816042.508,8.069,292.058,0.989,Whistle
2074,1240816078.027,344.16,3983.241,1.0,Extremely_Loud
2075,1240816145.904,189.724,241.258,1.0,Extremely_Loud
2076,1240818743.754,10.027,78.045,0.902,Tomte
2077,1240820300.802,7.795,1948.349,1.0,Blip
2078,1240821815.688,9.491,28.467,0.994,Scattered_Light
2079,1240822553.688,11.168,1928.011,0.941,Scattered_Light
2080,1240824969.016,12.36,36.338,0.953,Low_Frequency_Burst
2081,1240825193.625,11.668,36.338,0.992,Scattered_Light
2082,1240826974.537,7.901,104.255,1.0,Blip
2083,1240827959.015,7.804,89.302,0.939,Tomte
2084,1240832654.17,8.978,3594.977,1.0,Blip
2085,1240833204.136,12.04,211.877,1.0,Blip
2086,1240835165.951,10.332,1336.106,0.98,Blip
2087,1240836314.688,19.628,1597.584,1.0,Scattered_Light
2088,1240837672.875,10.104,29.375,0.997,Scattered_Light
2089,1240839746.62,20.99,248.315,1.0,Blip
2090,1240847403.531,10.175,106.268,0.916,Scratchy
2091,1240849760.656,7.676,20.195,0.959,Low_Frequency_Burst
2092,1240852231.282,11.205,168.075,0.993,Blip
2093,1240854250.99,55.236,162.896,0.905,Koi_Fish
2094,1240865327.762,310.3,1440.651,1.0,Extremely_Loud
2095,1240869915.059,104.874,1190.115,0.994,Koi_Fish
2096,1240870095.072,8.47,78.045,1.0,Blip
2097,1240873094.425,20.395,300.189,0.999,Blip
2098,1240873806.887,19.234,912.972,0.998,Tomte
2099,1240874764.155,56.873,365.451,0.999,Koi_Fish
2100,1240886952.844,19.829,214.396,1.0,Scattered_Light
2101,1240890442.625,10.421,3006.243,0.932,Low_Frequency_Lines
2102,1240890866.943,133.638,3458.596,1.0,Whistle
2103,1240892257.406,8.246,3582.116,0.961,Low_Frequency_Burst
2104,1240894377.258,7.997,308.802,1.0,Whistle
2105,1240894877.623,8.143,3631.248,1.0,Blip
2106,1240896056.423,29.93,367.769,0.998,Blip
2107,1240899322.688,8.46,1928.011,0.98,Low_Frequency_Lines
2108,1240899966.875,29.513,177.094,0.98,Low_Frequency_Lines
2109,1240901536.271,7.686,104.255,1.0,Blip
2110,1240904282.625,29.611,3693.803,0.969,Low_Frequency_Lines
2111,1240904370.031,8.345,32.027,0.992,Scattered_Light
2112,1240904934.625,22.024,1907.455,0.943,Low_Frequency_Lines
2113,1240906078.531,8.059,19.406,0.904,Low_Frequency_Burst
2114,1240907874.625,23.453,3693.803,0.995,Low_Frequency_Lines
2115,1240910659.063,7.533,18.134,0.999,Low_Frequency_Lines
2116,1240911365.531,9.274,20.838,0.968,Low_Frequency_Burst
2117,1240912147.521,527.741,834.26,1.0,Extremely_Loud
2118,1240912251.469,7.71,724.568,0.971,Scattered_Light
2119,1240912537.313,7.553,93.497,1.0,Blip
2120,1240912853.664,13.201,1654.984,0.976,Whistle
2121,1240913744.625,18.279,3409.167,0.994,Low_Frequency_Lines
2122,1240914774.125,8.558,2721.355,0.995,Scattered_Light
2123,1240914788.594,7.878,2930.829,0.995,Low_Frequency_Lines
2124,1240920857.125,12.26,3409.167,0.923,Low_Frequency_Lines
2125,1240921610.375,37.166,3835.788,0.994,Low_Frequency_Lines
2126,1240922121.625,10.179,2634.428,0.937,Low_Frequency_Lines
2127,1240924416.456,73.372,2655.339,0.992,Koi_Fish
2128,1240926036.563,7.55,20.04,0.999,Low_Frequency_Lines
2129,1240926922.102,7.577,3838.976,0.983,Whistle
2130,1240927583.727,7.718,30.952,0.989,Low_Frequency_Burst
2131,1240928151.781,8.645,23.057,0.96,Low_Frequency_Burst
2132,1240928275.492,7.523,2651.144,0.997,Low_Frequency_Burst
2133,1240929457.875,16.886,3267.727,0.999,Scattered_Light
2134,1240934365.73,16.619,61.335,0.995,Tomte
2135,1240934935.469,12.213,1660.984,0.987,Low_Frequency_Burst
2136,1240935205.031,8.641,3201.357,0.995,Low_Frequency_Burst
2137,1240935596.57,8.237,409.924,0.91,Whistle
2138,1240936149.883,7.7,3428.772,0.93,Whistle
2139,1240938948.24,7.98,96.359,1.0,Blip
2140,1240940677.578,9.138,25.047,1.0,Low_Frequency_Burst
2141,1240941002.115,9.077,3247.166,1.0,Blip
2142,1240941164.496,8.429,419.866,0.983,Whistle
2143,1240945279.008,7.54,295.91,0.999,Whistle
2144,1240947125.102,7.918,425.377,0.999,Whistle
2145,1240948517.648,8.169,295.732,1.0,Whistle
2146,1240949023.133,7.578,407.186,0.978,Whistle
2147,1240951219.43,7.671,297.87,0.99,Whistle
2148,1240951403.281,7.995,1419.213,0.999,Scattered_Light
2149,1240954860.896,19.086,2679.763,1.0,Blip
2150,1240963155.463,35.694,2489.561,0.933,Koi_Fish
2151,1240969090.289,7.55,20.714,0.931,Low_Frequency_Burst
2152,1240969151.305,8.346,23.057,0.965,Low_Frequency_Burst
2153,1240969161.895,27.411,73.85,0.983,Tomte
2154,1240970906.461,7.546,2119.308,0.944,Whistle
2155,1240975484.258,7.992,369.785,0.916,Whistle
2156,1240975598.668,65.399,161.018,1.0,Koi_Fish
2157,1240976383.055,9.141,425.942,0.94,Whistle
2158,1240976798.555,8.159,477.055,0.995,Whistle
2159,1240977732.633,8.011,3930.068,0.996,Whistle
2160,1240979811.391,8.691,3881.874,0.983,Low_Frequency_Burst
2161,1240980581.932,104.819,295.994,1.0,Koi_Fish
2162,1240981520.921,10.823,203.375,1.0,Blip
2163,1240982666.617,7.798,295.732,0.988,Whistle
2164,1240984502.867,8.976,416.03,0.913,Whistle
2165,1240987480.02,1182.352,3703.979,1.0,Extremely_Loud
2166,1240992718.76,7.688,67.784,0.993,Blip
2167,1240997895.69,175.126,3945.854,0.954,Koi_Fish
2168,1241003528.02,13.805,61.335,0.996,Tomte
2169,1241005088.951,7.607,71.925,0.999,Blip
2170,1241005804.598,922.2,3881.874,1.0,Extremely_Loud
2171,1241005824.758,7.903,427.887,0.973,Whistle
2172,1241006801.038,12.443,201.12,0.991,Blip
2173,1241008965.582,7.77,44.865,0.909,Tomte
2174,1241010216.688,7.949,118.971,1.0,Blip
2175,1241014099.607,528.822,1567.824,1.0,Extremely_Loud
2176,1241015684.546,8.184,171.608,0.999,Blip
2177,1241016272.781,7.574,20.195,0.937,Low_Frequency_Lines
2178,1241016528.148,8.669,420.411,0.944,Whistle
2179,1241020030.682,8.616,93.497,1.0,Blip
2180,1241022284.224,105.124,365.451,0.997,Koi_Fish
2181,1241029887.109,7.598,20.195,1.0,Low_Frequency_Burst
2182,1241031186.843,9.358,2256.651,1.0,Blip
2183,1241039958.049,7.936,80.3,0.993,Blip
2184,1241104225.125,13.085,3703.979,0.993,Low_Frequency_Lines
2185,1241105623.094,7.607,3945.854,0.999,Low_Frequency_Burst
2186,1241106385.445,9.077,425.377,0.992,Whistle
2187,1241107111.188,11.168,30.952,0.999,Scattered_Light
2188,1241107538.219,7.761,2975.233,0.991,Scattered_Light
2189,1241111850.852,10.136,771.235,0.994,Whistle
2190,1241112930.849,7.538,99.892,0.955,Blip
2191,1241114465.844,9.386,3249.652,1.0,Low_Frequency_Lines
2192,1241116333.352,8.42,425.377,0.995,Whistle
2193,1241118049.586,8.067,20.195,0.961,Low_Frequency_Burst
2194,1241118052.695,10.422,2783.969,0.952,Low_Frequency_Lines
2195,1241119769.62,82.67,295.994,1.0,Koi_Fish
2196,1241121397.656,9.624,3983.241,0.943,Low_Frequency_Burst
2197,1241122726.354,22.756,1644.648,0.999,Koi_Fish
2198,1241125888.102,7.717,413.779,0.984,Whistle
2199,1241126226.805,7.924,20.195,0.955,Low_Frequency_Lines
2200,1241129105.387,34.834,131.936,0.998,Extremely_Loud
2201,1241129258.742,8.626,425.377,0.966,Whistle
2202,1241129263.527,61.479,2029.314,0.994,Koi_Fish
2203,1241135795.563,8.16,723.299,0.974,Scattered_Light
2204,1241136351.779,4360.343,3006.243,1.0,Extremely_Loud
2205,1241138653.539,7.856,3655.568,0.994,Whistle
2206,1241140300.336,7.548,425.377,0.986,Whistle
2207,1241141837.156,17.235,24.727,0.986,Low_Frequency_Burst
2208,1241144435.133,8.919,26.59,1.0,Low_Frequency_Burst
2209,1241148138.102,8.2,1684.732,1.0,Low_Frequency_Burst
2210,1241154388.586,9.5,425.377,0.994,Whistle
2211,1241158164.819,11.878,171.608,1.0,Blip
2212,1241158533.031,10.711,107.622,0.99,Scratchy
2213,1241158630.156,8.464,135.361,0.994,Scratchy
2214,1241163405.692,11.259,168.838,0.999,Blip
2215,1241163740.41,15.636,61.335,0.989,Tomte
2216,1241164547.821,108.29,3983.241,0.997,Koi_Fish
2217,1241164671.661,69.562,3983.241,0.999,Koi_Fish
2218,1241164759.049,22.445,3427.638,0.978,Koi_Fish
2219,1241168771.909,7.949,135.368,1.0,Blip
2220,1241172493.898,7.726,417.226,0.903,Whistle
2221,1241174861.012,69.902,241.258,0.999,Extremely_Loud
2222,1241177235.209,216.995,2819.014,1.0,Extremely_Loud
2223,1241185623.896,13.868,112.576,0.958,Blip
2224,1241193653.036,36.909,1820.475,0.998,Koi_Fish
2225,1241193658.644,14.575,2389.146,1.0,Blip
2226,1241201999.323,155.546,1251.317,0.903,Koi_Fish
2227,1241206522.175,42.536,3429.515,1.0,Koi_Fish
2228,1241208199.313,7.526,19.299,1.0,Low_Frequency_Lines
2229,1241227819.768,39.636,583.69,1.0,Koi_Fish
2230,1241234075.879,12.682,63.212,0.934,Tomte
2231,1241234240.927,17.45,841.317,1.0,Blip
2232,1241240270.675,12.868,1785.93,1.0,Blip
2233,1241261662.833,48.039,3913.013,0.952,Koi_Fish
2234,1241261664.778,16.058,3990.298,1.0,Blip
2235,1241266946.335,8.09,146.888,1.0,Blip
2236,1241270282.154,2611.975,3350.311,1.0,Extremely_Loud
2237,1241270537.16,7.509,425.377,0.981,Whistle
2238,1241271116.857,60.541,2378.556,1.0,Koi_Fish
2239,1241271555.406,93.539,1197.737,1.0,Scratchy
2240,1241274315.984,8.323,26.59,0.996,Low_Frequency_Burst
2241,1241275305.48,7.746,413.779,0.978,Whistle
2242,1241275390.633,8.598,293.808,0.998,Whistle
2243,1241277652.074,27.001,2606.288,0.999,Tomte
2244,1241278066.66,62.104,3006.243,0.965,Koi_Fish
2245,1241278380.227,11.059,291.401,0.942,Whistle
2246,1241282607.688,8.571,220.259,0.996,Low_Frequency_Lines
2247,1241285645.227,114.756,3954.153,0.973,Whistle
2248,1241285713.91,9.343,387.04,0.988,Whistle
2249,1241287180.017,75.811,3985.119,0.999,Koi_Fish
2250,1241292346.551,8.201,136.131,0.989,Blip
2251,1241292835.662,11.011,110.258,0.948,Blip
2252,1241293078.309,21.006,2121.764,1.0,Tomte
2253,1241294905.748,31.018,3703.979,0.999,Koi_Fish
2254,1241299875.117,7.709,30.952,0.981,Low_Frequency_Burst
2255,1241301756.188,8.248,30.952,0.999,Low_Frequency_Lines
2256,1241306766.152,119.801,3582.116,0.939,Koi_Fish
2257,1241307935.125,8.855,1318.608,0.974,Scattered_Light
2258,1241313791.488,7.691,65.135,0.986,Blip
2259,1241319227.816,12.748,75.727,0.991,Tomte
2260,1241320961.719,9.484,35.383,1.0,Scattered_Light
2261,1241320965.594,15.351,2583.728,0.999,Scattered_Light
2262,1241330978.211,8.402,163.208,0.966,Whistle
2263,1241334312.621,34.447,243.135,1.0,Koi_Fish
2264,1241334412.102,8.332,869.33,0.996,Whistle
2265,1241341045.924,41.844,2439.979,0.996,Koi_Fish
2266,1241342742.726,18.317,373.879,1.0,Blip
2267,1241345945.273,8.619,291.401,0.999,Whistle
2268,1241348418.633,7.868,2071.421,0.992,Whistle
2269,1241348593.586,8.732,403.195,0.973,Whistle
2270,1241353036.663,90.518,3983.241,0.988,Koi_Fish
2271,1241353397.603,13.584,203.982,1.0,Blip
2272,1241353921.938,353.894,131.936,1.0,Extremely_Loud
2273,1241355289.429,79.657,1267.535,0.997,Koi_Fish
2274,1241356146.129,8.637,1526.103,0.983,Tomte
2275,1241356817.012,7.859,3546.369,0.996,Whistle
2276,1241358459.527,26.354,516.187,0.978,Tomte
2277,1241358664.889,62.74,161.018,1.0,Koi_Fish
2278,1241359201.254,7.921,2964.093,0.986,Scattered_Light
2279,1241374628.906,9.942,59.96,0.996,Low_Frequency_Lines
2280,1241375001.234,10.312,1506.581,1.0,Low_Frequency_Burst
2281,1241375228.844,10.133,220.259,0.929,Low_Frequency_Burst
2282,1241375238.469,13.393,3813.464,0.97,Low_Frequency_Burst
2283,1241375272.531,8.028,212.519,0.994,Low_Frequency_Burst
2284,1241375329.781,7.759,41.642,0.973,Low_Frequency_Burst
2285,1241375402.188,8.474,519.256,0.996,Low_Frequency_Lines
2286,1241375618.469,12.661,26.59,0.997,Low_Frequency_Burst
2287,1241375953.703,10.105,677.222,1.0,Low_Frequency_Burst
2288,1241376065.969,7.647,20.838,0.953,Low_Frequency_Lines
2289,1241377025.875,40.279,1461.986,0.997,Low_Frequency_Lines
2290,1241378008.594,16.472,3872.13,1.0,Scattered_Light
2291,1241380131.094,8.011,3464.271,1.0,Low_Frequency_Lines
2292,1241380818.156,9.355,23.057,0.99,Low_Frequency_Burst
2293,1241381784.938,11.246,3464.271,0.944,Scattered_Light
2294,1241382547.219,8.373,20.195,1.0,Low_Frequency_Lines
2295,1241383242.938,7.649,1564.099,0.997,Low_Frequency_Lines
2296,1241385214.891,12.219,28.467,0.993,Scattered_Light
2297,1241385933.125,16.394,3582.116,0.995,Low_Frequency_Lines
2298,1241386194.594,9.153,216.51,0.991,Low_Frequency_Lines
2299,1241388816.375,7.57,914.134,0.939,Low_Frequency_Lines
2300,1241388826.594,38.758,1097.248,1.0,Scattered_Light
2301,1241389283.289,25.804,3858.798,0.972,Whistle
2302,1241389325.148,43.298,1649.437,0.999,Whistle
2303,1241389388.625,33.274,3813.464,0.956,Scattered_Light
2304,1241389524.586,179.38,595.365,0.938,Whistle
2305,1241389832.625,33.455,3693.803,0.986,Low_Frequency_Lines
2306,1241390238.438,9.388,27.78,0.937,Low_Frequency_Lines
2307,1241390887.375,21.73,3582.116,0.996,Low_Frequency_Lines
2308,1241392398.406,7.599,3192.406,0.996,Low_Frequency_Lines
2309,1241393129.625,26.431,3409.167,0.968,Scattered_Light
2310,1241393711.906,7.756,20.195,1.0,Low_Frequency_Lines
2311,1241394495.125,8.933,1928.011,0.997,Low_Frequency_Lines
2312,1241394824.406,7.724,26.157,0.971,Scattered_Light
2313,1241395555.713,30.299,2380.434,0.952,Koi_Fish
2314,1241395588.176,888.631,3457.886,0.971,Koi_Fish
2315,1241395818.125,11.244,3240.109,0.977,Low_Frequency_Lines
2316,1241396229.375,18.516,2378.556,0.958,Low_Frequency_Lines
2317,1241397011.594,7.556,1644.648,0.995,Low_Frequency_Lines
2318,1241398554.357,197.793,2029.314,0.927,Koi_Fish
2319,1241399234.563,8.498,1462.128,0.986,Low_Frequency_Lines
2320,1241399388.969,7.997,26.59,0.911,Low_Frequency_Burst
2321,1241400421.125,47.201,3703.979,0.991,Low_Frequency_Lines
2322,1241400644.469,7.893,23.057,0.939,Low_Frequency_Burst
2323,1241400686.125,12.515,3329.919,1.0,Low_Frequency_Lines
2324,1241401039.875,24.942,677.222,0.972,Low_Frequency_Lines
2325,1241401077.125,22.693,3201.357,0.967,Low_Frequency_Lines
2326,1241401240.125,14.294,3136.171,0.997,Low_Frequency_Lines
2327,1241401367.625,19.595,2964.093,0.972,Low_Frequency_Lines
2328,1241401434.875,23.638,3030.486,0.992,Low_Frequency_Lines
2329,1241401465.875,31.155,2398.222,0.936,Low_Frequency_Lines
2330,1241402293.305,7.617,285.157,0.959,Whistle
2331,1241402953.875,19.466,3582.116,0.987,Scattered_Light
2332,1241403015.125,18.61,3582.116,0.969,Low_Frequency_Lines
2333,1241403432.109,8.032,21.248,0.998,Low_Frequency_Burst
2334,1241403850.813,7.911,202.809,1.0,Low_Frequency_Lines
2335,1241404545.992,8.902,446.079,0.939,Whistle
2336,1241405137.711,8.865,3806.693,0.943,Whistle
2337,1241405148.625,17.374,2378.556,0.999,Low_Frequency_Lines
2338,1241405187.031,9.198,912.972,0.996,Scattered_Light
2339,1241405390.11,132.588,447.013,0.993,Koi_Fish
2340,1241405503.969,9.316,20.838,0.957,Low_Frequency_Burst
2341,1241405721.375,11.437,154.925,0.993,Low_Frequency_Lines
2342,1241405932.375,8.065,20.199,0.998,Low_Frequency_Lines
2343,1241406861.773,7.878,295.732,0.999,Whistle
2344,1241407372.031,10.057,2636.306,0.985,Scattered_Light
2345,1241407443.464,30.555,363.574,1.0,Koi_Fish
2346,1241407569.594,8.285,2786.934,0.917,Low_Frequency_Lines
2347,1241407985.625,7.729,3489.112,0.948,Low_Frequency_Lines
2348,1241408534.531,8.687,93.552,0.958,Low_Frequency_Burst
2349,1241408816.875,13.706,220.266,0.969,Low_Frequency_Lines
2350,1241408869.625,19.349,3409.167,0.987,Scattered_Light
2351,1241409225.109,9.591,912.009,0.924,Low_Frequency_Burst
2352,1241410590.625,12.589,23.057,0.971,Low_Frequency_Lines
2353,1241410864.594,10.094,28.467,1.0,Scattered_Light
2354,1241411087.32,7.58,419.443,0.984,Whistle
2355,1241411146.398,8.914,26.59,0.917,Low_Frequency_Burst
2356,1241412250.188,8.53,221.823,0.91,Scattered_Light
2357,1241412727.531,8.584,216.51,0.985,Low_Frequency_Lines
2358,1241412873.406,8.594,23.057,0.999,Low_Frequency_Lines
2359,1241412914.375,24.688,602.944,0.931,Low_Frequency_Lines
2360,1241413321.875,13.678,216.51,0.986,Low_Frequency_Lines
2361,1241414679.031,8.689,30.952,1.0,Low_Frequency_Burst
2362,1241416324.672,8.022,26.59,0.956,Low_Frequency_Burst
2363,1241416461.438,10.074,3352.189,0.996,Scattered_Light
2364,1241416564.688,12.569,1323.846,1.0,Low_Frequency_Lines
2365,1241416619.625,16.412,3201.357,0.991,Low_Frequency_Lines
2366,1241416629.375,9.955,2681.0,1.0,Low_Frequency_Lines
2367,1241416729.727,7.61,357.194,0.957,Whistle
2368,1241416983.375,19.363,3427.638,1.0,Scattered_Light
2369,1241418601.742,7.743,291.401,1.0,Whistle
2370,1241418668.719,7.751,18.134,0.986,Low_Frequency_Burst
2371,1241419125.625,18.579,1928.011,0.969,Low_Frequency_Lines
2372,1241419240.785,8.043,413.2,0.997,Whistle
2373,1241420444.719,8.936,35.147,0.997,Scattered_Light
2374,1241421122.255,16.139,248.315,1.0,Blip
2375,1241421424.125,35.178,1246.566,0.941,Low_Frequency_Lines
2376,1241421476.227,9.342,413.2,0.998,Whistle
2377,1241422040.602,7.656,331.744,0.99,Whistle
2378,1241422617.969,7.65,20.195,0.992,Low_Frequency_Lines
2379,1241423310.844,9.369,23.057,0.993,Low_Frequency_Lines
2380,1241423344.188,7.966,3201.357,0.979,Low_Frequency_Lines
2381,1241426427.813,7.531,164.334,0.995,Low_Frequency_Lines
2382,1241426504.656,11.356,2706.379,1.0,Scattered_Light
2383,1241426889.125,10.876,2635.576,0.986,Low_Frequency_Lines
2384,1241429942.219,8.237,30.952,1.0,Low_Frequency_Burst
2385,1241429965.656,9.354,3088.05,0.971,Low_Frequency_Burst
2386,1241430068.531,9.195,20.195,0.974,Low_Frequency_Lines
2387,1241431080.563,7.846,1291.497,1.0,Low_Frequency_Lines
2388,1241431782.75,7.646,20.195,0.965,Low_Frequency_Burst
2389,1241433668.031,8.465,20.195,0.991,Low_Frequency_Burst
2390,1241433956.813,7.727,2634.428,0.997,Low_Frequency_Lines
2391,1241435548.148,11.691,386.276,0.999,Whistle
2392,1241436145.594,7.515,914.134,0.999,Low_Frequency_Lines
2393,1241437450.866,7.908,118.971,1.0,Blip
2394,1241438862.395,10.559,2114.846,0.999,Whistle
2395,1241438933.875,7.929,364.578,0.986,Scattered_Light
2396,1241438979.109,7.612,26.59,0.997,Low_Frequency_Burst
2397,1241439243.362,58.34,3985.119,0.999,Koi_Fish
2398,1241439699.531,8.491,447.013,1.0,Low_Frequency_Lines
2399,1241441784.344,8.317,1644.648,0.98,Low_Frequency_Lines
2400,1241442731.906,8.706,3908.818,0.997,Scattered_Light
2401,1241443035.719,8.352,2337.938,0.998,Scattered_Light
2402,1241443531.656,7.93,3983.241,0.996,Low_Frequency_Burst
2403,1241443686.813,9.389,3080.93,0.935,Low_Frequency_Lines
2404,1241447403.42,272.674,3367.249,1.0,Extremely_Loud
2405,1241449206.938,8.243,26.14,0.998,Scattered_Light
2406,1241455220.299,120.961,3409.167,0.999,Koi_Fish
2407,1241458265.842,16.036,110.258,0.956,Tomte
2408,1241459829.313,391.562,3464.271,1.0,Extremely_Loud
2409,1241463565.125,9.948,1553.777,0.999,Low_Frequency_Lines
2410,1241465107.625,43.759,3983.241,0.996,Low_Frequency_Lines
2411,1241465977.031,7.843,18.295,0.999,Low_Frequency_Burst
2412,1241466408.875,12.008,26.59,0.999,Low_Frequency_Lines
2413,1241466415.875,14.193,28.568,0.99,Low_Frequency_Lines
2414,1241466496.438,9.285,3201.357,0.999,Low_Frequency_Lines
2415,1241466514.156,10.303,2783.969,0.965,Low_Frequency_Lines
2416,1241467003.781,13.21,300.189,1.0,Scattered_Light
2417,1241467837.187,11.37,146.888,1.0,Blip
2418,1241467915.156,8.741,2965.97,1.0,Scattered_Light
2419,1241468378.625,10.854,3746.261,1.0,Low_Frequency_Lines
2420,1241468651.094,8.686,2378.556,0.997,Low_Frequency_Lines
2421,1241468916.375,12.534,2061.918,0.999,Low_Frequency_Lines
2422,1241469204.428,7.808,123.333,0.999,Blip
2423,1241469241.125,15.009,2672.706,0.934,Low_Frequency_Lines
2424,1241469570.594,11.388,29.698,0.992,Scattered_Light
2425,1241469715.656,7.746,24.934,0.991,Scattered_Light
2426,1241469752.813,9.073,608.593,0.978,Low_Frequency_Lines
2427,1241469807.383,7.584,2680.858,0.961,Whistle
2428,1241471037.875,12.871,224.075,0.997,Low_Frequency_Lines
2429,1241471271.875,11.736,912.972,0.997,Low_Frequency_Lines
2430,1241471301.625,15.884,3136.171,1.0,Low_Frequency_Lines
2431,1241471480.125,19.602,2284.315,0.9,Low_Frequency_Lines
2432,1241471533.875,16.914,447.013,1.0,Scattered_Light
2433,1241471798.875,17.198,2920.99,0.985,Low_Frequency_Lines
2434,1241472894.375,19.35,2834.458,0.929,Low_Frequency_Lines
2435,1241473129.531,8.131,29.209,0.933,Low_Frequency_Lines
2436,1241473399.875,29.562,3881.874,0.959,Scattered_Light
2437,1241473495.852,7.565,555.53,0.987,Whistle
2438,1241473704.656,9.522,26.157,0.994,Low_Frequency_Burst
2439,1241475966.125,9.339,3134.061,0.996,Low_Frequency_Lines
2440,1241475970.625,9.168,1405.862,0.901,Scattered_Light
2441,1241476075.031,9.147,2920.99,0.938,Low_Frequency_Lines
2442,1241476728.438,9.494,23.057,0.96,Low_Frequency_Lines
2443,1241477083.719,7.756,20.195,0.924,Low_Frequency_Burst
2444,1241477466.531,9.164,256.943,1.0,Scattered_Light
2445,1241479102.625,7.739,253.586,0.948,Low_Frequency_Lines
2446,1241479614.945,8.192,276.268,0.986,Whistle
2447,1241479949.859,29.002,3749.314,0.926,Whistle
2448,1241480131.438,8.708,1267.535,0.983,Low_Frequency_Lines
2449,1241481705.469,11.666,26.59,0.962,Scattered_Light
2450,1241482066.594,8.369,3192.406,0.998,Low_Frequency_Lines
2451,1241482438.344,7.873,19.406,0.966,Low_Frequency_Lines
2452,1241482724.656,12.355,3133.541,1.0,Scattered_Light
2453,1241482963.41,11.773,3059.082,0.981,Tomte
2454,1241483558.156,10.753,26.157,0.901,Low_Frequency_Lines
2455,1241483733.727,45.856,2854.796,0.917,Whistle
2456,1241483761.773,30.394,3986.464,0.995,Whistle
2457,1241483808.039,20.155,3030.486,1.0,Extremely_Loud
2458,1241485970.281,8.189,1563.095,1.0,Low_Frequency_Lines
2459,1241486038.656,11.355,29.937,0.999,Scattered_Light
2460,1241486059.266,7.546,26.59,0.995,Scattered_Light
2461,1241486629.594,9.655,3764.125,0.965,Low_Frequency_Lines
2462,1241486754.531,7.601,33.947,0.927,Low_Frequency_Burst
2463,1241486802.109,7.548,3464.271,1.0,Low_Frequency_Burst
2464,1241486825.688,13.112,2741.265,1.0,Scattered_Light
2465,1241486856.969,12.113,3006.243,0.991,Low_Frequency_Burst
2466,1241487005.781,11.738,3908.818,1.0,Low_Frequency_Burst
2467,1241487357.281,7.645,19.406,0.978,Low_Frequency_Lines
2468,1241488006.947,8.549,96.359,0.999,Blip
2469,1241488064.125,18.772,3240.109,0.999,Low_Frequency_Lines
2470,1241488127.906,12.23,2479.719,0.995,Low_Frequency_Lines
2471,1241488351.625,12.595,3240.109,0.986,Low_Frequency_Lines
2472,1241488380.344,8.305,2489.561,0.987,Low_Frequency_Lines
2473,1241489970.988,26.791,4028.576,0.993,Blip
2474,1241490103.719,16.117,3409.167,0.97,Low_Frequency_Burst
2475,1241490880.4,7.864,3724.317,0.997,Blip
2476,1241491072.469,9.126,363.574,1.0,Low_Frequency_Lines
2477,1241491600.313,8.352,295.994,1.0,Low_Frequency_Lines
2478,1241492347.38,18.341,1542.817,0.999,Blip
2479,1241492355.117,8.735,26.59,1.0,Low_Frequency_Burst
2480,1241492387.625,16.47,3746.261,0.966,Scattered_Light
2481,1241493647.375,20.736,3881.874,0.989,Low_Frequency_Lines
2482,1241495333.281,10.067,853.378,0.9,Low_Frequency_Burst
2483,1241496562.469,9.951,24.251,0.952,Low_Frequency_Burst
2484,1241498264.133,7.571,310.768,0.981,Whistle
2485,1241498305.469,9.507,3409.167,0.941,Low_Frequency_Burst
2486,1241498311.922,8.326,23.057,0.997,Low_Frequency_Burst
2487,1241498814.125,14.012,23.057,0.995,Low_Frequency_Lines
2488,1241499902.328,8.278,2098.726,0.999,Low_Frequency_Burst
2489,1241501697.438,34.562,30.952,1.0,Scattered_Light
2490,1241501851.594,8.125,18.134,0.987,Low_Frequency_Burst
2491,1241502529.43,8.019,291.401,0.999,Whistle
2492,1241503085.375,7.575,3367.249,0.982,Low_Frequency_Lines
2493,1241503534.625,34.314,3983.241,0.976,Low_Frequency_Lines
2494,1241503604.375,48.307,3983.241,0.982,Scattered_Light
2495,1241503927.197,1404.238,3983.241,0.986,Extremely_Loud
2496,1241504501.838,135.84,1928.011,0.982,Extremely_Loud
2497,1241505176.164,7.587,198.545,0.997,Whistle
2498,1241505664.906,9.31,26.59,0.969,Scattered_Light
2499,1241506217.125,9.464,221.823,0.969,Low_Frequency_Lines
2500,1241508087.281,7.553,3582.116,0.974,Low_Frequency_Lines
2501,1241508251.423,25.576,684.279,0.999,Blip
2502,1241508320.453,7.607,20.195,1.0,Low_Frequency_Burst
2503,1241508541.141,8.83,3409.167,1.0,Low_Frequency_Burst
2504,1241509434.125,19.857,3881.874,0.966,Low_Frequency_Lines
2505,1241511124.719,8.324,825.505,0.938,Low_Frequency_Burst
2506,1241514311.156,10.03,3813.464,0.995,Low_Frequency_Burst
2507,1241514367.805,9.616,1432.619,0.958,Whistle
2508,1241514474.094,12.789,25.298,0.906,Scattered_Light
2509,1241523113.281,7.719,20.195,0.99,Low_Frequency_Lines
2510,1241524059.695,7.686,3194.324,1.0,Whistle
2511,1241524275.625,12.512,3249.652,0.918,Scattered_Light
2512,1241524751.98,8.28,2337.308,0.975,Whistle
2513,1241525590.641,11.7,3457.886,0.987,Scattered_Light
2514,1241525709.32,7.779,291.401,0.999,Whistle
2515,1241526033.647,21.853,242.262,0.997,Blip
2516,1241526045.023,9.028,415.372,0.951,Whistle
2517,1241529317.125,16.519,3881.874,0.994,Scattered_Light
2518,1241529889.781,12.341,3881.874,0.998,Scattered_Light
2519,1241530148.016,7.611,23.057,0.961,Low_Frequency_Burst
2520,1241530308.148,9.132,291.401,0.998,Whistle
2521,1241530409.875,11.311,241.258,0.941,Low_Frequency_Lines
2522,1241531018.813,7.84,20.411,0.992,Low_Frequency_Lines
2523,1241532213.844,8.367,20.195,0.983,Low_Frequency_Burst
2524,1241534619.813,24.072,3146.814,0.998,Scattered_Light
2525,1241535360.592,12.348,198.803,0.945,Blip
2526,1241540771.534,22.68,2199.774,0.999,Blip
2527,1241540965.188,8.666,28.467,0.962,Scattered_Light
2528,1241543189.477,7.628,407.186,0.914,Whistle
2529,1241557681.777,890.528,3237.069,0.975,Koi_Fish
2530,1241558845.457,538.87,1267.535,1.0,Extremely_Loud
2531,1241561130.73,93.952,3133.541,1.0,Extremely_Loud
2532,1241561418.154,11.49,3987.436,0.955,Blip
2533,1241561603.254,8.528,55.139,0.991,Tomte
2534,1241562644.588,9.807,136.131,0.998,Blip
2535,1241579467.935,34.014,2341.528,0.985,Koi_Fish
2536,1241581061.162,29.614,131.936,0.973,Koi_Fish
2537,1241582305.587,16.439,1715.027,1.0,Blip
2538,1241585670.973,727.316,3983.241,0.906,Extremely_Loud
2539,1241585735.98,26.268,3059.082,0.968,Tomte
2540,1241590672.269,12.392,167.468,1.0,Blip
2541,1241593175.957,10.038,1195.816,0.991,Tomte
2542,1241594042.879,12.088,73.85,0.991,Tomte
2543,1241594776.857,7.934,84.44,1.0,Blip
2544,1241595465.611,55.67,3703.979,1.0,Koi_Fish
2545,1241596388.48,66.137,1684.732,0.914,Koi_Fish
2546,1241599189.208,12.668,203.982,1.0,Blip
2547,1241602774.426,96.375,131.936,0.995,Koi_Fish
2548,1241606283.229,53.434,3983.241,1.0,Koi_Fish
2549,1241607485.291,53.189,677.222,0.955,Koi_Fish
2550,1241615391.916,51.181,834.26,0.995,Koi_Fish
2551,1241616281.701,39.934,363.574,0.993,Koi_Fish
2552,1241620570.425,11.733,171.608,1.0,Blip
2553,1241621358.608,45.103,3947.731,0.974,Koi_Fish
2554,1241622514.272,8.681,118.685,1.0,Blip
2555,1241627828.246,13.213,61.335,0.996,Tomte
2556,1241628128.938,10.007,31.188,0.996,Scattered_Light
2557,1241628829.47,10.459,2475.177,1.0,Blip
2558,1241642541.63,13.835,168.075,0.944,Blip
2559,1241642551.292,19.377,245.453,1.0,Blip
2560,1241643302.875,7.846,1267.535,0.978,Low_Frequency_Lines
2561,1241644575.989,8.011,197.812,1.0,Blip
2562,1241645364.555,10.905,422.183,0.995,Whistle
2563,1241645844.313,7.714,20.195,1.0,Low_Frequency_Lines
2564,1241646722.344,11.155,23.057,0.988,Low_Frequency_Burst
2565,1241647534.281,7.553,1315.201,0.935,Low_Frequency_Lines
2566,1241647767.375,13.621,971.864,0.988,Low_Frequency_Lines
2567,1241648306.656,10.063,3730.675,0.989,Scattered_Light
2568,1241648766.018,8.506,321.055,1.0,Blip
2569,1241649114.625,21.016,234.08,0.967,Low_Frequency_Lines
2570,1241649183.125,22.058,914.134,0.946,Low_Frequency_Lines
2571,1241649230.266,67.659,3523.706,0.998,Extremely_Loud
2572,1241649236.246,18.879,3582.116,1.0,Low_Frequency_Burst
2573,1241649493.875,13.772,3267.727,0.983,Low_Frequency_Lines
2574,1241652143.844,11.005,3881.874,1.0,Low_Frequency_Burst
2575,1241652280.438,9.516,2337.938,1.0,Scattered_Light
2576,1241652312.141,8.183,30.952,0.993,Low_Frequency_Burst
2577,1241652587.844,8.196,3409.167,1.0,Scattered_Light
2578,1241652919.303,11.385,201.12,0.987,Blip
2579,1241652975.781,12.986,2378.556,0.999,Low_Frequency_Lines
2580,1241653329.281,9.39,20.838,0.989,Low_Frequency_Burst
2581,1241653347.844,10.426,3813.464,1.0,Low_Frequency_Burst
2582,1241653353.531,7.522,257.411,0.994,Low_Frequency_Lines
2583,1241653503.914,7.599,357.194,0.968,Whistle
2584,1241654452.047,8.206,23.057,0.941,Low_Frequency_Burst
2585,1241654516.688,7.894,20.838,0.998,Low_Frequency_Lines
2586,1241654594.344,12.993,26.59,0.958,Low_Frequency_Burst
2587,1241654905.875,16.333,3201.357,0.994,Scattered_Light
2588,1241655341.188,10.14,20.195,0.999,Low_Frequency_Lines
2589,1241655548.406,10.688,285.758,0.993,Low_Frequency_Burst
2590,1241656912.727,9.83,3547.173,0.942,Whistle
2591,1241657006.313,7.714,1155.883,0.998,Low_Frequency_Lines
2592,1241657883.145,8.086,400.944,0.956,Whistle
2593,1241659251.227,8.513,357.251,0.938,Whistle
2594,1241659356.031,8.771,2489.561,0.962,Low_Frequency_Burst
2595,1241660191.375,10.95,27.78,0.984,Scattered_Light
2596,1241660996.191,8.35,392.345,0.989,Whistle
2597,1241661068.617,7.987,425.377,0.963,Whistle
2598,1241667618.094,12.892,3703.979,0.997,Low_Frequency_Burst
2599,1241668178.859,13.066,3881.874,0.999,Scattered_Light
2600,1241668383.383,26.916,3582.116,0.998,Extremely_Loud
2601,1241669087.863,11.371,53.075,0.929,Tomte
2602,1241669749.852,9.886,420.411,0.955,Whistle
2603,1241669807.289,7.78,356.82,0.993,Whistle
2604,1241670135.531,7.746,813.082,0.998,Low_Frequency_Lines
2605,1241670388.723,136.035,3703.979,0.991,Extremely_Loud
2606,1241671043.094,7.898,1563.095,0.99,Low_Frequency_Lines
2607,1241671069.99,7.877,1840.09,0.999,Blip
2608,1241672408.844,9.105,23.057,0.986,Low_Frequency_Burst
2609,1241672657.758,7.981,446.079,0.994,Whistle
2610,1241674219.141,8.32,20.195,0.96,Low_Frequency_Burst
2611,1241675926.633,9.159,379.098,0.984,Whistle
2612,1241675973.805,9.604,479.51,0.982,Whistle
2613,1241676003.219,8.882,1563.095,0.906,Low_Frequency_Lines
2614,1241676512.992,9.143,446.079,0.959,Whistle
2615,1241677275.313,11.372,3703.979,0.999,Scattered_Light
2616,1241679561.918,8.163,425.377,0.992,Whistle
2617,1241681307.724,8.342,109.64,1.0,Blip
2618,1241681563.375,7.864,683.368,0.906,Low_Frequency_Lines
2619,1241684315.125,7.603,20.195,0.997,Low_Frequency_Lines
2620,1241685502.078,7.697,327.047,0.996,Whistle
2621,1241685899.195,7.71,1830.739,0.917,Whistle
2622,1241686009.313,7.526,19.465,1.0,Low_Frequency_Lines
2623,1241692675.041,48.62,447.013,0.978,Koi_Fish
2624,1241693580.18,9.815,306.135,0.946,Whistle
2625,1241693602.031,7.841,3009.649,0.995,Scattered_Light
2626,1241694514.93,13.507,739.943,0.967,Whistle
2627,1241695277.391,20.978,3989.387,0.978,Scratchy
2628,1241697904.523,8.918,291.401,0.999,Whistle
2629,1241700323.313,8.608,20.195,0.994,Low_Frequency_Lines
2630,1241700445.361,36.956,3427.638,0.989,Koi_Fish
2631,1241702233.684,7.635,603.605,0.978,Whistle
2632,1241702325.539,9.991,1454.253,0.97,Extremely_Loud
2633,1241702456.586,7.53,3943.745,0.976,Whistle
2634,1241704058.064,15.557,93.497,0.959,Blip
2635,1241704284.891,7.946,84.878,0.932,Low_Frequency_Burst
2636,1241704437.602,12.338,1411.087,0.996,Low_Frequency_Burst
2637,1241705071.891,13.156,516.317,0.962,Whistle
2638,1241705195.422,17.758,574.528,0.919,Scratchy
2639,1241709959.492,12.075,325.452,1.0,Whistle
2640,1241710904.906,8.267,311.127,0.957,Low_Frequency_Burst
2641,1241711362.781,12.444,31.188,0.942,Scattered_Light
2642,1241712410.104,52.879,3409.167,0.998,Koi_Fish
2643,1241713576.518,28.042,3813.464,0.987,Koi_Fish
2644,1241717448.609,15.005,657.899,0.961,Whistle
2645,1241718698.758,13.74,1495.84,0.949,Whistle
2646,1241719344.271,77.094,1267.535,1.0,Koi_Fish
2647,1241722169.094,7.912,3985.119,0.955,Scattered_Light
2648,1241722476.055,7.778,300.469,0.998,Whistle
2649,1241723419.852,8.602,441.776,0.995,Whistle
2650,1241724845.57,8.009,291.401,0.998,Whistle
2651,1241727158.563,9.018,35.147,1.0,Scattered_Light
2652,1241727672.344,8.007,3989.351,0.999,Scattered_Light
2653,1241727832.938,8.381,1644.648,0.926,Low_Frequency_Lines
2654,1241728362.563,8.06,19.406,1.0,Low_Frequency_Lines
2655,1241730734.938,9.34,33.039,1.0,Scattered_Light
2656,1241731835.145,12.01,835.265,0.992,Whistle
2657,1241734896.313,10.446,2063.796,0.989,Scattered_Light
2658,1241736415.871,12.18,3748.139,0.943,Tomte
2659,1241736780.039,7.687,413.779,0.909,Whistle
2660,1241739349.404,94.656,3983.241,1.0,Koi_Fish
2661,1241741307.297,20.362,2490.92,0.954,Scratchy
2662,1241742438.09,7.537,413.121,0.996,Whistle
2663,1241744756.156,18.831,1714.874,0.999,Low_Frequency_Burst
2664,1241745005.719,7.554,3987.436,0.991,Low_Frequency_Burst
2665,1241746615.969,8.226,3950.646,1.0,Scattered_Light
2666,1241746705.563,10.413,3835.788,0.992,Low_Frequency_Burst
2667,1241746713.281,7.5,3254.49,0.903,Low_Frequency_Burst
2668,1241746981.188,9.856,3983.241,0.959,Low_Frequency_Burst
2669,1241747354.672,9.201,295.994,0.964,Low_Frequency_Burst
2670,1241747464.469,12.128,3984.246,0.998,Scattered_Light
2671,1241748339.768,7.524,115.437,0.998,Blip
2672,1241749662.094,7.825,27.338,1.0,Low_Frequency_Burst
2673,1241749798.523,13.093,386.276,0.946,Whistle
2674,1241750169.656,189.355,3945.854,0.999,Extremely_Loud
2675,1241754454.281,9.044,26.59,0.996,Low_Frequency_Burst
2676,1241754872.219,8.828,35.147,0.975,Low_Frequency_Burst
2677,1241754910.781,13.1,30.952,1.0,Low_Frequency_Burst
2678,1241754996.781,9.436,3746.261,0.989,Low_Frequency_Burst
2679,1241757360.625,7.765,3914.046,1.0,Scattered_Light
2680,1241758650.844,12.691,32.829,0.933,Low_Frequency_Burst
2681,1241758653.766,7.968,24.006,1.0,Low_Frequency_Burst
2682,1241759578.959,12.72,112.576,1.0,Blip
2683,1241761729.445,7.897,3600.465,0.987,Whistle
2684,1241761893.508,8.263,420.903,0.942,Whistle
2685,1241764113.375,9.928,23.057,0.986,Scattered_Light
2686,1241764938.109,33.682,4028.576,0.995,Scratchy
2687,1241768758.578,10.492,3987.436,1.0,Low_Frequency_Burst
2688,1241768916.797,9.826,3703.979,0.999,Low_Frequency_Burst
2689,1241769238.379,7.921,1953.841,0.957,Whistle
2690,1241796185.996,11.113,441.012,0.977,Whistle
2691,1241796276.238,8.351,3515.395,0.996,Whistle
2692,1241796660.211,421.869,3983.241,1.0,Extremely_Loud
2693,1241797971.406,7.611,23.057,0.998,Low_Frequency_Burst
2694,1241798739.586,10.109,3983.241,0.995,Whistle
2695,1241799953.223,7.54,2192.786,0.943,Whistle
2696,1242590275.656,7.662,3987.612,0.992,Scattered_Light
2697,1242590848.469,12.027,3983.241,1.0,Scattered_Light
2698,1242590934.391,31.284,1649.437,0.926,Scratchy
2699,1242590941.594,7.87,38.215,0.978,Low_Frequency_Burst
2700,1242590947.781,7.848,371.739,0.951,Scattered_Light
2701,1242591004.344,8.431,3705.127,1.0,Scattered_Light
2702,1242595155.63,38.221,451.208,0.986,Koi_Fish
2703,1242595507.178,48.134,3983.241,0.997,Koi_Fish
2704,1242597913.949,2141.275,2378.556,0.998,Extremely_Loud
2705,1242598572.172,11.36,320.018,0.951,Whistle
2706,1242599372.313,102.811,3409.167,0.985,Extremely_Loud
2707,1242599684.828,14.395,984.684,0.993,Whistle
2708,1242605984.838,16.278,91.18,0.982,Tomte
2709,1242607629.998,13.414,138.993,1.0,Blip
2710,1242607757.516,32.348,2385.613,0.903,Scratchy
2711,1242609688.646,367.509,834.26,0.996,Extremely_Loud
2712,1242611858.086,13.781,627.943,0.99,Whistle
2713,1242612792.508,7.944,376.784,0.987,Whistle
2714,1242613782.484,11.355,830.143,0.946,Whistle
2715,1242613934.617,9.001,815.472,0.994,Whistle
2716,1242614101.23,9.251,1310.281,0.903,Whistle
2717,1242614504.953,12.819,316.387,0.97,Whistle
2718,1242615782.477,8.118,416.732,0.95,Whistle
2719,1242616301.469,9.203,1627.912,0.963,Low_Frequency_Burst
2720,1242617850.18,10.9,1928.011,0.971,Whistle
2721,1242619788.961,12.084,1263.121,0.931,Whistle
2722,1242623366.359,7.58,28.458,0.93,Low_Frequency_Burst
2723,1242627900.987,34.591,363.574,0.916,Koi_Fish
2724,1242629205.703,19.658,3246.691,0.954,Scratchy
2725,1242645331.826,85.695,3267.727,1.0,Koi_Fish
2726,1242648085.227,1075.255,3764.125,1.0,Extremely_Loud
2727,1242665668.633,3017.55,3881.874,1.0,Extremely_Loud
2728,1242667950.688,7.568,26.434,0.91,Low_Frequency_Lines
2729,1242667981.984,7.553,28.467,0.987,Low_Frequency_Burst
2730,1242668012.915,22.207,1136.534,0.997,Blip
2731,1242678617.852,17.715,1299.963,0.996,Whistle
2732,1242679083.016,9.446,2486.379,0.994,Low_Frequency_Burst
2733,1242691452.618,67.32,679.099,1.0,Koi_Fish
2734,1242699990.773,8.491,1684.732,0.997,Low_Frequency_Burst
2735,1242700006.928,8.426,55.393,0.939,Blip
2736,1242700657.963,27.077,1850.077,0.993,Tomte
2737,1242706944.084,13.819,162.896,0.997,Blip
2738,1242707084.928,15.2,303.051,1.0,Blip
2739,1242711013.891,9.979,2716.198,0.989,Scratchy
2740,1242718944.723,9.414,53.075,0.923,Tomte
2741,1242724579.403,51.959,681.417,0.998,Koi_Fish
2742,1242724603.894,27.11,3432.496,1.0,Blip
2743,1242730655.498,16.14,75.727,0.998,Tomte
2744,1242736837.658,51.155,3703.979,0.999,Koi_Fish
2745,1242744290.352,7.581,421.07,0.908,Whistle
2746,1242760458.537,156.466,447.013,0.964,Koi_Fish
2747,1242768297.072,265.281,3881.874,1.0,Extremely_Loud
2748,1242768502.396,18.061,1035.206,1.0,Blip
2749,1242768628.592,11.737,135.342,0.994,Blip
2750,1242773128.662,23.095,3409.167,0.971,Koi_Fish
2751,1242782736.551,134.316,131.936,1.0,Koi_Fish
2752,1242782739.264,15.755,112.576,0.993,Blip
2753,1242786017.63,7.876,146.888,1.0,Blip
2754,1242791158.525,134.864,3582.116,0.993,Koi_Fish
2755,1242802024.27,15.151,1028.149,0.912,Tomte
2756,1242805539.098,14.915,61.335,0.997,Tomte
2757,1242809993.835,8.062,146.888,1.0,Blip
2758,1242810160.531,8.977,27.594,0.963,Scattered_Light
2759,1242815393.773,16.431,3985.119,1.0,Koi_Fish
2760,1242815999.934,65.274,3590.782,0.98,Koi_Fish
2761,1242817466.661,10.848,168.075,1.0,Blip
2762,1242820909.625,6172.821,3983.241,1.0,Extremely_Loud
2763,1242824530.587,133.511,3983.241,0.998,Extremely_Loud
2764,1242844566.117,7.501,412.215,0.976,Whistle
2765,1242853542.623,52.647,2783.969,0.999,Extremely_Loud
2766,1242856534.394,28.547,448.89,0.918,Blip
2767,1242856552.564,7.973,104.255,1.0,Blip
2768,1242856892.187,18.377,1778.765,0.998,Blip
2769,1242859047.543,10.136,51.198,0.949,Tomte
2770,1242859696.199,11.01,51.198,0.934,Tomte
2771,1242872618.604,904.184,3983.241,0.931,Extremely_Loud
2772,1242877925.814,28.746,196.925,0.937,Koi_Fish
2773,1242878216.379,87.895,241.258,1.0,Koi_Fish
2774,1242880910.229,31.898,295.994,0.923,Repeating_Blips
2775,1242943360.727,7.559,2041.405,0.992,Whistle
2776,1242945508.65,47.036,363.574,1.0,Koi_Fish
2777,1242946014.426,9.725,3452.945,0.999,Whistle
2778,1242946106.605,12.739,770.881,0.97,Whistle
2779,1242946356.039,23.167,3483.614,1.0,Whistle
2780,1242946407.814,16.437,2436.407,1.0,Whistle
2781,1242946678.52,63.007,1716.668,0.999,Whistle
2782,1242947358.617,7.93,1916.265,0.998,Whistle
2783,1242948228.57,10.472,1851.305,0.96,Whistle
2784,1242948267.125,9.975,2378.556,0.999,Low_Frequency_Lines
2785,1242948552.697,10.503,165.213,1.0,Blip
2786,1242948588.68,7.673,4148.325,0.937,Whistle
2787,1242950428.242,8.208,3385.891,0.997,Whistle
2788,1242951475.305,7.84,1708.114,0.974,Whistle
2789,1242951645.779,7.911,93.497,0.999,Blip
2790,1242951928.373,7.521,386.276,0.966,Whistle
2791,1242952041.836,12.121,4048.118,0.989,Whistle
2792,1242952220.363,8.033,1413.317,0.981,Whistle
2793,1242952355.82,7.546,3637.082,0.99,Whistle
2794,1242954154.125,99.239,3881.874,1.0,Scattered_Light
2795,1242954581.125,10.275,2921.683,0.998,Scattered_Light
2796,1242954626.898,9.61,3946.751,0.928,Whistle
2797,1242955194.214,12.451,3413.363,1.0,Blip
2798,1242955823.361,33.404,853.378,0.956,Koi_Fish
2799,1242956226.133,56.057,3522.121,0.999,Whistle
2800,1242956378.195,7.595,1475.708,0.976,Whistle
2801,1242957504.836,329.674,1155.883,1.0,Extremely_Loud
2802,1242959182.281,11.461,30.952,0.968,Low_Frequency_Burst
2803,1242961045.656,7.62,3201.357,0.901,Low_Frequency_Lines
2804,1242961170.555,10.111,3915.723,0.986,Whistle
2805,1242967097.688,34.035,3815.341,0.982,Blip
2806,1242968175.492,8.359,854.383,0.925,Whistle
2807,1242968344.961,10.728,1385.118,0.919,Whistle
2808,1242969105.083,52.212,3985.119,0.997,Koi_Fish
2809,1242972347.434,7.967,575.871,0.979,Whistle
2810,1242974301.168,841.85,196.925,0.995,Extremely_Loud
2811,1242975882.836,7.873,1710.355,0.917,Whistle
2812,1242978916.719,11.989,30.952,0.997,Scattered_Light
2813,1242979272.508,10.127,3997.81,0.987,Whistle
2814,1242981227.077,37.005,1845.156,0.998,Blip
2815,1242981463.265,7.84,1545.626,0.987,Whistle
2816,1242982216.833,42.312,448.89,0.982,Koi_Fish
2817,1242983033.602,7.795,430.777,0.917,Whistle
2818,1242987391.373,41.282,1541.819,0.95,Koi_Fish
2819,1242988986.59,9.915,1905.838,0.938,Whistle
2820,1242991661.656,9.471,266.216,0.988,Low_Frequency_Lines
2821,1242992341.117,7.95,360.555,0.993,Whistle
2822,1242993825.67,7.703,1717.843,0.97,Whistle
2823,1242994314.156,28.812,3983.241,0.977,Scratchy
2824,1242994428.906,25.222,579.711,1.0,Scratchy
2825,1242994652.938,14.542,3746.261,1.0,Scattered_Light
2826,1242994862.699,8.12,1648.073,0.942,Whistle
2827,1242995166.805,9.088,30.952,1.0,Low_Frequency_Burst
2828,1242995215.16,15.643,73.85,0.968,Tomte
2829,1242995227.648,9.993,26.59,1.0,Low_Frequency_Burst
2830,1242995498.984,12.543,26.59,1.0,Low_Frequency_Burst
2831,1242995645.27,11.512,3881.874,0.996,Low_Frequency_Burst
2832,1242995648.043,48.995,3983.241,0.908,Low_Frequency_Burst
2833,1242995691.816,19.956,2973.802,0.993,Low_Frequency_Burst
2834,1242995713.457,16.526,73.85,0.951,Low_Frequency_Burst
2835,1242995830.836,11.248,89.302,0.992,Tomte
2836,1242996293.168,14.976,136.185,0.998,Tomte
2837,1242996324.112,7.837,201.12,0.999,Blip
2838,1242996367.902,33.873,3881.874,0.991,Koi_Fish
2839,1242996792.695,8.348,30.952,1.0,Low_Frequency_Burst
2840,1242996800.746,12.113,73.85,0.999,Tomte
2841,1242996825.707,12.563,51.198,0.94,Tomte
2842,1242996827.738,10.841,3201.357,0.949,Tomte
2843,1242996838.949,129.357,3881.874,1.0,Extremely_Loud
2844,1242996886.691,61.626,3367.249,0.932,Extremely_Loud
2845,1242997019.07,10.142,3639.966,0.998,Whistle
2846,1242998654.029,11.867,203.982,1.0,Blip
2847,1242999157.855,8.615,1811.966,0.974,Whistle
2848,1242999511.219,7.937,23.057,0.943,Low_Frequency_Lines
2849,1243005368.094,16.854,3983.241,0.911,Extremely_Loud
2850,1243011070.484,8.148,2534.013,0.967,Low_Frequency_Burst
2851,1243011600.012,7.636,4048.118,0.981,Whistle
2852,1243018279.691,26.356,89.302,0.981,Tomte
2853,1243018645.672,34.393,1986.936,0.975,Scratchy
2854,1243021771.84,9.172,3951.723,0.989,Whistle
2855,1243022609.708,8.203,175.97,1.0,Blip
2856,1243025898.05,464.059,3983.241,0.987,Extremely_Loud
2857,1243026056.184,339.301,3307.927,0.998,Koi_Fish
2858,1243026788.195,9.476,4049.648,0.992,Whistle
2859,1243026921.668,9.625,4099.177,0.976,Whistle
2860,1243029003.648,11.742,3986.206,0.916,Whistle
2861,1243030609.555,8.109,3983.241,0.911,Whistle
2862,1243031729.102,10.123,4043.48,0.974,Whistle
2863,1243033689.953,28.145,3617.273,0.932,Scratchy
2864,1243036014.279,273.739,550.03,0.944,Koi_Fish
2865,1243048787.902,9.772,1993.143,0.931,Whistle
2866,1243052668.48,9.251,3530.678,0.985,Whistle
2867,1243053579.732,53.882,241.258,0.997,Koi_Fish
2868,1243053769.037,8.217,2691.356,0.95,Whistle
2869,1243053866.227,10.569,1928.011,1.0,Low_Frequency_Burst
2870,1243054380.727,8.791,1402.531,0.938,Whistle
2871,1243054962.918,224.353,3908.818,0.995,Extremely_Loud
2872,1243055483.576,12.9,165.213,1.0,Blip
2873,1243078040.477,12.579,476.919,0.983,Whistle
2874,1243079546.93,35.727,598.51,0.991,Whistle
2875,1243079989.535,10.071,1686.609,0.977,Whistle
2876,1243080538.211,14.007,441.012,0.906,Whistle
2877,1243080681.98,7.82,358.328,0.951,Whistle
2878,1243084037.594,10.467,128.441,0.997,Scratchy
2879,1243085322.078,8.973,301.497,0.966,Whistle
2880,1243085878.605,143.61,3983.241,0.999,Extremely_Loud
2881,1243085894.824,31.587,3881.874,0.963,Low_Frequency_Burst
2882,1243085921.684,17.473,108.381,0.98,Low_Frequency_Burst
2883,1243086247.945,8.131,388.375,1.0,Whistle
2884,1243086600.145,40.317,3881.874,0.965,Low_Frequency_Burst
2885,1243086754.684,48.054,3881.874,0.954,Low_Frequency_Burst
2886,1243086767.67,7.805,61.335,0.936,Tomte
2887,1243086984.191,9.626,218.388,0.938,Tomte
2888,1243087031.624,7.514,241.258,0.986,Blip
2889,1243087212.543,41.875,3983.241,0.918,Koi_Fish
2890,1243087300.285,12.421,89.302,0.991,Tomte
2891,1243087402.787,11.794,3872.13,0.994,Tomte
2892,1243087439.076,31.873,550.03,0.937,Low_Frequency_Burst
2893,1243087449.051,11.985,295.994,0.928,Koi_Fish
2894,1243087457.44,42.092,2378.556,0.994,Koi_Fish
2895,1243087480.256,13.707,133.813,0.929,Tomte
2896,1243087503.473,9.2,93.141,0.934,Tomte
2897,1243087515.332,13.569,1263.121,0.928,Blip
2898,1243087518.066,15.59,447.013,0.971,Tomte
2899,1243087530.496,12.87,73.85,0.934,Tomte
2900,1243087550.863,13.95,3680.246,0.93,Tomte
2901,1243087570.657,29.884,363.574,0.995,Koi_Fish
2902,1243087674.545,18.156,363.574,0.936,Blip
2903,1243087685.593,44.621,3983.241,0.951,Koi_Fish
2904,1243087690.009,46.634,1775.626,0.979,Koi_Fish
2905,1243087705.402,17.172,2634.428,0.956,Tomte
2906,1243087806.879,11.482,295.994,0.969,Blip
2907,1243087810.027,16.697,108.381,0.984,Tomte
2908,1243087862.324,7.776,61.335,0.982,Tomte
2909,1243088610.619,115.123,3030.486,0.997,Koi_Fish
2910,1243088720.964,365.281,3983.241,0.967,Extremely_Loud
2911,1243088978.061,7.671,1396.335,0.947,Whistle
2912,1243089814.263,7.935,529.742,0.985,Whistle
2913,1243091081.73,133.966,3006.243,0.999,Extremely_Loud
2914,1243091088.066,328.408,3945.854,1.0,Extremely_Loud
2915,1243091534.941,27.791,1582.634,0.996,Koi_Fish
2916,1243091550.377,25.194,835.72,0.939,Repeating_Blips
2917,1243091554.824,79.605,3881.874,0.954,Koi_Fish
2918,1243091559.928,7.984,560.783,0.905,Blip
2919,1243091567.504,22.993,3813.464,0.999,Tomte
2920,1243091720.816,31.315,3881.874,0.987,Koi_Fish
2921,1243091976.488,64.855,3827.552,1.0,Scratchy
2922,1243093583.73,8.622,677.222,0.947,Whistle
2923,1243093881.683,16.182,1644.648,0.945,Koi_Fish
2924,1243093977.965,474.181,295.994,1.0,Extremely_Loud
2925,1243094212.555,7.964,430.688,0.918,Whistle
2926,1243094289.567,24.676,2661.416,0.998,Scratchy
2927,1243094501.203,35.184,704.21,1.0,Scratchy
2928,1243094656.418,44.243,834.26,1.0,Extremely_Loud
2929,1243095975.008,40.986,1198.849,1.0,Whistle
2930,1243096956.176,18.289,161.018,0.991,Low_Frequency_Burst
2931,1243097873.582,13.075,4010.533,0.954,Whistle
2932,1243098856.695,7.963,1267.887,0.98,Whistle
2933,1243099096.152,9.743,4099.177,0.99,Whistle
2934,1243100054.289,11.779,3983.241,0.986,Low_Frequency_Burst
2935,1243100384.943,8.493,3944.805,0.99,Whistle
2936,1243101392.094,8.168,3409.167,0.992,Low_Frequency_Burst
2937,1243103488.242,171.447,3881.874,0.999,Extremely_Loud
2938,1243104714.295,195.66,3813.464,1.0,Extremely_Loud
2939,1243104722.567,231.417,3983.241,1.0,Extremely_Loud
2940,1243104906.813,7.542,19.406,0.999,Low_Frequency_Lines
2941,1243104990.313,9.163,359.862,0.993,Low_Frequency_Lines
2942,1243105184.273,7.921,20.838,0.995,Low_Frequency_Burst
2943,1243106833.594,1030.694,3908.818,0.991,Extremely_Loud
2944,1243125103.719,16.916,31.365,0.992,Scattered_Light
2945,1243125833.375,11.422,18.295,0.995,Low_Frequency_Lines
2946,1243127123.719,11.142,23.057,0.999,Low_Frequency_Lines
2947,1243127207.406,9.704,2741.265,1.0,Low_Frequency_Lines
2948,1243127364.952,7.865,3031.196,0.969,Whistle
2949,1243127797.246,10.942,1714.874,0.956,Whistle
2950,1243128209.859,7.694,3837.665,0.912,Low_Frequency_Burst
2951,1243128360.719,10.293,26.59,0.963,Scattered_Light
2952,1243128616.195,18.351,807.171,1.0,Whistle
2953,1243128649.125,21.288,3983.241,0.967,Low_Frequency_Lines
2954,1243129057.266,7.589,122.92,0.996,Low_Frequency_Burst
2955,1243129666.891,10.533,26.59,0.917,Low_Frequency_Burst
2956,1243129911.703,8.503,1190.115,0.998,Low_Frequency_Burst
2957,1243130191.836,12.886,3201.357,0.902,Whistle
2958,1243130535.906,13.272,194.078,0.961,Low_Frequency_Burst
2959,1243130556.305,8.437,691.094,0.984,Whistle
2960,1243130665.938,7.603,248.454,0.999,Low_Frequency_Lines
2961,1243132039.383,11.113,2950.394,0.998,Whistle
2962,1243132281.391,18.689,2670.984,0.976,Whistle
2963,1243132596.812,12.527,171.608,1.0,Blip
2964,1243132651.438,10.032,3249.652,0.999,Low_Frequency_Lines
2965,1243132664.625,8.448,3946.7,0.994,Low_Frequency_Lines
2966,1243132795.406,7.957,2964.093,0.998,Scattered_Light
2967,1243133214.094,13.964,1506.581,0.994,Scattered_Light
2968,1243135205.344,20.513,3030.386,0.995,Scattered_Light
2969,1243135505.785,12.303,3008.12,0.973,Tomte
2970,1243135514.742,18.53,4041.092,1.0,Whistle
2971,1243136912.469,9.034,838.455,0.989,Scattered_Light
2972,1243139137.281,9.252,3881.874,1.0,Scattered_Light
2973,1243139288.578,14.834,178.907,1.0,Scattered_Light
2974,1243139296.156,24.879,3582.116,1.0,Scattered_Light
2975,1243139368.039,908.896,3983.241,0.998,Extremely_Loud
2976,1243140848.219,11.361,1028.149,1.0,Scattered_Light
2977,1243140995.961,277.134,3983.241,0.997,Extremely_Loud
2978,1243140997.875,1850.162,3983.241,0.999,Extremely_Loud
2979,1243142415.531,13.4,3985.119,1.0,Scattered_Light
2980,1243142808.734,11.266,3983.241,0.978,Low_Frequency_Burst
2981,1243142853.406,9.222,3983.241,0.995,Low_Frequency_Burst
2982,1243143004.875,18.245,1946.5,0.993,Scattered_Light
2983,1243143215.645,8.158,3655.216,0.979,Whistle
2984,1243143974.266,9.602,677.222,0.984,Low_Frequency_Burst
2985,1243144039.359,9.45,3983.241,0.984,Low_Frequency_Burst
2986,1243144481.281,9.482,3133.541,0.997,Low_Frequency_Burst
2987,1243145371.141,11.294,2651.052,0.932,Scattered_Light
2988,1243145692.813,11.294,1644.648,1.0,Scattered_Light
2989,1243146400.406,12.853,133.121,0.935,Scattered_Light
2990,1243147538.531,7.698,24.263,0.927,Low_Frequency_Burst
2991,1243147544.063,9.398,3983.241,0.999,Low_Frequency_Lines
2992,1243147958.391,7.706,4075.622,0.98,Whistle
2993,1243147971.656,8.664,3983.241,0.946,Low_Frequency_Burst
2994,1243152307.156,13.331,2561.838,0.97,Low_Frequency_Burst
2995,1243152333.984,8.466,20.195,0.999,Low_Frequency_Burst
2996,1243152339.969,8.559,36.387,1.0,Scattered_Light
2997,1243152491.844,9.155,32.192,0.999,Scattered_Light
2998,1243152527.224,16.57,248.315,1.0,Blip
2999,1243153120.406,8.305,23.057,0.98,Low_Frequency_Burst
3000,1243153307.906,7.736,2930.829,1.0,Scattered_Light
3001,1243153626.268,30432.777,3983.241,1.0,Extremely_Loud
3002,1243156616.612,43.752,3267.727,0.903,Koi_Fish
3003,1243156752.242,9.094,1818.598,0.955,Low_Frequency_Burst
3004,1243157116.344,9.512,23.057,1.0,Low_Frequency_Burst
3005,1243157551.297,10.505,3728.798,0.998,Low_Frequency_Burst
3006,1243157620.625,9.806,3764.125,0.983,Scattered_Light
3007,1243158736.719,12.452,26.59,0.925,Low_Frequency_Burst
3008,1243159917.527,10.962,395.086,0.994,Tomte
3009,1243160457.008,8.332,273.596,1.0,Whistle
3010,1243165997.031,7.954,491.973,1.0,Low_Frequency_Burst
3011,1243166132.094,11.417,35.147,1.0,Scattered_Light
3012,1243166267.531,7.731,28.602,1.0,Low_Frequency_Burst
3013,1243166421.453,11.038,3352.189,0.96,Scattered_Light
3014,1243166545.793,7.796,422.592,0.961,Whistle
3015,1243166987.227,14.432,476.919,0.982,Whistle
3016,1243167568.369,7.77,96.359,1.0,Blip
3017,1243167605.188,7.632,447.013,0.998,Low_Frequency_Lines
3018,1243169862.93,13.121,476.919,0.985,Whistle
3019,1243171274.094,7.524,24.263,0.946,Low_Frequency_Burst
3020,1243172516.789,17.462,544.5,0.903,Whistle
3021,1243172523.254,188.097,1563.095,1.0,Extremely_Loud
3022,1243172731.566,9.863,472.567,0.969,Whistle
3023,1243173375.07,13.308,476.919,0.997,Whistle
3024,1243173718.836,10.844,544.5,0.996,Whistle
3025,1243173800.758,522.627,1028.149,1.0,Extremely_Loud
3026,1243175233.252,7.745,79.96,0.999,Blip
3027,1243175511.227,14.82,544.5,0.994,Whistle
3028,1243175542.68,9.51,2559.482,0.969,Whistle
3029,1243175841.43,10.009,1504.222,0.972,Whistle
3030,1243177229.617,14.371,3994.389,0.989,Whistle
3031,1243178082.341,16.59,303.051,1.0,Blip
3032,1243194447.719,9.009,362.111,0.95,Scattered_Light
3033,1243194574.992,8.191,1659.751,0.995,Whistle
3034,1243195766.711,7.651,369.027,0.955,Whistle
3035,1243196598.863,194.943,3590.782,0.927,Koi_Fish
3036,1243197020.438,8.943,2973.356,1.0,Low_Frequency_Lines
3037,1243198999.14,11.74,207.515,1.0,Blip
3038,1243199880.556,9.08,750.524,0.925,Blip
3039,1243201305.106,63.855,3705.856,0.936,Koi_Fish
3040,1243202519.414,10.463,3788.008,0.906,Whistle
3041,1243208700.809,8.224,1019.704,0.955,Whistle
3042,1243208770.414,8.387,1764.04,0.978,Whistle
3043,1243212012.938,7.702,19.37,0.995,Low_Frequency_Lines
3044,1243212032.938,7.701,3490.641,0.999,Low_Frequency_Lines
3045,1243215489.805,8.3,646.715,0.92,Whistle
3046,1243216187.391,11.758,94.188,0.961,Scratchy
3047,1243224197.176,9.006,4049.648,0.966,Whistle
3048,1243224826.234,12.914,578.959,0.944,Whistle
3049,1243227814.414,9.719,1269.802,0.996,Whistle
3050,1243228612.04,18.041,3947.731,0.974,Blip
3051,1243229092.469,7.641,20.411,1.0,Low_Frequency_Lines
3052,1243229438.406,7.864,107.732,0.997,Low_Frequency_Lines
3053,1243229727.275,7.779,269.216,0.928,Whistle
3054,1243230618.063,8.535,19.406,0.991,Low_Frequency_Lines
3055,1243231372.867,7.895,1100.296,0.931,Whistle
3056,1243234182.518,9.562,95.752,0.985,Blip
3057,1243236954.378,132.079,3983.241,0.919,Koi_Fish
3058,1243237753.902,9.487,3947.006,0.951,Whistle
3059,1243240368.57,22.194,1850.077,0.987,Extremely_Loud
3060,1243240399.509,124.988,1928.011,0.973,Extremely_Loud
3061,1243240427.395,42.347,3240.109,0.999,Extremely_Loud
3062,1243240514.218,143.189,1028.149,0.999,Extremely_Loud
3063,1243240630.422,9.322,20.195,0.995,Low_Frequency_Burst
3064,1243241043.822,14.178,168.075,1.0,Blip
3065,1243241319.422,8.528,26.59,0.944,Low_Frequency_Burst
3066,1243241711.796,7.584,128.719,1.0,Blip
3067,1243241939.156,10.349,1339.936,0.998,Scattered_Light
3068,1243242882.472,7.984,135.368,1.0,Blip
3069,1243253415.414,54.862,3983.241,0.999,Low_Frequency_Burst
3070,1243254222.003,22.761,1935.067,1.0,Blip
3071,1243264107.313,7.51,2379.403,0.999,Low_Frequency_Lines
3072,1243266712.459,25.459,2820.892,0.979,Tomte
3073,1243267685.188,8.689,3201.877,1.0,Low_Frequency_Lines
3074,1243272935.318,55.075,2241.698,0.998,Koi_Fish
3075,1243279281.719,10.74,3781.459,0.994,Scratchy
3076,1243279286.844,12.694,2394.135,0.983,Scratchy
3077,1243283467.814,31.959,2349.77,0.929,Koi_Fish
3078,1243290759.771,44.194,365.451,1.0,Koi_Fish
3079,1243296072.866,60.376,1854.272,0.999,Koi_Fish
3080,1243301972.333,18.061,245.453,0.998,Blip
3081,1243304379.117,7.973,23.057,1.0,Low_Frequency_Burst
3082,1243308931.253,9.5,175.97,1.0,Blip
3083,1243309373.8,21.516,2638.623,0.938,Blip
3084,1243309955.074,12.083,51.198,0.938,Tomte
3085,1243314065.479,21.199,3950.049,0.999,Blip
3086,1243325396.813,10.955,1948.377,0.976,Scattered_Light
3087,1243330123.306,18.1,3987.436,0.999,Blip
3088,1243344863.871,25.35,2378.556,0.991,Tomte
3089,1243349842.831,8.249,3471.328,1.0,Blip
3090,1243355351.336,8.217,353.079,0.994,Whistle
3091,1243368136.395,40.519,447.013,0.983,Koi_Fish
3092,1243369278.387,56.591,196.925,1.0,Koi_Fish
3093,1243372827.625,8.148,20.195,0.913,Low_Frequency_Lines
3094,1243375870.535,121.349,241.258,1.0,Koi_Fish
3095,1243376339.699,31.186,1267.535,0.995,Tomte
3096,1243383849.658,25.158,108.381,0.996,Tomte
3097,1243385170.848,172.888,131.936,0.994,Koi_Fish
3098,1243391697.875,29.666,45.682,1.0,Extremely_Loud
3099,1243391698.465,166.974,3983.241,0.989,Extremely_Loud
3100,1243398741.031,2336.538,3983.241,0.998,Extremely_Loud
3101,1243400693.129,47.832,131.936,0.935,Koi_Fish
3102,1243401988.156,7.87,26.59,0.975,Low_Frequency_Burst
3103,1243405306.771,8.51,78.045,1.0,Blip
3104,1243407793.75,8.093,1405.862,0.961,Low_Frequency_Lines
3105,1243415958.563,7.747,20.411,0.999,Low_Frequency_Lines
3106,1243417803.071,10.902,2626.626,1.0,Blip
3107,1243423093.121,7.975,53.578,0.962,Blip
3108,1243426178.994,550.405,2625.649,1.0,Extremely_Loud
3109,1243432587.313,7.939,20.838,0.972,Low_Frequency_Lines
3110,1243441447.489,96.953,3947.731,0.936,Koi_Fish
3111,1243448646.785,196.175,241.258,1.0,Extremely_Loud
3112,1243451563.027,78.1,3582.116,0.997,Koi_Fish
3113,1243463454.146,10.794,110.258,0.996,Blip
3114,1243464835.783,89.592,3945.854,1.0,Koi_Fish
3115,1243465170.927,11.154,316.332,1.0,Blip
3116,1243465378.234,2598.19,3240.109,1.0,Extremely_Loud
3117,1243465581.594,7.782,32.829,0.999,Scattered_Light
3118,1243476986.748,44.815,3367.249,0.998,Koi_Fish
3119,1243485768.115,9.622,1806.002,1.0,Whistle
3120,1243485972.331,13.261,207.515,1.0,Blip
3121,1243486469.728,17.27,245.453,1.0,Blip
3122,1243486991.588,40.14,3983.241,0.999,Koi_Fish
3123,1243487830.219,7.501,1553.777,0.993,Low_Frequency_Lines
3124,1243488277.969,984.221,3464.271,0.999,Extremely_Loud
3125,1243490440.356,10.438,175.97,1.0,Blip
3126,1243492490.844,9.113,20.195,0.981,Low_Frequency_Lines
3127,1243497830.057,31.829,355.179,0.994,Koi_Fish
3128,1243499760.007,63.641,3985.119,1.0,Koi_Fish
3129,1243504414.511,145.455,3983.241,0.996,Koi_Fish
3130,1243520687.336,128.322,550.03,0.986,Koi_Fish
3131,1243522439.375,182.528,3693.803,0.999,Extremely_Loud
3132,1243524829.867,155.352,1348.951,0.993,Extremely_Loud
3133,1243528115.021,32.201,3490.641,0.995,Koi_Fish
3134,1243528684.822,7.78,118.685,1.0,Blip
3135,1243529563.285,39.488,3983.241,0.975,Koi_Fish
3136,1243533023.896,57.098,447.013,0.994,Koi_Fish
3137,1243556918.826,58.225,1415.018,1.0,Koi_Fish
3138,1243565016.354,36.039,551.908,0.908,Koi_Fish
3139,1243568583.087,16.981,1032.344,1.0,Blip
3140,1243573856.888,8.331,115.437,1.0,Blip
3141,1243574179.08,21.624,363.574,0.975,Koi_Fish
3142,1243582385.058,9.525,115.437,1.0,Blip
3143,1243582440.146,8.331,104.255,1.0,Blip
3144,1243585928.402,12.503,3985.119,0.997,Tomte
3145,1243587544.875,13.873,39.167,0.998,Extremely_Loud
3146,1243589839.924,158.012,2169.502,1.0,Extremely_Loud
3147,1243591808.813,8.084,22.913,0.997,Scattered_Light
3148,1243594539.531,12.891,1534.586,0.982,Scratchy
3149,1243602607.949,7.688,53.292,0.961,Blip
3150,1243626134.105,173.622,2964.093,0.997,Koi_Fish
3151,1243633557.465,11.089,1030.026,0.933,Blip
3152,1243636777.108,15.431,248.315,1.0,Blip
3153,1243642215.951,65.03,161.018,0.979,Koi_Fish
3154,1243642552.01,16.046,161.018,0.972,Tomte
3155,1243643591.357,47.795,3983.241,1.0,Koi_Fish
3156,1243654900.406,7.547,20.682,0.988,Low_Frequency_Lines
3157,1243658080.822,60.546,3945.854,0.999,Koi_Fish
3158,1243690099.355,81.573,550.03,1.0,Koi_Fish
3159,1243695982.844,8.611,24.263,0.983,Low_Frequency_Burst
3160,1243697826.689,11.173,3594.189,0.987,Blip
3161,1243702894.35,585.845,2489.561,0.923,Extremely_Loud
3162,1243710119.379,27.609,3945.854,0.937,Koi_Fish
3163,1243711946.594,7.724,3080.93,0.914,Low_Frequency_Lines
3164,1243712512.607,14.276,2657.738,0.998,Tomte
3165,1243713063.844,8.0,20.195,0.996,Low_Frequency_Lines
3166,1243715495.436,32.638,3705.856,0.999,Koi_Fish
3167,1243717091.887,18.971,1462.128,0.999,Tomte
3168,1243718977.188,8.241,19.406,0.999,Low_Frequency_Lines
3169,1243720793.473,19.329,2964.093,0.928,Tomte
3170,1243720932.031,8.294,220.397,0.996,Low_Frequency_Lines
3171,1243722747.408,44.705,295.994,0.982,Koi_Fish
3172,1243724580.345,8.861,211.877,1.0,Blip
3173,1243726026.188,7.99,20.838,0.979,Scattered_Light
3174,1243727815.715,19.471,73.85,0.999,Tomte
3175,1243728022.777,31.927,73.85,0.964,Tomte
3176,1243729431.759,48.144,3985.119,0.981,Koi_Fish
3177,1243729498.795,15.134,245.453,0.988,Blip
3178,1243729596.69,77.381,2606.288,1.0,Koi_Fish
3179,1243733737.022,8.349,146.888,1.0,Blip
3180,1243738320.41,189.866,295.994,0.996,Extremely_Loud
3181,1243739377.017,14.898,201.12,0.999,Blip
3182,1243741164.488,15.181,61.335,0.994,Tomte
3183,1243742319.598,14.091,51.198,0.969,Tomte
3184,1243742515.649,80.728,3983.241,1.0,Koi_Fish
3185,1243742637.975,16.456,367.769,1.0,Blip
3186,1243754380.26,45.165,2651.144,1.0,Koi_Fish
3187,1243772640.366,9.19,1842.76,1.0,Blip
3188,1243776816.44,8.937,3913.013,1.0,Blip
3189,1243779478.645,148.794,295.994,1.0,Extremely_Loud
3190,1243801255.992,35.708,3680.246,1.0,Extremely_Loud
3191,1243815041.836,14.743,411.93,1.0,Whistle
3192,1243821884.898,373.46,3983.241,1.0,Extremely_Loud
3193,1243828496.377,145.152,3983.241,0.94,Koi_Fish
3194,1243830884.926,25.856,447.013,0.98,Tomte
3195,1243834143.984,7.822,23.057,0.975,Low_Frequency_Burst
3196,1243840215.094,8.31,3582.116,0.991,Low_Frequency_Burst
3197,1243843329.879,24.467,73.85,1.0,Tomte
3198,1243844711.891,11.915,1644.648,0.999,Low_Frequency_Burst
3199,1243844807.477,11.274,3146.814,1.0,Low_Frequency_Burst
3200,1243844943.625,27.805,1454.253,0.999,Scattered_Light
3201,1243854093.514,36.783,3983.241,0.992,Koi_Fish
3202,1243856136.031,9.815,26.59,0.999,Low_Frequency_Burst
3203,1243858208.773,7.85,23.057,1.0,Low_Frequency_Burst
3204,1243860622.46,18.418,248.315,1.0,Blip
3205,1243862530.48,53.068,131.936,0.98,Koi_Fish
3206,1243863263.254,11.158,30.952,0.999,Low_Frequency_Burst
3207,1243864108.387,423.937,338.024,0.943,Extremely_Loud
3208,1243868659.125,7.915,3428.642,0.928,Low_Frequency_Lines
3209,1243871943.085,44.665,3065.684,0.961,Blip
3210,1243874052.598,8.941,53.075,0.929,Tomte
3211,1243874980.125,7.917,25.427,0.962,Low_Frequency_Lines
3212,1243877186.992,7.782,23.057,0.948,Low_Frequency_Burst
3213,1243879726.449,174.024,295.994,0.976,Koi_Fish
3214,1243880293.654,65.138,3983.241,1.0,Koi_Fish
3215,1243880657.469,8.541,21.199,0.95,Low_Frequency_Lines
3216,1243887249.85,445.513,3764.125,1.0,Extremely_Loud
3217,1243892746.133,7.965,3551.692,0.985,Low_Frequency_Burst
3218,1243894116.594,66.562,194.987,1.0,Low_Frequency_Burst
3219,1243901193.863,18.446,612.564,0.995,Tomte
3220,1243907885.819,55.864,3985.119,1.0,Koi_Fish
3221,1243909052.232,1966.421,3350.311,1.0,Extremely_Loud
3222,1243909282.438,641.63,3006.243,1.0,Extremely_Loud
3223,1243910809.622,20.52,4099.177,0.999,Whistle
3224,1243915141.538,20.4,303.051,1.0,Blip
3225,1243918152.699,13.679,61.335,0.998,Tomte
3226,1243920854.078,8.643,2341.528,0.999,Low_Frequency_Burst
3227,1243921339.504,48.089,2964.093,0.998,Koi_Fish
3228,1243926805.762,36.162,2964.093,0.919,Koi_Fish
3229,1243929001.406,8.225,25.856,0.954,Scattered_Light
3230,1243931090.109,12.903,1569.392,0.999,Low_Frequency_Burst
3231,1243936316.75,12.07,1101.395,0.918,Low_Frequency_Lines
3232,1243939872.969,7.844,28.602,1.0,Low_Frequency_Burst
3233,1243941194.484,7.843,26.59,0.989,Low_Frequency_Burst
3234,1243941979.809,275.11,3409.167,1.0,Extremely_Loud
3235,1243948460.469,8.202,2002.241,0.96,Low_Frequency_Burst
3236,1243949351.467,51.061,2964.093,1.0,Koi_Fish
3237,1243949737.792,12.12,2841.127,0.999,Blip
3238,1243950201.756,25.06,3615.396,0.984,Koi_Fish
3239,1243952446.133,8.961,26.59,0.999,Low_Frequency_Burst
3240,1243952447.844,9.315,26.59,0.992,Low_Frequency_Burst
3241,1243956703.158,47.528,3983.241,0.998,Koi_Fish
3242,1243960255.219,7.763,2341.528,0.947,Low_Frequency_Burst
3243,1243961475.156,7.713,23.057,0.974,Low_Frequency_Burst
3244,1243962059.882,19.194,3314.983,1.0,Blip
3245,1243966937.406,8.973,31.143,0.997,Scattered_Light
3246,1243969959.156,10.42,26.59,0.969,Low_Frequency_Burst
3247,1243979031.104,22.219,73.85,0.996,Tomte
3248,1243985612.605,437.213,3367.249,0.996,Extremely_Loud
3249,1243988142.472,51.959,554.225,0.994,Koi_Fish
3250,1244000327.348,1963.514,3881.874,1.0,Extremely_Loud
3251,1244006505.324,1154.573,3728.798,0.999,Extremely_Loud
3252,1244010663.204,18.149,556.14,1.0,Blip
3253,1244014707.067,39.485,551.591,1.0,Koi_Fish
3254,1244015405.707,48.28,447.013,1.0,Koi_Fish
3255,1244017108.861,105.263,3983.241,1.0,Koi_Fish
3256,1244022687.886,22.164,296.998,0.971,Blip
3257,1244023954.316,183.003,2769.374,0.93,Extremely_Loud
3258,1244025037.627,161.742,1563.095,0.958,Koi_Fish
3259,1244029524.698,27.684,370.631,0.996,Blip
3260,1244033803.912,12.865,93.497,0.982,Tomte
3261,1244036414.426,31.696,3881.874,0.997,Tomte
3262,1244039316.731,76.292,836.138,1.0,Koi_Fish
3263,1244046013.785,37.241,2563.995,0.989,Tomte
3264,1244056759.352,255904.234,3983.241,1.0,Extremely_Loud
3265,1244059500.688,8.463,1582.634,0.997,Low_Frequency_Lines
3266,1244067599.358,72.904,3985.119,1.0,Koi_Fish
3267,1244077577.115,24.078,196.925,0.999,Koi_Fish
3268,1244081944.952,20.022,300.189,1.0,Blip
3269,1244085885.349,9.351,142.526,1.0,Blip
3270,1244090355.324,15.142,53.075,0.983,Tomte
3271,1244094783.895,14.118,61.335,0.995,Tomte
3272,1244101229.375,1729.941,3983.241,0.999,Extremely_Loud
3273,1244106311.406,8.088,20.682,0.994,Low_Frequency_Lines
3274,1244106496.398,662.366,2920.99,1.0,Extremely_Loud
3275,1244106566.145,8.936,55.393,0.913,Tomte
3276,1244111648.15,22.918,133.813,0.978,Tomte
3277,1244115915.035,19.845,73.85,0.997,Tomte
3278,1244116084.539,7.84,400.944,0.943,Whistle
3279,1244116851.246,45.925,3983.241,0.973,Tomte
3280,1244123611.926,21.032,61.335,0.99,Tomte
3281,1244126821.128,15.235,248.315,1.0,Blip
3282,1244127143.557,9.906,2342.133,0.962,Blip
3283,1244152320.881,11.667,93.497,0.907,Tomte
3284,1244153518.174,25.269,448.89,0.988,Blip
3285,1244153991.771,165.286,1928.268,0.984,Koi_Fish
3286,1244158552.148,26.628,710.089,1.0,Whistle
3287,1244159154.57,8.511,279.951,0.997,Whistle
3288,1244161093.715,10.486,2113.791,0.992,Whistle
3289,1244167892.762,26.814,1928.011,0.999,Tomte
3290,1244167997.129,26.141,735.072,1.0,Whistle
3291,1244168657.496,14.319,3409.167,1.0,Tomte
3292,1244172045.875,2371.174,2378.556,0.98,Extremely_Loud
3293,1244183666.826,132.411,3945.854,0.999,Koi_Fish
3294,1244187996.719,7.583,23.057,0.997,Low_Frequency_Burst
3295,1244188023.719,7.788,20.838,0.993,Low_Frequency_Burst
3296,1244191123.828,7.617,23.057,0.993,Low_Frequency_Burst
3297,1244192861.242,10.081,408.234,0.964,Whistle
3298,1244194534.477,9.81,461.078,0.992,Whistle
3299,1244196156.688,7.711,3350.311,0.998,Low_Frequency_Lines
3300,1244197378.482,58.777,550.03,1.0,Koi_Fish
3301,1244197583.879,59.653,3146.814,0.982,Koi_Fish
3302,1244199265.236,72.388,3006.243,1.0,Koi_Fish
3303,1244199746.025,7.646,68.391,1.0,Blip
3304,1244206973.969,8.863,2968.288,0.986,Scattered_Light
3305,1244208105.146,23.846,3590.782,0.997,Tomte
3306,1244213828.672,8.146,20.195,0.999,Low_Frequency_Burst
3307,1244214144.656,8.992,30.785,1.0,Scattered_Light
3308,1244214463.078,13.078,42.988,0.984,Low_Frequency_Burst
3309,1244216637.859,12.056,23.057,1.0,Low_Frequency_Burst
3310,1244216640.266,11.276,26.59,1.0,Low_Frequency_Burst
3311,1244217067.365,9.495,645.405,0.948,Blip
3312,1244218720.717,7.71,123.333,1.0,Blip
3313,1244220780.697,7.759,1336.106,1.0,Blip
3314,1244222605.91,10.926,75.727,0.99,Tomte
3315,1244224602.58,35.331,161.018,0.999,Koi_Fish
3316,1244230481.078,7.943,28.467,0.997,Low_Frequency_Burst
3317,1244230991.063,10.109,20.195,1.0,Low_Frequency_Lines
3318,1244233176.594,13.14,1068.471,0.998,Scratchy
3319,1244241556.742,115.202,1835.895,0.949,Extremely_Loud
3320,1244244557.966,71.689,3983.241,0.998,Koi_Fish
3321,1244245413.795,9.042,58.255,0.999,Blip
3322,1244245775.969,7.698,20.195,0.988,Low_Frequency_Lines
3323,1244248117.798,16.649,2658.201,1.0,Blip
3324,1244248309.84,125.041,3240.109,0.999,Koi_Fish
3325,1244248419.054,9.283,1311.835,1.0,Blip
3326,1244251560.789,730.512,2823.051,0.999,Extremely_Loud
3327,1244253486.469,15.448,3835.788,0.999,Low_Frequency_Lines
3328,1244296568.877,8.23,430.288,0.999,Blip
3329,1244303552.211,7.709,374.597,0.967,Whistle
3330,1244307197.747,17.691,3711.036,1.0,Blip
3331,1244316917.063,8.549,20.195,0.999,Low_Frequency_Lines
3332,1244321854.795,520.426,834.26,1.0,Extremely_Loud
3333,1244322019.73,47.999,2337.938,1.0,Koi_Fish
3334,1244325652.77,12.891,133.813,0.962,Tomte
3335,1244326251.449,7.534,1415.282,0.98,Blip
3336,1244329521.398,9.547,1362.684,0.956,Whistle
3337,1244334181.227,9.922,426.036,0.973,Whistle
3338,1244336145.553,115.724,3983.241,1.0,Koi_Fish
3339,1244336766.1,99.264,3983.241,1.0,Koi_Fish
3340,1244337388.023,13.17,441.012,0.979,Whistle
3341,1244339647.27,10.637,196.997,0.944,Tomte
3342,1244340314.521,13.194,370.631,1.0,Blip
3343,1244340961.258,10.617,551.105,0.925,Whistle
3344,1244342525.313,8.302,2869.548,1.0,Low_Frequency_Lines
3345,1244343068.033,1038.106,2964.093,1.0,Extremely_Loud
3346,1244345688.838,7.81,78.045,0.971,Blip
3347,1244347735.027,27.329,2606.288,0.98,Tomte
3348,1244356862.492,7.957,403.195,0.918,Whistle
3349,1244357064.055,10.17,2117.35,0.951,Whistle
3350,1244358358.103,17.793,832.02,0.996,Blip
3351,1244359857.957,31.58,73.85,0.982,Tomte
3352,1244363280.594,16.87,590.525,1.0,Scratchy
3353,1244363346.002,269.22,3728.798,0.98,Koi_Fish
3354,1244364749.906,11.545,1885.275,0.999,Scratchy
3355,1244367131.555,8.26,365.803,0.935,Low_Frequency_Lines
3356,1244367131.898,8.119,4049.648,0.973,Low_Frequency_Lines
3357,1244369508.695,7.817,2386.717,0.952,Whistle
3358,1244370088.93,7.683,3964.314,0.929,Whistle
3359,1244370093.367,8.743,422.183,0.939,Whistle
3360,1244371418.654,338.759,3872.13,1.0,Extremely_Loud
3361,1244373794.43,14.393,381.729,0.93,Whistle
3362,1244373847.336,9.096,3964.511,0.998,Whistle
3363,1244374111.211,10.938,420.889,0.98,Whistle
3364,1244375449.445,11.739,3997.81,0.979,Whistle
3365,1244375548.242,9.192,349.299,1.0,Whistle
3366,1244375737.289,9.216,2115.544,0.958,Whistle
3367,1244376278.633,10.263,4076.135,0.957,Whistle
3368,1244376949.383,10.488,3725.557,0.999,Whistle
3369,1244400482.469,9.066,28.467,0.91,Low_Frequency_Burst
3370,1244400724.031,9.954,3913.013,1.0,Scattered_Light
3371,1244400977.844,9.328,830.246,1.0,Scattered_Light
3372,1244402769.309,13.713,53.075,0.997,Tomte
3373,1244403076.76,15.509,75.727,0.997,Tomte
3374,1244409370.773,11.624,321.19,0.982,Whistle
3375,1244413534.309,25.41,1329.049,0.966,Tomte
3376,1244414366.629,28.085,131.936,0.994,Koi_Fish
3377,1244414554.428,49.015,3947.731,0.999,Koi_Fish
3378,1244421732.182,19.203,2163.958,1.0,Blip
3379,1244422794.586,298.558,2378.556,1.0,Extremely_Loud
3380,1244423783.039,9.1,436.314,0.991,Whistle
3381,1244429260.531,8.525,28.458,0.978,Scattered_Light
3382,1244432716.445,7.883,3602.277,0.98,Whistle
3383,1244438727.496,94.74,1272.101,0.972,Koi_Fish
3384,1244440998.398,7.911,562.948,0.997,Whistle
3385,1244441007.948,34.61,800.427,0.991,Koi_Fish
3386,1244441534.477,9.079,420.889,0.959,Whistle
3387,1244443741.641,9.959,30.268,0.932,Low_Frequency_Burst
3388,1244443973.891,10.728,32.829,0.908,Scattered_Light
3389,1244444837.902,34.624,3703.979,0.972,Tomte
3390,1244467893.336,9.669,4049.429,0.951,Whistle
3391,1244468592.789,8.338,4111.768,0.997,Whistle
3392,1244468908.555,8.947,4011.561,0.998,Whistle
3393,1244469043.961,11.144,3367.137,0.997,Whistle
3394,1244471079.506,8.067,53.075,0.94,Tomte
3395,1244471969.34,35.631,3746.261,0.904,Koi_Fish
3396,1244472450.969,7.826,23.057,0.988,Low_Frequency_Lines
3397,1244474849.633,8.402,3592.798,0.998,Whistle
3398,1244475585.346,19.706,2405.544,1.0,Blip
3399,1244477297.055,8.396,1813.259,0.956,Whistle
3400,1244479364.789,8.335,3541.032,0.93,Whistle
3401,1244482494.445,8.56,23.057,1.0,Low_Frequency_Burst
3402,1244489139.471,9.756,53.075,0.913,Tomte
3403,1244489801.645,15.551,51.198,0.998,Tomte
3404,1244499289.192,13.106,373.879,1.0,Blip
3405,1244500754.373,63.531,1436.31,1.0,Koi_Fish
3406,1244524639.756,8.233,4048.118,0.999,Whistle
3407,1244527014.043,16.2,3983.241,0.999,Tomte
3408,1244530085.508,7.563,351.294,0.973,Whistle
3409,1244537238.703,12.808,3813.464,0.955,Low_Frequency_Lines
3410,1244537982.293,17.706,73.85,0.99,Tomte
3411,1244539924.599,7.961,118.971,1.0,Blip
3412,1244540962.637,10.097,3986.059,0.969,Whistle
3413,1244541669.727,8.967,400.668,0.914,Whistle
3414,1244542071.234,9.708,3941.084,0.998,Whistle
3415,1244542471.277,10.678,3987.51,0.999,Whistle
3416,1244543698.969,7.767,2918.276,0.96,Low_Frequency_Burst
3417,1244545399.117,8.407,4034.956,1.0,Whistle
3418,1244546509.758,7.906,425.377,0.993,Whistle
3419,1244547592.039,9.835,4042.452,0.997,Whistle
3420,1244550697.195,10.964,3794.516,0.99,Whistle
3421,1244551671.256,118.502,3983.241,1.0,Koi_Fish
3422,1244552187.152,98.178,2819.014,1.0,Koi_Fish
3423,1244553969.313,695.976,3983.241,0.979,Extremely_Loud
3424,1244554825.047,38.13,3983.241,0.943,Low_Frequency_Burst
3425,1244557104.086,9.376,3950.692,0.986,Whistle
3426,1244557797.914,9.548,3983.241,0.997,Whistle
3427,1244559004.262,10.185,3983.241,0.992,Whistle
3428,1244559939.391,28.901,3454.502,0.96,Scratchy
3429,1244561775.977,8.866,715.114,0.987,Whistle
3430,1244563703.945,11.703,3987.252,0.992,Whistle
3431,1244563704.039,9.141,3986.206,0.96,Whistle
3432,1244568300.773,880.99,3983.241,1.0,Extremely_Loud
3433,1244575264.438,7.796,1928.011,0.995,Low_Frequency_Lines
3434,1244578697.531,8.611,23.057,0.994,Low_Frequency_Lines
3435,1244580626.594,7.883,20.195,0.992,Low_Frequency_Lines
3436,1244581403.758,9.272,3878.341,0.975,Whistle
3437,1244585383.113,27.928,339.157,0.983,Tomte
3438,1244590314.087,48.668,2380.434,0.997,Koi_Fish
3439,1244590541.366,11.473,168.075,1.0,Blip
3440,1244592021.32,7.848,1909.3,0.977,Whistle
3441,1244592128.375,7.518,3427.105,0.964,Low_Frequency_Lines
3442,1244595331.885,12.811,77.257,0.986,Tomte
3443,1244607331.436,10.11,310.946,1.0,Blip
3444,1244608114.383,7.524,417.125,0.993,Whistle
3445,1244610243.895,19.373,262.17,0.998,Tomte
3446,1244611737.826,9.619,80.3,1.0,Blip
3447,1244612054.215,118.791,2262.906,0.933,Koi_Fish
3448,1244613965.742,22.51,712.42,1.0,Blip
3449,1244616016.18,17.391,4081.281,0.994,Whistle
3450,1244616694.723,17.426,1644.648,0.999,Tomte
3451,1244617276.43,7.672,1726.691,0.992,Whistle
3452,1244620101.43,10.637,4162.361,0.966,Whistle
3453,1244621546.57,14.618,4041.092,0.999,Low_Frequency_Lines
3454,1244621549.336,9.627,4041.092,0.996,Whistle
3455,1244622701.375,154.458,1034.589,0.999,Extremely_Loud
3456,1244627845.963,9.958,3888.931,1.0,Blip
3457,1244629954.164,9.541,3872.923,0.928,Whistle
3458,1244630581.023,10.241,2491.984,0.966,Whistle
3459,1244630821.312,106.433,2823.051,1.0,Koi_Fish
3460,1244631267.52,101.624,161.018,1.0,Extremely_Loud
3461,1244632028.102,9.427,2817.725,0.908,Whistle
3462,1244632418.529,33.655,1400.607,0.936,Koi_Fish
3463,1244636647.852,8.8,3525.103,0.979,Whistle
3464,1244636709.977,12.202,3629.355,0.917,Whistle
3465,1244638976.656,8.277,22.449,0.99,Scattered_Light
3466,1244639296.852,11.565,3668.725,0.998,Whistle
3467,1244643490.199,1351.373,2836.932,1.0,Extremely_Loud
3468,1244643917.813,8.35,32.7,1.0,Scattered_Light
3469,1244643987.906,8.259,685.485,0.995,Scattered_Light
3470,1244646969.285,1103.682,2651.144,1.0,Extremely_Loud
3471,1244647777.648,11.649,3129.177,0.963,Whistle
3472,1244648629.398,9.879,4174.539,0.936,Whistle
3473,1244650481.852,7.886,4096.636,1.0,Whistle
3474,1244651455.719,11.101,2195.579,0.95,Low_Frequency_Burst
3475,1244651506.234,11.063,1664.332,0.989,Whistle
3476,1244655160.953,7.766,26.59,0.985,Low_Frequency_Burst
3477,1244655221.281,65.668,3945.854,1.0,Low_Frequency_Burst
3478,1244655951.383,8.732,2226.31,0.974,Whistle
3479,1244656159.703,8.571,3555.518,0.971,Whistle
3480,1244656272.602,9.695,420.411,0.924,Whistle
3481,1244670046.896,10.821,162.896,0.978,Blip
3482,1244670493.531,138.947,1028.149,0.999,Extremely_Loud
3483,1244673289.406,7.528,3205.727,0.987,Scattered_Light
3484,1244673930.906,8.271,20.411,0.978,Low_Frequency_Lines
3485,1244690576.504,17.044,73.85,0.998,Tomte
3486,1244691040.305,9.117,3743.895,0.937,Whistle
3487,1244691706.438,7.857,3984.246,0.999,Low_Frequency_Lines
3488,1244693579.035,48.87,2489.561,0.995,Koi_Fish
3489,1244694860.531,126.337,2655.339,1.0,Scratchy
3490,1244694862.406,41.266,1991.313,0.999,Scratchy
3491,1244697265.461,10.052,3746.433,0.994,Whistle
3492,1244699533.258,14.46,398.126,0.98,Whistle
3493,1244709995.594,8.31,3983.241,0.998,Low_Frequency_Burst
3494,1244711084.523,7.607,416.03,0.991,Whistle
3495,1244712606.305,13.455,3865.494,0.999,Whistle
3496,1244714123.508,10.679,3767.106,0.997,Whistle
3497,1244715705.617,9.685,220.397,0.95,Whistle
3498,1244715739.797,10.609,295.716,1.0,Whistle
3499,1244717720.938,819.16,3746.261,1.0,Extremely_Loud
3500,1244720744.145,10.833,51.198,0.992,Tomte
3501,1244722602.563,329.437,3983.241,1.0,Extremely_Loud
3502,1244722663.188,86.487,3329.919,0.982,Extremely_Loud
3503,1244723072.898,7.524,1844.145,0.965,Whistle
3504,1244723941.617,9.138,3851.33,0.99,Whistle
3505,1244723946.523,12.202,3175.504,0.922,Whistle
3506,1244724629.711,9.903,3946.358,0.997,Whistle
3507,1244725419.017,11.18,248.315,1.0,Blip
3508,1244725879.785,8.927,51.198,0.904,Tomte
3509,1244734025.635,26.78,3582.116,0.971,Tomte
3510,1244734776.086,7.6,3983.241,1.0,Low_Frequency_Burst
3511,1244735051.267,176.629,3176.615,0.981,Koi_Fish
3512,1244735106.666,30.886,1928.268,0.996,Koi_Fish
3513,1244735150.537,14.922,133.813,0.954,Tomte
3514,1244735206.102,12.134,3642.355,1.0,Whistle
3515,1244738394.246,9.442,256.971,0.9,Blip
3516,1244739092.52,11.687,61.335,0.998,Tomte
3517,1244745399.094,8.303,20.195,0.972,Low_Frequency_Lines
3518,1244745763.496,115.099,196.925,0.999,Koi_Fish
3519,1244747533.344,8.105,727.273,0.95,Low_Frequency_Lines
3520,1244750972.627,15.795,201.12,1.0,Blip
3521,1244752388.862,29.947,457.602,0.996,Blip
3522,1244753345.701,196.852,2769.374,1.0,Extremely_Loud
3523,1244758325.313,8.868,20.195,0.996,Low_Frequency_Lines
3524,1244762535.965,13.522,107.613,0.958,Tomte
3525,1244763958.685,7.568,99.607,1.0,Blip
3526,1244765207.313,8.148,20.195,0.999,Low_Frequency_Lines
3527,1244773726.74,374.129,3307.927,1.0,Extremely_Loud
3528,1244780738.838,100.192,677.222,0.979,Koi_Fish
3529,1244781508.82,680.394,1405.862,1.0,Extremely_Loud
3530,1244783075.287,1349.683,3030.386,1.0,Extremely_Loud
3531,1244783208.953,231.853,2964.093,1.0,Extremely_Loud
3532,1244791944.953,8.373,253.399,0.999,Whistle
3533,1244792656.371,9.762,53.075,0.985,Tomte
3534,1244793292.992,8.058,318.492,0.993,Whistle
3535,1244795745.465,22.292,3872.13,0.997,Koi_Fish
3536,1244796739.999,150.343,3983.241,1.0,Extremely_Loud
3537,1244810944.211,12.375,357.194,1.0,Whistle
3538,1244813801.073,69.839,3983.241,1.0,Koi_Fish
3539,1244816142.9,37.277,4041.092,1.0,Whistle
3540,1244816842.426,24.769,479.51,1.0,Whistle
3541,1244817174.918,75.914,3945.854,0.962,Koi_Fish
3542,1244817971.676,61.337,1186.057,1.0,Whistle
3543,1244818269.207,19.356,711.211,1.0,Whistle
3544,1244819071.236,8.254,165.213,0.998,Blip
3545,1244822156.648,7.568,3777.282,0.986,Whistle
3546,1244822157.641,12.243,278.248,0.939,Scratchy
3547,1244822698.93,9.619,420.889,0.939,Whistle
3548,1244823280.445,9.857,4045.962,0.986,Whistle
3549,1244823429.009,8.645,176.734,1.0,Blip
3550,1244823983.938,104.32,73.85,0.922,Extremely_Loud
3551,1244824008.898,11.934,2252.01,0.992,Whistle
3552,1244824471.658,11.894,207.515,1.0,Blip
3553,1244826440.102,9.024,426.078,0.916,Whistle
3554,1244829701.504,90.402,108.381,0.999,Koi_Fish
3555,1244831733.305,9.091,372.28,0.958,Whistle
3556,1244831917.2,13.397,248.315,1.0,Blip
3557,1244838045.852,8.593,382.737,0.971,Whistle
3558,1244856504.615,21.001,89.302,0.989,Tomte
3559,1244857218.803,811.544,3945.854,1.0,Extremely_Loud
3560,1244863684.716,81.39,3983.241,1.0,Koi_Fish
3561,1244865403.117,8.222,1172.549,0.981,Low_Frequency_Burst
3562,1244866381.478,36.094,3592.659,0.93,Koi_Fish
3563,1244866872.977,8.305,448.716,0.999,Extremely_Loud
3564,1244897684.836,3036.44,3908.818,0.999,Extremely_Loud
3565,1244900164.391,14.292,3983.241,0.998,Scattered_Light
3566,1244912048.336,8.52,1809.725,0.978,Whistle
3567,1244912246.32,10.733,1215.818,0.991,Whistle
3568,1244916953.445,7.553,258.634,0.999,Whistle
3569,1244921445.378,54.009,679.099,1.0,Koi_Fish
3570,1244923445.516,2777.875,3703.979,0.998,Extremely_Loud
3571,1244937554.016,22.949,299.108,0.939,Scratchy
3572,1244959719.242,7.99,276.268,1.0,Whistle
3573,1244963246.711,8.223,1452.189,0.973,Whistle
3574,1244967107.256,9.982,3427.317,0.966,Blip
3575,1244967265.844,7.593,19.406,0.92,Low_Frequency_Burst
3576,1244968216.234,7.959,3701.809,0.965,Whistle
3577,1244968230.516,8.195,2891.869,0.938,Whistle
3578,1244970390.184,20.699,3030.486,0.977,Tomte
3579,1244972150.097,159.58,3983.241,0.994,Koi_Fish
3580,1244972460.898,10.537,1048.473,0.992,Whistle
3581,1244975573.656,425.027,3006.243,0.999,Extremely_Loud
3582,1244988503.464,19.896,3216.309,1.0,Blip
3583,1244990420.008,8.189,3769.111,0.99,Whistle
3584,1245008026.843,53.534,2636.306,0.997,Koi_Fish
3585,1245011176.344,8.593,20.682,0.995,Low_Frequency_Lines
3586,1245011446.689,10.971,650.585,0.998,Blip
3587,1245026597.809,18.529,2823.051,0.999,Tomte
3588,1245027919.672,7.812,19.406,0.95,Low_Frequency_Burst
3589,1245030250.791,1271.885,3983.241,0.93,Extremely_Loud
3590,1245030513.986,15.499,1036.466,0.974,Blip
3591,1245041235.723,506.323,3746.261,0.995,Koi_Fish
3592,1245045396.727,8.181,364.395,0.968,Whistle
3593,1245047760.038,107.489,3746.261,0.999,Koi_Fish
3594,1245084598.578,9.004,107.622,0.995,Scratchy
3595,1245085488.768,21.728,297.871,0.919,Koi_Fish
3596,1245087193.656,12.173,3411.045,0.99,Low_Frequency_Burst
3597,1245087291.202,46.116,679.099,0.997,Koi_Fish
3598,1245094386.844,10.463,2905.438,0.927,Scratchy
3599,1245101686.861,40.151,3133.541,0.999,Koi_Fish
3600,1245104270.709,9.455,142.526,1.0,Blip
3601,1245111414.76,10.801,175.97,1.0,Blip
3602,1245111497.176,19.471,61.335,0.999,Tomte
3603,1245116015.24,11.231,80.907,1.0,Blip
3604,1245123455.48,71.544,1850.077,0.927,Koi_Fish
3605,1245126408.325,8.426,175.97,1.0,Blip
3606,1245127694.625,7.753,2372.003,0.994,Low_Frequency_Burst
3607,1245131983.594,13.497,1671.636,0.999,Scratchy
3608,1245132095.531,9.445,104.658,0.92,Scratchy
3609,1245132096.156,10.585,106.268,0.983,Scratchy
3610,1245133116.27,334.6,1928.011,1.0,Extremely_Loud
3611,1245133317.498,36.706,3945.854,1.0,Koi_Fish
3612,1245133903.715,7.85,55.393,0.983,Blip
3613,1245138688.504,20.977,1338.059,0.998,Tomte
3614,1245139594.66,32.205,3267.727,0.984,Tomte
3615,1245152751.722,9.06,112.576,1.0,Blip
3616,1245157261.992,7.797,30.952,1.0,Low_Frequency_Burst
3617,1245159244.133,8.685,65.53,0.932,Tomte
3618,1245164375.057,11.49,112.576,1.0,Blip
3619,1245165639.605,61.671,1028.149,0.997,Koi_Fish
3620,1245170526.924,11.508,165.213,1.0,Blip
3621,1245184609.781,9.172,747.278,0.936,Low_Frequency_Lines
3622,1245185168.256,8.56,118.971,1.0,Blip
3623,1245205388.889,98.974,295.994,1.0,Koi_Fish
3624,1245208494.299,7.663,162.896,0.997,Blip
3625,1245218279.393,40.408,363.574,1.0,Koi_Fish
3626,1245229728.59,23.158,2672.706,1.0,Koi_Fish
3627,1245233247.85,20.721,245.453,1.0,Blip
3628,1245236161.973,2647.886,3881.874,1.0,Extremely_Loud
3629,1245252811.415,150.479,3983.241,0.998,Koi_Fish
3630,1245258350.143,17.878,3947.731,0.994,Tomte
3631,1245267300.215,17.404,554.5,0.999,Tomte
3632,1245267640.963,1676.515,3703.979,1.0,Extremely_Loud
3633,1245272100.949,474.37,3835.788,0.911,Extremely_Loud
3634,1245274970.014,43.45,992.363,0.999,Koi_Fish
3635,1245278618.113,9.935,63.212,0.954,Tomte
3636,1245292855.826,33.334,3983.241,0.992,Koi_Fish
3637,1245310961.625,1358.749,3983.241,1.0,Extremely_Loud
3638,1245316979.188,7.536,3619.591,0.986,Scattered_Light
3639,1245317184.529,43.795,3746.261,0.995,Koi_Fish
3640,1245318080.529,12.93,306.584,1.0,Blip
3641,1245323515.79,12.507,171.608,1.0,Blip
3642,1245323520.313,7.537,152.274,1.0,Blip
3643,1245323808.581,97.575,2769.374,0.993,Koi_Fish
3644,1245340139.767,8.048,123.333,1.0,Blip
3645,1245353637.555,100.974,3872.13,0.992,Extremely_Loud
3646,1245356587.248,52.927,447.013,1.0,Koi_Fish
3647,1245360248.982,7.77,2176.558,0.995,Blip
3648,1245367981.723,156.749,131.936,0.986,Extremely_Loud
3649,1245371648.23,10.28,51.198,0.97,Tomte
3650,1245379139.416,55.289,3945.854,1.0,Koi_Fish
3651,1245380941.438,8.154,123.333,1.0,Blip
3652,1245381255.469,9.605,3987.204,0.99,Scattered_Light
3653,1245381268.32,8.185,3703.979,0.907,Low_Frequency_Lines
3654,1245389163.641,8.585,28.467,0.988,Low_Frequency_Burst
3655,1245391333.563,7.555,3746.261,0.982,Low_Frequency_Lines
3656,1245398956.23,16.375,61.335,0.998,Tomte
3657,1245403178.558,20.539,303.051,1.0,Blip
3658,1245408338.035,15.246,1563.095,0.986,Tomte
3659,1245411010.373,15.022,3008.12,0.996,Tomte
3660,1245412089.172,7.541,3030.486,0.997,Low_Frequency_Burst
3661,1245414968.714,12.789,168.075,1.0,Blip
3662,1245415223.008,7.527,416.03,0.977,Whistle
3663,1245415640.551,86.975,3881.874,0.93,Koi_Fish
3664,1245420058.201,11.36,165.213,0.997,Blip
3665,1245428257.189,10.127,55.393,0.951,Blip
3666,1245430425.328,484.874,2158.844,1.0,Extremely_Loud
3667,1245441032.204,22.327,300.189,1.0,Blip
3668,1245443081.672,7.878,23.057,0.947,Low_Frequency_Burst
3669,1245446570.66,10.191,51.198,0.951,Tomte
3670,1245452440.188,9.646,23.057,0.949,Scattered_Light
3671,1245462958.406,8.594,30.952,0.901,Low_Frequency_Burst
3672,1245466669.529,12.086,3032.363,0.98,Tomte
3673,1245468365.396,14.609,3990.298,1.0,Blip
3674,1245468465.959,56.473,241.258,0.999,Koi_Fish
3675,1245469059.104,23.21,89.302,0.994,Tomte
3676,1245472798.367,19.405,91.18,0.999,Tomte
3677,1245506909.477,9.662,26.59,0.999,Low_Frequency_Burst
3678,1245508054.434,10.227,30.952,0.987,Low_Frequency_Burst
3679,1245513949.803,12.545,2467.264,0.994,Blip
3680,1245520543.641,8.789,30.952,0.999,Low_Frequency_Burst
3681,1245531298.449,21.566,1738.688,0.952,Tomte
3682,1245532689.017,536.058,3983.241,1.0,Koi_Fish
3683,1245534277.161,92.523,3945.854,0.99,Koi_Fish
3684,1245535261.34,886.328,3464.271,0.959,Extremely_Loud
3685,1245538672.24,8.889,2783.969,0.994,Blip
3686,1245538744.02,8.091,30.952,0.948,Low_Frequency_Burst
3687,1245539842.363,35.118,3945.854,0.999,Koi_Fish
3688,1245540227.462,16.4,201.12,1.0,Blip
3689,1245542482.145,119.329,108.381,0.994,Koi_Fish
3690,1245544076.457,11.344,2819.014,0.987,Tomte
3691,1245545026.518,8.929,146.888,0.989,Blip
3692,1245546606.66,11.648,53.075,0.963,Tomte
3693,1245557410.156,7.606,3983.241,0.999,Low_Frequency_Lines
3694,1245559267.438,15.897,3985.119,1.0,Scattered_Light
3695,1245559755.719,8.319,2277.907,0.96,Low_Frequency_Lines
3696,1245560207.653,12.516,2439.979,0.985,Blip
3697,1245564052.568,38.983,363.574,1.0,Koi_Fish
3698,1245564059.271,16.137,201.12,1.0,Blip
3699,1245572960.777,83.231,89.302,0.925,Koi_Fish
3700,1245576238.02,8.345,36.338,0.912,Low_Frequency_Burst
3701,1245580740.85,7.925,104.255,1.0,Blip
3702,1245581667.834,19.665,131.936,0.95,Tomte
3703,1245584515.963,26.518,2378.556,0.921,Koi_Fish
3704,1245590881.436,129.537,550.03,1.0,Koi_Fish
3705,1245610848.785,16.479,3429.515,0.978,Tomte
3706,1245611766.424,8.934,93.497,1.0,Blip
3707,1245615231.082,17.15,73.85,0.989,Tomte
3708,1245615366.731,359.412,3983.241,0.992,Koi_Fish
3709,1245617295.02,8.768,36.338,0.916,Low_Frequency_Burst
3710,1245618802.008,9.894,2823.051,0.998,Low_Frequency_Burst
3711,1245619908.422,7.835,1604.103,0.984,Low_Frequency_Burst
3712,1245620069.604,108.291,677.222,1.0,Koi_Fish
3713,1245623571.043,18.584,1101.395,1.0,Tomte
3714,1245625043.012,9.008,237.077,1.0,Low_Frequency_Burst
3715,1245626902.488,10.441,61.335,0.97,Tomte
3716,1245627612.441,40.575,813.082,0.972,Koi_Fish
3717,1245632734.652,8.756,63.212,0.975,Tomte
3718,1245638292.764,23.924,432.686,0.931,Tomte
3719,1245638578.723,15.615,61.335,1.0,Tomte
3720,1245638648.039,7.573,30.952,0.991,Low_Frequency_Burst
3721,1245638887.023,7.633,26.59,0.994,Low_Frequency_Burst
3722,1245645169.301,18.858,695.968,0.999,Tomte
3723,1245648928.023,7.711,26.59,0.967,Low_Frequency_Burst
3724,1245649242.012,8.83,2445.585,0.939,Low_Frequency_Burst
3725,1245649312.754,21.303,1644.648,0.999,Tomte
3726,1245685383.887,27.095,3835.788,0.999,Tomte
3727,1245685886.753,13.279,211.877,1.0,Blip
3728,1245692089.066,16.314,131.936,0.967,Tomte
3729,1245693104.004,246.023,1563.095,0.956,Extremely_Loud
3730,1245697103.368,277.018,3945.854,0.958,Koi_Fish
3731,1245699441.426,13.269,63.212,0.993,Tomte
3732,1245700924.935,59.317,678.183,1.0,Koi_Fish
3733,1245709099.027,13.67,3947.731,0.995,Tomte
3734,1245715337.997,12.992,248.315,1.0,Blip
3735,1245718314.012,16.656,1330.926,0.958,Tomte
3736,1245720425.549,8.15,123.333,1.0,Blip
3737,1245721413.52,2826.703,3983.241,0.996,Extremely_Loud
3738,1245726204.982,7.742,50.045,0.992,Blip
3739,1245728442.776,20.468,245.453,1.0,Blip
3740,1245729210.022,53.497,550.03,0.991,Koi_Fish
3741,1245744553.217,14.0,133.813,0.971,Tomte
3742,1245763886.4,10.433,55.393,0.979,Blip
3743,1245764576.773,771.61,2372.003,1.0,Extremely_Loud
3744,1245771419.535,10.028,51.198,0.998,Tomte
3745,1245771679.832,17.917,73.85,0.999,Tomte
3746,1245772366.137,49.232,3464.271,0.984,Low_Frequency_Burst
3747,1245772409.775,30.82,131.936,0.997,Koi_Fish
3748,1245778068.977,2924.929,3983.241,0.999,Extremely_Loud
3749,1245783733.871,7.895,53.292,0.913,Blip
3750,1245784235.434,108.472,3693.803,1.0,Extremely_Loud
3751,1245786736.879,117.777,3006.243,1.0,Extremely_Loud
3752,1245788438.273,12.706,453.735,1.0,Low_Frequency_Burst
3753,1245788750.926,81.076,3582.116,0.981,Koi_Fish
3754,1245790219.834,51.211,2398.222,1.0,Koi_Fish
3755,1245793494.49,33.763,89.302,0.98,Tomte
3756,1245794881.869,15.023,2964.093,0.994,Blip
3757,1245797484.446,74.063,2634.428,0.993,Extremely_Loud
3758,1245797509.246,140.229,3983.241,0.953,Extremely_Loud
3759,1245805436.589,267.366,3881.874,0.995,Extremely_Loud
3760,1245805757.663,28.038,1567.29,0.955,Koi_Fish
3761,1245805783.187,16.394,3750.457,0.972,Blip
3762,1245805889.354,78.283,3615.396,0.994,Extremely_Loud
3763,1245814611.222,9.212,1942.963,1.0,Blip
3764,1245817320.523,24.973,1563.095,0.965,Low_Frequency_Burst
3765,1245817351.447,71.129,2823.051,0.974,Extremely_Loud
3766,1245817368.637,258.802,3983.241,0.998,Extremely_Loud
3767,1245817534.03,296.837,3703.979,1.0,Extremely_Loud
3768,1245818381.752,8.536,207.515,1.0,Blip
3769,1245819758.84,21.773,3799.787,1.0,Tomte
3770,1245819878.855,114.202,3881.874,0.999,Extremely_Loud
3771,1245819886.673,19.741,1563.095,0.941,Blip
3772,1245819929.887,21.218,2398.222,0.965,Extremely_Loud
3773,1245824601.064,7.868,68.391,1.0,Blip
3774,1245825219.539,8.497,26.59,1.0,Low_Frequency_Burst
3775,1245831582.469,12.078,1907.455,0.973,Scattered_Light
3776,1245834789.164,7.667,133.813,0.95,Tomte
3777,1245842046.654,166.027,295.994,1.0,Koi_Fish
3778,1245842523.027,9.871,3367.249,0.991,Tomte
3779,1245845126.545,17.087,3008.12,0.999,Tomte
3780,1245845780.859,9.514,30.952,0.999,Scattered_Light
3781,1245846186.084,12.524,2973.802,0.977,Extremely_Loud
3782,1245850478.912,33.056,3582.116,0.997,Extremely_Loud
3783,1245850550.076,9.612,3684.441,0.984,Repeating_Blips
3784,1245850832.015,11.449,1320.301,0.983,Blip
3785,1245850838.945,216.066,3881.874,0.985,Extremely_Loud
3786,1245851243.908,52.039,3409.167,0.996,Extremely_Loud
3787,1245851430.625,9.039,1007.667,1.0,Scattered_Light
3788,1245852681.914,9.676,3425.439,0.997,Low_Frequency_Burst
3789,1245857648.896,3014.121,3464.271,1.0,Extremely_Loud
3790,1245858713.387,9.25,2343.405,0.921,Tomte
3791,1245859780.629,18.554,3983.241,0.956,Tomte
3792,1245864476.693,9.097,3666.195,0.999,Blip
3793,1245864882.967,1187.848,1462.128,1.0,Extremely_Loud
3794,1245866209.471,286.18,3393.298,0.999,Koi_Fish
3795,1245869976.863,11.932,53.075,0.971,Tomte
3796,1245873626.348,19.323,2341.528,0.971,Koi_Fish
3797,1245880432.855,22.448,853.378,1.0,Tomte
3798,1245881999.762,26.361,73.85,0.999,Tomte
3799,1245882538.021,47.431,3468.466,1.0,Koi_Fish
3800,1245888773.099,40.329,2372.003,0.993,Koi_Fish
3801,1245896692.526,27.124,3494.836,0.976,Blip
3802,1245897621.406,338.86,3983.241,1.0,Extremely_Loud
3803,1245897751.813,8.04,20.411,0.984,Low_Frequency_Lines
3804,1245898530.296,1244.273,3983.241,1.0,Extremely_Loud
3805,1245903688.056,163.493,1267.535,0.977,Koi_Fish
3806,1245907068.557,10.051,2406.734,0.999,Blip
3807,1245912365.969,7.785,1934.109,0.938,Scratchy
3808,1245912970.342,21.404,3746.261,0.998,Koi_Fish
3809,1245920673.943,10.345,96.359,1.0,Blip
3810,1245927579.007,9.431,176.734,1.0,Blip
3811,1245929504.325,8.165,123.333,1.0,Blip
3812,1245931672.24,7.749,68.391,0.932,Repeating_Blips
3813,1245933920.063,102.147,3195.813,1.0,Scattered_Light
3814,1245937672.055,92.768,3983.241,0.995,Extremely_Loud
3815,1245952246.516,14.001,459.583,1.0,Whistle
3816,1245954409.852,16.048,1144.854,1.0,Whistle
3817,1245955662.52,8.96,374.157,0.999,Whistle
3818,1245956141.336,263.158,4028.297,0.999,Whistle
3819,1245962999.184,13.423,3148.691,0.993,Tomte
3820,1245963061.732,49.896,161.018,0.993,Koi_Fish
3821,1245967604.612,7.786,94.188,0.985,Blip
3822,1245968582.402,182.002,3146.814,0.946,Koi_Fish
3823,1245972755.027,8.739,372.381,0.995,Whistle
3824,1245973006.241,11.825,170.066,0.971,Blip
3825,1245973059.464,651.647,3983.241,1.0,Extremely_Loud
3826,1245973503.74,61.61,2378.556,1.0,Koi_Fish
3827,1245973895.082,18.875,73.85,1.0,Tomte
3828,1245974826.742,23.307,479.51,1.0,Whistle
3829,1245977338.436,15.627,196.925,0.962,Blip
3830,1245977541.779,93.301,857.679,0.983,Koi_Fish
3831,1245977604.221,79.769,2930.829,1.0,Koi_Fish
3832,1245977634.242,21.73,479.51,1.0,Whistle
3833,1245979680.125,8.68,1644.648,0.996,Low_Frequency_Lines
3834,1245981257.832,12.896,61.335,0.999,Tomte
3835,1245983716.789,246.688,3703.979,1.0,Extremely_Loud
3836,1245984137.23,108.514,3983.241,0.998,Koi_Fish
3837,1245984500.242,27.32,3201.357,0.999,Extremely_Loud
3838,1245984990.409,145.136,3201.357,1.0,Extremely_Loud
3839,1245984995.824,7.526,61.335,0.99,Tomte
3840,1245985002.871,11.831,3881.874,0.981,Tomte
3841,1245985043.395,37.305,3026.664,0.98,Extremely_Loud
3842,1245986217.458,36.38,447.013,0.985,Koi_Fish
3843,1245986373.771,45.189,131.936,0.906,Koi_Fish
3844,1245986703.602,36.715,735.072,1.0,Whistle
3845,1245992614.082,10.566,108.381,0.995,Tomte
3846,1245994435.063,87.827,3615.396,1.0,Extremely_Loud
3847,1245994479.008,14.583,3551.692,0.963,Koi_Fish
3848,1245994487.644,200.013,3582.116,0.999,Extremely_Loud
3849,1245994546.966,411.359,3983.241,0.98,Extremely_Loud
3850,1245994570.96,480.0,3983.241,1.0,Extremely_Loud
3851,1245994577.209,14.601,379.627,0.989,Koi_Fish
3852,1245995939.167,759.6,3983.241,1.0,Extremely_Loud
3853,1245995964.753,631.322,3983.241,0.998,Extremely_Loud
3854,1245996051.621,177.779,2378.556,0.961,Koi_Fish
3855,1245996455.056,409.178,3983.241,1.0,Extremely_Loud
3856,1245996983.892,310.771,3983.241,0.996,Extremely_Loud
3857,1245997044.202,8.443,123.333,0.999,Blip
3858,1245997783.775,282.025,3983.241,0.999,Extremely_Loud
3859,1245998049.541,500.816,3983.241,0.952,Extremely_Loud
3860,1245998106.418,753.117,3983.241,0.991,Extremely_Loud
3861,1246007093.203,44.761,2672.706,0.996,Extremely_Loud
3862,1246009869.757,48.474,2838.809,0.998,Koi_Fish
3863,1246011242.422,86.466,2930.829,1.0,Extremely_Loud
3864,1246012858.188,9.792,38.215,0.995,Scattered_Light
3865,1246014414.48,284.203,3409.167,0.999,Extremely_Loud
3866,1246023748.686,8.862,3293.737,0.998,Whistle
3867,1246023950.557,168186.688,3983.241,1.0,Extremely_Loud
3868,1246024372.517,10.418,4045.962,0.901,Whistle
3869,1246024483.363,8.488,592.794,0.963,Whistle
3870,1246024694.684,7.868,406.674,0.935,Whistle
3871,1246025030.609,7.683,26.59,0.946,Low_Frequency_Burst
3872,1246025524.525,553.324,3983.241,1.0,Extremely_Loud
3873,1246025809.626,479.917,3983.241,1.0,Extremely_Loud
3874,1246025854.148,50.08,3240.109,1.0,Extremely_Loud
3875,1246045606.518,23.073,2634.428,0.997,Tomte
3876,1246046239.285,63.461,2378.556,1.0,Extremely_Loud
3877,1246046243.112,14.009,1932.206,1.0,Blip
3878,1246055107.856,179.995,3983.241,0.993,Koi_Fish
3879,1246056427.065,32.987,365.451,0.999,Koi_Fish
3880,1246057766.201,7.649,370.452,0.983,Blip
3881,1246062785.383,13.938,1674.492,0.937,Extremely_Loud
3882,1246071151.176,28.096,2651.052,0.989,Tomte
3883,1246071966.563,29.092,3993.546,0.992,Scattered_Light
3884,1246078313.246,9.423,1929.888,0.953,Tomte
3885,1246116335.073,10.14,123.333,1.0,Blip
3886,1246116335.834,44.049,196.925,1.0,Koi_Fish
3887,1246118169.563,8.189,20.195,1.0,Low_Frequency_Lines
3888,1246131462.294,662.679,3983.241,1.0,Extremely_Loud
3889,1246132571.318,55.114,772.484,1.0,Koi_Fish
3890,1246141180.732,65.183,2378.556,1.0,Extremely_Loud
3891,1246143902.248,368.625,447.013,1.0,Extremely_Loud
3892,1246146835.491,10.246,171.608,0.998,Blip
3893,1246177512.379,7.509,368.223,0.999,Whistle
3894,1246177946.255,139.547,3881.874,1.0,Extremely_Loud
3895,1246178492.439,166.12,3409.167,0.993,Extremely_Loud
3896,1246179974.492,11.182,1412.553,0.997,Whistle
3897,1246180826.814,8.181,123.333,1.0,Blip
3898,1246181399.143,39.982,1936.424,0.957,Koi_Fish
3899,1246181907.832,13.672,110.258,0.973,Tomte
3900,1246182414.492,17.457,380.471,0.999,Whistle
3901,1246182646.232,18.969,1606.482,0.986,Tomte
3902,1246182650.635,35.534,295.994,0.995,Koi_Fish
3903,1246184320.143,47.262,2378.556,1.0,Koi_Fish
3904,1246187361.785,11.688,53.075,0.969,Tomte
3905,1246188225.419,133.734,3006.243,0.996,Extremely_Loud
3906,1246189020.191,9.151,374.814,0.982,Scratchy
3907,1246189042.431,9.278,152.274,0.985,Blip
3908,1246189093.443,35.088,2964.093,0.968,Koi_Fish
3909,1246189141.76,203.338,3983.241,1.0,Extremely_Loud
3910,1246189153.37,91.638,2378.556,0.999,Extremely_Loud
3911,1246189164.342,31.589,2378.556,0.99,Extremely_Loud
3912,1246189265.953,70.743,3881.874,1.0,Extremely_Loud
3913,1246189269.213,8.636,2197.457,1.0,Blip
3914,1246189335.175,267.86,3703.979,0.998,Extremely_Loud
3915,1246189561.606,786.973,3983.241,1.0,Extremely_Loud
3916,1246189897.938,2987.33,1359.772,0.994,Extremely_Loud
3917,1246219802.028,414.385,3881.874,1.0,Extremely_Loud
3918,1246219833.473,102.521,3133.541,0.936,Extremely_Loud
3919,1246219884.851,17.278,1271.73,1.0,Blip
3920,1246219886.888,78.654,3703.979,1.0,Extremely_Loud
3921,1246219905.001,12.02,451.208,0.999,Blip
3922,1246219931.628,7.511,168.075,0.989,Repeating_Blips
3923,1246219931.838,9.492,300.189,0.983,Repeating_Blips
3924,1246220806.504,50.772,3201.357,0.998,Koi_Fish
3925,1246221798.809,161.792,3201.357,0.976,Koi_Fish
3926,1246222238.719,7.505,3201.357,0.935,Low_Frequency_Lines
3927,1246223906.342,52.532,3983.241,1.0,Koi_Fish
3928,1246226709.926,9.695,61.335,0.949,Tomte
3929,1246226817.926,12.021,108.381,0.982,Tomte
3930,1246226822.29,15.76,3553.569,0.968,Repeating_Blips
3931,1246226824.806,18.16,295.994,0.939,Repeating_Blips
3932,1246226833.702,14.454,1495.84,0.943,Repeating_Blips
3933,1246226878.009,7.804,93.497,0.999,Blip
3934,1246226883.102,8.42,1644.648,0.975,Blip
3935,1246227166.841,10.797,1633.091,0.993,Blip
3936,1246227168.678,10.337,96.359,0.927,Blip
3937,1246227169.642,9.262,207.515,0.998,Repeating_Blips
3938,1246227171.981,12.232,248.315,0.948,Repeating_Blips
3939,1246227172.525,8.439,2348.528,0.999,Repeating_Blips
3940,1246227172.821,11.828,201.12,1.0,Repeating_Blips
3941,1246227173.202,14.647,316.332,1.0,Repeating_Blips
3942,1246227174.038,8.485,146.888,0.997,Repeating_Blips
3943,1246227174.272,13.654,251.848,1.0,Repeating_Blips
3944,1246227175.139,8.559,250.952,0.945,Scratchy
3945,1246227175.659,7.834,217.263,0.989,Repeating_Blips
3946,1246227176.872,8.774,181.356,0.996,Repeating_Blips
3947,1246227177.151,8.38,171.608,0.992,Repeating_Blips
3948,1246227177.3,7.532,128.719,0.921,Repeating_Blips
3949,1246227177.442,9.579,188.006,0.999,Repeating_Blips
3950,1246227177.956,13.672,3434.695,1.0,Repeating_Blips
3951,1246227178.441,15.588,1451.262,1.0,Repeating_Blips
3952,1246227178.929,17.886,454.069,0.998,Repeating_Blips
3953,1246227181.31,15.684,456.533,1.0,Repeating_Blips
3954,1246227181.515,7.733,152.274,1.0,Repeating_Blips
3955,1246227181.854,14.08,296.348,1.0,Repeating_Blips
3956,1246227182.151,10.054,3686.126,1.0,Repeating_Blips
3957,1246227182.349,8.882,467.351,1.0,Repeating_Blips
3958,1246227182.718,13.27,306.584,1.0,Repeating_Blips
3959,1246227183.771,9.514,96.359,0.955,Repeating_Blips
3960,1246227184.3,16.002,248.315,1.0,Repeating_Blips
3961,1246227184.856,13.528,767.126,0.953,Repeating_Blips
3962,1246227185.12,10.638,316.332,0.902,Repeating_Blips
3963,1246227187.673,9.045,146.888,0.985,Repeating_Blips
3964,1246227187.847,8.64,115.437,0.977,Repeating_Blips
3965,1246227188.003,8.313,128.719,0.97,Repeating_Blips
3966,1246227188.202,10.565,256.21,1.0,Repeating_Blips
3967,1246227189.11,12.301,203.982,1.0,Repeating_Blips
3968,1246227189.499,8.539,123.333,0.997,Repeating_Blips
3969,1246227189.765,11.55,211.877,1.0,Repeating_Blips
3970,1246227190.382,8.059,118.971,0.965,Repeating_Blips
3971,1246227190.846,9.099,138.993,0.999,Repeating_Blips
3972,1246227191.647,10.194,2057.288,0.997,Repeating_Blips
3973,1246227191.985,11.906,211.877,0.999,Repeating_Blips
3974,1246227193.247,9.251,99.892,0.96,Blip
3975,1246227197.685,7.728,142.526,0.981,Repeating_Blips
3976,1246227198.351,12.505,168.075,0.999,Repeating_Blips
3977,1246227198.731,8.085,2091.882,0.995,Repeating_Blips
3978,1246227203.144,9.95,168.075,1.0,Blip
3979,1246227204.646,10.535,168.075,1.0,Blip
3980,1246227298.881,9.762,91.18,0.998,Blip
3981,1246227328.451,8.764,211.877,0.999,Repeating_Blips
3982,1246227329.778,7.905,181.356,1.0,Repeating_Blips
3983,1246227334.317,11.339,261.596,1.0,Repeating_Blips
3984,1246227335.882,8.707,310.946,0.98,Repeating_Blips
3985,1246227337.335,9.545,223.913,0.97,Repeating_Blips
3986,1246227338.015,8.607,211.877,1.0,Repeating_Blips
3987,1246227338.405,10.412,261.596,1.0,Repeating_Blips
3988,1246227341.409,8.253,171.608,0.931,Repeating_Blips
3989,1246227342.216,8.521,188.006,0.998,Repeating_Blips
3990,1246227342.527,12.033,306.584,1.0,Repeating_Blips
3991,1246227342.738,10.322,268.246,1.0,Repeating_Blips
3992,1246227342.886,12.45,261.596,1.0,Repeating_Blips
3993,1246227343.183,13.93,1653.882,1.0,Repeating_Blips
3994,1246227343.595,11.415,268.246,1.0,Repeating_Blips
3995,1246227344.062,10.429,378.526,0.994,Repeating_Blips
3996,1246227344.2,16.057,457.602,1.0,Repeating_Blips
3997,1246227344.61,13.626,692.174,1.0,Repeating_Blips
3998,1246227344.853,16.04,570.368,1.0,Repeating_Blips
3999,1246227344.999,16.507,474.0,1.0,Repeating_Blips
4000,1246227345.186,12.052,474.0,1.0,Repeating_Blips
4001,1246227345.335,10.564,570.368,1.0,Repeating_Blips
4002,1246227345.633,13.726,697.56,1.0,Repeating_Blips
4003,1246227345.793,16.079,861.248,1.0,Repeating_Blips
4004,1246227346.134,17.645,564.982,1.0,Repeating_Blips
4005,1246227346.356,17.717,570.368,1.0,Repeating_Blips
4006,1246227346.89,15.263,854.598,0.998,Repeating_Blips
4007,1246227347.189,9.352,461.965,1.0,Repeating_Blips
4008,1246227347.324,12.788,467.351,1.0,Repeating_Blips
4009,1246227347.497,15.379,2379.06,1.0,Repeating_Blips
4010,1246227377.905,22.982,1557.972,0.954,Blip
4011,1246229232.706,15.426,165.213,1.0,Blip
4012,1246229487.242,12.064,399.801,0.999,Whistle
4013,1246229743.913,360.519,3983.241,1.0,Extremely_Loud
4014,1246230787.416,128.148,3427.638,1.0,Extremely_Loud
4015,1246230890.097,504.112,3983.241,1.0,Extremely_Loud
4016,1246230912.176,8.149,73.85,0.962,Tomte
4017,1246230982.128,85.794,3703.979,1.0,Extremely_Loud
4018,1246230989.04,261.21,3983.241,1.0,Extremely_Loud
4019,1246231271.826,12.103,679.099,0.928,Blip
4020,1246232053.481,578.114,3983.241,1.0,Extremely_Loud
4021,1246232241.286,305.334,3983.241,1.0,Extremely_Loud
4022,1246232245.517,660.694,3983.241,0.973,Extremely_Loud
4023,1246232256.458,534.542,3983.241,0.996,Extremely_Loud
4024,1246232265.66,203.354,3983.241,0.998,Extremely_Loud
4025,1246232275.927,147.83,3983.241,1.0,Extremely_Loud
4026,1246232294.016,17.514,454.069,0.937,Repeating_Blips
4027,1246232318.853,54.691,2489.561,0.95,Extremely_Loud
4028,1246232333.278,7.888,331.192,0.976,Repeating_Blips
4029,1246232372.969,12.64,1274.592,1.0,Repeating_Blips
4030,1246232374.233,30.527,2378.556,0.983,Repeating_Blips
4031,1246232403.765,9.021,697.56,0.995,Repeating_Blips
4032,1246232406.587,14.847,2378.556,0.925,Repeating_Blips
4033,1246232410.102,142.881,3983.241,0.947,Extremely_Loud
4034,1246232419.384,25.498,2001.313,1.0,Repeating_Blips
4035,1246232425.596,16.427,2968.288,0.909,Blip
4036,1246232454.002,349.667,3983.241,0.957,Extremely_Loud
4037,1246232466.778,7.892,454.069,0.991,Koi_Fish
4038,1246232516.521,121.359,3983.241,1.0,Extremely_Loud
4039,1246232530.81,9.798,390.562,0.993,Blip
4040,1246232554.817,98.83,3409.167,0.959,Extremely_Loud
4041,1246232565.354,137.56,3813.464,1.0,Extremely_Loud
4042,1246232576.23,14.467,1329.049,0.995,Koi_Fish
4043,1246232589.816,57.218,2378.556,0.948,Extremely_Loud
4044,1246232610.483,151.35,3881.874,0.998,Extremely_Loud
4045,1246232632.28,96.302,3881.874,0.979,Extremely_Loud
4046,1246232656.521,11.836,840.71,0.997,Repeating_Blips
4047,1246232659.354,14.222,2199.774,0.999,Repeating_Blips
4048,1246232659.69,9.183,256.21,0.926,Repeating_Blips
4049,1246232678.718,11.017,306.584,0.991,Repeating_Blips
4050,1246232679.153,8.637,579.711,0.976,Repeating_Blips
4051,1246232681.826,9.041,577.018,0.977,Repeating_Blips
4052,1246232682.475,12.861,1932.206,0.918,Repeating_Blips
4053,1246232683.781,7.909,374.164,0.988,Repeating_Blips
4054,1246232688.314,8.472,448.496,0.949,Scratchy
4055,1246232714.887,20.246,1028.149,0.901,Koi_Fish
4056,1246232796.006,144.045,3703.979,1.0,Extremely_Loud
4057,1246232801.809,28.688,1932.206,0.965,Koi_Fish
4058,1246232803.818,13.693,1875.372,0.924,Koi_Fish
4059,1246232809.038,8.418,128.719,0.981,Blip
4060,1246232893.142,8.25,1041.646,1.0,Blip
4061,1246232911.384,8.502,2389.146,0.998,Blip
4062,1246232912.935,10.791,455.613,0.998,Blip
4063,1246233184.923,8.405,2516.549,0.974,Scratchy
4064,1246233278.21,10.747,704.21,0.94,Scratchy
4065,1246233282.354,9.308,268.246,0.999,Blip
4066,1246233287.524,11.72,678.616,0.983,Scratchy
4067,1246233431.958,9.931,286.593,1.0,Blip
4068,1246234070.761,8.779,645.405,0.998,Blip
4069,1246235014.916,27.35,1928.011,0.992,Extremely_Loud
4070,1246240428.174,756.972,2651.144,1.0,Extremely_Loud
4071,1246244935.121,9.965,63.212,0.958,Tomte
4072,1246249486.168,15.478,914.134,0.996,Tomte
4073,1246250058.745,28.607,241.258,0.979,Koi_Fish
4074,1246251398.99,21.185,75.727,1.0,Tomte
4075,1246265442.793,1022.983,2179.265,0.986,Extremely_Loud
4076,1246267520.959,36.023,3945.854,0.996,Koi_Fish
4077,1246272638.607,38.226,2869.548,0.997,Koi_Fish
4078,1246274883.554,381.758,3983.241,0.928,Koi_Fish
4079,1246275222.45,7.779,158.924,1.0,Blip
4080,1246275944.406,17.502,3267.727,0.984,Scattered_Light
4081,1246277872.463,19.17,131.936,0.963,Tomte
4082,1246280509.375,7.81,3747.336,0.998,Low_Frequency_Lines
4083,1246285523.06,21.137,300.189,1.0,Blip
4084,1246292772.895,9.604,51.198,0.953,Tomte
4085,1246303733.99,24.671,1267.535,0.943,Koi_Fish
4086,1246303767.99,10.055,3471.328,0.993,Koi_Fish
4087,1246303775.078,35.073,2823.051,0.922,Extremely_Loud
4088,1246303796.375,11.645,453.462,0.952,Repeating_Blips
4089,1246303847.63,10.19,841.317,0.942,Repeating_Blips
4090,1246303871.404,154.782,3945.854,0.944,Extremely_Loud
4091,1246304119.979,148.517,3006.243,0.998,Extremely_Loud
4092,1246304127.333,137.747,3464.271,1.0,Extremely_Loud
4093,1246304581.747,28.614,2243.2,0.948,Extremely_Loud
4094,1246304905.623,12.443,3409.167,0.916,Koi_Fish
4095,1246313570.387,652.2,3983.241,1.0,Extremely_Loud
4096,1246313579.545,471.85,3983.241,0.999,Extremely_Loud
4097,1246315966.285,11.051,3411.045,0.994,Tomte
4098,1246316517.839,241.495,3983.241,1.0,Extremely_Loud
4099,1246316785.756,588.363,3983.241,1.0,Extremely_Loud
4100,1246316812.381,190.193,2651.052,1.0,Extremely_Loud
4101,1246316877.36,226.264,3813.464,1.0,Extremely_Loud
4102,1246317143.843,140.579,2964.093,0.995,Extremely_Loud
4103,1246317143.843,140.579,2964.093,0.995,Extremely_Loud
4104,1246317330.028,49.052,2634.428,0.947,Extremely_Loud
4105,1246317554.396,137.963,2930.829,1.0,Extremely_Loud
4106,1246317676.338,45.288,3728.798,0.998,Extremely_Loud
4107,1246318557.561,505.12,3983.241,0.997,Extremely_Loud
4108,1246318562.629,30.538,1563.095,0.999,Extremely_Loud
4109,1246318570.738,73.16,1928.011,1.0,Extremely_Loud
4110,1246318570.738,73.16,1928.011,1.0,Extremely_Loud
4111,1246318722.663,702.702,3983.241,1.0,Extremely_Loud
4112,1246318722.663,702.702,3983.241,1.0,Extremely_Loud
4113,1246318726.621,43.74,2398.222,1.0,Extremely_Loud
4114,1246318997.809,137.061,2479.719,1.0,Extremely_Loud
4115,1246318997.809,137.061,2479.719,1.0,Extremely_Loud
4116,1246319006.202,42.001,2098.233,0.96,Extremely_Loud
4117,1246319006.202,42.001,2098.233,0.96,Extremely_Loud
4118,1246319065.768,82.131,2834.458,0.974,Extremely_Loud
4119,1246319396.442,455.491,3983.241,1.0,Extremely_Loud
4120,1246319430.182,314.081,3983.241,0.988,Extremely_Loud
4121,1246319430.182,314.081,3983.241,0.988,Extremely_Loud
4122,1246319438.033,117.242,3237.069,0.957,Extremely_Loud
4123,1246319438.033,117.242,3237.069,0.957,Extremely_Loud
4124,1246319586.878,180.175,3201.357,1.0,Extremely_Loud
4125,1246319606.273,71.384,3201.357,0.998,Extremely_Loud
4126,1246319606.273,71.384,3201.357,0.998,Extremely_Loud
4127,1246319607.94,28.809,1928.011,0.971,Extremely_Loud
4128,1246319607.94,28.809,1928.011,0.971,Extremely_Loud
4129,1246319665.23,30.801,2672.706,0.997,Extremely_Loud
4130,1246319665.23,30.801,2672.706,0.997,Extremely_Loud
4131,1246319669.877,13.878,2964.093,0.963,Blip
4132,1246320519.644,228.413,3881.874,1.0,Extremely_Loud
4133,1246320544.683,46.591,2964.093,0.992,Extremely_Loud
4134,1246321260.575,465.454,3983.241,0.999,Extremely_Loud
4135,1246321272.491,104.479,3523.706,0.999,Extremely_Loud
4136,1246321379.021,29.603,3987.436,0.906,Blip
4137,1246321379.021,29.603,3987.436,0.906,Blip
4138,1246321769.071,246.789,3881.874,0.997,Extremely_Loud
4139,1246322113.186,390.352,3983.241,1.0,Extremely_Loud
4140,1246322749.387,11.91,3080.93,0.976,Blip
4141,1246323458.949,496.444,3983.241,1.0,Extremely_Loud
4142,1246323458.949,496.444,3983.241,1.0,Extremely_Loud
4143,1246323477.593,42.66,2489.561,1.0,Extremely_Loud
4144,1246323477.593,42.66,2489.561,1.0,Extremely_Loud
4145,1246323517.383,66.036,3835.788,1.0,Extremely_Loud
4146,1246323534.449,44.176,3693.803,1.0,Extremely_Loud
4147,1246324301.706,136.445,2634.428,0.999,Extremely_Loud
4148,1246324301.706,136.445,2634.428,0.999,Extremely_Loud
4149,1246324774.566,21.227,1267.535,0.955,Extremely_Loud
4150,1246324791.242,47.284,2378.556,0.967,Extremely_Loud
4151,1246325382.808,39.118,1928.011,1.0,Extremely_Loud
4152,1246325748.802,122.333,3427.638,0.968,Extremely_Loud
4153,1246325763.013,7.793,378.526,0.914,Repeating_Blips
4154,1246325763.013,7.793,378.526,0.914,Repeating_Blips
4155,1246325824.574,74.265,2378.556,1.0,Extremely_Loud
4156,1246325845.375,166.995,3464.271,1.0,Extremely_Loud
4157,1246325848.693,40.396,1818.598,1.0,Extremely_Loud
4158,1246325848.693,40.396,1818.598,1.0,Extremely_Loud
4159,1246325855.747,10.389,1935.067,0.994,Blip
4160,1246325855.747,10.389,1935.067,0.994,Blip
4161,1246325880.445,39.419,1291.497,0.992,Koi_Fish
4162,1246325880.445,39.419,1291.497,0.992,Koi_Fish
4163,1246325883.843,68.757,3329.919,1.0,Extremely_Loud
4164,1246325898.929,193.953,3201.357,0.952,Extremely_Loud
4165,1246325950.146,174.451,3881.874,1.0,Extremely_Loud
4166,1246325953.582,23.799,1707.97,0.978,Koi_Fish
4167,1246325953.582,23.799,1707.97,0.978,Koi_Fish
4168,1246325964.531,10.447,554.225,1.0,Blip
4169,1246325964.531,10.447,554.225,1.0,Blip
4170,1246326240.488,58.043,2378.556,0.973,Extremely_Loud
4171,1246327238.645,46.643,1928.011,0.925,Extremely_Loud
4172,1246328459.42,88.638,3409.167,0.984,Extremely_Loud
4173,1246328648.251,76.963,2634.428,0.999,Extremely_Loud
4174,1246330884.527,56.528,2378.556,0.987,Extremely_Loud
4175,1246330887.544,16.865,1155.883,0.988,Extremely_Loud
4176,1246336597.279,19429.512,3983.241,1.0,Extremely_Loud
4177,1246337158.101,638.397,3983.241,1.0,Extremely_Loud
4178,1246337516.734,27.159,2833.64,0.999,Whistle
4179,1246337597.676,81.226,3350.311,0.922,Extremely_Loud
4180,1246337938.756,573.719,3983.241,0.967,Extremely_Loud
4181,1246338009.367,54.088,2964.093,0.909,Extremely_Loud
4182,1246338009.367,54.088,2964.093,0.909,Extremely_Loud
4183,1246338130.396,55.795,3703.979,1.0,Extremely_Loud
4184,1246338130.396,55.795,3703.979,1.0,Extremely_Loud
4185,1246339609.104,7.928,316.332,0.976,Blip
4186,1246339609.104,7.928,316.332,0.976,Blip
4187,1246339609.871,8.445,181.084,0.998,Blip
4188,1246339609.871,8.445,181.084,0.998,Blip
4189,1246339635.109,140.955,3703.979,1.0,Extremely_Loud
4190,1246339635.109,140.955,3703.979,1.0,Extremely_Loud
4191,1246341802.063,21.098,3427.638,0.923,Scattered_Light
4192,1246349074.003,9.666,167.468,1.0,Blip
4193,1246349119.844,7.73,3746.261,0.938,Low_Frequency_Burst
4194,1246361820.608,73.399,838.455,0.984,Koi_Fish
4195,1246363234.285,41.977,2319.412,0.993,Extremely_Loud
4196,1246364568.068,10.121,2372.003,0.916,Blip
4197,1246373482.594,7.898,20.195,0.999,Low_Frequency_Lines
4198,1246378968.469,32.66,2402.417,0.945,Koi_Fish
4199,1246379951.254,39.641,89.302,0.943,Tomte
4200,1246383242.387,5325.188,3350.311,1.0,Extremely_Loud
4201,1246383536.009,7.534,171.608,1.0,Blip
4202,1246393379.714,20.913,300.189,0.998,Blip
4203,1246394918.635,9.112,3888.931,1.0,Blip
4204,1246395659.656,27.03,1340.535,1.0,Scattered_Light
4205,1246396779.427,879.414,3680.246,1.0,Extremely_Loud
4206,1246400431.736,103.747,3427.638,1.0,Koi_Fish
4207,1246401397.785,28.636,3409.167,0.962,Tomte
4208,1246411523.395,39.489,89.302,0.981,Koi_Fish
4209,1246415918.699,259.719,550.03,1.0,Extremely_Loud
4210,1246433195.975,9.859,78.045,0.977,Blip
4211,1246439053.227,7.818,295.768,0.998,Whistle
4212,1246443377.605,14.517,61.335,0.922,Tomte
4213,1246448464.813,341.33,2159.763,1.0,Extremely_Loud
4214,1246452057.735,49.5,681.417,0.999,Koi_Fish
4215,1246456153.123,103.877,2378.556,1.0,Koi_Fish
4216,1246460975.266,7.51,20.195,0.902,Low_Frequency_Burst
4217,1246475322.262,19.523,2964.093,0.999,Tomte
4218,1246481542.762,84.266,3557.086,0.906,Koi_Fish
4219,1246481992.072,80.433,3983.241,1.0,Koi_Fish
4220,1246487379.228,46.473,679.099,0.985,Koi_Fish
4221,1246491072.602,397.214,3983.241,0.992,Extremely_Loud
4222,1246502337.826,55.092,1101.336,1.0,Koi_Fish
4223,1246503890.629,167.737,3030.486,0.999,Extremely_Loud
4224,1246504597.465,45.998,3799.787,0.997,Extremely_Loud
4225,1246509691.352,81.779,2327.745,0.988,Koi_Fish
4226,1246517370.533,71.813,3983.241,1.0,Koi_Fish
4227,1246518829.848,10.61,91.18,0.983,Tomte
4228,1246518913.834,13.468,1538.622,0.996,Tomte
4229,1246522056.061,188.358,3367.249,0.99,Koi_Fish
4230,1246523105.375,1655.64,2651.052,0.998,Extremely_Loud
4231,1246534318.109,17.531,3464.271,0.983,Scattered_Light
4232,1246534333.906,11.391,3881.874,1.0,Low_Frequency_Lines
4233,1246534386.504,9.072,73.85,0.972,Tomte
4234,1246534391.369,10.356,78.045,0.973,Blip
4235,1246534392.652,10.3,3730.675,0.959,Tomte
4236,1246534409.111,16.023,2360.253,0.99,Tomte
4237,1246534419.654,8.562,61.335,0.992,Tomte
4238,1246534426.316,9.63,1835.895,0.984,Tomte
4239,1246534672.406,13.95,3813.464,0.973,Scattered_Light
4240,1246535233.531,9.402,295.994,0.998,Low_Frequency_Lines
4241,1246535247.449,8.627,51.198,0.925,Tomte
4242,1246535258.469,9.849,3799.787,0.998,Low_Frequency_Burst
4243,1246537645.588,283.576,1172.549,0.947,Extremely_Loud
4244,1246538151.719,8.338,20.195,0.955,Low_Frequency_Burst
4245,1246540864.836,8.134,290.307,0.991,Whistle
4246,1246541405.398,10.396,373.043,0.999,Whistle
4247,1246541715.711,8.303,1080.994,0.995,Whistle
4248,1246543336.258,20.909,411.93,1.0,Whistle
4249,1246545031.103,23.419,2085.487,0.999,Blip
4250,1246590937.252,7.692,1469.043,0.998,Blip
4251,1246590941.387,9.471,61.335,0.995,Tomte
4252,1246591678.381,11.6,89.302,0.955,Tomte
4253,1246591694.766,8.672,2575.802,0.952,Scratchy
4254,1246592295.602,8.917,144.527,0.981,Tomte
4255,1246592314.071,7.626,155.959,0.956,Scratchy
4256,1246592343.164,7.55,372.381,0.999,Whistle
4257,1246592592.406,8.17,103.353,0.982,Scratchy
4258,1246592727.219,8.89,521.109,0.966,Low_Frequency_Lines
4259,1246593547.891,12.082,26.59,0.927,Low_Frequency_Burst
4260,1246593772.364,23.996,1028.149,1.0,Extremely_Loud
4261,1246594054.906,8.409,23.057,0.998,Low_Frequency_Burst
4262,1246594172.846,8.286,89.302,0.998,Blip
4263,1246594430.322,7.597,96.359,0.96,Blip
4264,1246594451.853,15.109,457.602,1.0,Blip
4265,1246594529.578,9.714,2834.458,0.93,Low_Frequency_Burst
4266,1246594696.109,7.805,20.195,0.99,Low_Frequency_Burst
4267,1246595178.172,8.106,20.195,0.954,Low_Frequency_Burst
4268,1246595263.719,10.112,2533.664,0.993,Low_Frequency_Burst
4269,1246595405.125,28.248,2634.428,1.0,Scattered_Light
4270,1246596928.766,8.912,3908.818,0.997,Low_Frequency_Burst
4271,1246597646.809,246.878,363.574,0.979,Extremely_Loud
4272,1246598362.109,7.509,432.686,0.99,Low_Frequency_Burst
4273,1246598793.469,8.918,3703.979,0.984,Low_Frequency_Burst
4274,1246599236.012,16.432,1563.095,0.946,Tomte
4275,1246599238.355,10.823,196.925,0.931,Tomte
4276,1246599260.375,14.967,23.057,0.997,Low_Frequency_Lines
4277,1246601596.828,9.612,1850.077,1.0,Low_Frequency_Burst
4278,1246602007.273,8.062,301.479,0.998,Whistle
4279,1246603582.254,10.089,1660.984,0.995,Tomte
4280,1246603591.105,9.569,73.85,0.994,Tomte
4281,1246604586.273,8.847,23.057,1.0,Low_Frequency_Burst
4282,1246604625.199,10.427,51.198,0.902,Tomte
4283,1246604716.52,10.126,73.85,0.975,Tomte
4284,1246604957.563,11.981,23.057,0.965,Low_Frequency_Lines
4285,1246608719.719,10.45,20.838,0.918,Scattered_Light
4286,1246608973.531,7.802,2579.423,1.0,Low_Frequency_Burst
4287,1246609470.766,7.574,20.195,1.0,Low_Frequency_Burst
4288,1246609937.094,10.138,23.057,0.923,Low_Frequency_Burst
4289,1246611284.496,30.144,2581.851,0.994,Extremely_Loud
4290,1246611340.301,57.88,131.936,0.988,Koi_Fish
4291,1246611476.688,71.005,3703.979,0.981,Extremely_Loud
4292,1246624070.822,38.571,3425.439,0.99,Koi_Fish
4293,1246626269.313,8.4,29.937,0.999,Scattered_Light
4294,1246627110.859,7.579,23.057,0.962,Low_Frequency_Burst
4295,1246627605.074,10.555,61.335,0.997,Tomte
4296,1246627631.342,9.167,89.302,0.924,Tomte
4297,1246627636.494,11.454,108.381,0.997,Tomte
4298,1246627637.439,8.566,63.212,0.926,Tomte
4299,1246627803.805,13.139,36.338,1.0,Low_Frequency_Burst
4300,1246630040.279,14.966,1928.011,0.988,Koi_Fish
4301,1246630067.053,13.742,1087.004,0.913,Tomte
4302,1246630263.471,8.022,133.813,0.984,Repeating_Blips
4303,1246630266.826,8.753,1186.463,0.974,Blip
4304,1246630267.404,8.346,123.333,0.999,Repeating_Blips
4305,1246630267.696,8.546,3888.931,1.0,Repeating_Blips
4306,1246630331.705,9.471,75.727,0.969,Tomte
4307,1246630332.752,8.81,63.212,0.96,Tomte
4308,1246630340.843,11.353,136.131,0.998,Blip
4309,1246630371.224,7.509,139.942,0.992,Blip
4310,1246630415.465,518.703,196.925,0.995,Extremely_Loud
4311,1246630604.665,11.261,447.013,1.0,Repeating_Blips
4312,1246630613.771,7.876,268.246,0.999,Blip
4313,1246630626.609,10.169,300.189,1.0,Blip
4314,1246630705.196,8.598,138.993,0.986,Blip
4315,1246630745.629,10.711,61.335,0.999,Tomte
4316,1246630766.911,8.699,165.977,1.0,Blip
4317,1246630769.056,7.761,303.051,1.0,Blip
4318,1246630777.204,7.753,2101.63,1.0,Blip
4319,1246630791.87,10.606,378.526,1.0,Blip
4320,1246630852.809,9.664,51.198,0.974,Tomte
4321,1246630984.91,7.945,91.18,0.979,Tomte
4322,1246631340.327,237.914,3983.241,0.997,Extremely_Loud
4323,1246631355.192,82.744,2378.556,0.942,Extremely_Loud
4324,1246631507.533,30.132,3896.826,1.0,Whistle
4325,1246631623.576,77.236,2341.528,0.993,Extremely_Loud
4326,1246631848.829,14.991,168.075,1.0,Blip
4327,1246644830.238,27.793,2634.428,0.986,Extremely_Loud
4328,1246658365.611,29.273,3750.457,0.995,Koi_Fish
4329,1246659808.371,8.556,161.781,0.912,Blip
4330,1246663281.336,8.71,26.59,1.0,Low_Frequency_Burst
4331,1246665093.332,10.469,131.936,0.94,Tomte
4332,1246665800.736,119.947,3590.782,0.992,Extremely_Loud
4333,1246666076.577,7.705,1182.871,0.941,Repeating_Blips
4334,1246666085.95,13.326,243.135,0.974,Blip
4335,1246666119.417,8.356,378.526,1.0,Blip
4336,1246666123.287,8.752,457.602,0.997,Repeating_Blips
4337,1246666123.806,9.815,248.315,0.937,Repeating_Blips
4338,1246666125.097,8.073,322.982,0.924,Repeating_Blips
4339,1246666126.776,9.582,3986.919,0.953,Repeating_Blips
4340,1246666128.487,12.375,306.584,0.995,Blip
4341,1246666131.45,9.084,276.456,0.96,Repeating_Blips
4342,1246666132.286,11.777,303.051,0.978,Repeating_Blips
4343,1246666133.78,8.765,211.877,0.952,Repeating_Blips
4344,1246666134.366,8.224,461.965,0.986,Repeating_Blips
4345,1246666138.136,8.159,188.006,0.909,Repeating_Blips
4346,1246666140.774,45.2,2964.093,1.0,Extremely_Loud
4347,1246666146.847,8.333,203.982,1.0,Blip
4348,1246666173.802,9.816,217.263,0.97,Blip
4349,1246666175.774,8.816,181.356,0.988,Blip
4350,1246666186.409,8.266,128.719,1.0,Blip
4351,1246666190.632,9.494,175.97,0.995,Repeating_Blips
4352,1246666194.179,13.79,256.21,0.994,Blip
4353,1246666194.818,17.313,454.069,0.937,Repeating_Blips
4354,1246666195.388,11.131,457.602,1.0,Repeating_Blips
4355,1246666245.458,8.348,232.123,1.0,Blip
4356,1246666253.696,9.919,211.877,0.994,Repeating_Blips
4357,1246666254.253,13.276,303.051,0.991,Repeating_Blips
4358,1246666260.343,17.895,447.013,0.987,Repeating_Blips
4359,1246666264.931,12.258,303.051,0.994,Repeating_Blips
4360,1246666265.354,13.974,457.602,1.0,Repeating_Blips
4361,1246666265.789,12.716,245.453,0.999,Repeating_Blips
4362,1246666266.822,15.327,2634.428,0.986,Repeating_Blips
4363,1246666269.903,10.408,268.246,0.999,Repeating_Blips
4364,1246666270.692,7.682,123.333,1.0,Blip
4365,1246666273.785,10.386,131.936,0.987,Tomte
4366,1246666274.93,9.597,585.228,0.971,Repeating_Blips
4367,1246666275.888,11.42,268.246,0.985,Repeating_Blips
4368,1246666277.315,8.893,223.913,0.989,Repeating_Blips
4369,1246666277.667,8.712,261.596,1.0,Repeating_Blips
4370,1246666279.204,10.676,261.596,0.996,Repeating_Blips
4371,1246666280.032,8.373,201.12,0.955,Blip
4372,1246666281.413,11.36,2687.658,0.95,Repeating_Blips
4373,1246666282.216,10.023,165.213,0.996,Repeating_Blips
4374,1246666282.602,8.662,211.877,1.0,Repeating_Blips
4375,1246666282.95,7.892,118.971,0.996,Blip
4376,1246666288.191,10.613,51.198,0.984,Tomte
4377,1246666289.927,9.975,378.526,0.976,Blip
4378,1246666297.987,9.091,447.013,0.989,Repeating_Blips
4379,1246666300.809,11.271,834.26,0.96,Tomte
4380,1246666314.277,9.437,108.381,0.958,Tomte
4381,1246666345.54,9.164,248.315,0.942,Repeating_Blips
4382,1246666346.966,9.842,3089.927,0.915,Blip
4383,1246666348.964,12.898,447.013,0.974,Blip
4384,1246666374.193,7.854,61.335,0.994,Tomte
4385,1246666402.751,7.806,276.456,0.996,Repeating_Blips
4386,1246666426.909,14.069,303.051,0.994,Repeating_Blips
4387,1246666427.185,11.325,217.761,0.999,Repeating_Blips
4388,1246666440.717,8.845,322.982,0.965,Blip
4389,1246666441.289,9.57,607.88,0.986,Repeating_Blips
4390,1246666453.487,26.952,3464.271,0.999,Repeating_Blips
4391,1246666464.356,7.77,769.603,0.972,Repeating_Blips
4392,1246666464.987,7.976,750.524,0.924,Repeating_Blips
4393,1246666469.776,7.677,3259.207,1.0,Repeating_Blips
4394,1246666471.645,15.226,3746.534,0.979,Scratchy
4395,1246666473.013,10.001,1359.916,0.999,Repeating_Blips
4396,1246666476.112,11.905,892.111,0.985,Repeating_Blips
4397,1246666476.667,13.283,879.595,1.0,Repeating_Blips
4398,1246666476.91,13.708,1325.385,0.998,Repeating_Blips
4399,1246666477.421,9.213,118.971,0.992,Repeating_Blips
4400,1246666477.554,10.713,1101.451,1.0,Repeating_Blips
4401,1246666477.993,8.538,378.526,0.999,Repeating_Blips
4402,1246666483.042,13.958,3208.413,0.985,Repeating_Blips
4403,1246666484.05,11.201,451.208,0.971,Repeating_Blips
4404,1246666493.951,8.86,1963.209,0.988,Repeating_Blips
4405,1246666507.889,16.278,2625.649,0.982,Repeating_Blips
4406,1246666518.165,10.381,3631.826,0.916,Scratchy
4407,1246666536.64,9.1,1620.945,0.983,Scratchy
4408,1246666570.61,8.145,206.353,0.973,Scratchy
4409,1246666584.794,8.215,261.596,1.0,Scratchy
4410,1246666588.142,8.884,310.946,0.994,Scratchy
4411,1246666590.056,8.891,390.562,0.986,Scratchy
4412,1246666591.796,13.168,844.85,0.97,Repeating_Blips
4413,1246666592.358,8.846,109.64,0.988,Repeating_Blips
4414,1246666592.786,8.699,482.21,1.0,Repeating_Blips
4415,1246666593.548,10.09,175.97,0.971,Repeating_Blips
4416,1246666593.778,9.371,317.572,0.959,Repeating_Blips
4417,1246666595.854,8.977,217.263,0.998,Repeating_Blips
4418,1246666661.543,10.875,482.903,0.927,Scratchy
4419,1246666685.107,46.396,3178.75,0.997,Repeating_Blips
4420,1246666686.55,11.228,934.472,0.991,Blip
4421,1246666693.012,11.169,2413.754,0.917,Scratchy
4422,1246666693.705,8.814,421.424,0.986,Scratchy
4423,1246666694.363,9.391,504.863,0.942,Scratchy
4424,1246666696.349,11.19,2363.931,0.997,Scratchy
4425,1246666699.249,7.962,421.424,0.998,Scratchy
4426,1246666699.7,8.558,585.228,0.957,Scratchy
4427,1246666700.295,8.731,659.63,0.985,Scratchy
4428,1246666700.933,9.65,492.347,0.977,Scratchy
4429,1246666701.66,7.623,421.424,0.974,Scratchy
4430,1246666702.256,8.054,417.419,1.0,Scratchy
4431,1246666703.049,7.561,341.329,1.0,Scratchy
4432,1246666703.346,9.932,938.126,0.999,Scratchy
4433,1246666705.116,9.812,1876.529,0.999,Scratchy
4434,1246666705.271,9.675,722.557,0.989,Scratchy
4435,1246666706.862,9.897,591.592,1.0,Scratchy
4436,1246666707.635,9.393,480.221,0.999,Scratchy
4437,1246666707.884,8.141,3203.603,1.0,Scratchy
4438,1246666709.174,7.675,341.329,1.0,Scratchy
4439,1246666709.639,10.181,585.228,0.998,Scratchy
4440,1246666710.271,9.441,398.772,0.992,Scratchy
4441,1246666710.855,7.591,299.108,0.989,Scratchy
4442,1246666711.264,8.692,504.863,0.999,Scratchy
4443,1246666711.69,7.544,286.593,1.0,Scratchy
4444,1246666712.026,8.169,421.424,0.996,Scratchy
4445,1246666712.433,7.691,254.775,1.0,Scratchy
4446,1246666712.937,9.03,408.909,0.998,Scratchy
4447,1246666714.828,7.61,398.772,0.999,Scratchy
4448,1246666715.04,9.682,286.593,0.996,Scratchy
4449,1246666715.366,7.563,369.296,0.998,Scratchy
4450,1246666715.709,9.963,286.593,0.992,Scratchy
4451,1246666717.284,7.763,331.192,0.903,Scratchy
4452,1246666718.344,7.69,2670.984,0.994,Scratchy
4453,1246666718.993,7.787,369.296,1.0,Scratchy
4454,1246666719.245,8.188,421.424,0.99,Scratchy
4455,1246666719.578,8.266,3064.093,0.991,Scratchy
4456,1246666719.896,7.719,353.844,0.946,Scratchy
4457,1246666721.833,8.368,408.909,0.971,Scratchy
4458,1246666722.285,8.162,398.772,0.997,Scratchy
4459,1246666723.465,8.331,436.877,1.0,Scratchy
4460,1246666723.721,7.673,595.365,0.997,Scratchy
4461,1246666735.1,8.181,369.296,0.984,Scratchy
4462,1246666739.408,7.895,1076.95,0.999,Scratchy
4463,1246666740.583,8.626,408.909,0.991,Repeating_Blips
4464,1246666756.4,7.663,520.315,0.997,Scratchy
4465,1246666756.669,9.341,520.315,0.997,Scratchy
4466,1246666757.096,7.722,623.333,0.975,Scratchy
4467,1246666757.221,8.244,607.88,0.98,Scratchy
4468,1246666758.049,9.639,550.03,0.955,Repeating_Blips
4469,1246666760.061,7.73,455.955,0.981,Repeating_Blips
4470,1246666760.241,9.821,492.347,0.999,Repeating_Blips
4471,1246666761.999,10.003,504.863,0.97,Scratchy
4472,1246666762.0,9.759,1954.999,0.926,Scratchy
4473,1246666762.681,10.788,474.0,0.994,Scratchy
4474,1246666765.319,18.224,861.248,0.98,Scratchy
4475,1246666766.47,13.002,712.42,0.92,Scratchy
4476,1246666769.662,9.011,474.0,0.98,Scratchy
4477,1246666770.671,8.58,398.772,0.916,Scratchy
4478,1246666774.016,12.638,261.596,0.971,Repeating_Blips
4479,1246666774.548,8.446,322.982,0.999,Scratchy
4480,1246666775.434,12.647,316.332,0.997,Blip
4481,1246666778.362,14.357,390.562,1.0,Blip
4482,1246666780.335,10.706,276.456,0.987,Repeating_Blips
4483,1246666783.989,10.847,223.913,1.0,Blip
4484,1246666787.438,18.253,316.332,0.987,Blip
4485,1246666792.202,9.463,482.21,0.981,Repeating_Blips
4486,1246666793.091,16.702,3161.766,0.993,Repeating_Blips
4487,1246666802.687,8.619,152.274,0.983,Repeating_Blips
4488,1246666820.777,9.923,482.21,0.912,Repeating_Blips
4489,1246666821.075,9.956,492.347,0.979,Repeating_Blips
4490,1246666822.177,12.037,482.21,0.919,Scratchy
4491,1246666823.839,12.172,398.772,0.944,Repeating_Blips
4492,1246666825.366,13.159,474.0,0.974,Repeating_Blips
4493,1246666826.32,17.174,704.21,1.0,Repeating_Blips
4494,1246666826.725,9.883,482.21,0.969,Repeating_Blips
4495,1246666827.057,10.249,331.192,0.999,Repeating_Blips
4496,1246666827.358,9.029,398.772,1.0,Repeating_Blips
4497,1246666827.532,11.722,4003.579,1.0,Repeating_Blips
4498,1246666834.331,9.026,276.456,0.999,Blip
4499,1246666837.11,10.693,398.772,0.997,Repeating_Blips
4500,1246666838.187,12.527,482.21,0.934,Repeating_Blips
4501,1246666861.544,8.039,232.123,0.998,Blip
4502,1246666864.221,10.081,331.192,0.958,Repeating_Blips
4503,1246666869.974,9.894,331.192,1.0,Blip
4504,1246666914.218,11.516,575.092,0.964,Repeating_Blips
4505,1246666914.684,11.096,1632.659,0.981,Repeating_Blips
4506,1246666915.107,8.571,331.192,0.977,Repeating_Blips
4507,1246666915.797,13.33,704.21,0.995,Repeating_Blips
4508,1246666916.132,16.255,697.56,0.96,Blip
4509,1246666917.417,14.02,462.954,0.99,Repeating_Blips
4510,1246666918.451,17.207,869.458,0.975,Repeating_Blips
4511,1246666919.026,12.252,322.982,0.995,Repeating_Blips
4512,1246666921.862,8.045,329.353,0.941,Repeating_Blips
4513,1246666923.851,11.086,692.941,0.997,Repeating_Blips
4514,1246666924.247,11.215,585.228,1.0,Repeating_Blips
4515,1246666925.129,15.419,474.0,0.998,Repeating_Blips
4516,1246666929.657,12.044,2108.28,0.983,Repeating_Blips
4517,1246666930.256,18.364,1048.487,0.987,Repeating_Blips
4518,1246666931.082,15.732,1875.139,0.972,Scratchy
4519,1246666931.843,14.967,704.21,0.957,Repeating_Blips
4520,1246666934.48,11.441,854.598,0.967,Repeating_Blips
4521,1246666934.921,12.956,1728.308,0.999,Repeating_Blips
4522,1246666936.114,11.285,467.351,0.995,Repeating_Blips
4523,1246666936.589,15.441,854.598,0.994,Repeating_Blips
4524,1246666936.941,15.708,704.21,0.998,Repeating_Blips
4525,1246666937.953,14.175,861.248,0.999,Repeating_Blips
4526,1246666938.546,13.359,704.21,0.951,Repeating_Blips
4527,1246666939.648,13.891,697.56,0.999,Repeating_Blips
4528,1246666941.633,8.68,722.557,0.991,Repeating_Blips
4529,1246666943.062,9.373,511.586,0.988,Repeating_Blips
4530,1246666945.843,9.164,712.42,0.991,Repeating_Blips
4531,1246666946.086,11.21,482.21,0.955,Repeating_Blips
4532,1246666946.661,11.646,570.368,0.999,Repeating_Blips
4533,1246666947.059,9.658,268.246,0.929,Repeating_Blips
4534,1246666947.893,9.149,869.458,0.989,Scratchy
4535,1246666948.4,7.998,498.728,0.999,Scratchy
4536,1246666948.529,9.803,408.909,0.986,Scratchy
4537,1246666949.421,8.882,421.424,0.946,Repeating_Blips
4538,1246666949.834,11.277,712.42,0.995,Repeating_Blips
4539,1246666950.374,8.792,722.557,0.961,Scratchy
4540,1246666952.011,8.377,492.347,0.987,Repeating_Blips
4541,1246666952.344,11.147,879.595,0.974,Repeating_Blips
4542,1246666952.628,8.975,276.456,0.956,Repeating_Blips
4543,1246666953.14,12.234,1055.137,0.992,Repeating_Blips
4544,1246666953.687,8.203,482.21,1.0,Repeating_Blips
4545,1246666954.091,8.276,397.456,0.999,Repeating_Blips
4546,1246666954.502,10.14,585.228,1.0,Repeating_Blips
4547,1246666954.925,10.73,585.228,0.994,Repeating_Blips
4548,1246666955.413,10.219,408.909,0.95,Repeating_Blips
4549,1246666956.254,9.944,482.21,0.995,Repeating_Blips
4550,1246666957.503,11.868,474.0,1.0,Repeating_Blips
4551,1246666957.759,9.641,474.0,0.999,Repeating_Blips
4552,1246666957.978,13.9,1055.137,0.997,Repeating_Blips
4553,1246666959.027,10.508,577.018,0.944,Repeating_Blips
4554,1246666959.793,8.504,341.329,0.992,Repeating_Blips
4555,1246666960.178,7.796,712.42,0.953,Repeating_Blips
4556,1246666961.278,9.291,331.192,0.996,Scratchy
4557,1246666962.868,9.594,585.228,0.997,Repeating_Blips
4558,1246666963.274,9.698,722.557,0.984,Repeating_Blips
4559,1246666965.612,8.745,1217.884,0.986,Repeating_Blips
4560,1246666968.039,10.592,390.562,0.939,Repeating_Blips
4561,1246666968.911,8.949,482.21,0.961,Repeating_Blips
4562,1246666970.352,11.507,879.595,0.964,Repeating_Blips
4563,1246666970.959,9.898,398.772,0.994,Repeating_Blips
4564,1246666971.317,9.561,607.88,0.971,Repeating_Blips
4565,1246666976.555,9.917,595.365,0.961,Blip
4566,1246666979.98,8.273,492.347,1.0,Repeating_Blips
4567,1246666981.475,10.302,408.909,0.99,Repeating_Blips
4568,1246666982.667,8.698,585.228,0.99,Repeating_Blips
4569,1246666986.623,8.097,2142.286,0.938,Repeating_Blips
4570,1246666990.569,7.55,369.296,0.954,Repeating_Blips
4571,1246666994.656,8.481,276.456,0.999,Blip
4572,1246666995.668,7.954,276.456,0.922,Repeating_Blips
4573,1246666996.884,8.25,436.877,0.938,Repeating_Blips
4574,1246667000.304,10.701,722.557,0.921,Repeating_Blips
4575,1246667001.276,9.265,712.42,0.992,Repeating_Blips
4576,1246667001.456,9.236,722.278,0.972,Repeating_Blips
4577,1246667001.685,11.386,3235.238,0.969,Repeating_Blips
4578,1246667003.837,10.574,244.445,1.0,Blip
4579,1246667007.738,10.457,276.456,1.0,Blip
4580,1246667021.239,8.222,482.21,0.999,Blip
4581,1246667021.907,7.566,286.593,0.993,Blip
4582,1246667024.664,10.017,408.909,1.0,Blip
4583,1246667032.776,7.772,181.356,1.0,Blip
4584,1246667059.907,7.754,181.356,1.0,Blip
4585,1246667064.51,9.388,390.562,1.0,Blip
4586,1246667066.307,8.993,735.072,0.906,Repeating_Blips
4587,1246667070.036,9.793,585.228,0.928,Repeating_Blips
4588,1246667071.012,9.964,480.723,0.999,Blip
4589,1246667072.195,11.002,461.965,0.999,Repeating_Blips
4590,1246667072.511,8.574,316.332,0.997,Repeating_Blips
4591,1246667075.378,8.984,492.347,0.992,Repeating_Blips
4592,1246667076.882,11.963,841.317,0.908,Repeating_Blips
4593,1246667077.894,11.467,482.21,0.999,Repeating_Blips
4594,1246667083.038,29.604,2563.995,0.963,Repeating_Blips
4595,1246667088.032,12.863,697.56,0.94,Repeating_Blips
4596,1246667088.365,10.087,586.258,0.935,Repeating_Blips
4597,1246667093.573,13.594,712.42,0.958,Repeating_Blips
4598,1246667093.978,10.761,2999.291,0.999,Repeating_Blips
4599,1246667094.341,11.011,467.351,0.993,Repeating_Blips
4600,1246667096.433,7.82,480.723,0.995,Repeating_Blips
4601,1246667098.925,10.827,595.086,0.998,Repeating_Blips
4602,1246667100.032,12.626,3269.99,0.922,Blip
4603,1246667105.858,10.075,3577.424,0.981,Blip
4604,1246667109.767,8.988,286.286,0.917,Repeating_Blips
4605,1246667110.063,10.679,482.21,0.998,Repeating_Blips
4606,1246667110.768,8.992,492.347,0.998,Repeating_Blips
4607,1246667111.017,10.731,869.458,0.971,Repeating_Blips
4608,1246667112.301,7.624,504.863,0.985,Repeating_Blips
4609,1246667112.661,12.071,1312.87,0.999,Repeating_Blips
4610,1246667121.806,9.265,551.813,0.998,Repeating_Blips
4611,1246667128.585,10.614,907.563,0.995,Repeating_Blips
4612,1246667142.382,7.698,232.123,0.97,Repeating_Blips
4613,1246667173.675,8.007,482.21,0.989,Blip
4614,1246667187.129,7.577,390.562,1.0,Repeating_Blips
4615,1246667187.541,13.274,854.598,0.927,Repeating_Blips
4616,1246667191.964,7.963,223.913,0.997,Blip
4617,1246667196.662,15.022,564.982,0.926,Repeating_Blips
4618,1246667197.981,13.938,570.368,0.965,Repeating_Blips
4619,1246667200.278,8.921,217.263,0.999,Repeating_Blips
4620,1246667200.784,9.88,474.0,1.0,Repeating_Blips
4621,1246667201.224,22.364,692.174,1.0,Repeating_Blips
4622,1246667201.565,18.443,570.368,1.0,Repeating_Blips
4623,1246667202.49,15.959,564.982,1.0,Repeating_Blips
4624,1246667204.037,9.415,585.228,1.0,Repeating_Blips
4625,1246667204.311,13.651,697.56,1.0,Repeating_Blips
4626,1246667206.683,21.043,849.213,1.0,Repeating_Blips
4627,1246667206.939,9.727,482.21,0.999,Repeating_Blips
4628,1246667208.914,7.866,369.296,0.969,Repeating_Blips
4629,1246667209.212,14.57,585.228,1.0,Repeating_Blips
4630,1246667209.488,12.376,560.62,1.0,Repeating_Blips
4631,1246667210.013,25.959,1583.433,1.0,Repeating_Blips
4632,1246667210.509,10.941,268.246,1.0,Repeating_Blips
4633,1246667210.945,12.148,322.982,1.0,Repeating_Blips
4634,1246667211.326,9.553,276.456,1.0,Repeating_Blips
4635,1246667211.575,14.859,570.368,1.0,Repeating_Blips
4636,1246667211.911,8.607,492.347,1.0,Repeating_Blips
4637,1246667212.052,8.351,383.912,0.997,Repeating_Blips
4638,1246667212.343,11.605,2413.754,0.989,Repeating_Blips
4639,1246667213.344,8.627,331.192,1.0,Repeating_Blips
4640,1246667213.941,19.369,3425.439,0.995,Repeating_Blips
4641,1246667222.876,9.113,722.557,1.0,Repeating_Blips
4642,1246667223.176,27.305,1048.487,0.977,Repeating_Blips
4643,1246667223.405,7.784,3107.917,0.997,Repeating_Blips
4644,1246667223.81,25.508,1583.433,0.998,Repeating_Blips
4645,1246667225.663,8.573,683.332,0.976,Repeating_Blips
4646,1246667226.115,12.926,1278.873,0.963,Repeating_Blips
4647,1246667226.651,12.714,704.21,0.988,Repeating_Blips
4648,1246667226.875,7.586,232.123,1.0,Repeating_Blips
4649,1246667227.364,14.009,3163.159,0.95,Repeating_Blips
4650,1246667227.617,10.083,607.88,0.997,Repeating_Blips
4651,1246667230.227,18.999,687.812,0.988,Repeating_Blips
4652,1246667230.961,22.733,2089.653,0.992,Repeating_Blips
4653,1246667232.123,24.698,3772.388,1.0,Repeating_Blips
4654,1246667234.54,18.951,2951.167,0.999,Repeating_Blips
4655,1246667234.92,13.4,704.21,1.0,Repeating_Blips
4656,1246667235.292,8.453,331.192,1.0,Repeating_Blips
4657,1246667235.592,9.802,467.351,0.999,Repeating_Blips
4658,1246667236.063,16.538,861.248,1.0,Repeating_Blips
4659,1246667236.277,9.73,408.909,1.0,Repeating_Blips
4660,1246667237.069,9.94,251.848,1.0,Repeating_Blips
4661,1246667237.59,16.078,697.56,1.0,Repeating_Blips
4662,1246667238.457,13.497,2643.949,0.974,Repeating_Blips
4663,1246667239.328,23.374,1573.685,1.0,Repeating_Blips
4664,1246667239.719,8.825,520.315,1.0,Repeating_Blips
4665,1246667239.945,8.755,316.332,0.995,Repeating_Blips
4666,1246667240.248,13.774,869.458,0.997,Repeating_Blips
4667,1246667240.498,15.392,1055.137,0.999,Repeating_Blips
4668,1246667240.686,12.642,1272.127,0.986,Repeating_Blips
4669,1246667241.202,11.194,838.455,0.999,Repeating_Blips
4670,1246667241.842,8.561,482.21,0.956,Repeating_Blips
4671,1246667242.504,10.916,1063.347,0.964,Repeating_Blips
4672,1246667242.998,11.755,1055.137,1.0,Repeating_Blips
4673,1246667243.32,11.796,697.56,1.0,Repeating_Blips
4674,1246667243.681,11.5,1287.873,1.0,Repeating_Blips
4675,1246667279.789,13.55,577.018,1.0,Repeating_Blips
4676,1246667280.024,9.438,599.769,1.0,Repeating_Blips
4677,1246667280.434,20.091,692.174,1.0,Repeating_Blips
4678,1246667280.837,14.718,564.982,1.0,Repeating_Blips
4679,1246667281.113,9.035,474.0,1.0,Repeating_Blips
4680,1246667281.326,20.67,1578.047,1.0,Repeating_Blips
4681,1246667282.247,18.934,841.317,0.999,Repeating_Blips
4682,1246667282.802,18.375,854.598,0.998,Repeating_Blips
4683,1246667283.027,11.634,2125.221,1.0,Repeating_Blips
4684,1246667283.323,12.209,577.018,1.0,Repeating_Blips
4685,1246667283.855,20.21,692.174,1.0,Repeating_Blips
4686,1246667284.287,18.511,570.368,1.0,Repeating_Blips
4687,1246667284.741,14.47,868.142,0.998,Repeating_Blips
4688,1246667285.007,14.541,697.56,0.996,Repeating_Blips
4689,1246667285.58,34.199,1035.206,0.999,Repeating_Blips
4690,1246667286.236,9.851,2984.431,1.0,Repeating_Blips
4691,1246667290.997,11.565,3213.958,0.978,Scratchy
4692,1246667296.527,7.849,1107.891,0.999,Scratchy
4693,1246667296.86,7.523,421.424,0.984,Scratchy
4694,1246667302.751,9.116,3592.284,0.953,Repeating_Blips
4695,1246667304.912,8.553,520.315,0.956,Repeating_Blips
4696,1246667305.578,8.793,482.21,0.981,Repeating_Blips
4697,1246667305.839,8.354,331.192,0.998,Repeating_Blips
4698,1246667313.571,16.643,575.092,0.977,Blip
4699,1246667314.361,14.256,564.982,0.985,Repeating_Blips
4700,1246667315.333,10.59,3411.074,0.934,Repeating_Blips
4701,1246667318.015,9.326,390.562,0.997,Repeating_Blips
4702,1246667318.474,11.384,322.982,0.953,Repeating_Blips
4703,1246667322.074,11.415,585.228,0.994,Repeating_Blips
4704,1246667322.518,14.199,482.21,0.978,Scratchy
4705,1246667325.335,14.81,3642.384,0.971,Scratchy
4706,1246667325.493,8.509,260.659,0.965,Scratchy
4707,1246667325.957,7.721,299.108,0.961,Repeating_Blips
4708,1246667326.449,13.903,467.351,0.993,Repeating_Blips
4709,1246667330.29,8.057,2451.859,0.98,Repeating_Blips
4710,1246667330.658,9.323,623.333,0.988,Repeating_Blips
4711,1246667330.964,9.167,869.458,0.983,Repeating_Blips
4712,1246667336.351,7.52,270.228,0.909,Repeating_Blips
4713,1246667339.885,7.501,455.955,0.99,Repeating_Blips
4714,1246667344.814,8.482,595.365,0.914,Blip
4715,1246667347.167,12.586,474.0,0.999,Repeating_Blips
4716,1246667349.231,10.703,390.562,0.963,Repeating_Blips
4717,1246667351.065,7.527,341.329,0.994,Repeating_Blips
4718,1246667361.908,8.068,341.329,0.986,Repeating_Blips
4719,1246667363.66,7.956,750.524,0.989,Scratchy
4720,1246667363.908,8.319,520.315,0.915,Scratchy
4721,1246667364.609,7.965,299.108,0.981,Scratchy
4722,1246667366.381,7.55,2451.859,0.999,Repeating_Blips
4723,1246667366.509,7.871,520.315,0.961,Repeating_Blips
4724,1246667366.872,10.052,735.072,0.987,Repeating_Blips
4725,1246667367.988,12.868,861.248,0.993,Repeating_Blips
4726,1246667375.601,9.443,1847.809,0.931,Repeating_Blips
4727,1246667390.963,7.558,3259.207,0.982,Scratchy
4728,1246667402.226,11.176,474.0,0.985,Scratchy
4729,1246667485.218,18.822,306.584,0.99,Repeating_Blips
4730,1246667489.917,11.829,251.848,0.972,Blip
4731,1246667495.65,19.223,297.871,1.0,Blip
4732,1246667549.615,8.02,331.192,1.0,Blip
4733,1246667562.24,13.089,912.009,0.919,Scratchy
4734,1246667567.504,8.3,1278.125,0.996,Repeating_Blips
4735,1246667568.419,8.802,408.909,0.936,Repeating_Blips
4736,1246667568.625,8.118,261.596,0.942,Repeating_Blips
4737,1246667571.435,10.763,570.368,0.974,Repeating_Blips
4738,1246667571.942,8.363,570.368,0.996,Repeating_Blips
4739,1246667583.039,10.298,474.0,1.0,Repeating_Blips
4740,1246667584.088,8.579,861.248,0.985,Repeating_Blips
4741,1246667584.621,7.826,595.365,0.985,Repeating_Blips
4742,1246667596.472,8.342,181.356,0.994,Scratchy
4743,1246667609.233,15.848,693.62,0.983,Repeating_Blips
4744,1246667611.215,8.316,709.481,0.949,Scratchy
4745,1246667626.347,8.739,585.228,0.989,Repeating_Blips
4746,1246667626.603,12.36,474.0,0.999,Repeating_Blips
4747,1246667646.275,7.738,388.375,0.999,Repeating_Blips
4748,1246667649.116,10.979,396.783,0.905,Repeating_Blips
4749,1246667654.73,8.476,276.456,1.0,Blip
4750,1246667661.542,9.797,242.26,0.993,Blip
4751,1246667667.485,7.643,268.246,0.91,Blip
4752,1246667692.94,7.978,217.263,1.0,Blip
4753,1246667697.977,10.119,1046.337,0.969,Scratchy
4754,1246667702.531,12.984,1063.347,0.929,Repeating_Blips
4755,1246667704.09,19.322,1929.471,0.924,Scratchy
4756,1246667708.697,22.199,2964.093,0.984,Repeating_Blips
4757,1246667712.237,7.999,607.88,0.932,Scratchy
4758,1246667719.727,9.13,768.633,0.94,Scratchy
4759,1246667843.964,7.872,108.381,0.905,Tomte
4760,1246667850.219,9.248,20.838,0.983,Low_Frequency_Lines
4761,1246667896.649,9.102,175.97,0.999,Blip
4762,1246668018.755,18.763,300.189,0.978,Blip
4763,1246668268.843,13.613,316.332,0.917,Blip
4764,1246668294.701,10.673,1929.888,0.986,Blip
4765,1246668308.4,14.227,108.381,0.995,Tomte
4766,1246668374.619,13.138,115.437,1.0,Blip
4767,1246668579.785,10.924,585.228,0.942,Blip
4768,1246668581.437,9.847,474.073,1.0,Repeating_Blips
4769,1246668581.68,10.414,564.982,1.0,Repeating_Blips
4770,1246668583.731,9.535,322.982,1.0,Repeating_Blips
4771,1246668584.176,14.423,1043.101,1.0,Repeating_Blips
4772,1246668584.629,14.428,1287.873,1.0,Repeating_Blips
4773,1246668585.768,7.925,408.909,0.999,Repeating_Blips
4774,1246668586.41,17.311,1564.099,0.996,Repeating_Blips
4775,1246668588.79,17.255,1936.016,1.0,Repeating_Blips
4776,1246668589.97,9.936,704.21,1.0,Repeating_Blips
4777,1246668609.896,40.551,3908.818,0.997,Extremely_Loud
4778,1246668689.162,8.529,971.864,0.992,Blip
4779,1246669218.352,8.031,108.381,0.967,Tomte
4780,1246669434.54,107.11,3983.241,1.0,Extremely_Loud
4781,1246669444.09,14.178,285.758,0.991,Tomte
4782,1246669464.08,8.756,2412.843,1.0,Blip
4783,1246669469.66,15.963,131.936,0.961,Tomte
4784,1246670020.221,58.744,2002.241,1.0,Koi_Fish
4785,1246670286.551,10.342,61.335,0.992,Tomte
4786,1246670482.59,18.737,89.302,0.998,Tomte
4787,1246670531.541,13.194,131.936,0.945,Tomte
4788,1246670570.598,7.515,1506.581,0.974,Tomte
4789,1246670693.646,9.032,75.727,0.965,Tomte
4790,1246670699.294,7.956,93.497,0.951,Tomte
4791,1246670708.928,11.236,133.813,0.937,Tomte
4792,1246670712.082,7.864,89.302,0.965,Tomte
4793,1246670715.256,8.445,201.12,0.997,Blip
4794,1246670732.842,8.428,99.892,0.999,Blip
4795,1246670781.554,8.32,99.892,0.987,Blip
4796,1246670790.896,8.858,251.848,1.0,Repeating_Blips
4797,1246670798.905,9.395,123.333,1.0,Blip
4798,1246670801.373,8.18,96.359,1.0,Blip
4799,1246670803.47,7.673,96.359,1.0,Blip
4800,1246670886.916,7.693,84.44,0.991,Blip
4801,1246670905.024,8.333,118.971,0.998,Blip
4802,1246670917.796,7.701,94.188,1.0,Blip
4803,1246670938.291,7.633,78.045,0.989,Blip
4804,1246671093.938,10.329,3369.126,0.977,Scattered_Light
4805,1246671164.668,8.679,51.198,0.912,Tomte
4806,1246671222.104,11.118,363.574,0.991,Repeating_Blips
4807,1246671223.968,7.871,104.255,1.0,Repeating_Blips
4808,1246671224.323,9.959,165.213,0.999,Repeating_Blips
4809,1246671231.081,9.884,302.104,0.972,Repeating_Blips
4810,1246671231.224,7.723,211.877,0.994,Repeating_Blips
4811,1246671231.664,8.18,2186.75,0.999,Repeating_Blips
4812,1246671232.026,11.413,256.21,1.0,Repeating_Blips
4813,1246671233.422,9.509,3250.727,0.922,Repeating_Blips
4814,1246671235.003,11.345,365.357,0.979,Repeating_Blips
4815,1246671236.21,8.295,256.21,0.983,Repeating_Blips
4816,1246671252.997,13.785,196.925,0.951,Blip
4817,1246671277.615,18.808,108.381,0.987,Tomte
4818,1246671282.028,16.853,196.925,0.935,Blip
4819,1246671289.119,11.777,117.734,0.907,Tomte
4820,1246671302.322,10.745,162.896,0.939,Blip
4821,1246671339.402,14.45,51.198,0.972,Tomte
4822,1246671342.652,11.69,51.198,0.985,Tomte
4823,1246671457.588,14.592,108.381,0.998,Tomte
4824,1246671462.121,13.454,108.381,0.984,Tomte
4825,1246671469.502,8.583,89.302,0.978,Tomte
4826,1246671475.59,8.793,73.85,0.993,Tomte
4827,1246671493.918,8.594,61.335,0.993,Tomte
4828,1246671504.007,7.669,569.666,0.997,Blip
4829,1246671505.06,7.761,131.936,0.91,Blip
4830,1246671789.906,9.26,3746.261,0.998,Low_Frequency_Lines
4831,1246672243.244,9.692,91.18,0.987,Repeating_Blips
4832,1246672288.701,8.993,1840.961,0.993,Tomte
4833,1246672295.455,12.272,108.381,0.995,Tomte
4834,1246672298.322,9.923,73.85,0.974,Tomte
4835,1246673283.539,13.486,3835.788,1.0,Low_Frequency_Burst
4836,1246673319.039,15.138,51.198,0.999,Low_Frequency_Burst
4837,1246675487.864,156.6,3409.167,1.0,Extremely_Loud
4838,1246676677.781,7.504,20.195,0.96,Low_Frequency_Burst
4839,1246676726.348,9.802,89.302,0.99,Tomte
4840,1246676732.123,7.614,61.335,0.95,Tomte
4841,1246676865.322,7.55,1932.206,0.976,Repeating_Blips
4842,1246676866.393,8.87,138.993,0.992,Repeating_Blips
4843,1246677101.199,8.212,51.198,0.987,Tomte
4844,1246677127.012,8.496,61.335,0.998,Tomte
4845,1246677506.434,9.327,30.952,0.931,Low_Frequency_Burst
4846,1246677578.898,7.703,26.59,0.972,Low_Frequency_Burst
4847,1246677655.809,9.281,30.952,0.964,Low_Frequency_Burst
4848,1246677710.152,10.946,61.335,0.996,Tomte
4849,1246677733.574,11.366,61.335,0.943,Tomte
4850,1246677749.846,18.197,89.302,0.997,Tomte
4851,1246677771.176,11.311,61.335,0.999,Tomte
4852,1246677797.207,11.17,51.198,0.921,Tomte
4853,1246677821.629,10.608,36.338,1.0,Low_Frequency_Burst
4854,1246677976.348,9.727,42.988,0.953,Tomte
4855,1246678055.242,15.552,3551.692,0.999,Low_Frequency_Burst
4856,1246678095.367,9.568,61.335,0.994,Tomte
4857,1246678124.902,16.889,2741.265,1.0,Low_Frequency_Burst
4858,1246678654.035,15.029,2634.428,0.991,Tomte
4859,1246678718.43,10.206,36.338,1.0,Low_Frequency_Burst
4860,1246678727.699,13.118,51.198,0.97,Tomte
4861,1246678984.922,8.062,20.195,0.991,Low_Frequency_Burst
4862,1246679300.688,9.477,3201.357,0.998,Low_Frequency_Lines
4863,1246679587.969,8.253,3872.13,0.915,Low_Frequency_Lines
4864,1246680137.469,7.781,20.838,0.972,Low_Frequency_Burst
4865,1246680490.613,14.165,61.335,0.932,Tomte
4866,1246680507.191,22.556,2964.093,0.999,Tomte
4867,1246680697.791,81.927,241.258,1.0,Koi_Fish
4868,1246681041.281,9.845,1644.648,0.932,Low_Frequency_Lines
4869,1246681255.965,38.977,3582.116,0.925,Koi_Fish
4870,1246681452.803,12.231,161.018,0.915,Tomte
4871,1246682563.262,144.065,3080.93,1.0,Extremely_Loud
4872,1246682748.144,136.179,3490.641,0.998,Extremely_Loud
4873,1246682750.867,89.457,2378.556,0.968,Extremely_Loud
4874,1246682901.156,9.21,1606.482,0.973,Low_Frequency_Burst
4875,1246683016.123,115.269,2964.093,0.939,Extremely_Loud
4876,1246683599.541,145.274,3813.464,1.0,Koi_Fish
4877,1246684168.281,8.319,20.195,0.994,Low_Frequency_Burst
4878,1246810352.085,8.087,223.913,1.0,Blip
4879,1246810356.468,7.843,474.0,0.983,Repeating_Blips
4880,1246810357.328,7.776,286.593,0.999,Repeating_Blips
4881,1246810360.021,14.474,1055.137,0.94,Repeating_Blips
4882,1246810360.343,14.21,1648.25,1.0,Repeating_Blips
4883,1246810360.713,11.341,869.458,0.971,Repeating_Blips
4884,1246810363.119,16.058,457.602,0.952,Blip
4885,1246810363.792,13.935,704.21,0.985,Repeating_Blips
4886,1246810363.999,9.258,704.21,1.0,Repeating_Blips
4887,1246810364.418,11.976,704.21,0.998,Repeating_Blips
4888,1246810365.326,10.252,316.332,0.984,Repeating_Blips
4889,1246810365.833,15.339,383.912,0.974,Repeating_Blips
4890,1246810367.315,21.339,2031.192,0.99,Blip
4891,1246810370.608,25.199,1274.592,0.993,Blip
4892,1246810371.731,26.821,1573.685,0.999,Repeating_Blips
4893,1246810372.234,20.377,1043.101,1.0,Repeating_Blips
4894,1246810372.638,18.596,1294.523,1.0,Repeating_Blips
4895,1246810372.939,11.753,861.248,1.0,Repeating_Blips
4896,1246810373.315,16.274,1963.209,1.0,Repeating_Blips
4897,1246810373.59,13.832,1055.137,0.995,Repeating_Blips
4898,1246810373.746,13.57,1038.739,1.0,Repeating_Blips
4899,1246810374.086,15.202,1043.101,1.0,Repeating_Blips
4900,1246810374.32,11.464,1038.739,1.0,Repeating_Blips
4901,1246810374.971,11.059,1063.347,0.95,Repeating_Blips
4902,1246810375.093,9.62,577.018,0.999,Repeating_Blips
4903,1246810376.249,17.006,3247.035,0.997,Repeating_Blips
4904,1246810377.45,13.583,1043.101,1.0,Repeating_Blips
4905,1246810377.698,16.708,3884.839,0.992,Repeating_Blips
4906,1246810378.168,17.817,1777.854,0.998,Repeating_Blips
4907,1246810380.31,16.968,1269.412,0.992,Repeating_Blips
4908,1246810381.387,16.738,844.85,1.0,Repeating_Blips
4909,1246810381.713,18.53,1043.101,1.0,Repeating_Blips
4910,1246810381.856,7.867,474.0,0.968,Repeating_Blips
4911,1246810384.634,15.244,1608.359,1.0,Blip
4912,1246810385.784,21.1,677.222,0.909,Repeating_Blips
4913,1246810400.384,13.464,3013.168,1.0,Repeating_Blips
4914,1246810400.962,13.093,365.451,0.992,Repeating_Blips
4915,1246810519.196,9.067,261.596,0.914,Repeating_Blips
4916,1246810520.233,14.078,1568.729,1.0,Repeating_Blips
4917,1246821184.393,17.101,91.18,0.995,Tomte
4918,1246826705.375,519.011,3746.261,1.0,Extremely_Loud
4919,1246902261.434,15.746,2964.093,0.996,Tomte
4920,1246931658.444,11.179,146.888,1.0,Blip
4921,1246931660.938,19.377,3411.434,1.0,Extremely_Loud
4922,1246931661.26,114.572,2277.907,0.999,Koi_Fish
4923,1246936287.879,12.882,89.302,0.999,Tomte
4924,1246937405.57,2658.781,3703.979,0.999,Extremely_Loud
4925,1246987727.143,8.132,65.53,0.984,Blip
4926,1246992984.297,204.8,3133.541,1.0,Extremely_Loud
4927,1246996344.594,9.91,20.195,0.99,Low_Frequency_Burst
4928,1246998248.379,22.375,73.85,0.988,Tomte
4929,1247000872.598,18.18,61.335,0.992,Tomte
4930,1247001915.342,1382.221,3464.271,1.0,Extremely_Loud
4931,1247004287.935,31.337,367.769,1.0,Koi_Fish
4932,1247005212.32,18.927,3192.406,0.982,Extremely_Loud
4933,1247005338.879,21.774,2378.556,0.982,Extremely_Loud
4934,1247005443.883,9.468,1413.829,0.943,Tomte
4935,1247005447.723,7.862,133.813,0.984,Blip
4936,1247005454.832,8.007,73.85,0.958,Tomte
4937,1247005462.238,11.486,241.258,0.981,Blip
4938,1247005537.309,8.75,61.335,0.904,Tomte
4939,1247005539.684,7.569,61.335,0.946,Tomte
4940,1247005618.945,14.582,882.203,0.978,Koi_Fish
4941,1247008850.566,302.482,3703.979,0.998,Extremely_Loud
4942,1247008852.762,12.328,73.85,0.993,Tomte
4943,1247009849.668,16.06,61.335,0.999,Tomte
4944,1247012712.027,16.706,2380.434,0.996,Tomte
4945,1247022203.732,105.171,295.994,1.0,Koi_Fish
4946,1247022436.605,9.818,51.198,0.945,Tomte
4947,1247025420.82,12.73,2486.379,0.997,Low_Frequency_Burst
4948,1247027859.875,450.23,3582.116,1.0,Extremely_Loud
4949,1247027920.188,904.192,3659.138,1.0,Extremely_Loud
4950,1247030029.406,12.707,2964.093,0.988,Scattered_Light
4951,1247030455.565,40.269,2533.664,0.981,Koi_Fish
4952,1247031307.906,7.702,20.195,0.957,Low_Frequency_Burst
4953,1247031638.357,45.011,1495.84,0.994,Koi_Fish
4954,1247033532.035,12.13,51.198,0.992,Tomte
4955,1247034889.504,18.297,3001.96,1.0,Tomte
4956,1247036208.715,15.725,3983.241,0.999,Tomte
4957,1247038989.867,1282.368,3703.979,1.0,Extremely_Loud
4958,1247047323.406,10.75,26.157,1.0,Low_Frequency_Burst
4959,1247047439.828,8.883,20.195,1.0,Low_Frequency_Burst
4960,1247047619.344,8.216,2237.822,1.0,Low_Frequency_Burst
4961,1247052651.535,1171.318,1788.453,1.0,Extremely_Loud
4962,1247052692.469,7.618,20.838,0.991,Low_Frequency_Burst
4963,1247053401.405,9.939,211.877,1.0,Blip
4964,1247054802.916,8.693,115.437,0.998,Blip
4965,1247055035.996,118.646,161.018,0.99,Koi_Fish
4966,1247068456.082,56.759,3006.243,0.998,Koi_Fish
4967,1247072374.094,7.539,349.907,0.996,Low_Frequency_Lines
4968,1247073514.441,23.331,73.85,0.993,Tomte
4969,1247082526.934,9.073,1850.077,0.973,Low_Frequency_Burst
4970,1247082550.762,8.91,3582.116,0.999,Low_Frequency_Burst
4971,1247082597.8,7.718,93.497,0.927,Blip
4972,1247082611.251,77.076,3680.246,1.0,Extremely_Loud
4973,1247082680.468,71.784,2651.052,1.0,Extremely_Loud
4974,1247082687.512,120.178,3908.818,0.998,Extremely_Loud
4975,1247082706.082,134.936,2930.829,0.998,Extremely_Loud
4976,1247082785.867,49.782,3582.116,0.989,Low_Frequency_Burst
4977,1247082855.324,202.237,3590.782,0.995,Extremely_Loud
4978,1247082918.273,51.101,3350.311,0.939,Extremely_Loud
4979,1247083037.845,64.045,3582.116,0.98,Extremely_Loud
4980,1247083143.649,40.271,3615.396,0.983,Repeating_Blips
4981,1247083174.121,14.703,551.514,0.998,Blip
4982,1247083229.8,8.346,3134.689,0.945,Scratchy
4983,1247083356.503,127.475,3703.979,0.996,Extremely_Loud
4984,1247083376.831,11.038,261.596,0.987,Scratchy
4985,1247083548.317,74.916,3409.167,1.0,Extremely_Loud
4986,1247083558.172,182.385,3764.125,0.997,Extremely_Loud
4987,1247083670.857,148.215,3464.271,0.999,Extremely_Loud
4988,1247083687.945,263.841,3945.854,1.0,Extremely_Loud
4989,1247083759.043,221.079,3881.874,0.998,Extremely_Loud
4990,1247083764.026,196.518,3746.261,0.999,Extremely_Loud
4991,1247083769.918,10.178,108.381,0.984,Tomte
4992,1247083823.375,147.03,2769.374,1.0,Extremely_Loud
4993,1247083829.458,170.164,3582.116,0.999,Extremely_Loud
4994,1247083840.948,167.567,3582.116,1.0,Extremely_Loud
4995,1247083944.415,161.947,3703.979,1.0,Extremely_Loud
4996,1247083950.476,186.815,3908.818,1.0,Extremely_Loud
4997,1247084001.975,129.077,3945.854,0.998,Extremely_Loud
4998,1247084801.388,7.774,142.526,1.0,Blip
4999,1247084803.124,139.57,3409.167,0.995,Extremely_Loud
5000,1247084831.189,88.205,3872.13,0.905,Extremely_Loud
5001,1247084835.941,56.53,2634.428,0.996,Extremely_Loud
5002,1247084858.219,8.633,20.838,0.996,Low_Frequency_Lines
5003,1247085654.938,10.329,146.888,1.0,Blip
5004,1247085815.333,195.947,3983.241,0.999,Extremely_Loud
5005,1247087635.645,25.228,2630.957,0.947,Extremely_Loud
5006,1247088358.727,12.084,3881.874,0.989,Low_Frequency_Burst
5007,1247088624.176,261.487,2378.556,1.0,Extremely_Loud
5008,1247088825.387,525.553,3983.241,1.0,Extremely_Loud
5009,1247094625.121,16.542,75.727,1.0,Tomte
5010,1247096712.995,255.724,3983.241,1.0,Koi_Fish
5011,1247099575.207,10.596,51.198,0.908,Tomte
5012,1247106270.405,32.359,295.994,0.99,Koi_Fish
5013,1247106313.113,17.791,61.335,0.998,Tomte
5014,1247119047.337,9.116,3275.99,1.0,Blip
5015,1247119196.031,9.237,558.695,1.0,Scattered_Light
5016,1247127103.059,12.705,53.075,0.998,Tomte
5017,1247131929.906,11.665,20.195,1.0,Low_Frequency_Burst
5018,1247132047.063,8.527,3881.874,0.994,Low_Frequency_Lines
5019,1247161518.795,52.975,196.925,0.963,Koi_Fish
5020,1247163854.207,44.706,3703.979,0.99,Low_Frequency_Burst
5021,1247167084.847,55.53,3983.241,0.999,Koi_Fish
5022,1247167661.333,85.178,3985.119,0.999,Koi_Fish
5023,1247168527.196,123.226,1411.087,0.992,Koi_Fish
5024,1247168744.945,123.95,834.26,0.907,Extremely_Loud
5025,1247174265.805,15.185,386.276,1.0,Whistle
5026,1247174413.309,23.177,73.85,0.971,Tomte
5027,1247187461.68,9.908,297.87,0.993,Whistle
5028,1247187922.332,14.714,3910.695,0.961,Tomte
5029,1247188959.219,9.965,28.602,0.983,Low_Frequency_Burst
5030,1247189058.016,9.899,166.231,0.954,Scratchy
5031,1247189239.344,7.753,20.195,0.93,Low_Frequency_Burst
5032,1247190602.874,381.499,3983.241,1.0,Extremely_Loud
5033,1247190665.539,482.114,3983.241,1.0,Extremely_Loud
5034,1247190979.555,11.605,278.117,0.943,Scratchy
5035,1247191031.281,10.018,28.467,1.0,Scattered_Light
5036,1247191053.578,8.637,278.16,0.909,Whistle
5037,1247191571.031,8.035,3881.874,0.991,Low_Frequency_Burst
5038,1247191641.695,10.213,214.065,0.918,Whistle
5039,1247191920.445,8.303,279.623,0.94,Whistle
5040,1247192222.516,10.298,3939.724,0.971,Scratchy
5041,1247194039.547,12.641,312.633,0.97,Scratchy
5042,1247194122.594,10.97,1835.895,0.99,Low_Frequency_Burst
5043,1247194511.844,9.152,1028.149,0.996,Low_Frequency_Burst
5044,1247194619.188,7.661,1028.149,0.999,Low_Frequency_Lines
5045,1247194811.328,12.332,4041.092,0.939,Scratchy
5046,1247194924.672,19.325,286.593,0.906,Scratchy
5047,1247194987.016,7.731,18.134,1.0,Low_Frequency_Burst
5048,1247195876.789,9.125,299.511,0.972,Whistle
5049,1247196478.109,10.391,211.874,0.944,Scratchy
5050,1247196982.555,8.598,4050.888,0.925,Whistle
5051,1247200461.914,11.751,278.16,0.921,Whistle
5052,1247200871.055,8.203,372.381,0.992,Whistle
5053,1247201028.023,9.463,280.206,0.962,Whistle
5054,1247201150.075,10.652,168.075,1.0,Blip
5055,1247201304.441,26.034,73.85,0.911,Tomte
5056,1247201410.789,15.424,366.198,0.999,Whistle
5057,1247202154.352,15.326,3773.388,0.987,Whistle
5058,1247204318.57,8.811,375.643,0.926,Whistle
5059,1247204624.367,19.798,363.62,0.97,Whistle
5060,1247205412.242,11.34,2820.406,0.927,Whistle
5061,1247205527.828,16.536,265.147,0.999,Scratchy
5062,1247205528.297,13.01,173.707,0.995,Scratchy
5063,1247206323.516,11.984,3761.829,0.96,Scratchy
5064,1247206324.047,10.933,2409.174,0.914,Scratchy
5065,1247206536.109,13.325,1689.983,0.947,Scratchy
5066,1247206639.703,7.505,272.635,0.923,Scratchy
5067,1247206949.758,7.947,347.186,0.986,Whistle
5068,1247221991.82,8.985,1413.829,1.0,Low_Frequency_Burst
5069,1247222355.469,9.641,3026.664,1.0,Low_Frequency_Burst
5070,1247222648.281,8.535,3835.788,0.999,Low_Frequency_Burst
5071,1247223053.344,13.552,3983.241,0.996,Scattered_Light
5072,1247223506.891,12.308,3220.116,1.0,Whistle
5073,1247223537.148,7.706,374.174,0.996,Whistle
5074,1247231999.656,37.747,3249.652,0.999,Low_Frequency_Burst
5075,1247232035.047,12.403,3908.818,0.995,Scattered_Light
5076,1247232095.719,11.23,857.679,0.929,Scattered_Light
5077,1247232144.719,10.632,3983.241,0.991,Low_Frequency_Burst
5078,1247232193.906,8.462,2863.791,0.967,Low_Frequency_Burst
5079,1247232365.969,17.173,36.338,0.92,Low_Frequency_Burst
5080,1247232498.953,7.711,28.602,0.904,Low_Frequency_Burst
5081,1247232593.234,7.936,34.87,0.94,Low_Frequency_Burst
5082,1247232734.773,7.753,292.058,0.934,Whistle
5083,1247233269.406,9.971,3813.464,0.981,Low_Frequency_Burst
5084,1247233315.07,8.123,413.779,0.966,Whistle
5085,1247233509.09,180.688,3361.459,0.938,Koi_Fish
5086,1247233667.219,7.662,3983.241,0.979,Low_Frequency_Burst
5087,1247233745.922,37.783,3201.357,0.957,Whistle
5088,1247234111.797,10.013,3983.241,0.998,Low_Frequency_Burst
5089,1247235817.984,7.76,26.59,1.0,Low_Frequency_Burst
5090,1247235867.656,15.161,2836.932,0.908,Low_Frequency_Burst
5091,1247235888.969,14.602,1582.634,0.989,Low_Frequency_Burst
5092,1247235896.594,16.944,3908.818,0.975,Low_Frequency_Burst
5093,1247235997.906,23.108,1329.049,0.998,Low_Frequency_Burst
5094,1247236080.656,7.956,3881.874,0.944,Low_Frequency_Lines
5095,1247236139.344,11.948,3881.874,0.99,Low_Frequency_Burst
5096,1247236578.359,11.035,1569.392,1.0,Low_Frequency_Burst
5097,1247236686.031,10.693,23.057,0.998,Low_Frequency_Burst
5098,1247236691.391,7.902,162.874,0.999,Low_Frequency_Burst
5099,1247236882.992,11.738,1644.648,1.0,Extremely_Loud
5100,1247239322.094,8.439,359.862,1.0,Low_Frequency_Burst
5101,1247239488.719,11.453,23.057,0.987,Low_Frequency_Burst
5102,1247239722.781,15.969,1928.011,0.947,Low_Frequency_Burst
5103,1247240343.922,10.873,26.59,1.0,Low_Frequency_Burst
5104,1247240981.656,8.875,3464.271,0.985,Low_Frequency_Lines
5105,1247241679.656,14.514,3813.464,0.955,Low_Frequency_Burst
5106,1247248443.164,9.278,3715.01,0.995,Whistle
5107,1247249334.281,9.036,18.134,0.995,Low_Frequency_Burst
5108,1247249382.469,9.858,20.195,0.989,Low_Frequency_Burst
5109,1247251000.969,8.098,834.26,0.984,Low_Frequency_Lines
5110,1247251601.094,7.572,25.732,0.999,Scattered_Light
5111,1247251988.969,23.177,3983.241,0.984,Low_Frequency_Burst
5112,1247252336.766,49.165,2206.937,1.0,Whistle
5113,1247252510.992,8.542,3747.2,0.985,Whistle
5114,1247253314.57,11.14,2012.488,0.999,Whistle
5115,1247253616.336,16.008,300.564,0.994,Whistle
5116,1247254018.414,14.903,384.911,1.0,Whistle
5117,1247255271.438,11.22,604.575,1.0,Low_Frequency_Lines
5118,1247260463.406,12.158,3746.261,1.0,Low_Frequency_Burst
5119,1247260676.555,8.039,20.195,0.999,Low_Frequency_Burst
5120,1247261241.469,8.62,20.838,0.979,Low_Frequency_Burst
5121,1247261262.024,1014.921,3133.541,0.996,Extremely_Loud
5122,1247264345.656,8.303,20.195,1.0,Low_Frequency_Burst
5123,1247267478.742,63.749,4041.092,1.0,Whistle
5124,1247277206.973,23.136,3881.874,0.999,Tomte
5125,1247278413.645,27.238,3409.167,0.913,Extremely_Loud
5126,1247278417.758,13.535,3409.167,1.0,Low_Frequency_Burst
5127,1247279275.969,13.398,26.59,0.999,Low_Frequency_Burst
5128,1247283105.883,11.568,26.59,1.0,Low_Frequency_Burst
5129,1247285507.305,8.25,396.594,0.98,Whistle
5130,1247285531.691,105.761,241.258,0.963,Koi_Fish
5131,1247286002.898,8.423,24.263,0.931,Low_Frequency_Burst
5132,1247286581.438,440.302,3409.167,0.999,Extremely_Loud
5133,1247289465.422,9.329,32.829,0.976,Low_Frequency_Burst
5134,1247315751.932,72.245,3983.241,0.995,Koi_Fish
5135,1247316298.121,22.503,161.018,0.996,Tomte
5136,1247320555.852,9.948,374.157,0.998,Whistle
5137,1247321414.492,11.872,372.28,1.0,Whistle
5138,1247321543.875,19.477,3551.692,0.996,Extremely_Loud
5139,1247325341.375,9.228,26.59,0.999,Low_Frequency_Burst
5140,1247326485.703,14.926,265.806,0.969,Scratchy
5141,1247326939.07,8.545,380.778,0.902,Whistle
5142,1247327340.492,24.194,367.661,0.923,Whistle
5143,1247328012.77,120.393,2341.528,0.996,Koi_Fish
5144,1247328345.578,164.183,1405.862,0.999,Extremely_Loud
5145,1247332097.258,7.759,3151.261,0.974,Whistle
5146,1247332733.164,7.583,369.05,0.988,Whistle
5147,1247333064.18,14.3,2148.472,0.995,Whistle
5148,1247339960.717,283.308,2769.374,1.0,Extremely_Loud
5149,1247342031.283,12.483,93.497,0.91,Tomte
5150,1247361944.955,54.456,3026.664,1.0,Koi_Fish
5151,1247371099.878,9.565,138.385,0.989,Repeating_Blips
5152,1247371803.461,10.553,393.088,0.996,Whistle
5153,1247373626.098,188.038,3464.271,0.986,Koi_Fish
5154,1247377317.715,11.39,3240.109,0.999,Tomte
5155,1247378830.332,8.303,53.075,0.991,Tomte
5156,1247378976.105,283.594,3006.243,1.0,Extremely_Loud
5157,1247380307.707,501.935,3551.692,0.999,Extremely_Loud
5158,1247381404.039,7.604,384.017,0.946,Whistle
5159,1247383817.73,27.095,3983.241,0.996,Extremely_Loud
5160,1247386353.492,11.07,3411.045,0.998,Low_Frequency_Burst
5161,1247386516.652,302.874,1818.598,1.0,Extremely_Loud
5162,1247387578.625,69.682,3983.241,0.991,Extremely_Loud
5163,1247391069.799,8.263,65.53,0.997,Blip
5164,1247391289.063,684.833,3983.241,0.999,Extremely_Loud
5165,1247393618.742,9.349,353.079,0.997,Whistle
5166,1247397761.423,168.607,3983.241,1.0,Extremely_Loud
5167,1247402014.188,14.48,3983.241,1.0,Scattered_Light
5168,1247404591.906,9.398,1643.292,1.0,Low_Frequency_Burst
5169,1247409416.277,1978.466,3582.116,1.0,Extremely_Loud
5170,1247409428.928,157.281,2081.292,1.0,Koi_Fish
5171,1247428219.439,7.562,99.892,0.906,Repeating_Blips
5172,1247428220.056,12.854,201.12,0.984,Blip
5173,1247428734.295,11.024,3063.277,0.998,Blip
5174,1247429200.456,151.048,1267.535,1.0,Koi_Fish
5175,1247430686.957,8.794,53.075,0.974,Tomte
5176,1247432497.745,56.41,3815.341,0.996,Koi_Fish
5177,1247434123.38,61.575,838.455,0.962,Koi_Fish
5178,1247439823.66,553.157,3624.799,1.0,Extremely_Loud
5179,1247440225.044,36.417,3008.12,0.999,Koi_Fish
5180,1247440390.232,35.127,2920.154,1.0,Koi_Fish
5181,1247441610.852,536.019,2337.938,1.0,Extremely_Loud
5182,1247441649.661,21.353,306.299,1.0,Blip
5183,1247442002.025,11.579,203.982,1.0,Blip
5184,1247447970.375,9.362,3192.406,0.939,Low_Frequency_Lines
5185,1247466060.449,10.013,372.28,0.999,Whistle
5186,1247468846.688,7.534,3136.171,0.982,Low_Frequency_Lines
5187,1247472144.102,21.354,341.329,0.904,Whistle
5188,1247472211.547,16.191,1661.953,0.939,Scratchy
5189,1247474952.742,11.355,287.913,0.939,Whistle
5190,1247486195.852,14.937,3522.121,0.919,Scratchy
5191,1247486631.119,8.858,80.478,0.984,Blip
5192,1247488248.011,83.231,3947.731,1.0,Koi_Fish
5193,1247488588.085,10.031,207.515,1.0,Blip
5194,1247489948.625,70.778,3908.818,0.971,Low_Frequency_Lines
5195,1247490780.789,1386.157,3983.241,1.0,Extremely_Loud
5196,1247512404.023,16.726,311.519,1.0,Whistle
5197,1247512404.927,7.662,165.977,1.0,Blip
5198,1247512840.954,50.145,363.574,1.0,Koi_Fish
5199,1247514882.906,8.185,1462.128,0.991,Low_Frequency_Lines
5200,1247517571.16,10.621,53.075,0.947,Tomte
5201,1247518322.962,40.118,551.908,0.979,Koi_Fish
5202,1247529154.285,263.94,3835.788,1.0,Extremely_Loud
5203,1247535432.416,7.629,65.53,0.997,Blip
5204,1247539813.219,568.95,3201.357,0.997,Extremely_Loud
5205,1247549089.508,7.767,398.344,0.947,Whistle
5206,1247552205.898,8.733,373.04,0.99,Whistle
5207,1247553043.031,7.684,23.057,0.921,Low_Frequency_Burst
5208,1247553758.789,8.309,386.276,0.996,Whistle
5209,1247554177.637,7.716,3567.676,0.949,Blip
5210,1247555978.008,10.142,208.96,1.0,Whistle
5211,1247557539.523,8.197,339.711,0.939,Whistle
5212,1247559358.395,8.061,375.643,0.997,Whistle
5213,1247562360.432,13.877,167.468,1.0,Blip
5214,1247562385.463,17.524,3590.782,0.956,Blip
5215,1247562577.231,130.036,3983.241,0.995,Koi_Fish
5216,1247567079.566,22.182,61.335,0.983,Tomte
5217,1247567523.803,10.511,65.53,0.991,Blip
5218,1247568003.531,8.175,3299.68,0.986,Low_Frequency_Lines
5219,1247569296.168,24.329,89.302,0.999,Tomte
5220,1247569492.863,14.503,61.335,0.983,Tomte
5221,1247569585.389,11.521,78.045,0.924,Blip
5222,1247570602.93,11.243,159.302,0.977,Low_Frequency_Lines
5223,1247571192.014,20.283,297.871,0.994,Blip
5224,1247578934.238,14.663,61.335,0.982,Tomte
5225,1247593713.691,246.475,2731.998,0.906,Koi_Fish
5226,1247599282.938,8.413,320.622,1.0,Low_Frequency_Lines
5227,1247602526.219,7.762,21.138,0.929,Low_Frequency_Lines
5228,1247603101.625,15.961,3835.788,0.994,Low_Frequency_Lines
5229,1247611488.273,8.952,386.276,0.999,Whistle
5230,1247613830.906,8.641,20.195,0.999,Low_Frequency_Lines
5231,1247624904.793,16.207,2318.713,0.988,Tomte
5232,1247624907.367,10.242,3480.835,0.958,Whistle
5233,1247625144.593,14.27,2385.613,1.0,Blip
5234,1247625653.227,7.906,374.989,0.934,Whistle
5235,1247626057.961,7.909,393.761,0.985,Whistle
5236,1247634628.914,8.838,392.345,0.998,Whistle
5237,1247635467.737,37.314,448.89,0.963,Koi_Fish
5238,1247635670.145,389.27,363.574,0.996,Koi_Fish
5239,1247635753.727,8.591,1946.924,0.982,Whistle
5240,1247635763.383,8.032,380.778,0.957,Whistle
5241,1247636271.555,9.823,3226.769,0.995,Whistle
5242,1247637559.059,8.4,352.974,0.992,Whistle
5243,1247637758.145,16.824,73.85,0.997,Tomte
5244,1247638393.273,9.644,352.974,0.987,Whistle
5245,1247639079.352,9.094,375.643,0.986,Whistle
5246,1247639367.536,17.844,3196.601,1.0,Blip
5247,1247640931.043,21.098,241.258,0.928,Koi_Fish
5248,1247641267.291,62.725,3409.167,1.0,Koi_Fish
5249,1247642086.832,105.982,370.246,1.0,Koi_Fish
5250,1247643982.993,165.723,3983.241,1.0,Extremely_Loud
5251,1247646445.836,8.429,380.778,0.979,Whistle
5252,1247646976.18,9.941,375.643,0.98,Whistle
5253,1247647061.125,4667.039,3983.241,1.0,Extremely_Loud
5254,1247650910.695,9.697,373.04,0.998,Whistle
5255,1247653436.914,3476.362,3983.241,1.0,Extremely_Loud
5256,1247657548.445,21.993,3525.103,1.0,Whistle
5257,1247657615.607,42.445,363.574,1.0,Koi_Fish
5258,1247659197.459,30.247,295.994,0.998,Koi_Fish
5259,1247662878.609,19.021,209.621,0.954,Scratchy
5260,1247670140.438,7.737,2651.052,0.999,Low_Frequency_Lines
5261,1247671021.076,8.851,2378.556,0.956,Tomte
5262,1247671071.255,9.118,142.526,1.0,Blip
5263,1247671429.649,57.66,551.908,1.0,Koi_Fish
5264,1247676702.103,59.146,3817.659,0.999,Blip
5265,1247677398.567,8.145,152.274,1.0,Blip
5266,1247678955.286,45.883,3987.436,0.925,Koi_Fish
5267,1247680359.915,13.757,201.12,1.0,Blip
5268,1247680831.101,10.462,198.803,0.972,Blip
5269,1247685396.598,28.104,220.259,0.999,Tomte
5270,1247700730.332,605.969,2920.99,0.979,Extremely_Loud
5271,1247704957.707,7.955,380.778,0.997,Whistle
5272,1247714915.504,25.15,3746.261,0.982,Koi_Fish
5273,1247714993.441,196.282,3983.241,0.985,Extremely_Loud
5274,1247715299.949,17.532,61.335,0.998,Tomte
5275,1247716742.305,13.251,300.273,0.972,Whistle
5276,1247717089.227,8.938,400.083,0.989,Whistle
5277,1247718018.32,9.101,386.276,0.988,Whistle
5278,1247718884.695,9.327,374.984,0.994,Whistle
5279,1247719112.375,4592.559,3835.788,1.0,Extremely_Loud
5280,1247719478.227,12.785,386.276,0.995,Whistle
5281,1247719641.727,9.668,385.35,0.977,Whistle
5282,1247719794.125,8.252,20.195,0.996,Scattered_Light
5283,1247721377.164,8.74,375.643,0.983,Whistle
5284,1247721667.492,11.598,372.28,0.999,Whistle
5285,1247722334.736,12.369,133.813,0.986,Blip
5286,1247723134.961,7.637,374.989,0.985,Whistle
5287,1247723193.117,9.424,375.643,0.98,Whistle
5288,1247724014.898,7.929,378.229,0.922,Whistle
5289,1247725867.938,8.06,20.195,1.0,Low_Frequency_Lines
5290,1247726143.117,9.564,375.643,0.999,Whistle
5291,1247727258.305,7.531,374.989,0.975,Whistle
5292,1247727346.18,9.344,386.276,0.996,Whistle
5293,1247727403.418,128.05,989.711,0.964,Koi_Fish
5294,1247727855.055,9.903,380.778,0.957,Whistle
5295,1247731990.648,8.906,212.794,0.996,Whistle
5296,1247732199.57,10.979,719.797,0.999,Whistle
5297,1247734345.336,9.669,392.345,0.998,Whistle
5298,1247735136.789,10.508,353.737,0.998,Whistle
5299,1247735421.008,11.364,315.039,0.94,Whistle
5300,1247735813.355,152.718,2823.051,0.998,Koi_Fish
5301,1247736135.195,11.086,1983.682,0.992,Whistle
5302,1247737457.586,9.964,2546.243,0.994,Whistle
5303,1247737514.914,10.099,374.816,0.999,Whistle
5304,1247737556.255,17.598,2773.569,1.0,Blip
5305,1247738523.477,7.683,369.854,0.906,Whistle
5306,1247738924.93,8.677,374.816,0.994,Whistle
5307,1247739244.445,8.042,2156.306,0.996,Whistle
5308,1247739270.133,10.071,1730.782,0.989,Whistle
5309,1247739871.004,9.011,386.276,0.993,Whistle
5310,1247739875.324,7.852,394.948,0.997,Whistle
5311,1247739912.336,8.898,394.948,0.992,Whistle
5312,1247740626.773,9.452,1024.539,0.993,Whistle
5313,1247740786.227,15.333,1809.732,0.997,Whistle
5314,1247741860.309,7.64,380.778,0.993,Whistle
5315,1247741910.023,8.912,387.953,0.986,Whistle
5316,1247742735.57,10.778,275.581,0.974,Whistle
5317,1247742817.289,7.879,375.643,0.976,Whistle
5318,1247742849.27,8.209,392.345,0.979,Whistle
5319,1247743804.648,9.148,667.482,0.995,Whistle
5320,1247743813.523,7.949,575.038,0.953,Whistle
5321,1247743953.086,10.724,220.266,0.994,Whistle
5322,1247744188.148,8.174,380.108,0.979,Whistle
5323,1247744684.117,7.714,386.943,0.972,Whistle
5324,1247744946.945,9.539,222.144,0.966,Whistle
5325,1247744999.086,17.155,357.194,0.998,Whistle
5326,1247745771.914,8.454,380.778,0.926,Whistle
5327,1247745779.428,35.319,363.574,1.0,Koi_Fish
5328,1247745871.273,7.565,2554.618,0.935,Whistle
5329,1247745990.008,9.018,369.854,0.969,Whistle
5330,1247746340.93,10.266,452.419,0.987,Whistle
5331,1247746767.945,8.153,386.276,0.98,Whistle
5332,1247748859.598,7.654,352.315,0.986,Whistle
5333,1247759280.633,11.747,278.81,0.961,Whistle
5334,1247759583.532,8.513,211.877,1.0,Blip
5335,1247761070.148,10.272,1367.61,0.998,Whistle
5336,1247761372.279,9.107,123.333,1.0,Blip
5337,1247766514.501,13.469,171.608,1.0,Blip
5338,1247771444.223,21.436,89.302,0.995,Tomte
5339,1247771464.598,79.564,108.381,0.919,Low_Frequency_Burst
5340,1247772692.591,29.874,451.208,0.997,Blip
5341,1247773158.492,18.468,1529.775,0.967,Whistle
5342,1247774729.68,18.531,2558.814,0.959,Whistle
5343,1247774856.07,13.826,310.667,0.982,Whistle
5344,1247774875.443,8.801,168.075,1.0,Blip
5345,1247775849.148,7.887,292.058,0.916,Low_Frequency_Burst
5346,1247779097.732,52.701,3983.241,1.0,Koi_Fish
5347,1247785095.304,9.727,171.608,1.0,Blip
5348,1247790407.07,7.866,372.381,0.96,Whistle
5349,1247790946.896,255.777,2741.265,0.987,Koi_Fish
5350,1247791792.039,8.092,394.948,0.977,Whistle
5351,1247796908.125,8.042,18.815,0.997,Low_Frequency_Lines
5352,1247801239.727,8.273,369.05,0.978,Whistle
5353,1247812187.551,7.546,374.984,0.988,Whistle
5354,1247815871.281,8.367,3703.979,0.999,Low_Frequency_Lines
5355,1247816613.472,9.367,152.274,0.999,Blip
5356,1247816867.508,11.125,372.28,0.989,Whistle
5357,1247845933.471,115.276,3813.464,1.0,Koi_Fish
5358,1247853506.66,15.172,295.994,0.914,Blip
5359,1247854738.333,10.167,207.082,1.0,Blip
5360,1247856424.938,832.631,3249.652,1.0,Extremely_Loud
5361,1247861756.4,160.84,2378.556,1.0,Koi_Fish
5362,1247861763.359,9.698,163.888,0.936,Scratchy
5363,1247862422.526,9.65,841.317,1.0,Blip
5364,1247866311.523,8.733,380.778,0.985,Whistle
5365,1247867620.844,161.965,3504.064,1.0,Scratchy
5366,1247868969.852,9.986,297.465,0.995,Whistle
5367,1247869790.027,8.403,296.67,0.981,Whistle
5368,1247871287.055,8.204,352.974,0.98,Whistle
5369,1247872192.867,7.561,1735.917,0.964,Whistle
5370,1247872987.52,372.447,447.013,0.979,Extremely_Loud
5371,1247874424.523,7.68,374.984,0.988,Whistle
5372,1247875263.414,8.64,316.007,0.993,Whistle
5373,1247875611.102,8.067,280.206,0.991,Whistle
5374,1247876186.18,8.261,273.663,0.984,Whistle
5375,1247876464.223,185.619,3983.241,0.999,Extremely_Loud
5376,1247878429.863,63.177,241.258,0.973,Koi_Fish
5377,1247878748.596,7.703,104.255,1.0,Blip
5378,1247881438.398,8.669,380.778,0.997,Whistle
5379,1247882556.414,9.08,375.643,0.989,Whistle
5380,1247883242.289,9.602,293.279,0.996,Whistle
5381,1247884370.604,8.303,142.526,1.0,Blip
5382,1247884697.773,9.183,374.816,0.997,Whistle
5383,1247885492.539,7.506,374.989,0.99,Whistle
5384,1247886023.539,10.601,375.643,0.997,Whistle
5385,1247886562.68,10.327,375.643,0.996,Whistle
5386,1247890868.523,7.743,3761.178,0.999,Whistle
5387,1247891302.356,19.525,306.584,1.0,Blip
5388,1247892833.914,243.999,1928.011,1.0,Extremely_Loud
5389,1247944496.363,19.812,161.018,0.924,Koi_Fish
5390,1247946083.989,27.806,3987.436,0.961,Blip
5391,1247947916.597,20.477,2402.417,1.0,Blip
5392,1247949515.52,12.205,110.258,0.98,Tomte
5393,1247950951.581,13.766,256.21,1.0,Blip
5394,1247955506.394,11.676,3990.298,0.949,Blip
5395,1247961626.23,15.718,51.198,0.996,Tomte
5396,1247962269.293,13.571,1374.535,0.999,Tomte
5397,1247971592.669,11.961,168.075,1.0,Blip
5398,1247972115.933,16.959,201.12,1.0,Blip
5399,1247979649.387,117.677,3201.357,0.941,Extremely_Loud
5400,1247987071.461,8.405,340.85,0.958,Whistle
5401,1247995146.037,8.164,203.375,1.0,Blip
5402,1247998284.1,68.001,3983.241,0.999,Koi_Fish
5403,1248002956.986,119.912,196.925,0.954,Koi_Fish
5404,1248006095.98,13.431,51.198,0.993,Tomte
5405,1248007516.132,130.155,3990.298,0.999,Repeating_Blips
5406,1248010055.156,9.622,3703.979,0.994,Low_Frequency_Burst
5407,1248032195.145,23.731,2741.265,0.996,Tomte
5408,1248033014.424,132.894,241.258,0.994,Koi_Fish
5409,1248044818.422,66.294,3059.082,1.0,Extremely_Loud
5410,1248045085.646,8.115,3768.32,0.999,Blip
5411,1248047985.426,14.705,3945.854,0.998,Tomte
5412,1248049425.076,16.339,245.453,1.0,Blip
5413,1248049776.975,32.955,3983.241,0.999,Koi_Fish
5414,1248056218.563,7.863,18.295,0.999,Low_Frequency_Lines
5415,1248066035.499,94.75,3983.241,1.0,Koi_Fish
5416,1248066501.125,116.099,2378.556,1.0,Extremely_Loud
5417,1248071916.898,9.14,353.079,0.989,Whistle
5418,1248079061.957,13.373,51.198,0.99,Tomte
5419,1248083088.93,125.45,3983.241,0.994,Extremely_Loud
5420,1248086356.49,8.648,2382.752,0.994,Blip
5421,1248089990.531,9.3,2433.42,0.992,Scratchy
5422,1248094732.701,158.226,2337.938,0.989,Koi_Fish
5423,1248098765.884,44.542,3615.396,0.992,Koi_Fish
5424,1248107466.438,8.279,172.523,0.995,Low_Frequency_Lines
5425,1248112846.934,295.81,3367.249,1.0,Extremely_Loud
5426,1248121534.344,119.495,3892.464,0.998,Scratchy
5427,1248123670.443,8.863,168.075,1.0,Blip
5428,1248123882.276,12.212,248.315,1.0,Blip
5429,1248129864.84,15.767,61.335,0.97,Tomte
5430,1248141668.125,7.745,859.344,0.983,Low_Frequency_Lines
5431,1248142698.495,9.811,165.213,0.999,Blip
5432,1248145445.752,18.925,3703.979,0.986,Blip
5433,1248145838.119,20.056,3617.273,0.995,Blip
5434,1248147093.533,30.363,3985.119,0.987,Koi_Fish
5435,1248150603.816,1681.945,3945.854,0.996,Extremely_Loud
5436,1248153253.054,8.803,256.21,1.0,Blip
5437,1248156614.879,68.906,196.925,0.992,Koi_Fish
5438,1248159577.555,9.26,80.3,1.0,Scratchy
5439,1248161139.242,10.739,52.252,1.0,Low_Frequency_Burst
5440,1248161435.798,101.045,3983.241,1.0,Koi_Fish
5441,1248161594.563,10.581,2464.946,1.0,Scattered_Light
5442,1248161975.982,12.064,89.302,0.991,Tomte
5443,1248162850.648,7.914,39.744,1.0,Scattered_Light
5444,1248162903.656,9.978,2967.5,1.0,Scattered_Light
5445,1248163109.875,2242.838,1267.535,1.0,Extremely_Loud
5446,1248166489.477,8.932,671.884,1.0,Low_Frequency_Burst
5447,1248169337.811,8.057,104.255,1.0,Blip
5448,1248169848.953,9.724,892.125,0.994,Scratchy
5449,1248170936.715,64.174,573.354,1.0,Extremely_Loud
5450,1248171320.406,9.966,1756.293,0.999,Scratchy
5451,1248174575.473,10.58,196.925,0.968,Blip
5452,1248178850.988,291.693,801.362,1.0,Extremely_Loud
5453,1248190084.059,18.263,2378.556,0.989,Tomte
5454,1248190953.537,536.894,1028.149,0.905,Extremely_Loud
5455,1248203413.875,3131.308,3133.541,0.999,Extremely_Loud
5456,1248205454.844,8.039,3082.807,0.952,Scattered_Light
5457,1248206196.094,7.544,1488.125,0.986,Low_Frequency_Lines
5458,1248206603.937,70.945,1036.466,0.999,Koi_Fish
5459,1248213143.44,8.307,390.562,1.0,Blip
5460,1248215039.473,63.157,1028.149,0.926,Koi_Fish
5461,1248221036.781,175.77,1160.79,1.0,Extremely_Loud
5462,1248227431.62,13.421,4003.579,1.0,Blip
5463,1248233248.473,50.256,447.013,0.984,Koi_Fish
5464,1248240545.746,114.733,241.258,0.993,Koi_Fish
5465,1248255804.344,9.186,775.622,0.996,Scratchy
5466,1248259274.401,17.419,306.584,1.0,Blip
5467,1248260248.479,13.173,75.727,0.94,Tomte
5468,1248265636.656,9.126,3751.509,0.994,Scratchy
5469,1248279463.051,8.029,53.292,0.992,Blip
5470,1248279549.008,9.258,20.195,0.999,Low_Frequency_Burst
5471,1248279989.832,23.703,1405.862,0.9,Tomte
5472,1248281333.152,20.134,220.266,0.999,Tomte
5473,1248284607.281,11.296,3409.167,0.997,Low_Frequency_Lines
5474,1248285711.91,132.91,89.302,0.926,Koi_Fish
5475,1248286152.469,13.373,2079.063,0.904,Low_Frequency_Burst
5476,1248287020.906,9.469,26.59,0.995,Scattered_Light
5477,1248287579.801,194.889,1248.333,1.0,Extremely_Loud
5478,1248287702.248,595.416,3006.243,1.0,Extremely_Loud
5479,1248291059.844,10.106,20.195,0.989,Low_Frequency_Burst
5480,1248291415.469,9.591,3006.243,0.995,Low_Frequency_Burst
5481,1248293085.094,8.703,3881.874,0.922,Low_Frequency_Burst
5482,1248299989.914,7.608,2964.093,0.989,Low_Frequency_Burst
5483,1248300702.953,8.32,26.59,1.0,Low_Frequency_Burst
5484,1248301149.131,7.568,53.578,0.916,Blip
5485,1248302040.26,8.917,171.608,0.999,Blip
5486,1248302197.832,18.379,61.335,0.943,Tomte
5487,1248302808.223,14.281,3799.787,0.937,Tomte
5488,1248304143.307,26.741,3983.241,0.97,Koi_Fish
5489,1248304763.709,9.132,61.502,0.912,Blip
5490,1248308627.329,12.585,138.993,1.0,Blip
5491,1248312376.645,13.502,89.302,0.999,Tomte
5492,1248313254.848,50.605,1028.149,0.992,Koi_Fish
5493,1248313983.25,7.61,18.295,0.955,Scattered_Light
5494,1248315827.938,10.826,28.597,0.992,Low_Frequency_Lines
5495,1248316939.742,10.954,3688.79,0.972,Whistle
5496,1248319324.969,14.384,1506.581,0.949,Low_Frequency_Burst
5497,1248324943.594,10.549,3006.243,0.988,Low_Frequency_Burst
5498,1248325121.406,8.595,29.101,0.998,Scattered_Light
5499,1248325424.031,10.354,1563.095,0.999,Low_Frequency_Burst
5500,1248325459.438,7.657,19.969,0.999,Low_Frequency_Lines
5501,1248325565.031,7.588,20.682,0.952,Low_Frequency_Lines
5502,1248325933.889,8.425,80.907,0.998,Blip
5503,1248326426.407,19.595,3987.436,0.997,Blip
5504,1248337430.91,21.672,2964.093,0.965,Tomte
5505,1248344141.832,25.916,1267.535,0.912,Low_Frequency_Burst
5506,1248350936.531,8.06,28.458,0.998,Scattered_Light
5507,1248351213.254,290.64,3983.241,0.989,Extremely_Loud
5508,1248352761.247,11.365,1209.074,0.987,Repeating_Blips
5509,1248356732.922,1157.761,2195.579,0.999,Extremely_Loud
5510,1248358619.719,9.144,29.983,0.997,Scattered_Light
5511,1248363427.438,14.148,3983.241,1.0,Scattered_Light
5512,1248364085.141,8.418,30.952,0.975,Low_Frequency_Burst
5513,1248366781.641,10.937,26.305,1.0,Low_Frequency_Burst
5514,1248366810.531,8.624,355.179,0.964,Low_Frequency_Burst
5515,1248366981.594,14.694,1563.095,0.998,Low_Frequency_Burst
5516,1248367190.094,8.998,94.479,1.0,Scattered_Light
5517,1248367193.438,8.544,30.5,0.999,Low_Frequency_Burst
5518,1248367425.281,8.371,2342.133,0.965,Low_Frequency_Burst
5519,1248367529.969,15.062,3059.082,0.914,Low_Frequency_Burst
5520,1248367799.781,15.842,3813.464,0.985,Low_Frequency_Burst
5521,1248367990.594,15.303,3659.138,0.96,Low_Frequency_Burst
5522,1248367995.391,27.406,2625.649,0.913,Low_Frequency_Burst
5523,1248368409.961,7.668,23.057,0.999,Low_Frequency_Burst
5524,1248368954.906,8.451,3983.241,0.915,Low_Frequency_Lines
5525,1248369518.953,11.083,163.458,0.925,Scratchy
5526,1248369782.531,9.454,3835.788,0.94,Low_Frequency_Burst
5527,1248370162.219,7.941,20.195,0.973,Low_Frequency_Burst
5528,1248370242.007,8.264,217.761,1.0,Blip
5529,1248370461.125,2830.854,3983.241,0.998,Extremely_Loud
5530,1248371923.594,7.526,3734.907,0.999,Low_Frequency_Burst
5531,1248371967.969,7.73,3465.275,0.993,Low_Frequency_Lines
5532,1248372084.969,7.965,20.195,1.0,Low_Frequency_Burst
5533,1248372276.313,8.565,2964.093,0.984,Low_Frequency_Burst
5534,1248372312.781,13.793,1336.34,0.916,Low_Frequency_Burst
5535,1248372483.359,10.344,1850.077,1.0,Low_Frequency_Burst
5536,1248372659.031,8.699,3881.874,0.999,Low_Frequency_Burst
5537,1248372693.031,9.405,31.188,0.994,Low_Frequency_Burst
5538,1248372993.844,2114.046,3703.979,0.993,Extremely_Loud
5539,1248374274.891,7.518,26.59,0.999,Low_Frequency_Burst
5540,1248374460.344,14.914,26.59,0.914,Low_Frequency_Burst
5541,1248374778.281,7.585,20.195,0.999,Low_Frequency_Burst
5542,1248375033.969,13.343,23.057,0.99,Low_Frequency_Lines
5543,1248375218.594,10.661,28.602,1.0,Low_Frequency_Burst
5544,1248375491.563,9.21,3249.652,0.999,Low_Frequency_Lines
5545,1248375535.313,7.559,20.838,0.998,Low_Frequency_Lines
5546,1248376678.438,12.462,3146.814,0.999,Low_Frequency_Lines
5547,1248377118.719,14.721,3881.874,0.992,Low_Frequency_Burst
5548,1248377621.275,47225.41,3983.241,0.999,Extremely_Loud
5549,1248378924.422,9.972,160.491,0.915,Low_Frequency_Burst
5550,1248379004.453,7.972,3703.979,0.995,Low_Frequency_Burst
5551,1248379496.344,26.46,3409.167,0.998,Low_Frequency_Burst
5552,1248379638.781,8.046,20.195,0.995,Low_Frequency_Burst
5553,1248379719.406,10.563,23.057,0.999,Low_Frequency_Burst
5554,1248379995.656,10.953,3703.979,1.0,Low_Frequency_Burst
5555,1248380354.422,8.838,2061.918,1.0,Low_Frequency_Burst
5556,1248380613.641,10.013,4015.263,0.904,Scratchy
5557,1248381149.906,8.829,3983.241,0.996,Low_Frequency_Lines
5558,1248381421.344,17.0,30.952,0.957,Scattered_Light
5559,1248381517.242,9.635,387.953,0.999,Whistle
5560,1248381788.656,11.963,3425.439,0.997,Low_Frequency_Lines
5561,1248382269.719,26.653,3945.854,0.989,Low_Frequency_Burst
5562,1248383087.531,10.502,1839.649,0.979,Low_Frequency_Lines
5563,1248383354.781,9.793,3813.464,1.0,Scattered_Light
5564,1248383662.844,9.925,2417.106,1.0,Low_Frequency_Lines
5565,1248383926.508,7.788,2802.115,0.995,Whistle
5566,1248383964.156,10.757,3728.798,0.951,Low_Frequency_Burst
5567,1248383970.125,27.334,34.747,0.932,Low_Frequency_Lines
5568,1248384002.344,8.273,3835.788,0.999,Low_Frequency_Burst
5569,1248384195.406,17.83,3881.874,0.995,Low_Frequency_Burst
5570,1248384687.602,9.36,380.778,0.959,Whistle
5571,1248385262.781,7.575,26.497,0.99,Low_Frequency_Burst
5572,1248385364.016,7.563,23.057,0.964,Low_Frequency_Burst
5573,1248385439.156,9.639,3703.979,0.998,Low_Frequency_Lines
5574,1248385495.281,11.417,3624.799,0.971,Low_Frequency_Lines
5575,1248385847.156,8.175,18.134,0.999,Low_Frequency_Burst
5576,1248385887.406,9.925,26.59,0.991,Low_Frequency_Burst
5577,1248386565.039,7.899,374.989,0.985,Whistle
5578,1248386696.891,12.445,173.707,0.942,Scratchy
5579,1248387069.43,7.688,20.438,1.0,Low_Frequency_Burst
5580,1248388169.319,13.775,3471.328,1.0,Blip
5581,1248389501.922,16.774,2778.459,0.942,Scratchy
5582,1248389829.031,7.806,572.654,0.991,Low_Frequency_Lines
5583,1248389949.961,8.625,392.345,0.99,Whistle
5584,1248390030.695,7.524,280.397,0.905,Whistle
5585,1248390094.484,11.963,3619.317,0.974,Scratchy
5586,1248390231.82,13.587,386.276,0.992,Whistle
5587,1248390503.688,7.797,18.295,0.999,Low_Frequency_Lines
5588,1248390648.953,10.833,159.376,0.949,Scratchy
5589,1248390664.352,9.359,372.28,0.995,Whistle
5590,1248390764.867,8.625,375.643,0.984,Whistle
5591,1248390872.484,12.03,153.662,0.906,Scratchy
5592,1248391710.047,15.09,189.786,0.948,Scratchy
5593,1248391738.531,8.52,20.195,0.99,Low_Frequency_Burst
5594,1248391887.641,13.365,1237.228,0.963,Whistle
5595,1248392158.383,9.818,312.926,0.996,Whistle
5596,1248392178.844,10.445,2964.093,1.0,Low_Frequency_Lines
5597,1248392538.867,7.661,373.043,0.999,Whistle
5598,1248392727.063,7.952,798.55,1.0,Low_Frequency_Lines
5599,1248392754.766,11.351,176.027,0.941,Scratchy
5600,1248393132.039,13.415,368.244,0.978,Whistle
5601,1248393191.672,11.99,3431.928,0.949,Scratchy
5602,1248393695.422,12.306,260.018,0.982,Scratchy
5603,1248393851.609,11.846,3939.724,0.958,Scratchy
5604,1248394336.703,9.72,590.002,0.984,Scratchy
5605,1248394337.578,9.482,699.375,0.946,Scratchy
5606,1248394598.234,8.079,18.134,0.999,Low_Frequency_Burst
5607,1248394737.031,21.25,2731.998,0.937,Low_Frequency_Burst
5608,1248394876.719,7.9,199.428,0.952,Low_Frequency_Burst
5609,1248395060.156,15.927,3945.854,1.0,Scattered_Light
5610,1248395065.922,11.611,4028.576,0.922,Scratchy
5611,1248395103.047,14.686,265.147,0.974,Scratchy
5612,1248396068.781,10.526,3307.927,0.954,Low_Frequency_Burst
5613,1248396349.703,12.83,177.271,0.947,Scratchy
5614,1248396441.43,10.831,2737.385,0.922,Scratchy
5615,1248396871.328,12.181,3939.724,0.942,Scratchy
5616,1248397210.906,13.921,3983.241,0.911,Low_Frequency_Lines
5617,1248397783.125,10.792,20.195,0.965,Low_Frequency_Lines
5618,1248398603.859,16.023,253.29,0.98,Scratchy
5619,1248398604.297,12.04,255.478,0.952,Scratchy
5620,1248398650.648,10.06,314.27,0.996,Whistle
5621,1248398930.156,15.134,3813.464,0.953,Low_Frequency_Burst
5622,1248398936.094,12.488,2964.093,0.939,Low_Frequency_Burst
5623,1248399054.469,7.606,3001.96,0.971,Low_Frequency_Lines
5624,1248399777.156,9.69,3409.167,0.961,Low_Frequency_Lines
5625,1248399787.844,8.274,973.136,0.996,Low_Frequency_Lines
5626,1248399884.703,10.363,257.278,0.983,Scratchy
5627,1248400022.57,8.684,353.079,0.909,Whistle
5628,1248400597.656,7.553,3464.792,0.999,Low_Frequency_Lines
5629,1248400815.719,8.126,20.195,0.993,Low_Frequency_Lines
5630,1248400943.094,14.938,3908.818,0.986,Low_Frequency_Burst
5631,1248400976.719,16.205,30.952,0.941,Low_Frequency_Burst
5632,1248401007.336,10.085,262.788,0.991,Whistle
5633,1248401374.094,9.608,3908.818,1.0,Low_Frequency_Burst
5634,1248401530.32,7.928,426.036,0.984,Whistle
5635,1248403402.219,9.705,2533.664,1.0,Low_Frequency_Lines
5636,1248403433.359,9.419,2903.867,0.943,Scratchy
5637,1248403475.813,8.304,3490.116,1.0,Low_Frequency_Lines
5638,1248403675.324,8.782,805.179,0.979,Whistle
5639,1248403842.047,17.426,2107.253,0.965,Scratchy
5640,1248404522.271,7.686,109.64,1.0,Blip
5641,1248405310.469,9.005,1928.011,1.0,Low_Frequency_Burst
5642,1248405660.438,9.272,3006.243,0.998,Low_Frequency_Lines
5643,1248405798.156,8.599,20.195,0.974,Low_Frequency_Burst
5644,1248405938.32,7.944,375.643,0.967,Whistle
5645,1248406103.878,1251.908,3983.241,0.998,Extremely_Loud
5646,1248406104.063,94.298,3983.241,0.999,Extremely_Loud
5647,1248407928.156,9.434,26.305,0.961,Low_Frequency_Burst
5648,1248407942.781,9.999,1082.028,1.0,Low_Frequency_Burst
5649,1248407956.734,7.948,26.59,0.955,Low_Frequency_Burst
5650,1248407960.766,8.156,26.497,1.0,Low_Frequency_Burst
5651,1248408454.047,7.555,20.195,0.999,Low_Frequency_Burst
5652,1248408569.281,13.882,3409.167,0.924,Low_Frequency_Burst
5653,1248408668.469,16.186,27.338,0.941,Low_Frequency_Burst
5654,1248408760.344,9.887,3367.249,0.986,Low_Frequency_Burst
5655,1248408807.094,11.74,3799.787,0.999,Scattered_Light
5656,1248409343.344,10.449,1928.268,0.962,Low_Frequency_Lines
5657,1248409345.859,10.041,1028.149,0.999,Low_Frequency_Burst
5658,1248409395.672,10.957,2121.764,0.99,Low_Frequency_Burst
5659,1248409620.516,10.716,26.59,1.0,Low_Frequency_Burst
5660,1248409811.406,8.147,18.134,1.0,Low_Frequency_Burst
5661,1248409904.406,9.05,468.968,0.993,Low_Frequency_Burst
5662,1248409924.672,8.474,20.195,0.991,Low_Frequency_Burst
5663,1248410458.172,19.315,3080.93,0.992,Low_Frequency_Burst
5664,1248410503.328,8.45,28.602,0.99,Low_Frequency_Burst
5665,1248410668.922,9.045,2581.851,0.953,Low_Frequency_Burst
5666,1248410954.875,45.0,2964.093,1.0,Scattered_Light
5667,1248414492.156,17.609,2973.802,0.957,Low_Frequency_Burst
5668,1248414865.813,8.765,18.295,1.0,Low_Frequency_Lines
5669,1248415167.094,7.998,3136.171,0.996,Low_Frequency_Lines
5670,1248416219.156,9.483,3872.13,0.998,Low_Frequency_Lines
5671,1248416537.965,97.416,572.654,0.988,Koi_Fish
5672,1248416611.906,13.508,3582.116,0.973,Low_Frequency_Burst
5673,1248416991.781,10.658,23.057,0.996,Low_Frequency_Burst
5674,1248417965.297,14.393,3746.261,1.0,Scattered_Light
5675,1248418066.734,10.108,3582.116,1.0,Low_Frequency_Burst
5676,1248418140.469,8.791,1361.969,0.937,Low_Frequency_Lines
5677,1248418247.344,11.062,26.59,0.972,Low_Frequency_Lines
5678,1248418734.383,7.659,4014.769,0.927,Whistle
5679,1248445845.43,8.368,276.268,1.0,Whistle
5680,1248447673.031,12.993,220.397,0.988,Low_Frequency_Burst
5681,1248447862.844,8.129,3746.261,0.996,Low_Frequency_Lines
5682,1248447877.031,19.773,3267.727,1.0,Scattered_Light
5683,1248447892.875,18.837,1755.12,0.986,Low_Frequency_Lines
5684,1248448284.969,2621.167,3983.241,1.0,Extremely_Loud
5685,1248450589.094,12.046,3703.979,1.0,Scattered_Light
5686,1248450628.703,11.749,3746.261,1.0,Low_Frequency_Burst
5687,1248450637.844,9.663,2081.292,0.961,Low_Frequency_Lines
5688,1248450720.906,13.87,23.057,1.0,Low_Frequency_Burst
5689,1248450868.109,9.261,23.057,1.0,Low_Frequency_Burst
5690,1248450875.477,8.125,23.057,1.0,Low_Frequency_Burst
5691,1248450936.281,9.886,3427.638,1.0,Low_Frequency_Burst
5692,1248451054.344,11.585,1467.985,0.987,Low_Frequency_Lines
5693,1248451057.531,18.345,3703.979,0.951,Low_Frequency_Burst
5694,1248451073.461,8.773,421.07,0.914,Whistle
5695,1248451433.031,18.876,36.338,1.0,Low_Frequency_Burst
5696,1248451636.188,9.136,27.338,0.986,Scattered_Light
5697,1248452416.734,9.624,3703.979,0.996,Low_Frequency_Burst
5698,1248452434.828,8.044,3490.641,0.943,Low_Frequency_Burst
5699,1248453403.766,8.06,2964.093,0.914,Low_Frequency_Burst
5700,1248453796.844,8.829,23.057,0.922,Low_Frequency_Lines
5701,1248453995.531,15.187,26.59,0.997,Low_Frequency_Burst
5702,1248454457.813,10.047,20.195,0.997,Low_Frequency_Lines
5703,1248455245.164,7.733,425.942,0.922,Whistle
5704,1248455298.875,15.56,2378.556,0.963,Low_Frequency_Lines
5705,1248456126.469,9.267,2121.764,0.925,Low_Frequency_Burst
5706,1248456209.125,60.163,3201.357,0.951,Low_Frequency_Lines
5707,1248456257.531,11.052,1267.535,0.937,Low_Frequency_Burst
5708,1248456563.656,8.137,2964.093,0.955,Low_Frequency_Lines
5709,1248456614.688,9.172,3133.541,0.94,Low_Frequency_Lines
5710,1248457546.127,14.555,161.539,0.912,Blip
5711,1248457568.406,9.732,3329.919,0.996,Low_Frequency_Lines
5712,1248458020.219,8.221,20.195,0.956,Low_Frequency_Lines
5713,1248458134.281,9.275,405.692,0.915,Scattered_Light
5714,1248458176.07,9.021,1138.219,0.991,Whistle
5715,1248458467.406,7.508,20.195,0.998,Low_Frequency_Lines
5716,1248458949.594,8.489,1850.077,0.922,Low_Frequency_Lines
5717,1248460184.219,10.196,1626.035,0.963,Low_Frequency_Burst
5718,1248460219.895,31.223,89.302,0.949,Tomte
5719,1248460246.719,8.165,18.134,0.999,Low_Frequency_Lines
5720,1248460546.156,8.287,20.195,0.946,Low_Frequency_Burst
5721,1248461091.234,17.477,3983.241,0.99,Low_Frequency_Burst
5722,1248461625.656,9.85,3983.241,0.997,Low_Frequency_Burst
5723,1248461695.074,968.243,2486.379,0.926,Koi_Fish
5724,1248461703.969,7.516,18.134,0.999,Low_Frequency_Burst
5725,1248462490.313,10.891,26.904,0.993,Low_Frequency_Lines
5726,1248462974.938,12.405,3680.246,0.969,Low_Frequency_Lines
5727,1248463133.875,61.369,1155.883,0.978,Scattered_Light
5728,1248464540.82,10.649,353.737,0.982,Whistle
5729,1248464763.688,8.623,19.406,1.0,Low_Frequency_Lines
5730,1248464937.211,7.632,3308.993,0.962,Whistle
5731,1248467772.563,79.533,3427.638,0.998,Scattered_Light
5732,1248470677.078,11.464,30.952,0.995,Low_Frequency_Burst
5733,1248470986.469,18.747,78.721,1.0,Low_Frequency_Burst
5734,1248471112.906,8.207,31.382,0.991,Scattered_Light
5735,1248471150.906,7.508,3752.371,0.978,Scattered_Light
5736,1248471262.906,10.307,27.338,0.995,Low_Frequency_Burst
5737,1248471371.906,7.648,25.298,1.0,Low_Frequency_Burst
5738,1248471742.156,14.453,3240.109,0.998,Low_Frequency_Burst
5739,1248472589.656,9.318,20.838,0.994,Low_Frequency_Lines
5740,1248473461.031,10.477,20.195,0.997,Low_Frequency_Burst
5741,1248473553.133,8.826,380.767,0.941,Whistle
5742,1248474874.781,10.425,3006.243,1.0,Low_Frequency_Burst
5743,1248475638.117,11.104,3825.264,0.978,Whistle
5744,1248476655.531,24.135,26.59,0.984,Low_Frequency_Burst
5745,1248477753.906,17.065,2834.458,0.935,Low_Frequency_Lines
5746,1248478042.781,8.516,25.298,1.0,Low_Frequency_Burst
5747,1248478556.656,8.314,23.057,0.974,Low_Frequency_Burst
5748,1248479424.25,38.469,26.59,0.947,Low_Frequency_Burst
5749,1248480509.195,7.56,375.49,0.929,Whistle
5750,1248482587.195,9.337,352.315,0.978,Whistle
5751,1248482734.648,13.012,385.35,0.969,Whistle
5752,1248489018.725,40.429,3703.979,0.991,Koi_Fish
5753,1248490080.273,10.245,372.381,0.991,Whistle
5754,1248490594.594,29.157,3624.799,0.961,Low_Frequency_Burst
5755,1248490638.023,10.437,280.206,0.994,Whistle
5756,1248491652.57,7.612,378.229,0.921,Whistle
5757,1248491776.277,96.224,108.381,0.989,Koi_Fish
5758,1248491960.008,9.986,373.04,0.976,Whistle
5759,1248492838.552,55.417,3983.241,0.999,Koi_Fish
5760,1248492896.013,74.48,3945.854,1.0,Koi_Fish
5761,1248575163.389,61.158,196.925,1.0,Koi_Fish
5762,1248579351.533,16.357,2385.613,1.0,Blip
5763,1248583126.018,8.05,118.971,1.0,Blip
5764,1248592486.398,10.625,2457.464,0.981,Whistle
5765,1248593706.809,9.009,51.198,0.995,Tomte
5766,1248597773.682,9.88,93.497,0.993,Blip
5767,1248600223.984,10.659,1028.149,0.997,Scattered_Light
5768,1248600797.523,10.915,394.948,0.991,Whistle
5769,1248605337.805,16.019,411.93,0.998,Whistle
5770,1248606718.961,18.722,386.276,0.969,Whistle
5771,1248606832.097,13.292,201.12,0.997,Blip
5772,1248606837.156,7.711,3983.241,0.976,Low_Frequency_Burst
5773,1248607452.664,13.409,392.345,0.991,Whistle
5774,1248607453.258,9.239,374.984,0.922,Whistle
5775,1248609701.18,10.978,2757.861,0.965,Low_Frequency_Burst
5776,1248610479.883,11.952,384.214,0.992,Whistle
5777,1248612012.773,10.215,352.974,0.988,Whistle
5778,1248612268.469,7.984,1511.419,0.988,Low_Frequency_Burst
5779,1248612313.055,8.522,373.04,0.994,Whistle
5780,1248613938.188,7218.925,3703.979,1.0,Extremely_Loud
5781,1248614036.844,18.144,3881.874,0.992,Low_Frequency_Burst
5782,1248614079.703,8.981,35.147,0.911,Low_Frequency_Burst
5783,1248614171.305,15.204,3983.241,0.952,Extremely_Loud
5784,1248614201.219,9.202,3241.907,0.999,Scattered_Light
5785,1248615005.628,273.757,3983.241,0.931,Koi_Fish
5786,1248615403.758,14.118,386.276,0.982,Whistle
5787,1248641849.188,9.473,20.411,0.936,Low_Frequency_Lines
5788,1248644169.844,10.38,3201.357,0.986,Low_Frequency_Burst
5789,1248644174.433,54.833,681.417,0.99,Koi_Fish
5790,1248644871.688,7.826,19.969,0.997,Low_Frequency_Lines
5791,1248649181.746,8.403,65.53,0.972,Blip
5792,1248653635.438,7.826,19.406,0.998,Low_Frequency_Lines
5793,1248656903.055,9.13,531.261,0.939,Whistle
5794,1248668927.523,15.759,386.276,0.992,Whistle
5795,1248676507.251,88.234,1563.095,1.0,Koi_Fish
5796,1248676871.784,101.368,3409.167,1.0,Koi_Fish
5797,1248676946.005,10.6,561.557,1.0,Blip
5798,1248712416.514,24.649,3945.854,0.989,Koi_Fish
5799,1248716123.688,7.558,23.382,0.91,Scattered_Light
5800,1248720905.578,15.277,3411.045,1.0,Scattered_Light
5801,1248721391.375,8.865,2838.809,0.999,Scattered_Light
5802,1248721802.688,9.76,20.838,0.998,Low_Frequency_Lines
5803,1248722498.063,9.612,1563.095,1.0,Scattered_Light
5804,1248722697.031,18.133,3240.109,0.925,Scattered_Light
5805,1248728940.219,11.085,3582.116,0.997,Scattered_Light
5806,1248728980.016,14.309,757.902,0.989,Scratchy
5807,1248729318.891,14.722,799.732,0.902,Scratchy
5808,1248729449.109,15.035,166.231,0.976,Scratchy
5809,1248730943.391,8.589,3273.024,0.99,Scratchy
5810,1248731181.953,15.483,166.231,0.971,Scratchy
5811,1248731615.078,7.82,185.266,0.911,Scratchy
5812,1248731692.254,67.393,131.936,0.999,Koi_Fish
5813,1248732609.867,9.695,375.643,0.98,Whistle
5814,1248733786.664,14.208,2796.162,0.995,Whistle
5815,1248734443.063,8.041,2479.719,0.999,Low_Frequency_Lines
5816,1248734762.586,8.411,369.854,0.945,Whistle
5817,1248735396.93,11.087,298.929,0.905,Whistle
5818,1248739288.43,9.789,380.778,0.991,Whistle
5819,1248740185.398,10.309,387.953,0.989,Whistle
5820,1248740357.117,9.541,369.854,0.982,Whistle
5821,1248742452.206,53.366,3983.241,0.999,Koi_Fish
5822,1248743273.191,82.476,1329.049,0.985,Extremely_Loud
5823,1248743690.602,8.304,369.854,0.943,Whistle
5824,1248744080.508,10.832,1136.948,0.984,Whistle
5825,1248745354.228,8.623,175.97,1.0,Blip
5826,1248746611.305,7.976,374.984,0.998,Whistle
5827,1248746829.711,11.092,3037.105,0.999,Whistle
5828,1248750876.715,17.909,2341.528,0.998,Tomte
5829,1248756222.414,15.261,386.276,0.997,Whistle
5830,1248758349.906,7.916,1248.333,0.977,Low_Frequency_Lines
5831,1248758748.289,9.298,299.511,0.998,Whistle
5832,1248759196.164,14.682,298.757,0.996,Whistle
5833,1248759428.758,8.384,374.989,0.929,Whistle
5834,1248759998.367,8.32,374.984,0.979,Whistle
5835,1248761582.129,231.798,1563.095,0.988,Extremely_Loud
5836,1248763742.461,10.647,279.623,0.992,Whistle
5837,1248764487.305,7.996,2874.066,0.988,Whistle
5838,1248765197.648,10.64,385.62,0.923,Whistle
5839,1248767120.203,14.263,153.715,0.932,Scratchy
5840,1248767239.492,8.301,380.778,0.991,Whistle
5841,1248767427.508,10.954,373.04,0.994,Whistle
5842,1248768035.727,14.546,357.194,0.99,Whistle
5843,1248769045.82,8.612,369.027,0.95,Whistle
5844,1248769782.203,10.585,925.325,0.908,Scratchy
5845,1248770050.539,10.927,1078.056,0.999,Whistle
5846,1248770238.227,7.635,278.964,0.926,Whistle
5847,1248770524.113,37.732,161.018,0.971,Koi_Fish
5848,1248770659.891,10.058,160.788,0.903,Scratchy
5849,1248771016.254,11.495,742.301,0.977,Tomte
5850,1248771938.555,8.284,380.778,0.968,Whistle
5851,1248772171.555,12.792,299.511,0.996,Whistle
5852,1248772494.859,20.599,1312.87,0.905,Scratchy
5853,1248772605.664,8.644,2104.111,0.973,Whistle
5854,1248773074.445,14.075,300.273,0.997,Whistle
5855,1248773402.227,9.564,273.835,0.971,Whistle
5856,1248774928.43,11.801,1728.179,0.984,Whistle
5857,1248774983.234,11.127,3485.488,0.929,Scratchy
5858,1248775321.914,12.524,352.938,0.971,Whistle
5859,1248775402.172,8.643,165.221,0.902,Scratchy
5860,1248775581.914,12.182,228.927,0.963,Whistle
5861,1248775700.922,12.286,244.763,0.979,Scratchy
5862,1248775814.357,8.557,78.045,0.98,Blip
5863,1248775983.172,9.128,270.772,0.902,Scratchy
5864,1248776029.852,12.017,386.276,0.969,Whistle
5865,1248776253.016,14.814,2894.782,0.922,Scratchy
5866,1248776651.461,8.119,380.119,0.967,Whistle
5867,1248777130.586,9.473,392.345,0.904,Whistle
5868,1248777152.338,45.043,1506.581,0.997,Koi_Fish
5869,1248777184.328,9.96,165.221,0.946,Scratchy
5870,1248777858.328,15.486,189.786,0.924,Scratchy
5871,1248778200.297,11.058,1749.411,0.914,Scratchy
5872,1248778306.023,12.618,365.285,0.932,Whistle
5873,1248778765.891,12.545,166.231,0.93,Scratchy
5874,1248778829.859,12.322,3269.003,0.941,Scratchy
5875,1248778880.766,12.153,169.173,0.925,Scratchy
5876,1248778962.977,10.165,1339.785,0.987,Whistle
5877,1248779116.523,13.643,373.043,0.992,Whistle
5878,1248779174.703,10.765,171.475,0.908,Scratchy
5879,1248780436.383,13.498,3533.68,0.962,Whistle
5880,1248780514.484,9.715,3337.136,0.987,Scratchy
5881,1248780744.984,15.24,189.786,0.977,Scratchy
5882,1248780746.172,19.833,2139.142,0.935,Scratchy
5883,1248781674.828,10.454,264.108,0.941,Scratchy
5884,1248781730.172,11.873,3951.283,0.906,Scratchy
5885,1248781780.398,13.305,291.941,0.916,Whistle
5886,1248781948.633,8.612,280.309,0.952,Whistle
5887,1248781984.242,11.975,375.643,0.988,Whistle
5888,1248782065.164,7.637,374.989,0.911,Whistle
5889,1248782130.766,14.793,3761.829,0.924,Scratchy
5890,1248782161.898,9.524,310.667,0.957,Whistle
5891,1248782197.273,9.026,380.778,0.99,Whistle
5892,1248782444.43,10.337,373.04,0.978,Whistle
5893,1248783060.297,10.268,3468.378,0.929,Scratchy
5894,1248783400.945,10.544,209.104,0.952,Whistle
5895,1248783509.68,11.994,280.206,0.923,Whistle
5896,1248783612.016,12.09,161.678,0.91,Scratchy
5897,1248783649.078,12.636,166.231,0.993,Scratchy
5898,1248783809.266,11.35,3259.207,0.919,Scratchy
5899,1248783924.641,17.208,701.378,0.926,Scratchy
5900,1248784010.234,12.133,1193.248,0.937,Scratchy
5901,1248784172.688,19.853,3269.604,1.0,Scattered_Light
5902,1248784281.063,30.167,3983.241,1.0,Extremely_Loud
5903,1248796479.953,24.666,3534.447,0.988,Scratchy
5904,1248796829.938,8.332,3136.947,0.991,Scattered_Light
5905,1248796830.984,19.213,3893.638,0.911,Scratchy
5906,1248796927.703,10.402,153.662,0.909,Scratchy
5907,1248796994.141,13.696,112.751,0.92,Scratchy
5908,1248797181.688,7.76,912.972,0.996,Low_Frequency_Lines
5909,1248797216.297,13.676,265.806,0.905,Scratchy
5910,1248797253.609,21.382,353.844,0.905,Scratchy
5911,1248798061.922,10.171,171.475,0.934,Scratchy
5912,1248798166.172,10.138,2699.108,0.97,Scratchy
5913,1248798167.109,11.097,165.221,0.949,Scratchy
5914,1248799339.391,16.933,971.984,0.975,Scratchy
5915,1248800071.297,10.503,2748.646,0.95,Scratchy
5916,1248800267.945,8.529,352.974,0.915,Whistle
5917,1248800362.484,10.553,166.016,0.943,Scratchy
5918,1248800711.016,9.388,1541.057,0.905,Scratchy
5919,1248801715.359,11.836,2267.526,0.918,Scratchy
5920,1248801727.328,10.202,155.022,0.947,Scratchy
5921,1248802159.703,9.49,2260.259,0.945,Scratchy
5922,1248802489.477,1484.358,3983.241,0.999,Extremely_Loud
5923,1248805103.734,10.49,199.582,0.909,Scratchy
5924,1248805104.203,7.685,164.683,0.967,Scratchy
5925,1248806619.953,7.935,166.206,0.907,Scratchy
5926,1248807024.109,9.408,168.682,0.912,Scratchy
5927,1248807304.656,7.525,197.628,0.989,Low_Frequency_Lines
5928,1248808065.779,7.846,61.502,0.963,Blip
5929,1248808668.395,8.255,50.045,0.983,Blip
5930,1248809020.92,121.616,241.258,1.0,Koi_Fish
5931,1248809256.148,8.907,163.458,0.971,Scratchy
5932,1248810104.516,10.44,163.458,0.92,Scratchy
5933,1248810375.328,8.238,173.194,0.912,Scratchy
5934,1248811456.368,16.7,207.515,1.0,Blip
5935,1248812034.984,11.251,1004.029,0.917,Scratchy
5936,1248812040.203,9.735,161.678,0.93,Scratchy
5937,1248812141.789,11.535,300.273,0.98,Whistle
5938,1248812987.359,9.512,3558.521,0.948,Scratchy
5939,1248814048.109,9.928,165.221,0.965,Scratchy
5940,1248814048.547,9.535,165.221,0.937,Scratchy
5941,1248814198.203,7.631,3799.002,0.939,Scratchy
5942,1248814363.922,13.799,4010.533,0.919,Scratchy
5943,1248814528.211,8.134,171.475,0.925,Scratchy
5944,1248815050.372,44.802,241.258,1.0,Koi_Fish
5945,1248815494.352,8.309,374.989,0.977,Whistle
5946,1248816221.922,8.156,176.027,0.963,Scratchy
5947,1248816344.82,9.503,375.643,0.92,Whistle
5948,1248816671.828,18.045,189.786,0.995,Scratchy
5949,1248819978.547,15.162,260.018,0.959,Scratchy
5950,1248819979.391,11.012,265.274,0.97,Scratchy
5951,1248820587.922,12.561,260.018,0.955,Scratchy
5952,1248821582.258,11.883,2093.094,0.934,Whistle
5953,1248823074.084,31.677,1462.128,0.999,Tomte
5954,1248823376.852,9.148,374.989,0.943,Whistle
5955,1248823813.867,16.961,244.445,0.983,Whistle
5956,1248823924.68,10.478,373.04,0.931,Whistle
5957,1248824218.172,14.464,259.096,0.968,Scratchy
5958,1248824337.32,10.328,369.854,0.943,Whistle
5959,1248827640.672,9.27,3815.67,0.903,Scratchy
5960,1248827925.336,10.421,441.776,0.955,Whistle
5961,1248828125.156,7.873,20.838,0.991,Low_Frequency_Lines
5962,1248829434.559,31.894,241.258,0.991,Koi_Fish
5963,1248829747.023,9.807,323.891,0.959,Whistle
5964,1248830200.461,11.933,312.926,0.996,Whistle
5965,1248832200.164,15.91,1717.66,0.991,Whistle
5966,1248833479.023,11.043,275.602,0.989,Whistle
5967,1248833934.502,51.232,2964.093,1.0,Koi_Fish
5968,1248834234.352,11.97,3775.475,0.96,Whistle
5969,1248834502.477,8.27,1444.922,0.933,Whistle
5970,1248835728.383,15.177,2314.868,0.981,Whistle
5971,1248836480.615,55.987,2651.052,1.0,Koi_Fish
5972,1248837918.133,7.644,364.25,0.97,Whistle
5973,1248837950.211,13.636,386.276,0.994,Whistle
5974,1248837987.055,11.321,375.643,0.911,Whistle
5975,1248838110.664,9.721,411.735,0.999,Whistle
5976,1248838328.891,14.382,3966.668,0.954,Scratchy
5977,1248838466.971,242.324,363.574,1.0,Extremely_Loud
5978,1248838858.352,10.713,2894.718,0.947,Whistle
5979,1248839311.648,13.358,372.28,0.999,Whistle
5980,1248839579.18,8.806,373.04,0.983,Whistle
5981,1248841802.141,18.277,278.117,0.951,Scratchy
5982,1248842281.117,8.969,280.968,0.991,Whistle
5983,1248843833.684,526.808,572.654,0.916,Extremely_Loud
5984,1248845356.555,14.295,441.012,0.997,Whistle
5985,1248850653.2,64.024,836.138,1.0,Koi_Fish
5986,1248855003.539,9.16,386.276,0.966,Whistle
5987,1248855441.656,7.84,3703.979,0.998,Low_Frequency_Lines
5988,1248855732.398,25.932,435.07,0.988,Whistle
5989,1248859272.531,7.576,3409.167,0.943,Low_Frequency_Lines
5990,1248859401.961,11.332,285.111,0.986,Whistle
5991,1248859440.867,8.993,279.623,0.979,Whistle
5992,1248859518.867,13.928,297.465,0.992,Whistle
5993,1248859583.508,9.597,394.948,0.993,Whistle
5994,1248860419.992,11.154,380.778,0.99,Whistle
5995,1248860541.641,10.707,3738.096,0.97,Scratchy
5996,1248861320.477,11.725,372.28,0.969,Whistle
5997,1248861407.43,10.912,280.206,0.904,Whistle
5998,1248861634.016,25.394,3881.122,0.962,Scratchy
5999,1248861635.109,11.562,2978.84,0.988,Scratchy
6000,1248862609.465,27.537,2834.458,1.0,Koi_Fish
6001,1248862690.195,13.242,319.642,0.992,Whistle
6002,1248862699.766,13.553,284.946,0.985,Scratchy
6003,1248862772.484,11.557,3976.464,0.931,Scratchy
6004,1248862951.539,8.497,374.978,0.922,Whistle
6005,1248863148.805,10.589,280.968,0.905,Whistle
6006,1248863481.766,15.712,265.806,0.944,Scratchy
6007,1248863635.273,7.615,268.837,0.966,Scratchy
6008,1248863754.93,13.04,4090.872,0.938,Whistle
6009,1248864275.508,10.019,353.737,0.987,Whistle
6010,1248864333.547,12.496,2708.902,0.979,Scratchy
6011,1248864630.797,15.526,958.307,0.927,Scratchy
6012,1248864736.414,12.626,300.273,0.975,Whistle
6013,1248864809.836,13.559,296.67,0.997,Whistle
6014,1248865016.859,12.411,1374.412,0.908,Scratchy
6015,1248865027.641,15.433,3021.943,0.957,Scratchy
6016,1248865283.984,9.357,270.456,0.938,Scratchy
6017,1248865520.32,13.812,310.667,0.99,Whistle
6018,1248865657.18,15.935,1829.558,0.974,Whistle
6019,1248865694.023,18.313,327.033,0.926,Whistle
6020,1248865833.297,14.494,870.932,0.937,Scratchy
6021,1248865845.025,63.973,3983.241,0.999,Koi_Fish
6022,1248865871.164,13.076,366.048,0.983,Whistle
6023,1248865917.023,12.558,328.495,0.952,Whistle
6024,1248865973.945,11.921,2799.512,0.974,Whistle
6025,1248866329.539,9.162,374.984,0.97,Whistle
6026,1248867338.844,10.894,1096.944,1.0,Scratchy
6027,1248867410.836,14.689,372.28,0.98,Whistle
6028,1248867515.539,13.714,343.197,0.976,Whistle
6029,1248867711.07,10.768,279.623,0.946,Whistle
6030,1248867932.766,12.736,265.806,0.942,Scratchy
6031,1248868039.234,10.286,873.41,0.945,Scratchy
6032,1248868367.703,9.162,3269.003,0.985,Scratchy
6033,1248868531.602,12.194,1191.211,0.937,Whistle
6034,1248868543.234,16.972,3761.829,0.997,Scratchy
6035,1248868805.578,10.624,3476.814,0.949,Scratchy
6036,1248868889.109,16.25,2399.378,0.984,Scratchy
6037,1248868945.828,13.642,3467.018,0.998,Scratchy
6038,1248868946.172,9.807,171.475,0.98,Scratchy
6039,1248869037.891,14.886,3778.741,0.905,Scratchy
6040,1248869250.859,8.765,165.221,0.908,Scratchy
6041,1248869360.695,10.371,399.801,0.958,Whistle
6042,1248869503.578,14.805,3805.472,0.915,Scratchy
6043,1248869616.953,7.742,173.237,0.933,Scratchy
6044,1248869916.547,10.701,163.888,0.985,Scratchy
6045,1248869917.43,9.099,165.221,0.981,Scratchy
6046,1248870084.953,8.244,2702.075,0.986,Scratchy
6047,1248870341.953,15.505,274.271,0.99,Scratchy
6048,1248871216.297,7.598,1254.795,0.95,Scratchy
6049,1248871574.297,10.756,264.529,0.923,Scratchy
6050,1248871594.516,12.391,171.475,0.904,Scratchy
6051,1248872051.367,9.828,1576.669,0.97,Whistle
6052,1248872143.984,13.558,3325.577,0.959,Scratchy
6053,1248872827.797,13.751,3009.428,0.983,Scratchy
6054,1248873136.066,9.969,53.075,0.939,Tomte
6055,1248874176.609,9.561,3317.298,0.904,Scratchy
6056,1248874612.859,18.192,3929.98,0.987,Scratchy
6057,1248874908.922,14.009,3939.724,0.929,Scratchy
6058,1248874938.859,18.43,189.786,0.977,Scratchy
6059,1248875173.391,14.442,189.786,0.972,Scratchy
6060,1248875184.539,9.853,1732.908,0.945,Whistle
6061,1248875294.828,12.951,1092.828,0.926,Scratchy
6062,1248875422.297,13.763,3546.962,0.952,Scratchy
6063,1248875467.047,9.78,3417.958,0.912,Scratchy
6064,1248875659.328,10.574,2441.412,0.955,Scratchy
6065,1248875706.016,15.729,244.763,0.974,Scratchy
6066,1248875919.984,13.018,257.278,0.986,Scratchy
6067,1248876284.516,13.367,353.844,0.939,Scratchy
6068,1248876578.572,31.813,93.141,0.918,Koi_Fish
6069,1248876612.016,10.246,354.699,0.986,Scratchy
6070,1248876877.672,18.039,3786.648,0.993,Scratchy
6071,1248876943.391,12.592,274.361,0.943,Scratchy
6072,1248876947.703,8.195,165.221,0.933,Scratchy
6073,1248877098.297,12.231,265.147,0.984,Scratchy
6074,1248877174.266,8.746,3775.647,0.906,Scratchy
6075,1248877174.766,11.935,2796.677,0.982,Scratchy
6076,1248877256.578,12.394,491.896,0.912,Scratchy
6077,1248877257.234,10.617,166.837,0.902,Scratchy
6078,1248877550.297,14.357,189.786,0.974,Scratchy
6079,1248877650.797,11.937,3414.991,0.977,Scratchy
6080,1248877725.227,10.771,375.643,0.948,Whistle
6081,1248877730.82,10.623,380.778,0.91,Whistle
6082,1248877801.172,8.27,162.246,0.957,Scratchy
6083,1248877802.453,9.915,160.491,0.954,Scratchy
6084,1248877803.172,7.785,164.683,0.921,Scratchy
6085,1248877848.891,14.773,3459.552,0.952,Scratchy
6086,1248878181.953,12.454,255.478,0.954,Scratchy
6087,1248878251.828,19.034,1985.861,0.946,Scratchy
6088,1248878928.922,12.183,3796.444,0.916,Scratchy
6089,1248878992.734,14.943,3939.724,0.956,Scratchy
6090,1248879206.578,19.033,2121.764,0.969,Scratchy
6091,1248879211.828,9.839,4013.5,0.905,Scratchy
6092,1248879247.172,10.757,268.837,0.927,Scratchy
6093,1248879248.328,9.138,165.221,0.993,Scratchy
6094,1248879954.922,12.265,205.592,0.951,Scratchy
6095,1248880452.328,13.332,3408.162,0.966,Scratchy
6096,1248880567.203,13.469,3064.093,0.983,Scratchy
6097,1248880599.547,12.458,168.508,0.922,Scratchy
6098,1248880723.797,13.894,103.828,0.907,Scratchy
6099,1248881494.859,12.186,3929.98,0.972,Scratchy
6100,1248881529.359,10.75,3031.74,0.922,Scratchy
6101,1248881530.391,8.139,3774.183,0.993,Scratchy
6102,1248882132.672,12.651,275.602,0.95,Scratchy
6103,1248882223.188,10.497,20.838,0.963,Low_Frequency_Lines
6104,1248882354.328,12.74,171.475,0.929,Scratchy
6105,1248882451.328,11.018,2740.353,0.942,Scratchy
6106,1248882537.453,13.807,161.678,0.992,Scratchy
6107,1248882870.266,9.409,163.458,0.963,Scratchy
6108,1248882871.422,11.719,3483.29,0.978,Scratchy
6109,1248883020.047,16.294,3032.269,0.972,Scratchy
6110,1248883067.828,11.334,166.231,0.924,Scratchy
6111,1248883068.609,21.689,3749.314,0.984,Scratchy
6112,1248883071.484,12.514,171.475,0.917,Scratchy
6113,1248883547.891,8.376,2176.427,0.916,Scratchy
6114,1248883703.422,13.03,161.678,0.987,Scratchy
6115,1248883957.266,19.62,2395.788,0.932,Scratchy
6116,1248884238.797,19.625,2378.556,0.988,Scratchy
6117,1248884420.516,12.28,3546.962,0.968,Scratchy
6118,1248884525.484,7.589,3482.038,0.905,Scratchy
6119,1248884526.328,7.894,3015.317,0.903,Scratchy
6120,1248884590.484,10.232,1622.306,0.92,Scratchy
6121,1248885152.359,10.431,160.491,0.99,Scratchy
6122,1248885580.484,11.222,3033.502,0.911,Scratchy
6123,1248886282.547,15.839,540.073,0.927,Scratchy
6124,1248886352.833,17.786,251.848,1.0,Blip
6125,1248886370.734,8.525,617.677,0.906,Scratchy
6126,1248886612.578,13.713,3610.902,0.912,Scratchy
6127,1248886952.016,12.301,3949.5,0.979,Scratchy
6128,1248887311.508,8.784,2692.278,0.977,Scratchy
6129,1248887517.266,12.926,1985.861,0.925,Scratchy
6130,1248887605.719,7.525,19.406,0.987,Low_Frequency_Lines
6131,1248887647.016,11.111,165.221,0.966,Scratchy
6132,1248887766.672,7.822,163.888,0.926,Scratchy
6133,1248888049.859,13.578,3308.862,0.978,Scratchy
6134,1248888178.328,12.178,3949.521,0.995,Scratchy
6135,1248888820.609,14.616,1670.527,0.981,Scratchy
6136,1248889159.984,8.567,268.837,0.965,Scratchy
6137,1248889238.461,8.778,380.778,0.912,Whistle
6138,1248889863.547,10.204,3692.445,0.967,Scratchy
6139,1248890153.039,8.543,1328.705,0.911,Whistle
6140,1248891403.203,11.283,168.508,0.941,Scratchy
6141,1248892138.547,12.025,3098.133,0.962,Scratchy
6142,1248892143.453,9.182,3768.659,0.958,Scratchy
6143,1248892813.047,9.49,3387.77,0.917,Scratchy
6144,1248893879.195,57.561,285.758,0.986,Koi_Fish
6145,1248894115.172,9.297,3951.283,0.972,Scratchy
6146,1248894115.57,10.402,3294.919,0.941,Scratchy
6147,1248894264.047,7.948,178.585,0.93,Scratchy
6148,1248894523.953,8.141,176.027,0.963,Scratchy
6149,1248894524.328,9.932,1632.504,0.993,Scratchy
6150,1248894961.359,9.923,170.935,0.982,Scratchy
6151,1248895122.359,11.255,3726.784,0.909,Scratchy
6152,1248895802.578,9.527,2828.584,0.955,Scratchy
6153,1248896924.484,11.618,163.039,0.913,Scratchy
6154,1248897190.641,11.046,189.786,0.928,Scratchy
6155,1248897469.547,13.458,3927.209,0.95,Scratchy
6156,1248898316.984,10.021,3414.991,0.952,Scratchy
6157,1248898369.578,10.479,3939.724,0.967,Scratchy
6158,1248898370.484,9.159,3773.388,0.972,Scratchy
6159,1248898519.391,9.757,163.888,0.937,Scratchy
6160,1248898929.453,11.495,2212.382,0.955,Scratchy
6161,1248899115.078,13.837,3966.668,0.934,Scratchy
6162,1248899359.859,13.94,166.231,0.988,Scratchy
6163,1248899361.109,13.535,166.231,0.977,Scratchy
6164,1248900017.734,9.656,171.475,0.942,Scratchy
6165,1248900662.453,21.463,3084.514,0.94,Scratchy
6166,1248901122.078,11.985,448.066,0.94,Scratchy
6167,1248901123.172,11.439,161.678,0.958,Scratchy
6168,1248901243.922,9.229,165.221,0.906,Scratchy
6169,1248901244.391,9.26,165.221,0.901,Scratchy
6170,1248901307.891,9.373,4041.092,0.978,Scratchy
6171,1248902030.141,12.138,171.475,0.924,Scratchy
6172,1248902508.328,8.987,1997.42,0.931,Scratchy
6173,1248902949.578,10.695,3558.287,0.971,Scratchy
6174,1248903280.453,10.026,166.231,0.982,Scratchy
6175,1248903366.867,8.492,291.934,0.958,Whistle
6176,1248903416.266,11.103,3941.084,0.977,Scratchy
6177,1248903537.266,10.317,269.814,0.935,Whistle
6178,1248903744.828,11.527,267.075,0.933,Scratchy
6179,1248903952.797,11.625,180.536,0.952,Scratchy
6180,1248903999.172,9.314,162.246,0.938,Scratchy
6181,1248904037.609,14.255,260.018,0.974,Scratchy
6182,1248904234.672,10.651,2131.327,0.943,Scratchy
6183,1248904236.234,12.637,171.475,0.992,Scratchy
6184,1248904493.453,16.209,4003.704,0.948,Scratchy
6185,1248904784.891,9.599,163.458,0.9,Scratchy
6186,1248904785.234,7.705,3434.896,0.958,Scratchy
6187,1248904991.391,10.777,3073.889,0.96,Scratchy
6188,1248908891.703,24.385,3749.314,0.996,Scratchy
6189,1248908967.205,7.606,61.355,0.913,Blip
6190,1248909252.078,17.359,166.231,0.918,Scratchy
6191,1248909323.453,13.546,1136.066,0.965,Scratchy
6192,1248909481.422,17.118,166.231,0.958,Scratchy
6193,1248909593.172,16.655,2460.389,0.924,Scratchy
6194,1248909868.109,11.926,3804.112,0.96,Scratchy
6195,1248909971.391,15.778,3893.638,0.988,Scratchy
6196,1248910033.172,11.812,168.508,0.959,Scratchy
6197,1248910129.141,18.172,3467.018,0.97,Scratchy
6198,1248910417.828,21.912,3454.502,0.964,Scratchy
6199,1248910592.703,23.613,1079.924,0.965,Scratchy
6200,1248910979.266,22.175,253.29,0.97,Scratchy
6201,1248911073.609,20.288,1651.705,0.991,Scratchy
6202,1248911399.547,17.706,3021.943,0.969,Scratchy
6203,1248912116.578,24.397,3051.578,0.955,Scratchy
6204,1248912117.547,8.702,261.378,0.941,Scratchy
6205,1248912423.578,11.381,271.576,0.927,Scratchy
6206,1248912600.317,14.108,327.679,1.0,Blip
6207,1248912724.859,19.978,2679.763,0.908,Scratchy
6208,1248913668.82,12.688,363.641,0.995,Whistle
6209,1248915057.547,16.88,278.117,0.954,Scratchy
6210,1248915313.266,12.481,2460.389,0.977,Scratchy
6211,1248924754.621,448.936,2741.265,0.978,Extremely_Loud
6212,1248925769.391,1488.301,3983.241,0.999,Extremely_Loud
6213,1248928327.969,10.271,2341.528,0.989,Scattered_Light
6214,1248931814.083,12.68,1073.484,0.925,Blip
6215,1248935391.113,12.633,3523.706,0.98,Tomte
6216,1248937051.555,8.977,274.476,0.958,Whistle
6217,1248943504.984,22.53,272.596,0.988,Scratchy
6218,1248943505.047,23.875,3009.428,0.992,Scratchy
6219,1248943885.516,25.586,265.601,0.908,Scratchy
6220,1248944217.352,11.228,279.623,0.971,Whistle
6221,1248945531.695,14.73,436.586,0.988,Whistle
6222,1248945829.352,15.231,3241.892,0.955,Whistle
6223,1248946714.953,12.203,1288.271,0.911,Scratchy
6224,1248947114.641,21.169,4028.576,0.962,Scratchy
6225,1248948000.453,30.818,2143.568,0.971,Scratchy
6226,1248948472.047,11.375,155.022,0.94,Scratchy
6227,1248948584.102,14.132,1065.517,0.972,Whistle
6228,1248948636.984,21.843,3927.209,0.933,Scratchy
6229,1248948920.953,21.728,421.424,0.994,Scratchy
6230,1248948962.398,11.172,314.27,0.989,Whistle
6231,1248949187.258,10.482,272.635,0.912,Whistle
6232,1248949300.797,15.378,2615.493,0.933,Scratchy
6233,1248949396.516,24.26,2107.253,0.979,Scratchy
6234,1248949419.797,16.944,265.806,0.98,Scratchy
6235,1248949954.477,11.395,392.345,0.98,Whistle
6236,1248950077.266,18.117,3353.261,0.917,Scratchy
6237,1248950193.641,23.428,4028.576,0.996,Scratchy
6238,1248950223.172,22.74,3515.736,0.979,Scratchy
6239,1248950380.047,16.84,3660.731,0.93,Scratchy
6240,1248950430.016,13.102,166.231,0.984,Scratchy
6241,1248950431.016,8.916,1485.222,0.959,Scratchy
6242,1248950435.094,10.389,20.838,0.928,Low_Frequency_Lines
6243,1248950479.516,21.461,253.29,0.995,Scratchy
6244,1248950498.891,19.824,247.502,0.987,Scratchy
6245,1248950614.641,15.055,1460.352,0.958,Scratchy
6246,1248950761.516,15.394,3064.093,0.976,Scratchy
6247,1248950902.484,28.944,3927.209,0.972,Scratchy
6248,1248950934.781,10.084,1010.025,1.0,Scattered_Light
6249,1248951068.078,17.04,3927.209,0.973,Scratchy
6250,1248951143.328,17.109,913.977,0.954,Scratchy
6251,1248951419.047,13.309,3259.207,0.958,Scratchy
6252,1248951428.828,15.304,286.593,0.971,Scratchy
6253,1248954918.281,12.195,1329.049,0.998,Scattered_Light
6254,1248955043.641,21.718,3051.578,1.0,Scratchy
6255,1248955044.484,18.783,177.271,0.998,Scratchy
6256,1248955095.578,12.31,189.786,0.992,Scratchy
6257,1248955344.266,18.201,3191.391,0.946,Scratchy
6258,1248955466.828,21.926,4028.576,0.92,Scratchy
6259,1248955538.172,18.178,161.678,0.927,Scratchy
6260,1248955540.609,11.748,3525.532,0.922,Scratchy
6261,1248955561.172,13.565,3881.874,0.977,Low_Frequency_Burst
6262,1248955571.984,20.394,247.502,0.94,Scratchy
6263,1248955660.047,19.402,247.223,0.917,Scratchy
6264,1248955938.203,30.847,4028.576,0.949,Scratchy
6265,1248955953.234,15.659,3356.526,0.993,Scratchy
6266,1248956076.609,44.447,244.763,0.987,Scratchy
6267,1248956124.953,19.839,244.763,0.966,Scratchy
6268,1248956160.766,21.544,2537.569,0.944,Scratchy
6269,1248956245.984,8.551,2839.578,0.919,Scratchy
6270,1248956626.203,18.393,173.707,0.914,Scratchy
6271,1248956648.234,22.529,3749.314,0.966,Scratchy
6272,1248956749.266,21.214,134.052,0.932,Scratchy
6273,1248956823.797,9.929,161.451,0.942,Scratchy
6274,1248956897.703,28.177,3009.428,0.993,Scratchy
6275,1248956942.828,16.011,2413.977,0.945,Scratchy
6276,1248957004.406,7.514,922.902,0.966,Low_Frequency_Burst
6277,1248957069.896,16.781,3883.54,0.99,Blip
6278,1248957084.641,16.846,2525.054,0.977,Scratchy
6279,1248957176.422,18.631,2436.407,0.992,Scratchy
6280,1248957252.828,13.284,3763.19,0.916,Scratchy
6281,1248957359.609,22.207,984.725,0.964,Scratchy
6282,1248957460.234,23.445,177.271,0.993,Scratchy
6283,1248957753.078,8.024,3075.652,0.912,Scratchy
6284,1248957791.047,50.452,242.26,0.931,Scratchy
6285,1248957801.891,12.618,165.221,0.924,Scratchy
6286,1248957802.297,15.506,781.149,0.981,Scratchy
6287,1248957986.703,33.787,3454.502,0.919,Scratchy
6288,1248958129.047,8.451,162.246,0.984,Scratchy
6289,1248958166.906,14.246,1717.344,0.923,Low_Frequency_Lines
6290,1248958240.172,10.588,267.075,0.918,Scratchy
6291,1248958242.984,13.119,3425.099,0.916,Scratchy
6292,1248958275.797,18.489,2020.518,0.906,Scratchy
6293,1248958322.422,12.439,166.231,0.99,Scratchy
6294,1248958512.609,20.14,246.697,0.928,Scratchy
6295,1248958616.359,13.34,271.976,0.914,Scratchy
6296,1248958692.922,11.694,153.662,0.963,Scratchy
6297,1248958789.047,23.605,341.329,0.969,Scratchy
6298,1248958847.266,7.743,2348.995,0.957,Scratchy
6299,1248958918.078,30.902,2786.599,0.925,Scratchy
6300,1248958922.516,20.146,3469.724,0.924,Scratchy
6301,1248958963.63,12.322,207.515,1.0,Blip
6302,1248958967.328,32.955,396.726,0.985,Scratchy
6303,1248959026.797,9.697,2591.514,0.942,Scratchy
6304,1248959065.922,26.854,285.111,0.956,Scratchy
6305,1248959231.953,12.162,2120.587,0.948,Scratchy
6306,1248959353.141,22.158,252.632,0.984,Scratchy
6307,1248959433.359,12.415,256.838,0.971,Scratchy
6308,1248959520.547,15.129,3929.98,0.952,Scratchy
6309,1248959557.578,13.223,341.329,0.968,Scratchy
6310,1248959619.203,18.293,2436.407,0.943,Scratchy
6311,1248959639.391,17.097,597.015,0.905,Scratchy
6312,1248959709.578,12.323,1907.927,0.938,Scratchy
6313,1248959751.047,12.901,260.018,0.959,Scratchy
6314,1248959798.516,13.521,155.022,0.902,Scratchy
6315,1248959916.859,10.409,166.231,0.908,Scratchy
6316,1248959995.766,15.092,3522.121,0.93,Scratchy
6317,1248960485.359,18.706,253.29,0.973,Scratchy
6318,1248960654.859,12.006,1032.557,0.989,Scratchy
6319,1248960693.109,9.601,153.662,0.942,Scratchy
6320,1248960699.859,7.538,166.231,0.932,Scratchy
6321,1248960700.18,8.383,165.221,0.922,Scratchy
6322,1248960739.359,9.785,161.451,0.973,Scratchy
6323,1248960862.641,17.163,3395.646,0.988,Scratchy
6324,1248961002.109,24.941,3791.596,0.973,Scratchy
6325,1248961047.266,7.779,163.888,0.901,Scratchy
6326,1248961107.578,14.758,278.109,0.916,Scratchy
6327,1248961112.703,15.428,2892.308,0.944,Scratchy
6328,1248961117.578,24.295,244.073,0.986,Scratchy
6329,1248961280.578,15.177,3467.018,0.989,Scratchy
6330,1248961282.891,17.646,201.652,0.918,Scratchy
6331,1248961423.391,14.188,255.478,0.93,Scratchy
6332,1248961707.234,23.439,626.211,0.966,Scratchy
6333,1248961839.727,10.181,392.345,0.956,Whistle
6334,1248961857.016,18.441,260.018,0.976,Scratchy
6335,1248961970.797,11.983,225.375,0.949,Scratchy
6336,1248962003.172,19.77,3246.691,0.996,Scratchy
6337,1248962454.672,20.588,253.29,0.944,Scratchy
6338,1248962501.453,13.507,3088.336,0.987,Scratchy
6339,1248962699.797,13.375,168.508,0.986,Scratchy
6340,1248962700.641,10.715,171.475,0.963,Scratchy
6341,1248962731.141,20.327,189.786,0.948,Scratchy
6342,1248962732.297,9.526,153.662,0.997,Scratchy
6343,1248962856.891,14.525,3927.209,0.926,Scratchy
6344,1248963252.391,13.963,2460.389,0.91,Scratchy
6345,1248963311.578,12.878,255.478,0.947,Scratchy
6346,1248963615.141,12.448,173.237,0.932,Scratchy
6347,1248963616.172,21.335,3009.428,0.994,Scratchy
6348,1248963921.203,13.004,4050.888,0.905,Scratchy
6349,1248963921.984,28.122,189.786,0.968,Scratchy
6350,1248963922.078,31.252,206.353,0.982,Scratchy
6351,1248964078.766,12.037,165.221,0.941,Scratchy
6352,1248964171.391,20.71,201.16,0.988,Scratchy
6353,1248964246.234,15.737,166.231,0.906,Scratchy
6354,1248964285.141,7.964,163.709,0.995,Low_Frequency_Burst
6355,1248964344.422,11.027,3773.388,0.974,Scratchy
6356,1248964345.516,9.2,3952.078,0.934,Scratchy
6357,1248964384.547,17.04,3021.943,0.994,Scratchy
6358,1248964439.602,9.421,374.984,0.915,Whistle
6359,1248964561.078,14.698,3468.378,0.941,Scratchy
6360,1248964767.984,22.021,189.786,0.988,Scratchy
6361,1248964800.484,14.618,3804.112,0.992,Scratchy
6362,1248964857.672,18.219,3221.95,0.98,Scratchy
6363,1248965159.328,13.088,3821.975,0.964,Scratchy
6364,1248965363.703,27.97,177.271,0.95,Scratchy
6365,1248965515.703,11.058,3821.975,0.984,Scratchy
6366,1248965572.703,18.293,1936.979,0.993,Scratchy
6367,1248965855.266,9.934,165.221,0.912,Scratchy
6368,1248966034.078,10.767,3949.521,0.976,Scratchy
6369,1248966223.391,29.287,3602.42,0.971,Scratchy
6370,1248966389.328,17.919,3297.959,0.984,Scratchy
6371,1248966463.266,10.93,173.06,0.976,Scratchy
6372,1248966533.422,14.703,153.715,0.944,Scratchy
6373,1248966640.141,16.137,166.231,0.963,Scratchy
6374,1248966788.641,12.621,161.678,0.92,Scratchy
6375,1248966849.953,34.473,246.581,0.976,Scratchy
6376,1248967214.672,8.209,165.221,0.961,Scratchy
6377,1248967215.109,12.154,161.678,0.935,Scratchy
6378,1248967287.891,17.647,3845.122,0.922,Scratchy
6379,1248967410.516,17.353,418.954,0.988,Scratchy
6380,1248967511.984,17.394,2423.891,0.908,Scratchy
6381,1248967522.203,30.792,4028.576,0.989,Scratchy
6382,1248967632.922,14.37,255.478,0.905,Scratchy
6383,1248967643.984,15.851,2692.278,0.962,Scratchy
6384,1248967676.922,17.928,3411.253,0.959,Scratchy
6385,1248967680.953,20.038,3749.314,0.993,Scratchy
6386,1248967855.328,8.514,162.105,0.945,Scratchy
6387,1248967917.547,10.07,296.67,0.906,Scratchy
6388,1248967952.234,13.769,1213.733,0.935,Scratchy
6389,1248968066.453,10.156,173.237,0.959,Scratchy
6390,1248968189.047,19.957,3485.488,0.912,Scratchy
6391,1248968194.547,14.306,177.271,0.948,Scratchy
6392,1248968239.578,20.011,1357.813,0.901,Scratchy
6393,1248968518.258,8.136,399.981,0.926,Whistle
6394,1248968568.234,10.675,161.678,0.906,Scratchy
6395,1248968619.703,7.668,166.231,0.972,Scratchy
6396,1248968620.797,10.828,160.491,0.904,Scratchy
6397,1248968841.672,17.319,2547.411,0.957,Scratchy
6398,1248968843.203,15.468,166.231,0.959,Scratchy
6399,1248968928.828,11.315,1376.15,0.943,Scratchy
6400,1248969081.891,9.149,163.888,0.914,Scratchy
6401,1248969097.148,10.584,373.04,0.983,Whistle
6402,1248969251.766,17.926,250.993,0.989,Scratchy
6403,1248969340.578,14.997,4041.092,0.959,Scratchy
6404,1248969342.18,12.294,3425.099,0.976,Scratchy
6405,1248969489.609,13.727,3307.502,0.985,Scratchy
6406,1248969700.234,17.606,1620.945,0.95,Scratchy
6407,1248969704.672,17.729,305.114,0.968,Scratchy
6408,1248969895.578,31.438,3412.39,0.993,Scratchy
6409,1248969954.453,28.414,3509.606,0.962,Scratchy
6410,1248970033.234,11.238,160.491,0.986,Scratchy
6411,1248970063.391,12.865,3639.966,0.971,Scratchy
6412,1248970101.984,12.122,166.231,0.973,Scratchy
6413,1248970102.078,21.271,177.271,0.975,Scratchy
6414,1248970179.703,17.861,173.707,0.912,Scratchy
6415,1248970180.953,12.854,1985.861,0.91,Scratchy
6416,1248970902.953,13.751,161.678,0.939,Scratchy
6417,1248970903.742,9.462,166.231,0.938,Scratchy
6418,1248971017.953,11.087,166.231,0.958,Scratchy
6419,1248971076.328,11.194,267.075,0.995,Scratchy
6420,1248971077.172,10.197,165.221,0.997,Scratchy
6421,1248971077.516,8.261,168.682,0.979,Scratchy
6422,1248971184.359,14.141,259.213,0.968,Scratchy
6423,1248971185.609,12.53,267.037,0.987,Scratchy
6424,1248971226.891,11.906,155.022,0.925,Scratchy
6425,1248971405.453,28.192,1919.93,0.998,Scratchy
6426,1248971464.297,21.506,244.073,0.933,Scratchy
6427,1248971629.023,9.407,374.157,0.994,Whistle
6428,1248971737.547,15.944,153.715,0.901,Scratchy
6429,1248971891.578,9.882,170.935,0.939,Scratchy
6430,1248972055.609,10.488,161.678,0.966,Scratchy
6431,1248972269.047,13.237,2041.335,0.917,Scratchy
6432,1248972321.953,15.081,257.278,0.993,Scratchy
6433,1248972322.016,16.196,3088.336,0.996,Scratchy
6434,1248972434.297,27.533,242.963,0.992,Scratchy
6435,1248972561.609,13.818,3138.78,0.965,Scratchy
6436,1248972645.047,14.48,3917.465,0.926,Scratchy
6437,1248972794.172,17.396,3395.646,0.993,Scratchy
6438,1248972860.953,19.21,207.691,0.922,Scratchy
6439,1248972861.828,14.844,257.278,0.977,Scratchy
6440,1248973016.453,20.426,189.786,0.99,Scratchy
6441,1248973017.422,10.75,265.274,0.985,Scratchy
6442,1248973078.859,11.635,3021.943,0.931,Scratchy
6443,1248973101.07,7.538,406.342,0.96,Whistle
6444,1248973210.234,10.689,2838.783,0.902,Scratchy
6445,1248973603.234,16.025,3761.829,0.914,Scratchy
6446,1248973778.266,16.378,2696.386,0.934,Scratchy
6447,1248974000.664,9.061,374.989,0.982,Whistle
6448,1248974009.484,22.339,3051.578,0.996,Scratchy
6449,1248974010.391,11.275,3191.391,0.991,Scratchy
6450,1248974080.203,19.607,3260.964,0.984,Scratchy
6451,1248974145.109,26.473,1937.652,0.955,Scratchy
6452,1248974224.922,19.451,3009.428,0.918,Scratchy
6453,1248974469.234,10.553,269.632,0.957,Scratchy
6454,1248974519.766,21.51,258.163,0.986,Scratchy
6455,1248974586.422,12.566,3768.659,0.974,Scratchy
6456,1248974734.047,20.351,272.596,0.963,Scratchy
6457,1248974798.422,14.796,255.478,0.996,Scratchy
6458,1248974822.641,17.863,189.786,0.968,Scratchy
6459,1248974991.422,14.685,3088.336,0.979,Scratchy
6460,1248975248.516,10.708,153.662,0.916,Scratchy
6461,1248975259.016,11.907,2179.614,0.961,Scratchy
6462,1248975321.734,20.119,3454.502,0.913,Scratchy
6463,1248975383.078,9.803,1223.529,0.953,Scratchy
6464,1248975517.797,8.955,153.662,0.917,Scratchy
6465,1248975553.203,19.083,166.231,0.972,Scratchy
6466,1248975664.766,18.193,2243.78,0.952,Scratchy
6467,1248975860.797,22.35,959.469,0.943,Scratchy
6468,1248975863.672,15.608,166.231,0.967,Scratchy
6469,1248976144.359,23.857,246.697,0.962,Scratchy
6470,1248976368.172,19.753,3181.506,0.988,Scratchy
6471,1248976466.891,11.719,2692.278,0.99,Scratchy
6472,1248976531.828,11.465,3377.336,0.948,Scratchy
6473,1248976666.141,11.091,257.278,0.987,Scratchy
6474,1248976699.391,9.697,165.221,0.913,Scratchy
6475,1248976787.609,22.281,189.786,0.998,Scratchy
6476,1248976818.031,8.081,3410.172,0.969,Low_Frequency_Lines
6477,1248976827.328,13.572,3064.093,0.986,Scratchy
6478,1248976988.547,17.258,3467.018,0.974,Scratchy
6479,1248976994.859,23.053,206.353,0.957,Scratchy
6480,1248977197.641,14.2,161.678,0.915,Scratchy
6481,1248977219.078,9.061,161.451,0.926,Scratchy
6482,1248977309.797,10.942,3768.659,0.963,Scratchy
6483,1248977393.016,15.533,1013.942,0.967,Scratchy
6484,1248977481.922,10.647,1992.69,0.984,Scratchy
6485,1248977559.984,15.352,3467.018,0.975,Scratchy
6486,1248977608.141,13.186,3325.577,0.935,Scratchy
6487,1248977703.891,17.47,3881.122,0.983,Scratchy
6488,1248977784.828,18.513,3881.874,0.961,Scratchy
6489,1248977820.172,10.227,1630.742,0.953,Scratchy
6490,1248977892.828,10.248,155.022,0.904,Scratchy
6491,1248977907.703,16.48,689.579,0.979,Scratchy
6492,1248977942.641,19.863,442.339,0.938,Scratchy
6493,1248978043.203,12.149,1883.277,0.928,Scratchy
6494,1248978088.172,10.6,155.022,0.926,Scratchy
6495,1248978089.391,11.061,3028.772,0.974,Scratchy
6496,1248978103.297,10.465,160.491,0.926,Scratchy
6497,1248978159.797,13.567,3021.943,0.994,Scratchy
6498,1248978192.859,15.216,1999.451,0.966,Scratchy
6499,1248978219.484,16.062,177.271,0.964,Scratchy
6500,1248978410.859,15.201,166.231,0.989,Scratchy
6501,1248978540.758,514.162,3983.241,0.998,Extremely_Loud
6502,1248980137.484,24.652,3991.188,0.992,Scratchy
6503,1248980253.172,13.883,1985.861,0.995,Scratchy
6504,1248980257.859,16.211,3251.238,0.991,Scratchy
6505,1248980324.547,15.858,701.378,0.961,Scratchy
6506,1248980328.703,24.398,299.297,0.917,Scratchy
6507,1248980410.109,25.178,177.271,0.93,Scratchy
6508,1248980436.547,18.794,3791.596,0.934,Scratchy
6509,1248980494.047,25.037,2652.097,0.998,Scratchy
6510,1248980552.328,21.441,3991.188,0.999,Scratchy
6511,1248980589.828,20.239,255.478,0.915,Scratchy
6512,1248980620.953,17.544,327.319,0.922,Scratchy
6513,1248980679.172,20.145,177.271,0.99,Scratchy
6514,1248980712.078,14.942,2217.613,0.969,Scratchy
6515,1248980713.484,20.31,202.393,0.921,Scratchy
6516,1248980780.422,14.55,1564.431,0.984,Scratchy
6517,1248980781.234,14.837,149.163,0.98,Scratchy
6518,1248980880.922,33.541,1312.87,0.997,Scratchy
6519,1248981023.172,19.24,1551.916,0.961,Scratchy
6520,1248981025.547,15.909,257.278,0.996,Scratchy
6521,1248981057.211,10.09,279.547,0.965,Whistle
6522,1248981078.547,7.754,163.888,0.962,Scratchy
6523,1248981198.203,14.77,1085.999,0.978,Scratchy
6524,1248981253.391,14.146,2708.902,0.917,Scratchy
6525,1248981391.234,22.638,3221.95,0.995,Scratchy
6526,1248981526.172,20.623,2868.385,0.952,Scratchy
6527,1248981680.641,22.71,244.763,0.957,Scratchy
6528,1248981727.016,20.517,3007.908,0.969,Scratchy
6529,1248981901.992,7.978,378.229,0.959,Whistle
6530,1248982067.953,17.596,286.593,0.955,Scratchy
6531,1248982254.672,23.493,3395.646,0.993,Scratchy
6532,1248982402.641,24.383,4028.576,0.982,Scratchy
6533,1248982568.578,13.773,4047.921,0.966,Scratchy
6534,1248982917.086,10.662,298.929,0.957,Whistle
6535,1248982988.016,10.585,268.837,0.982,Scratchy
6536,1248983107.484,21.878,2799.115,0.965,Scratchy
6537,1248983132.969,7.93,20.682,0.982,Low_Frequency_Lines
6538,1248983201.141,16.279,2637.273,0.961,Scratchy
6539,1248983419.383,7.836,374.185,0.948,Whistle
6540,1248984059.359,11.306,255.478,0.955,Scratchy
6541,1248984103.766,15.649,3485.488,0.974,Scratchy
6542,1248984181.555,9.261,274.944,0.95,Whistle
6543,1248984333.258,9.566,3369.043,0.9,Whistle
6544,1248984419.672,13.607,2385.595,0.995,Scratchy
6545,1248984494.672,19.974,247.502,0.931,Scratchy
6546,1248984840.086,10.512,312.926,0.914,Whistle
6547,1248985002.086,13.399,311.462,0.946,Whistle
6548,1248985124.422,12.471,440.292,0.926,Scratchy
6549,1248985445.961,8.506,380.778,0.919,Whistle
6550,1248985454.484,17.271,3454.502,0.955,Scratchy
6551,1248985808.211,14.846,296.67,0.983,Whistle
6552,1248985959.922,12.582,3304.789,0.904,Scratchy
6553,1248986229.859,8.645,273.835,0.981,Whistle
6554,1248987010.609,15.158,255.478,0.982,Scratchy
6555,1248987268.922,19.432,177.271,0.914,Scratchy
6556,1248987394.109,13.335,266.042,0.947,Scratchy
6557,1248988644.078,16.543,257.278,0.998,Scratchy
6558,1248989117.234,13.964,173.06,0.968,Scratchy
6559,1248989410.359,8.173,1627.775,0.913,Scratchy
6560,1248989411.422,17.55,2436.407,0.976,Scratchy
6561,1248990857.391,22.479,263.735,0.937,Scratchy
6562,1248992096.853,102.699,1267.535,1.0,Koi_Fish
6563,1248992553.883,11.777,385.35,0.973,Whistle
6564,1248992605.477,9.985,279.623,0.995,Whistle
6565,1248992870.008,9.645,373.04,0.995,Whistle
6566,1248993052.078,15.699,2621.845,0.916,Scratchy
6567,1248995186.094,7.767,20.411,0.989,Low_Frequency_Lines
6568,1248996675.031,7.955,20.195,0.932,Low_Frequency_Burst
6569,1248997389.023,16.453,367.661,0.998,Whistle
6570,1248997678.648,12.036,312.926,0.999,Whistle
6571,1249001505.113,13.731,2081.292,0.971,Tomte
6572,1249001902.453,16.359,189.786,0.998,Scratchy
6573,1249003027.234,16.328,3051.578,0.996,Scratchy
6574,1249003116.141,9.345,141.147,0.933,Scratchy
6575,1249004450.652,11.672,95.019,0.92,Tomte
6576,1249008743.563,8.923,3908.818,0.999,Low_Frequency_Lines
6577,1249012913.38,26.214,303.051,1.0,Blip
6578,1249012952.826,8.103,123.333,1.0,Blip
6579,1249013548.531,7.969,20.195,0.958,Low_Frequency_Lines
6580,1249020736.976,237.999,3990.298,0.945,Repeating_Blips
6581,1249046151.949,564.738,3240.109,1.0,Extremely_Loud
6582,1249046183.391,18.462,892.111,0.963,Scratchy
6583,1249046286.766,41.861,3410.833,0.994,Scratchy
6584,1249046582.984,11.966,199.582,0.98,Scratchy
6585,1249046624.891,14.741,265.806,0.972,Scratchy
6586,1249046672.313,8.513,1928.011,0.996,Low_Frequency_Lines
6587,1249046676.188,7.978,1613.681,0.997,Low_Frequency_Lines
6588,1249047247.172,18.398,2386.863,0.995,Scratchy
6589,1249047370.461,10.056,426.933,0.913,Whistle
6590,1249047840.922,14.742,3021.943,0.98,Scratchy
6591,1249048154.016,21.152,225.097,0.967,Scratchy
6592,1249048239.102,11.317,375.643,0.987,Whistle
6593,1249048610.703,13.813,260.018,0.933,Scratchy
6594,1249048678.234,15.389,353.844,0.934,Scratchy
6595,1249048916.609,22.492,244.763,0.963,Scratchy
6596,1249048966.953,11.839,2387.058,0.935,Scratchy
6597,1249049428.328,21.486,1608.43,0.981,Scratchy
6598,1249049691.391,27.465,4028.576,0.904,Scratchy
6599,1249049761.203,11.971,3751.654,0.938,Scratchy
6600,1249050119.609,21.727,265.147,0.968,Scratchy
6601,1249050249.701,9.825,91.18,0.949,Tomte
6602,1249050415.578,15.925,2696.386,0.974,Scratchy
6603,1249050479.987,11.454,207.515,1.0,Blip
6604,1249050594.82,13.022,298.929,0.997,Whistle
6605,1249050669.742,12.334,392.345,0.946,Whistle
6606,1249050907.246,100.573,2402.539,0.96,Koi_Fish
6607,1249051146.141,18.251,253.29,0.954,Scratchy
6608,1249051155.461,7.913,373.04,0.989,Whistle
6609,1249051337.805,10.712,297.465,0.959,Whistle
6610,1249051419.141,13.847,1325.385,0.955,Scratchy
6611,1249052124.609,22.836,3051.578,0.946,Scratchy
6612,1249052332.359,22.471,253.29,0.974,Scratchy
6613,1249052497.477,11.611,277.365,0.988,Whistle
6614,1249052669.488,138.881,3993.831,0.984,Whistle
6615,1249052913.172,15.924,1357.813,0.987,Scratchy
6616,1249052948.766,23.686,3084.514,0.978,Scratchy
6617,1249053125.039,11.061,392.345,0.915,Whistle
6618,1249053278.578,19.096,2692.278,0.993,Scratchy
6619,1249053503.984,13.232,2730.556,0.945,Scratchy
6620,1249053538.266,15.689,260.018,0.939,Scratchy
6621,1249053593.828,35.415,1863.932,0.987,Scratchy
6622,1249053702.063,7.816,1808.592,1.0,Low_Frequency_Lines
6623,1249053823.047,13.805,3893.638,0.978,Scratchy
6624,1249053960.047,18.633,3191.391,0.911,Scratchy
6625,1249054024.195,12.259,365.403,0.978,Whistle
6626,1249054196.852,12.679,2979.477,0.953,Whistle
6627,1249054367.703,16.414,312.633,0.965,Scratchy
6628,1249054485.453,13.449,189.786,0.928,Scratchy
6629,1249054520.109,25.662,242.963,0.938,Scratchy
6630,1249054712.516,21.731,3749.314,0.957,Scratchy
6631,1249054764.641,16.383,120.229,0.932,Scratchy
6632,1249054882.016,20.629,2377.262,0.949,Scratchy
6633,1249054901.641,21.409,3178.875,0.952,Scratchy
6634,1249054981.422,10.913,256.838,0.989,Scratchy
6635,1249055506.578,31.757,903.013,0.99,Scratchy
6636,1249055629.406,9.477,397.456,0.965,Scratchy
6637,1249056453.545,105.977,1563.095,1.0,Koi_Fish
6638,1249056701.414,12.803,4128.26,0.951,Whistle
6639,1249056824.027,5183.788,3409.167,0.999,Extremely_Loud
6640,1249057399.297,27.524,2364.747,0.977,Scratchy
6641,1249057537.109,14.677,189.786,0.964,Scratchy
6642,1249057539.078,17.678,1451.197,0.93,Scratchy
6643,1249057693.922,21.55,2399.378,0.987,Scratchy
6644,1249058113.047,18.393,2139.142,0.94,Scratchy
6645,1249058516.328,10.732,3028.772,0.933,Scratchy
6646,1249058615.484,27.913,3858.798,0.992,Scratchy
6647,1249058620.641,25.864,206.353,0.936,Scratchy
6648,1249059198.047,23.135,3858.798,0.916,Scratchy
6649,1249059332.633,8.634,275.821,0.935,Whistle
6650,1249059484.109,20.938,2786.599,0.954,Scratchy
6651,1249059675.859,14.191,3266.036,0.903,Scratchy
6652,1249059755.609,33.421,3774.133,0.919,Scratchy
6653,1249061030.653,10.211,146.888,1.0,Blip
6654,1249061496.555,12.529,310.667,0.995,Whistle
6655,1249061601.883,8.68,274.418,0.903,Whistle
6656,1249061619.828,18.271,259.213,0.906,Scratchy
6657,1249061955.797,34.12,1360.536,0.926,Scratchy
6658,1249062240.758,8.902,3308.736,0.93,Whistle
6659,1249062275.641,12.834,267.075,0.959,Scratchy
6660,1249062425.797,9.854,2247.556,0.942,Scratchy
6661,1249062896.828,13.823,258.639,0.964,Scratchy
6662,1249062970.367,8.418,393.088,0.989,Whistle
6663,1249063160.766,18.747,177.271,0.998,Scratchy
6664,1249063161.109,16.686,177.271,0.977,Scratchy
6665,1249063348.828,26.416,4028.576,0.999,Scratchy
6666,1249063851.453,17.098,189.786,0.969,Scratchy
6667,1249063852.266,18.461,259.213,0.992,Scratchy
6668,1249064139.891,15.512,260.018,0.929,Scratchy
6669,1249064899.895,32.527,89.302,0.978,Tomte
6670,1249065164.297,13.767,257.278,0.971,Scratchy
6671,1249065453.641,21.57,3858.798,0.974,Scratchy
6672,1249066980.141,27.954,2814.708,0.986,Scratchy
6673,1249067092.609,26.567,247.502,0.986,Scratchy
6674,1249068540.727,13.296,293.279,0.97,Whistle
6675,1249068757.862,9.31,104.255,1.0,Blip
6676,1249069404.016,12.612,2448.76,0.962,Scratchy
6677,1249070080.766,19.714,3786.648,0.94,Scratchy
6678,1249070121.922,15.191,3739.456,0.948,Scratchy
6679,1249070122.016,13.045,270.772,0.947,Scratchy
6680,1249071253.016,19.144,265.601,0.993,Scratchy
6681,1249071623.266,20.376,4028.576,0.939,Scratchy
6682,1249071697.797,15.534,3470.774,0.961,Scratchy
6683,1249072889.258,7.985,400.083,0.951,Whistle
6684,1249073737.609,41.655,2726.335,0.997,Scratchy
6685,1249074264.203,14.33,3673.246,0.989,Scratchy
6686,1249081929.462,18.886,311.19,0.992,Blip
6687,1249081946.407,54.267,681.417,1.0,Koi_Fish
6688,1249086987.726,73.519,3947.731,1.0,Koi_Fish
6689,1249091493.346,7.988,58.255,0.938,Blip
6690,1249093628.723,44.659,3523.706,0.959,Koi_Fish
6691,1249097517.314,7.685,53.578,0.942,Repeating_Blips
6692,1249099993.223,13.391,1563.095,0.936,Tomte
6693,1249124564.225,57.002,131.936,0.999,Koi_Fish
6694,1249125112.719,7.508,20.411,0.974,Low_Frequency_Lines
6695,1249125833.917,15.255,248.315,1.0,Blip
6696,1249129225.309,19.106,61.335,0.977,Tomte
6697,1249132282.922,10.949,106.901,1.0,Scratchy
6698,1249146183.594,8.005,19.406,0.993,Low_Frequency_Lines
6699,1249153491.663,9.444,181.356,1.0,Blip
6700,1249153963.754,16.765,61.335,0.999,Tomte
6701,1249160704.063,8.558,113.741,0.982,Low_Frequency_Lines
6702,1249161371.342,7.651,61.502,0.974,Blip
6703,1249164082.375,8.193,3945.854,0.981,Low_Frequency_Lines
6704,1249166042.742,8.458,297.02,0.955,Whistle
6705,1249168170.438,7.677,20.411,1.0,Low_Frequency_Lines
6706,1249170463.371,44.463,1076.999,0.995,Koi_Fish
6707,1249170996.531,8.535,1267.535,0.992,Low_Frequency_Lines
6708,1249180620.848,16.085,3557.086,0.995,Tomte
6709,1249181477.656,8.152,1506.581,0.969,Low_Frequency_Lines
6710,1249181669.844,7.555,29.101,0.991,Scattered_Light
6711,1249182661.824,679.762,2159.763,1.0,Extremely_Loud
6712,1249184002.013,11.703,168.075,1.0,Blip
6713,1249191145.43,8.215,3268.968,0.99,Whistle
6714,1249193114.15,13.003,300.189,0.999,Blip
6715,1249193599.561,7.61,58.255,0.952,Repeating_Blips
6716,1249197032.871,13.863,3983.241,0.998,Scattered_Light
6717,1249199271.969,7.634,20.195,0.994,Low_Frequency_Lines
6718,1249199390.844,8.526,23.057,0.993,Low_Frequency_Burst
6719,1249204193.148,9.151,280.968,0.99,Whistle
6720,1249205961.211,10.048,375.643,0.998,Whistle
6721,1249206023.148,8.649,20.195,0.939,Low_Frequency_Burst
6722,1249206504.953,9.977,30.952,1.0,Scattered_Light
6723,1249207249.141,7.883,20.195,0.909,Low_Frequency_Burst
6724,1249208194.281,8.706,20.195,1.0,Low_Frequency_Burst
6725,1249209946.547,21.238,1033.828,0.923,Scratchy
6726,1249210532.391,14.116,265.806,0.982,Whistle
6727,1249211376.633,11.105,299.511,0.999,Whistle
6728,1249212309.969,8.948,3945.854,1.0,Low_Frequency_Lines
6729,1249212410.969,9.9,27.78,0.995,Low_Frequency_Burst
6730,1249213121.469,8.804,1268.831,0.983,Low_Frequency_Burst
6731,1249213273.886,131.943,2965.97,0.965,Koi_Fish
6732,1249213502.237,26.161,300.189,0.915,Repeating_Blips
6733,1249214195.789,11.33,374.816,0.992,Whistle
6734,1249215139.406,8.007,3693.803,0.987,Low_Frequency_Burst
6735,1249215565.047,14.848,26.59,0.996,Low_Frequency_Burst
6736,1249216097.219,12.378,3908.818,0.999,Scattered_Light
6737,1249216723.746,192.564,3993.546,0.996,Whistle
6738,1249217392.129,35.951,108.381,0.924,Koi_Fish
6739,1249219809.805,8.173,3457.886,0.974,Low_Frequency_Burst
6740,1249220040.695,17.974,441.012,0.999,Whistle
6741,1249220412.711,9.704,265.806,0.91,Whistle
6742,1249220908.18,12.885,353.737,0.994,Whistle
6743,1249220932.914,19.275,2920.99,0.912,Whistle
6744,1249240475.438,13.178,28.602,0.99,Low_Frequency_Lines
6745,1249240664.828,40.05,2966.324,0.945,Scratchy
6746,1249241098.891,15.658,166.231,0.931,Scratchy
6747,1249241862.359,12.854,171.475,0.981,Scratchy
6748,1249242423.777,8.655,73.85,0.987,Tomte
6749,1249242511.48,37.402,93.141,0.948,Koi_Fish
6750,1249243285.078,28.269,206.353,0.983,Scratchy
6751,1249245390.891,18.222,189.786,0.96,Scratchy
6752,1249245842.889,87.195,3945.854,1.0,Koi_Fish
6753,1249245942.656,7.716,20.682,0.942,Low_Frequency_Lines
6754,1249246278.391,19.221,3454.502,0.983,Scratchy
6755,1249247753.17,114.275,2378.556,1.0,Koi_Fish
6756,1249255575.565,38.188,3082.807,0.947,Koi_Fish
6757,1249262493.656,8.281,3813.464,0.998,Scattered_Light
6758,1249262712.563,17.462,2279.785,1.0,Scattered_Light
6759,1249262941.406,9.171,1564.972,1.0,Scattered_Light
6760,1249268421.938,1962.846,3983.241,0.993,Extremely_Loud
6761,1249270456.719,8.049,31.143,0.954,Low_Frequency_Burst
6762,1249271185.486,44.659,363.574,0.948,Koi_Fish
6763,1249274244.469,8.186,19.678,0.987,Low_Frequency_Lines
6764,1249274343.207,9.435,65.53,0.927,Tomte
6765,1249274381.625,2519.03,3983.241,0.999,Extremely_Loud
6766,1249279481.875,7014.871,3983.241,0.974,Extremely_Loud
6767,1249281889.126,46.946,3985.119,0.961,Koi_Fish
6768,1249309620.164,13.969,386.276,0.989,Whistle
6769,1249309706.414,11.467,284.977,0.964,Whistle
6770,1249309997.633,12.219,2243.251,0.985,Whistle
6771,1249310090.281,8.664,23.057,0.926,Low_Frequency_Burst
6772,1249310359.383,12.134,336.202,0.998,Whistle
6773,1249310678.555,13.009,392.345,0.986,Whistle
6774,1249310820.43,13.102,298.929,0.929,Whistle
6775,1249310844.828,18.586,3857.637,0.985,Scratchy
6776,1249311639.852,9.491,278.16,0.989,Whistle
6777,1249311784.461,9.691,3869.063,0.995,Whistle
6778,1249311896.477,15.313,227.261,0.99,Whistle
6779,1249311898.68,16.203,312.926,0.997,Whistle
6780,1249312092.648,8.728,387.953,0.999,Whistle
6781,1249312268.648,10.092,375.643,0.979,Whistle
6782,1249312507.641,14.868,4041.092,0.906,Scratchy
6783,1249312556.484,23.61,253.29,0.995,Scratchy
6784,1249312557.516,11.482,259.213,0.909,Scratchy
6785,1249312768.68,9.531,392.345,0.998,Whistle
6786,1249312771.203,8.218,161.451,0.917,Scratchy
6787,1249312980.063,7.635,200.503,0.998,Low_Frequency_Lines
6788,1249313049.094,2638.594,3983.241,0.999,Extremely_Loud
6789,1249314640.914,8.017,1674.307,0.979,Whistle
6790,1249315090.156,7.809,3007.204,0.979,Low_Frequency_Lines
6791,1249315529.328,11.133,165.221,0.92,Scratchy
6792,1249316321.086,11.215,280.968,0.955,Whistle
6793,1249316705.125,8.32,3489.112,1.0,Scattered_Light
6794,1249316720.273,9.434,1688.772,0.963,Whistle
6795,1249323915.996,10.469,73.85,0.982,Tomte
6796,1249328993.688,8.3,3007.247,0.943,Scattered_Light
6797,1249340621.947,102.823,3881.874,1.0,Koi_Fish
6798,1249359503.859,11.587,1775.626,0.992,Scattered_Light
6799,1249360844.156,8.703,20.195,0.967,Low_Frequency_Lines
6800,1249361145.4,11.945,165.213,0.994,Blip
6801,1249368792.953,8.239,1105.59,0.929,Low_Frequency_Burst
6802,1249392823.539,13.751,3730.805,0.995,Whistle
6803,1249393190.963,37.516,451.208,0.967,Koi_Fish
6804,1249393537.352,3433.329,3088.05,0.999,Extremely_Loud
6805,1249418855.468,15.485,1231.517,0.942,Blip
6806,1249421435.742,10.311,295.161,0.999,Whistle
6807,1249426095.93,10.295,1963.616,0.929,Low_Frequency_Lines
6808,1249427423.563,23.57,3983.241,0.999,Extremely_Loud
6809,1249427753.898,8.8,349.195,0.955,Low_Frequency_Lines
6810,1249428060.658,25.198,363.574,0.99,Koi_Fish
6811,1249428651.688,10.591,3985.376,0.983,Scattered_Light
6812,1249429607.637,22.215,131.936,0.987,Tomte
6813,1249430944.422,20.566,4018.439,0.951,Whistle
6814,1249434789.719,11.962,3983.241,0.982,Low_Frequency_Lines
6815,1249434947.17,38.223,1036.466,0.994,Koi_Fish
6816,1249437092.563,9.523,3881.874,0.999,Low_Frequency_Lines
6817,1249437577.781,7.755,1644.648,0.995,Low_Frequency_Lines
6818,1249441529.375,7.609,3882.878,0.983,Low_Frequency_Lines
6819,1249441622.508,9.535,398.211,0.999,Whistle
6820,1249443149.563,9.147,3409.167,0.998,Scattered_Light
6821,1249444196.438,8.446,3704.983,0.989,Low_Frequency_Lines
6822,1249445675.184,18.907,73.85,0.999,Tomte
6823,1249445695.563,11.132,1541.819,1.0,Scattered_Light
6824,1249449100.654,120.905,3983.241,0.988,Koi_Fish
6825,1249456941.302,116.629,3983.241,0.99,Extremely_Loud
6826,1249457591.023,10.181,385.35,0.997,Whistle
6827,1249462507.469,7.83,3490.116,0.918,Low_Frequency_Lines
6828,1249464218.33,17.957,300.189,0.948,Blip
6829,1249468491.461,196.741,3983.241,0.999,Extremely_Loud
6830,1249469722.063,8.04,2047.767,0.984,Low_Frequency_Lines
6831,1249471863.563,10.489,3983.241,0.99,Scattered_Light
6832,1249472804.834,49.315,551.908,1.0,Koi_Fish
6833,1249474969.438,8.212,20.682,0.991,Low_Frequency_Lines
6834,1249475027.813,8.217,20.411,0.973,Low_Frequency_Lines
6835,1249477255.457,2148.592,3427.638,1.0,Extremely_Loud
6836,1249480723.531,8.338,593.635,0.966,Low_Frequency_Lines
6837,1249480958.383,20.549,3974.255,0.998,Whistle
6838,1249481632.299,61.148,1928.011,0.999,Koi_Fish
6839,1249484437.176,10.758,1339.936,0.977,Tomte
6840,1249488155.816,778.416,1644.648,0.999,Extremely_Loud
6841,1249488451.492,9.994,373.04,0.988,Whistle
6842,1249489604.427,14.778,245.453,1.0,Blip
6843,1249500051.816,26.225,73.85,0.992,Tomte
6844,1249502289.313,11.168,23.057,0.932,Low_Frequency_Lines
6845,1249503231.375,8.695,3410.172,0.993,Scattered_Light
6846,1249503780.313,8.745,20.195,0.941,Scattered_Light
6847,1249512250.777,26.868,3983.241,0.996,Tomte
6848,1249521145.375,9.162,19.969,0.999,Low_Frequency_Lines
6849,1249523060.563,7.966,20.195,0.993,Low_Frequency_Lines
6850,1249530550.746,228.361,295.994,0.999,Extremely_Loud
6851,1249536962.605,31.076,363.574,0.952,Koi_Fish
6852,1249537463.781,7.903,41.065,0.957,Scattered_Light
6853,1249542449.047,9.253,2533.664,0.977,Low_Frequency_Burst
6854,1249542465.688,8.743,1507.585,0.988,Low_Frequency_Lines
6855,1249545663.656,7.888,3409.167,0.995,Low_Frequency_Lines
6856,1249546649.141,8.377,3835.788,0.994,Low_Frequency_Burst
6857,1249547474.139,13.212,162.684,1.0,Blip
6858,1249548195.333,14.944,3990.298,1.0,Blip
6859,1249552346.52,19.531,2489.405,0.992,Tomte
6860,1249552569.057,80.538,3983.241,0.999,Koi_Fish
6861,1249553165.885,7.531,96.359,1.0,Blip
6862,1249554696.071,7.657,198.803,0.999,Blip
6863,1249560290.395,60.181,3201.357,0.922,Extremely_Loud
6864,1249560346.063,7.826,20.483,0.984,Low_Frequency_Lines
6865,1249563425.531,7.527,3583.12,0.978,Low_Frequency_Lines
6866,1249564567.607,32.384,3703.979,0.976,Koi_Fish
6867,1249565352.695,16.952,1812.97,0.917,Whistle
6868,1249565817.773,12.117,1424.889,0.998,Whistle
6869,1249565921.148,13.537,1143.806,0.986,Whistle
6870,1249566628.43,12.476,299.511,0.962,Whistle
6871,1249566630.133,17.101,3034.297,0.967,Whistle
6872,1249567252.148,11.165,279.623,0.992,Whistle
6873,1249567548.953,10.256,2931.833,0.909,Scratchy
6874,1249567788.248,48.565,2834.458,1.0,Koi_Fish
6875,1249567923.035,13.512,3799.787,0.905,Tomte
6876,1249568030.791,11.896,576.849,1.0,Blip
6877,1249568293.586,9.762,1244.216,0.939,Whistle
6878,1249568820.609,16.687,3031.206,0.915,Scratchy
6879,1249569195.398,8.168,273.835,0.907,Whistle
6880,1249569850.227,9.813,276.706,0.961,Whistle
6881,1249570148.617,8.295,333.517,0.98,Whistle
6882,1249570165.422,13.245,3451.148,0.929,Scratchy
6883,1249570701.602,16.502,366.198,0.979,Whistle
6884,1249570702.008,13.207,408.347,0.9,Whistle
6885,1249571482.547,12.322,266.847,0.917,Scratchy
6886,1249571558.891,12.162,3609.542,0.965,Whistle
6887,1249571729.109,17.38,265.806,0.955,Scratchy
6888,1249572236.016,12.074,160.491,0.931,Scratchy
6889,1249572909.406,8.17,2651.052,0.981,Low_Frequency_Burst
6890,1249572917.109,16.199,299.108,0.937,Whistle
6891,1249573462.297,12.226,2880.901,0.936,Scratchy
6892,1249573744.109,12.106,265.806,0.961,Scratchy
6893,1249573891.734,13.207,2544.398,0.921,Scratchy
6894,1249574066.697,8.532,99.892,1.0,Blip
6895,1249574235.297,10.282,267.075,0.906,Scratchy
6896,1249574288.453,9.534,163.888,0.904,Scratchy
6897,1249574371.016,9.046,3871.314,0.911,Scratchy
6898,1249574371.453,10.353,3939.777,0.945,Scratchy
6899,1249574688.398,9.063,278.16,0.911,Whistle
6900,1249574829.047,7.827,3768.659,0.936,Scratchy
6901,1249575037.305,13.112,296.67,0.98,Whistle
6902,1249576025.703,18.129,4003.704,0.932,Scratchy
6903,1249576150.242,9.796,279.623,0.973,Whistle
6904,1249577161.766,11.296,257.278,0.904,Scratchy
6905,1249577300.891,13.289,285.111,0.982,Whistle
6906,1249577877.867,8.047,314.27,0.945,Whistle
6907,1249578089.789,7.514,392.345,0.977,Whistle
6908,1249578425.82,11.783,310.667,0.992,Whistle
6909,1249578678.273,8.099,1285.717,0.933,Whistle
6910,1249579168.383,8.571,380.778,0.99,Whistle
6911,1249579538.055,9.89,406.342,0.965,Whistle
6912,1249579600.555,14.942,3564.422,0.991,Whistle
6913,1249579737.93,7.759,517.217,0.922,Whistle
6914,1249580065.609,8.103,2903.867,0.957,Scratchy
6915,1249580107.063,41.345,2537.858,1.0,Scattered_Light
6916,1249582483.344,8.018,20.838,0.984,Low_Frequency_Lines
6917,1249582512.539,8.099,280.206,0.974,Whistle
6918,1249582741.641,8.819,278.16,0.93,Scratchy
6919,1249582909.438,8.588,2769.374,0.998,Low_Frequency_Lines
6920,1249583429.367,9.407,278.16,0.921,Whistle
6921,1249583712.203,8.716,271.576,0.937,Scratchy
6922,1249583751.648,13.702,3685.6,0.971,Whistle
6923,1249583870.852,7.54,999.344,0.967,Whistle
6924,1249583917.172,12.904,3804.112,0.928,Whistle
6925,1249584210.453,12.954,870.932,0.938,Scratchy
6926,1249584364.047,12.915,1085.721,0.95,Scratchy
6927,1249584566.453,11.029,165.221,0.933,Scratchy
6928,1249584645.867,9.009,334.902,0.988,Whistle
6929,1249584976.211,10.359,1633.299,0.96,Whistle
6930,1249584988.414,8.333,287.023,0.975,Whistle
6931,1249585236.063,8.91,20.411,0.991,Low_Frequency_Lines
6932,1249585411.766,9.553,298.929,0.934,Whistle
6933,1249585815.633,11.783,300.273,0.982,Whistle
6934,1249585922.734,11.659,1895.105,0.951,Whistle
6935,1249585972.93,12.244,300.273,0.962,Whistle
6936,1249585974.297,11.609,2189.41,0.921,Scratchy
6937,1249586183.516,10.398,286.472,0.924,Scratchy
6938,1249586740.742,12.225,3480.835,0.956,Whistle
6939,1249586743.078,10.393,275.602,0.946,Scratchy
6940,1249586783.109,14.278,1661.591,0.938,Scratchy
6941,1249586869.375,10.53,2372.003,0.999,Scattered_Light
6942,1249586917.383,12.67,310.667,0.953,Whistle
6943,1249587013.164,11.19,1813.205,0.984,Whistle
6944,1249587098.813,9.94,3551.692,0.997,Low_Frequency_Lines
6945,1249587313.008,11.096,312.926,0.978,Whistle
6946,1249587621.547,13.521,1155.098,0.918,Scratchy
6947,1249587622.016,10.17,272.371,0.938,Scratchy
6948,1249587937.211,9.736,277.365,0.944,Whistle
6949,1249589325.664,10.34,3131.78,0.982,Whistle
6950,1249590203.164,11.836,3979.022,0.998,Whistle
6951,1249590681.992,15.919,2093.994,0.918,Whistle
6952,1249591666.539,7.72,3947.761,0.992,Whistle
6953,1249592675.82,9.653,385.35,0.965,Whistle
6954,1249593554.076,11.013,136.131,0.997,Blip
6955,1249593654.777,11.675,360.673,0.972,Whistle
6956,1249594010.039,19.888,408.909,0.996,Whistle
6957,1249594547.764,20.708,248.315,1.0,Blip
6958,1249594782.254,32.914,3703.979,0.996,Tomte
6959,1249597391.699,600.54,2634.428,0.998,Extremely_Loud
6960,1249604194.498,167.453,2489.405,0.973,Koi_Fish
6961,1249604795.037,15.901,108.381,0.995,Tomte
6962,1249607656.825,10.504,118.971,0.979,Blip
6963,1249608091.283,9.422,65.53,0.972,Blip
6964,1249609471.813,7.635,1511.041,0.997,Low_Frequency_Lines
6965,1249611576.542,8.507,118.971,0.999,Blip
6966,1249617793.449,994.679,1964.905,1.0,Extremely_Loud
6967,1249618135.301,17.992,3693.803,0.969,Tomte
6968,1249618995.031,9.795,20.838,0.995,Low_Frequency_Lines
6969,1249619397.79,56.328,3998.194,1.0,Whistle
6970,1249619611.48,12.449,3945.854,0.953,Tomte
6971,1249621375.055,62.906,3983.241,0.93,Blip
6972,1249623617.453,7.564,20.838,0.954,Low_Frequency_Burst
6973,1249627761.523,1099.598,3703.979,0.98,Koi_Fish
6974,1249627999.688,8.155,3660.804,0.999,Scattered_Light
6975,1249628215.719,11.826,3813.464,0.959,Low_Frequency_Lines
6976,1249666483.357,7.62,374.157,0.999,Whistle
6977,1249667004.295,7.705,180.457,1.0,Blip
6978,1249667814.77,17.132,3705.856,0.998,Tomte
6979,1249669105.168,8.01,373.04,0.952,Whistle
6980,1249669266.898,8.732,374.157,0.979,Whistle
6981,1249670822.43,11.079,372.28,0.996,Whistle
6982,1249670883.586,8.155,3947.519,0.969,Whistle
6983,1249671188.674,97.133,3985.119,0.964,Blip
6984,1249671512.152,8.479,294.502,0.994,Whistle
6985,1249672036.313,8.576,21.842,0.987,Scattered_Light
6986,1249674073.07,12.804,380.471,0.999,Whistle
6987,1249674189.945,8.738,386.276,0.987,Whistle
6988,1249674338.232,11.973,115.437,1.0,Blip
6989,1249675192.428,82.57,3983.241,0.919,Koi_Fish
6990,1249675224.168,7.561,374.174,0.966,Whistle
6991,1249675751.664,7.552,371.549,0.994,Whistle
6992,1249676457.102,9.734,612.096,1.0,Whistle
6993,1249679783.423,8.279,3761.214,1.0,Blip
6994,1249682904.691,48.978,2964.093,0.974,Koi_Fish
6995,1249684053.688,8.279,2824.055,0.992,Low_Frequency_Lines
6996,1249687033.344,8.065,3006.243,0.999,Low_Frequency_Lines
6997,1249687369.773,7.874,374.984,0.997,Whistle
6998,1249690891.732,35.38,3983.241,1.0,Koi_Fish
6999,1249691981.978,8.662,118.685,1.0,Blip
7000,1249696705.907,7.881,123.333,0.997,Blip
7001,1249696944.438,8.48,3703.979,0.981,Low_Frequency_Lines
7002,1249703242.305,10.417,1619.337,1.0,Whistle
7003,1249705861.438,8.395,3410.172,0.991,Low_Frequency_Lines
7004,1249740930.031,8.007,22.11,1.0,Scattered_Light
7005,1249741195.219,8.155,3461.292,0.999,Scattered_Light
7006,1249744822.406,8.584,1461.986,0.998,Low_Frequency_Burst
7007,1249749479.469,8.131,35.659,0.974,Low_Frequency_Burst
7008,1249749694.2,11.542,142.526,0.999,Blip
7009,1249749881.141,8.008,107.732,1.0,Low_Frequency_Burst
7010,1249750066.094,10.771,80.679,0.997,Scattered_Light
7011,1249752427.016,8.618,677.222,0.958,Low_Frequency_Burst
7012,1249752818.344,7.975,32.754,1.0,Scattered_Light
7013,1249753126.697,78.146,241.258,0.963,Koi_Fish
7014,1249754977.484,7.967,3457.886,1.0,Low_Frequency_Burst
7015,1249755641.688,8.96,20.195,0.976,Low_Frequency_Lines
7016,1249755768.688,9.396,27.338,0.919,Low_Frequency_Burst
7017,1249758948.594,7.984,2964.093,1.0,Low_Frequency_Burst
7018,1249759591.781,8.331,3881.874,0.986,Low_Frequency_Burst
7019,1249762957.829,14.474,245.453,0.992,Blip
7020,1249765461.094,7.671,20.195,0.985,Low_Frequency_Burst
7021,1249765912.156,8.316,20.195,0.988,Low_Frequency_Burst
7022,1249768996.781,8.04,3813.464,0.973,Low_Frequency_Burst
7023,1249770031.781,10.826,1878.79,0.998,Scattered_Light
7024,1249771594.844,15.622,3240.109,0.954,Low_Frequency_Lines
7025,1249772811.156,10.702,2169.502,0.977,Low_Frequency_Burst
7026,1249773229.156,9.709,3881.874,1.0,Scattered_Light
7027,1249773931.699,11.587,2378.556,0.943,Tomte
7028,1249778382.305,7.691,2922.867,0.984,Scattered_Light
7029,1249779223.938,58.262,3201.357,0.938,Low_Frequency_Burst
7030,1249779291.969,9.504,2681.0,0.984,Low_Frequency_Lines
7031,1249779458.156,8.367,28.467,0.981,Scattered_Light
7032,1249780517.438,10.172,1684.732,0.972,Low_Frequency_Lines
7033,1249782045.984,12.051,1481.846,1.0,Scattered_Light
7034,1249782188.781,8.929,35.147,1.0,Scattered_Light
7035,1249785252.406,8.835,35.147,0.949,Scattered_Light
7036,1249785884.938,7.618,21.199,0.994,Low_Frequency_Lines
7037,1249788731.063,8.634,1206.614,1.0,Scattered_Light
7038,1249789090.563,7.82,711.255,0.959,Low_Frequency_Lines
7039,1249796379.328,7.674,3945.854,0.973,Low_Frequency_Burst
7040,1249798057.313,8.521,1721.539,0.995,Scattered_Light
7041,1249805283.594,13.875,24.263,0.993,Low_Frequency_Burst
7042,1249805398.125,7.72,19.406,1.0,Low_Frequency_Lines
7043,1249805993.719,7.828,33.039,0.996,Scattered_Light
7044,1249811474.906,7.731,30.675,0.987,Scattered_Light
7045,1249813882.484,12.375,32.829,0.968,Scattered_Light
7046,1249816600.813,8.914,20.195,0.999,Low_Frequency_Lines
7047,1249818654.233,14.133,168.075,1.0,Blip
7048,1249820170.703,9.993,3353.718,0.93,Low_Frequency_Burst
7049,1249821488.03,8.621,175.97,1.0,Blip
7050,1249822542.24,141.57,3872.13,0.996,Koi_Fish
7051,1249824748.867,935.945,3703.979,0.999,Extremely_Loud
7052,1249851690.719,7.974,2652.055,0.999,Low_Frequency_Lines
7053,1249854428.736,7.666,50.045,0.93,Blip
7054,1249856119.084,8.059,84.44,1.0,Blip
7055,1249857498.021,9.543,136.131,0.996,Blip
7056,1249858246.156,8.681,28.467,0.958,Scattered_Light
7057,1249860858.477,8.448,368.223,0.996,Whistle
7058,1249864107.489,40.698,3985.119,0.906,Koi_Fish
7059,1249864167.23,13.977,61.335,0.989,Tomte
7060,1249864745.125,19.475,2638.623,1.0,Scattered_Light
7061,1249865893.264,40.179,1962.668,0.966,Koi_Fish
7062,1249867346.66,142.179,161.018,1.0,Koi_Fish
7063,1249870090.834,7.636,61.502,0.999,Blip
7064,1249878107.404,12.978,108.381,0.994,Tomte
7065,1249884769.813,8.428,23.057,0.947,Scattered_Light
7066,1249885960.615,1030.955,3703.979,1.0,Extremely_Loud
7067,1249886562.33,81.658,1267.535,1.0,Koi_Fish
7068,1249886904.719,9.749,1632.107,1.0,Scattered_Light
7069,1249888809.844,8.394,29.937,0.953,Low_Frequency_Lines
7070,1249895924.064,4783.538,3983.241,1.0,Extremely_Loud
7071,1249906432.375,8.309,882.203,0.952,Scattered_Light
7072,1249906435.969,7.726,1563.095,1.0,Scattered_Light
7073,1249916168.471,125.395,3983.241,0.993,Koi_Fish
7074,1249916420.969,8.672,1714.874,0.957,Low_Frequency_Lines
7075,1249924871.638,42.843,241.258,0.994,Koi_Fish
7076,1249929203.125,7.829,34.63,0.982,Scattered_Light
7077,1249930641.976,13.071,165.213,1.0,Blip
7078,1249931779.375,7.549,3410.014,0.995,Low_Frequency_Lines
7079,1249933642.748,9.573,91.18,0.96,Tomte
7080,1249940768.91,10.744,73.85,0.981,Tomte
7081,1249940853.921,16.515,3010.438,0.998,Blip
7082,1249942790.313,9.086,3767.531,0.995,Scattered_Light
7083,1249944271.063,7.681,24.212,0.989,Scattered_Light
7084,1249946133.438,8.064,19.406,1.0,Low_Frequency_Lines
7085,1249947004.703,98.307,2098.233,1.0,Extremely_Loud
7086,1249951054.539,7.879,296.214,0.999,Whistle
7087,1249952239.428,13.046,3987.436,1.0,Blip
7088,1249953462.188,8.337,3746.261,0.999,Low_Frequency_Lines
7089,1249963883.951,9.467,165.213,1.0,Blip
7090,1249968578.326,8.462,136.131,0.979,Blip
7091,1249968584.863,16.01,3813.464,0.994,Tomte
7092,1249970541.781,7.541,30.785,0.995,Scattered_Light
7093,1249971212.568,12.113,3711.036,1.0,Blip
7094,1249972434.007,172.873,3945.854,0.942,Koi_Fish
7095,1249975958.375,8.489,28.467,0.999,Scattered_Light
7096,1249976316.641,11.561,32.829,1.0,Scattered_Light
7097,1249977636.969,9.761,3030.486,1.0,Scattered_Light
7098,1249978550.938,8.088,3704.983,0.984,Low_Frequency_Lines
7099,1249982951.096,49.837,3080.93,0.996,Koi_Fish
7100,1249986703.438,8.788,24.934,0.998,Scattered_Light
7101,1249987498.615,216.562,3489.112,1.0,Extremely_Loud
7102,1249996846.219,8.338,1644.648,0.943,Scattered_Light
7103,1249997239.746,91.768,3983.241,0.95,Repeating_Blips
7104,1249997687.318,105.014,3985.119,0.918,Repeating_Blips
7105,1250001629.752,51.636,243.135,1.0,Koi_Fish
7106,1250003304.171,103.07,3983.241,1.0,Koi_Fish
7107,1250004538.656,8.236,1939.254,0.976,Scattered_Light
7108,1250005754.652,9.467,61.335,0.996,Tomte
7109,1250007223.83,14.221,63.212,0.936,Tomte
7110,1250008901.925,54.403,551.908,0.997,Koi_Fish
7111,1250010984.938,8.18,2733.875,0.906,Scattered_Light
7112,1250013432.87,29.119,447.013,0.926,Blip
7113,1250021592.232,11.137,93.497,0.933,Tomte
7114,1250022306.781,8.646,3240.109,1.0,Low_Frequency_Lines
7115,1250027563.071,192.152,3983.241,0.96,Extremely_Loud
7116,1250027841.408,3416.877,2964.093,1.0,Extremely_Loud
7117,1250028462.215,343.063,3983.241,0.927,Extremely_Loud
7118,1250033047.438,290.893,3746.261,1.0,Extremely_Loud
7119,1250033435.382,9.314,175.97,1.0,Blip
7120,1250034024.752,85.812,196.925,0.997,Koi_Fish
7121,1250039135.736,58.355,2243.2,0.96,Koi_Fish
7122,1250039202.186,57.285,2741.265,1.0,Koi_Fish
7123,1250045666.061,1436.803,3983.241,0.928,Extremely_Loud
7124,1250045957.375,7.699,1851.225,1.0,Low_Frequency_Lines
7125,1250065855.191,9.785,61.335,0.965,Tomte
7126,1250069046.906,8.124,2920.99,0.919,Low_Frequency_Lines
7127,1250072674.781,7.624,1267.535,0.982,Low_Frequency_Lines
7128,1250075719.904,11.394,75.727,0.974,Tomte
7129,1250076536.639,7.641,104.255,1.0,Blip
7130,1250076877.125,7.684,1604.623,0.927,Low_Frequency_Lines
7131,1250078743.313,7.73,1564.17,1.0,Low_Frequency_Lines
7132,1250082771.688,7.502,3250.656,0.942,Low_Frequency_Lines
7133,1250086815.511,20.617,303.051,1.0,Blip
7134,1250086817.544,26.216,367.769,0.999,Blip
7135,1250092864.126,7.527,100.838,1.0,Blip
7136,1250095993.305,81.777,3908.818,1.0,Extremely_Loud
7137,1250104775.625,7.735,23.125,1.0,Scattered_Light
7138,1250104854.157,51.827,679.099,1.0,Koi_Fish
7139,1250105004.094,13.677,3006.243,0.987,Low_Frequency_Lines
7140,1250105096.258,7.848,360.555,1.0,Whistle
7141,1250106376.924,119.008,3409.167,0.991,Koi_Fish
7142,1250106861.719,8.148,2834.458,1.0,Low_Frequency_Lines
7143,1250107683.362,10.582,138.993,1.0,Blip
7144,1250108157.754,254.662,221.823,0.995,Extremely_Loud
7145,1250109522.02,84.992,637.651,0.994,Koi_Fish
7146,1250113066.406,7.504,20.195,0.996,Low_Frequency_Lines
7147,1250114497.654,7.6,96.359,1.0,Blip
7148,1250114538.133,16.925,3582.116,0.998,Low_Frequency_Burst
7149,1250139658.106,21.229,300.189,0.995,Blip
7150,1250144155.625,9.12,3582.116,0.987,Low_Frequency_Lines
7151,1250152315.41,17.526,73.85,0.998,Tomte
7152,1250153479.091,8.869,2330.002,1.0,Blip
7153,1250159823.566,9.681,63.212,0.965,Tomte
7154,1250161274.396,17.054,3695.681,0.996,Tomte
7155,1250162651.313,11.155,3881.874,0.999,Low_Frequency_Lines
7156,1250163153.596,62.746,241.258,0.98,Koi_Fish
7157,1250202629.004,9.213,75.727,0.995,Tomte
7158,1250205069.745,90.492,3705.856,1.0,Koi_Fish
7159,1250206136.039,13.367,328.888,0.999,Whistle
7160,1250216802.162,36.346,550.03,0.997,Koi_Fish
7161,1250219368.646,18.047,3196.601,0.998,Blip
7162,1250221247.063,7.678,3680.246,1.0,Low_Frequency_Lines
7163,1250221583.438,9.398,3945.854,0.98,Scattered_Light
7164,1250226204.438,8.219,20.195,0.991,Low_Frequency_Lines
7165,1250227851.793,10.246,51.198,0.996,Tomte
7166,1250233189.938,7.763,20.195,0.999,Low_Frequency_Lines
7167,1250253516.4,7.623,53.292,0.963,Blip
7168,1250255354.412,54.331,3367.249,1.0,Koi_Fish
7169,1250257698.428,60.576,3881.874,0.991,Koi_Fish
7170,1250259366.859,8.424,1563.095,0.983,Low_Frequency_Burst
7171,1250260164.656,10.444,3615.396,0.999,Scattered_Light
7172,1250261413.563,7.548,3873.59,1.0,Low_Frequency_Lines
7173,1250262969.813,8.248,1268.539,0.968,Scattered_Light
7174,1250263661.055,7.573,375.643,0.988,Whistle
7175,1250264480.938,7.56,20.838,0.977,Low_Frequency_Lines
7176,1250270433.438,10.206,3703.979,0.999,Low_Frequency_Lines
7177,1250272647.715,675.291,2681.0,1.0,Extremely_Loud
7178,1250274598.063,11.728,3201.357,0.93,Low_Frequency_Lines
7179,1250278061.438,8.68,20.195,1.0,Low_Frequency_Lines
7180,1250278836.389,43.921,2464.946,0.98,Koi_Fish
7181,1250279109.188,7.626,18.965,0.998,Low_Frequency_Lines
7182,1250280407.906,7.837,3551.692,0.939,Low_Frequency_Burst
7183,1250280637.383,2620.024,2378.556,1.0,Extremely_Loud
7184,1250287964.594,8.432,23.057,0.945,Low_Frequency_Burst
7185,1250288186.34,89.3,912.972,0.992,Koi_Fish
7186,1250289358.377,9.662,171.608,1.0,Blip
7187,1250293027.188,8.124,1857.04,0.943,Scattered_Light
7188,1250295010.291,10.833,136.131,1.0,Blip
7189,1250297654.469,8.517,3464.271,0.978,Low_Frequency_Burst
7190,1250298807.938,8.525,3881.874,0.949,Low_Frequency_Burst
7191,1250308241.375,7.568,20.195,0.972,Low_Frequency_Lines
7192,1250310495.813,8.432,3192.406,0.993,Low_Frequency_Lines
7193,1250358307.594,14.192,1709.848,1.0,Scattered_Light
7194,1250359578.219,9.79,3626.259,1.0,Scattered_Light
7195,1250375831.594,7.615,1717.344,0.984,Low_Frequency_Burst
7196,1250384300.016,8.009,2379.619,0.998,Scattered_Light
7197,1250385506.438,8.345,20.195,0.997,Low_Frequency_Lines
7198,1250391020.318,80.034,3983.241,0.998,Koi_Fish
7199,1250397217.443,22.105,1315.201,0.928,Koi_Fish
7200,1250397835.672,9.18,2380.434,0.998,Scattered_Light
7201,1250398754.313,8.256,20.411,0.992,Low_Frequency_Lines
7202,1250400452.375,8.651,18.815,0.999,Low_Frequency_Lines
7203,1250408797.508,7.615,32.829,0.937,Low_Frequency_Burst
7204,1250409148.781,8.146,23.057,0.958,Low_Frequency_Burst
7205,1250410634.156,8.189,27.941,0.978,Scattered_Light
7206,1250411043.084,7.875,53.578,0.995,Blip
7207,1250412281.914,7.612,291.401,0.997,Whistle
7208,1250412314.469,8.235,27.67,1.0,Scattered_Light
7209,1250414237.955,78.313,3983.241,0.983,Koi_Fish
7210,1250415611.008,7.616,276.268,0.991,Whistle
7211,1250418599.988,31.346,162.896,0.994,Koi_Fish
7212,1250419333.563,11.684,3146.814,0.999,Scattered_Light
7213,1250425433.344,7.924,18.461,0.999,Low_Frequency_Lines
7214,1250428464.74,64.409,1415.018,0.989,Extremely_Loud
7215,1250433018.938,8.908,3267.727,0.931,Low_Frequency_Lines
7216,1250451163.125,56.541,3176.615,0.978,Low_Frequency_Lines
7217,1250451940.215,680.832,1514.733,0.982,Extremely_Loud
7218,1250453784.656,8.365,26.59,0.909,Low_Frequency_Burst
7219,1250454236.406,7.864,3764.125,0.958,Low_Frequency_Lines
7220,1250457308.429,10.369,207.515,1.0,Blip
7221,1250458637.285,45.245,1644.648,0.999,Koi_Fish
7222,1250465845.313,7.898,1850.077,0.907,Scattered_Light
7223,1250466941.188,7.873,30.575,0.986,Scattered_Light
7224,1250468530.051,10.17,78.045,0.966,Blip
7225,1250469814.762,83.125,1928.011,0.996,Extremely_Loud
7226,1250473813.132,7.819,207.515,1.0,Blip
7227,1250473846.613,11.018,53.075,0.963,Tomte
7228,1250474829.375,7.965,182.86,0.95,Scattered_Light
7229,1250489382.848,8.965,1320.193,1.0,Scratchy
7230,1250489464.688,11.27,3663.333,1.0,Scattered_Light
7231,1250490817.781,11.383,576.849,0.925,Scattered_Light
7232,1250519501.094,9.893,3464.271,0.942,Low_Frequency_Burst
7233,1250524814.908,132.757,241.258,0.993,Extremely_Loud
7234,1250528862.694,66.863,677.222,0.999,Koi_Fish
7235,1250532415.616,1275.076,1267.535,1.0,Extremely_Loud
7236,1250540501.834,12.657,75.727,0.921,Tomte
7237,1250542676.438,7.504,3583.191,1.0,Low_Frequency_Lines
7238,1250545698.063,8.306,19.406,0.999,Low_Frequency_Lines
7239,1250550380.501,37.288,2636.306,0.975,Koi_Fish
7240,1250551365.375,11.652,1336.34,0.996,Low_Frequency_Lines
7241,1250562235.386,8552.748,3945.854,1.0,Extremely_Loud
7242,1250563016.135,32.32,1564.972,0.943,Koi_Fish
7243,1250565928.521,28.961,241.258,0.928,Koi_Fish
7244,1250573225.891,7.547,20.838,0.963,Low_Frequency_Burst
7245,1250577842.938,7.505,22.449,0.995,Low_Frequency_Lines
7246,1250581982.156,18.484,1570.152,0.97,Scattered_Light
7247,1250582038.875,8.721,570.151,0.999,Scattered_Light
7248,1250582256.09,14.529,2091.882,0.995,Blip
7249,1250582786.219,8.956,1738.688,0.98,Scattered_Light
7250,1250583166.672,55.709,3983.241,0.999,Extremely_Loud
7251,1250583353.832,12.897,71.639,1.0,Blip
7252,1250583444.156,16.832,3663.333,1.0,Scattered_Light
7253,1250583476.139,14.935,2405.279,0.987,Blip
7254,1250584696.656,13.024,2061.918,0.998,Scattered_Light
7255,1250588574.625,7.547,1707.97,0.995,Low_Frequency_Lines
7256,1250588782.078,11.025,29.996,1.0,Scattered_Light
7257,1250590678.9,13.262,80.907,0.935,Blip
7258,1250592674.729,33.723,3947.731,0.916,Koi_Fish
7259,1250607393.475,8.602,80.3,1.0,Blip
7260,1250608629.57,87.369,3582.116,0.995,Low_Frequency_Burst
7261,1250611331.334,84.062,2964.093,0.991,Extremely_Loud
7262,1250612291.313,9.197,1239.623,0.985,Low_Frequency_Lines
7263,1250612937.156,8.001,1462.128,0.998,Low_Frequency_Lines
7264,1250624067.438,8.667,3136.171,0.999,Low_Frequency_Lines
7265,1250627151.813,8.171,20.838,0.985,Low_Frequency_Lines
7266,1250628587.688,8.412,19.37,1.0,Low_Frequency_Lines
7267,1250629463.02,11.267,63.212,0.999,Tomte
7268,1250640131.918,10.894,53.075,0.996,Tomte
7269,1250644814.281,8.106,3746.261,0.911,Low_Frequency_Burst
7270,1250654371.248,7.945,3923.77,1.0,Blip
7271,1250654976.293,13.541,2634.428,0.972,Tomte
7272,1250665152.191,4487.807,2378.556,1.0,Extremely_Loud
7273,1250667265.965,28.239,161.018,1.0,Koi_Fish
7274,1250670809.344,7.711,3329.919,1.0,Scattered_Light
7275,1250677641.953,32.539,3983.241,0.998,Extremely_Loud
7276,1250685184.783,8.062,211.877,1.0,Blip
7277,1250685809.266,8.464,954.301,0.959,Low_Frequency_Lines
7278,1250685896.938,7.828,3835.788,0.996,Low_Frequency_Lines
7279,1250686462.469,10.07,23.057,0.994,Scattered_Light
7280,1250691396.094,9.066,3983.241,0.955,Scattered_Light
7281,1250696477.219,15.505,3703.979,0.987,Low_Frequency_Burst
7282,1250698970.844,12.168,3983.241,0.999,Low_Frequency_Burst
7283,1250699639.594,9.292,3908.818,0.999,Low_Frequency_Burst
7284,1250700225.266,9.752,4042.452,0.925,Scratchy
7285,1250701120.51,1502.652,3746.261,1.0,Extremely_Loud
7286,1250701787.746,77.574,3136.171,0.999,Extremely_Loud
7287,1250702461.498,196.731,643.528,1.0,Extremely_Loud
7288,1250703867.319,66.677,3350.311,1.0,Koi_Fish
7289,1250705363.518,21.251,2682.877,0.996,Blip
7290,1250705508.66,113.933,1929.888,0.998,Koi_Fish
7291,1250709674.213,8.53,3208.413,1.0,Blip
7292,1250710522.016,13.356,150.685,0.911,Scratchy
7293,1250711322.676,483.645,1745.559,1.0,Extremely_Loud
7294,1250712259.188,10.326,1415.018,1.0,Low_Frequency_Lines
7295,1250713729.563,7.537,19.406,1.0,Low_Frequency_Lines
7296,1250713784.342,50.06,447.013,0.999,Koi_Fish
7297,1250714449.813,8.131,3464.271,0.914,Low_Frequency_Lines
7298,1250717110.332,8.58,1646.525,0.983,Tomte
7299,1250718482.938,9.111,3489.112,1.0,Low_Frequency_Lines
7300,1250718584.846,91.541,834.26,0.999,Koi_Fish
7301,1250718591.014,57.387,3908.818,0.987,Koi_Fish
7302,1250721098.563,7.714,18.295,1.0,Low_Frequency_Lines
7303,1250722247.125,8.687,3910.209,0.986,Scattered_Light
7304,1250722643.875,9.701,3881.874,1.0,Low_Frequency_Lines
7305,1250728328.201,7.55,2979.045,1.0,Blip
7306,1250731629.7,9.967,138.385,1.0,Blip
7307,1250733711.131,8.91,142.526,1.0,Blip
7308,1250734554.406,9.55,2378.556,0.965,Low_Frequency_Burst
7309,1250740157.984,8.384,3582.116,0.989,Low_Frequency_Burst
7310,1250741804.313,22.671,3881.874,0.916,Low_Frequency_Lines
7311,1250743286.875,8.686,3983.241,0.982,Low_Frequency_Lines
7312,1250743701.625,7.54,3680.246,0.993,Low_Frequency_Lines
7313,1250746037.875,11.97,3881.874,0.998,Low_Frequency_Lines
7314,1250746741.594,7.985,3813.464,0.997,Low_Frequency_Lines
7315,1250748008.938,8.114,21.248,0.977,Scattered_Light
7316,1250750630.768,18.175,836.138,0.958,Tomte
7317,1250758579.791,97.794,3983.241,0.997,Koi_Fish
7318,1250758923.104,39.639,196.925,0.933,Koi_Fish
7319,1250759315.406,8.186,2810.325,0.983,Low_Frequency_Lines
7320,1250771912.617,1503.327,3551.692,0.997,Extremely_Loud
7321,1250774352.83,178015.344,3983.241,0.996,Extremely_Loud
7322,1250774614.336,18.149,1706.286,0.98,Extremely_Loud
7323,1250774620.836,6490.726,3764.125,1.0,Extremely_Loud
7324,1250783920.16,16.404,110.258,0.997,Tomte
7325,1250786569.406,8.667,3983.241,0.965,Low_Frequency_Burst
7326,1250794385.109,7.622,3646.795,0.995,Scratchy
7327,1250795308.799,76.783,295.994,1.0,Koi_Fish
7328,1250796700.688,8.085,3983.241,0.987,Low_Frequency_Lines
7329,1250798448.156,8.1,3030.486,0.998,Low_Frequency_Lines
7330,1250805128.172,43.877,4018.439,0.915,Whistle
7331,1250808158.115,34.03,3815.341,0.998,Koi_Fish
7332,1250809809.173,8.229,136.131,0.996,Blip
7333,1250811165.125,9.302,2965.168,0.978,Low_Frequency_Lines
7334,1250812479.063,9.053,2965.097,1.0,Low_Frequency_Lines
7335,1250813051.375,8.678,3813.464,1.0,Low_Frequency_Lines
7336,1250815280.625,7.525,73.707,1.0,Low_Frequency_Lines
7337,1250818271.449,234.789,2463.069,1.0,Extremely_Loud
7338,1250821088.145,21.836,3350.311,0.999,Tomte
7339,1250821376.404,45.934,3985.119,1.0,Koi_Fish
7340,1250823122.604,16.594,63.212,0.979,Tomte
7341,1250824519.563,8.498,20.682,0.999,Low_Frequency_Lines
7342,1250826408.904,35.703,550.03,0.972,Koi_Fish
7343,1250833691.902,16.639,108.381,0.992,Tomte
7344,1250839754.934,294.742,828.369,0.987,Extremely_Loud
7345,1250869010.098,216.053,3489.112,0.927,Koi_Fish
7346,1250869108.693,1274.765,3983.241,0.961,Extremely_Loud
7347,1250907332.568,7.53,84.44,1.0,Blip
7348,1250907954.627,3380.797,3983.241,1.0,Extremely_Loud
7349,1250909214.204,19.492,3202.505,1.0,Blip
7350,1250909526.182,8.733,61.788,0.996,Blip
7351,1250916359.258,8.679,364.25,0.997,Whistle
7352,1250918395.086,7.565,368.223,0.987,Whistle
7353,1250946070.93,7.571,374.174,0.978,Whistle
7354,1250946697.162,8.02,99.892,1.0,Blip
7355,1250947250.367,7.706,368.223,0.997,Whistle
7356,1250949956.227,8.655,372.28,0.998,Whistle
7357,1250952649.531,9.157,2479.719,0.998,Scattered_Light
7358,1250953295.07,7.607,364.25,0.998,Whistle
7359,1250975952.065,73.012,677.222,0.999,Koi_Fish
7360,1250978644.426,19.002,3835.788,0.998,Tomte
7361,1250982460.678,29.578,3490.99,0.995,Koi_Fish
7362,1250984117.651,129.436,2634.428,0.996,Koi_Fish
7363,1250993502.313,9.345,3201.357,0.985,Low_Frequency_Lines
7364,1250998758.354,17.447,243.135,0.999,Blip
7365,1251007490.746,21.931,3945.854,0.958,Tomte
7366,1251007568.938,7.938,20.195,0.954,Low_Frequency_Lines
7367,1251007728.947,29.313,108.381,0.998,Tomte
7368,1251013167.703,124.544,3624.799,1.0,Extremely_Loud
7369,1251018441.475,19.987,1508.458,0.911,Blip
7370,1251019764.527,8.062,53.292,0.903,Repeating_Blips
7371,1251024523.332,20.793,1299.963,1.0,Tomte
7372,1251054078.063,8.029,3464.271,1.0,Low_Frequency_Lines
7373,1251054997.625,8.212,1113.448,0.966,Low_Frequency_Lines
7374,1251063921.216,20.483,303.051,0.985,Blip
7375,1251067305.2,116.973,3983.241,0.991,Koi_Fish
7376,1251069750.936,61.921,447.013,0.999,Koi_Fish
7377,1251075441.313,7.66,19.536,1.0,Low_Frequency_Lines
7378,1251083910.537,87.796,161.018,0.999,Koi_Fish
7379,1251120243.574,7.813,368.223,0.996,Whistle
7380,1251121361.113,8.56,384.214,0.996,Whistle
7381,1251124349.406,9.542,3464.271,0.999,Low_Frequency_Burst
7382,1251124504.543,586.333,2378.556,1.0,Extremely_Loud
7383,1251126301.742,8.585,3848.998,0.995,Whistle
7384,1251126380.07,9.151,374.157,0.998,Whistle
7385,1251127045.879,7.848,3086.073,0.941,Whistle
7386,1251127840.67,193.611,2783.969,0.947,Koi_Fish
7387,1251127938.736,8.109,352.315,0.997,Whistle
7388,1251136487.656,10.336,3888.931,0.992,Scattered_Light
7389,1251137215.179,118.56,3983.241,0.999,Koi_Fish
7390,1251138105.805,8.858,3747.2,0.992,Whistle
7391,1251138504.805,9.849,296.242,0.998,Whistle
7392,1251138643.973,8.067,364.908,0.996,Whistle
7393,1251138696.711,7.781,2187.178,0.995,Whistle
7394,1251139045.566,7.703,368.223,0.984,Whistle
7395,1251139240.461,10.42,292.433,0.997,Whistle
7396,1251139653.496,7.809,353.079,0.996,Whistle
7397,1251139706.555,7.552,346.381,0.996,Whistle
7398,1251139946.648,10.75,392.345,0.997,Whistle
7399,1251139962.43,9.208,747.432,0.994,Whistle
7400,1251140429.789,10.839,353.079,0.997,Whistle
7401,1251140556.695,7.831,296.214,0.993,Whistle
7402,1251140846.461,8.215,353.079,0.995,Whistle
7403,1251140977.898,9.436,373.04,0.999,Whistle
7404,1251141147.816,10.741,221.719,0.965,Tomte
7405,1251141369.07,7.554,374.174,0.99,Whistle
7406,1251144445.152,8.719,386.276,0.998,Whistle
7407,1251145191.883,8.823,372.381,0.973,Whistle
7408,1251145234.055,8.795,372.381,0.927,Whistle
7409,1251145668.43,9.21,294.502,0.994,Whistle
7410,1251145973.945,8.701,374.157,0.997,Whistle
7411,1251147165.992,10.414,352.315,0.999,Whistle
7412,1251149202.445,8.792,508.592,0.998,Whistle
7413,1251150103.43,9.534,373.043,0.999,Whistle
7414,1251151617.633,10.998,386.276,1.0,Whistle
7415,1251153668.296,7.674,211.877,1.0,Blip
7416,1251159685.886,177.609,3088.05,0.999,Koi_Fish
7417,1251160684.387,209.235,1161.367,1.0,Extremely_Loud
7418,1251164194.26,16.216,3945.854,0.934,Tomte
7419,1251169025.133,12.462,323.233,0.999,Whistle
7420,1251169909.846,10.569,97.554,1.0,Blip
7421,1251172597.83,11.172,165.213,1.0,Blip
7422,1251180997.475,60.966,3746.261,1.0,Koi_Fish
7423,1251184677.579,18.882,370.631,1.0,Blip
7424,1251191639.156,7.724,1946.5,0.976,Low_Frequency_Lines
7425,1251204236.031,7.709,27.498,0.903,Low_Frequency_Burst
7426,1251207502.883,8.643,420.411,0.902,Whistle
7427,1251225964.846,79.615,3615.396,0.996,Koi_Fish
7428,1251234728.16,174.004,241.258,1.0,Extremely_Loud
7429,1251236374.369,18.191,247.708,1.0,Blip
7430,1251239639.098,3776.728,3746.261,0.998,Extremely_Loud
7431,1251239724.063,10.321,3983.241,0.997,Low_Frequency_Lines
7432,1251240012.552,14.921,136.131,0.996,Blip
7433,1251247756.191,1607.086,3945.854,0.979,Extremely_Loud
7434,1251260173.578,27.982,131.936,0.997,Koi_Fish
7435,1251269756.525,56.639,3983.241,1.0,Koi_Fish
7436,1251271826.214,36.029,3813.464,0.996,Koi_Fish
7437,1251272526.177,56.86,3983.241,0.995,Koi_Fish
7438,1251278599.92,87.952,3703.979,0.961,Koi_Fish
7439,1251291933.658,30.727,196.925,0.927,Koi_Fish
7440,1251293252.723,8.124,53.292,0.962,Blip
7441,1251293934.398,8.159,1967.573,0.974,Whistle
7442,1251295000.531,8.999,382.442,0.924,Low_Frequency_Lines
7443,1251300185.914,9.457,4073.106,0.913,Whistle
7444,1251300455.063,9.614,830.143,1.0,Low_Frequency_Lines
7445,1251300608.867,46.157,3835.788,1.0,Low_Frequency_Burst
7446,1251300925.484,7.672,3411.045,0.947,Low_Frequency_Burst
7447,1251301204.891,8.614,28.467,1.0,Scattered_Light
7448,1251303617.231,8.71,128.719,0.995,Blip
7449,1251313817.517,14.617,201.12,1.0,Blip
7450,1251317080.563,7.708,19.406,0.998,Low_Frequency_Lines
7451,1251325854.342,94.076,1028.149,1.0,Koi_Fish
7452,1251328744.188,8.39,2823.571,0.999,Low_Frequency_Lines
7453,1251329813.493,9.475,175.97,1.0,Blip
7454,1251334175.171,10.353,181.356,1.0,Blip
7455,1251335562.563,8.649,3983.241,0.995,Low_Frequency_Lines
7456,1251335703.344,8.434,1541.819,0.998,Low_Frequency_Lines
7457,1251339735.463,180.34,3746.261,0.939,Koi_Fish
7458,1251346455.719,7.657,20.195,0.905,Low_Frequency_Burst
7459,1251349646.631,35.553,447.013,0.997,Koi_Fish
7460,1251353284.881,16.966,198.803,0.944,Blip
7461,1251364395.037,132.531,3557.086,1.0,Koi_Fish
7462,1251370396.667,35.34,2937.886,0.993,Blip
7463,1251372467.848,8.198,53.292,0.983,Blip
7464,1251374556.612,68.427,679.099,0.994,Koi_Fish
7465,1251374859.145,165.801,3582.116,1.0,Extremely_Loud
7466,1251379470.813,8.091,41.012,1.0,Low_Frequency_Lines
7467,1251383269.063,8918.337,3945.854,0.994,Extremely_Loud
7468,1251385021.844,10.766,3088.05,0.972,Low_Frequency_Burst
7469,1251385586.344,8.474,3590.782,0.997,Low_Frequency_Lines
7470,1251386411.563,9.234,3177.69,0.998,Low_Frequency_Lines
7471,1251389648.492,7.806,314.204,0.999,Whistle
7472,1251389713.903,86.46,1936.424,1.0,Koi_Fish
7473,1251393730.455,7.77,3416.224,0.996,Blip
7474,1251398683.911,63.639,2757.861,0.984,Koi_Fish
7475,1251405173.764,16.05,2380.434,0.995,Tomte
7476,1251419324.912,162.194,2417.106,0.995,Koi_Fish
7477,1251422419.449,17.388,75.727,0.998,Tomte
7478,1251438242.381,95.57,3240.109,1.0,Koi_Fish
7479,1251449873.918,2084.676,3983.241,1.0,Extremely_Loud
7480,1251460224.309,12.435,61.335,0.99,Tomte
7481,1251462819.844,7.973,2964.093,0.994,Scattered_Light
7482,1251464133.813,8.212,18.295,0.98,Low_Frequency_Lines
7483,1251474170.576,8.719,3354.507,0.999,Blip
7484,1251475122.814,48.182,1506.581,1.0,Koi_Fish
7485,1251476658.146,60.408,3983.241,0.998,Koi_Fish
7486,1251481355.493,22.09,2748.321,1.0,Blip
7487,1251482402.984,7.949,182.059,0.914,Scratchy
7488,1251486922.955,8.281,61.502,0.969,Blip
7489,1251493874.813,37.914,448.89,0.993,Koi_Fish
7490,1251498295.271,13.0,3896.826,1.0,Blip
7491,1251499494.563,7.604,914.134,0.997,Low_Frequency_Lines
7492,1251503494.906,8.627,24.934,0.962,Scattered_Light
7493,1251508666.17,53.969,3133.541,0.919,Koi_Fish
7494,1251513055.435,18.618,245.453,1.0,Blip
7495,1251522820.481,23.624,370.631,1.0,Blip
7496,1251544526.152,7.828,441.592,0.999,Whistle
7497,1251553355.838,1479.166,3409.167,1.0,Extremely_Loud
7498,1251556279.127,8.238,1278.125,1.0,Blip
7499,1251556470.547,12.472,1359.772,1.0,Low_Frequency_Burst
7500,1251557940.463,55.049,295.994,0.98,Koi_Fish
7501,1251560014.822,77.359,3615.396,1.0,Koi_Fish
7502,1251582747.002,63.419,3983.241,0.995,Koi_Fish
7503,1251583049.527,24.288,89.302,0.989,Tomte
7504,1251589600.98,1014.608,2029.314,1.0,Extremely_Loud
7505,1251627261.842,48.891,3983.241,1.0,Koi_Fish
7506,1251630874.822,33.439,3983.241,0.994,Koi_Fish
7507,1251632583.281,7.73,110.408,0.97,Scratchy
7508,1251636528.438,10.676,203.982,1.0,Blip
7509,1251662497.563,10.765,1267.535,0.989,Low_Frequency_Lines
7510,1251663384.813,7.595,20.411,0.998,Low_Frequency_Lines
7511,1251667979.85,42.117,363.574,0.928,Koi_Fish
7512,1251673066.441,12.794,3395.175,0.968,Tomte
7513,1251673850.84,600.773,1928.011,1.0,Extremely_Loud
7514,1251675034.952,82.376,3983.241,0.997,Koi_Fish
7515,1251675124.605,507.731,2634.428,1.0,Extremely_Loud
7516,1251681543.223,5137.761,3983.241,1.0,Extremely_Loud
7517,1251683449.125,12842.267,1684.732,0.999,Extremely_Loud
7518,1251686663.594,8.019,552.077,0.972,Scratchy
7519,1251688123.543,7.558,61.502,1.0,Blip
7520,1251695564.378,57.803,3985.119,1.0,Koi_Fish
7521,1251696419.751,96.337,3350.311,1.0,Koi_Fish
7522,1251732942.063,8.155,32.414,0.954,Scattered_Light
7523,1251733402.251,65.871,3003.837,0.999,Koi_Fish
7524,1251737827.258,8.168,368.223,0.994,Whistle
7525,1251737989.794,11.582,168.075,0.999,Blip
7526,1251740081.188,7.907,3704.983,1.0,Low_Frequency_Lines
7527,1251741876.869,36.442,131.936,0.999,Koi_Fish
7528,1251744464.738,4291.214,3201.357,0.998,Extremely_Loud
7529,1251745754.469,12.71,1827.592,1.0,Scratchy
7530,1251747137.77,131.38,2378.556,0.921,Koi_Fish
7531,1251749444.832,20.943,2489.561,0.995,Tomte
7532,1251754654.058,30.882,3985.119,0.958,Blip
7533,1251755045.781,7.744,2741.265,0.999,Low_Frequency_Lines
7534,1251758801.531,7.637,29.242,0.995,Low_Frequency_Burst
7535,1251761713.188,9.191,21.199,0.998,Low_Frequency_Lines
7536,1251762814.594,9.851,38.215,1.0,Scattered_Light
7537,1251763556.781,8.433,1684.732,0.975,Low_Frequency_Lines
7538,1251763559.969,7.788,30.785,0.994,Low_Frequency_Lines
7539,1251765294.156,9.271,26.59,1.0,Scattered_Light
7540,1251769601.469,8.366,20.195,0.985,Low_Frequency_Lines
7541,1251774260.968,11.272,110.258,1.0,Blip
7542,1251775303.594,8.204,25.047,0.955,Low_Frequency_Burst
7543,1251776958.813,10.073,26.59,1.0,Scattered_Light
7544,1251778443.594,8.856,27.67,0.998,Scattered_Light
7545,1251779422.438,9.248,23.057,0.94,Low_Frequency_Lines
7546,1251780292.073,151.601,3983.241,0.989,Koi_Fish
7547,1251780303.835,105.383,3983.241,0.973,Koi_Fish
7548,1251782689.57,9.595,3006.243,1.0,Low_Frequency_Burst
7549,1251783835.301,10.784,63.212,0.996,Tomte
7550,1251784303.906,10.303,1929.888,1.0,Scattered_Light
7551,1251784589.406,13.944,3704.983,1.0,Scattered_Light
7552,1251786393.406,8.639,32.797,0.995,Scattered_Light
7553,1251786464.656,14.017,3815.341,1.0,Scattered_Light
7554,1251786514.563,8.904,1418.025,1.0,Scattered_Light
7555,1251787880.688,13.092,2331.151,0.999,Scattered_Light
7556,1251788151.219,7.657,706.623,0.997,Low_Frequency_Lines
7557,1251788598.813,10.668,3983.241,0.999,Scattered_Light
7558,1251788785.313,10.651,3413.363,1.0,Scattered_Light
7559,1251789145.313,10.124,1300.967,0.992,Scattered_Light
7560,1251790004.438,9.52,1717.344,1.0,Scattered_Light
7561,1251790290.688,10.912,28.467,1.0,Scattered_Light
7562,1251791410.895,8.225,30.952,0.974,Low_Frequency_Burst
7563,1251791481.719,8.1,20.195,0.999,Low_Frequency_Burst
7564,1251791490.531,12.222,3945.854,0.926,Low_Frequency_Burst
7565,1251791574.563,10.51,28.467,1.0,Scattered_Light
7566,1251793382.438,8.708,1270.942,0.998,Scattered_Light
7567,1251793894.736,99.756,3983.241,0.978,Koi_Fish
7568,1251796039.281,15.921,3427.638,0.996,Low_Frequency_Burst
7569,1251798733.578,8.168,3881.874,1.0,Low_Frequency_Burst
7570,1251798918.156,7.546,18.134,1.0,Low_Frequency_Burst
7571,1251799376.563,10.212,3630.046,1.0,Scattered_Light
7572,1251799428.844,8.338,26.815,0.959,Low_Frequency_Burst
7573,1251799929.465,200.089,131.936,0.982,Koi_Fish
7574,1251800378.219,9.369,30.952,0.917,Low_Frequency_Burst
7575,1251801331.313,7.911,2930.829,0.962,Low_Frequency_Burst
7576,1251801392.244,8.828,54.604,0.978,Blip
7577,1251801540.594,10.27,3201.357,1.0,Low_Frequency_Burst
7578,1251803201.219,11.891,3703.979,0.901,Low_Frequency_Lines
7579,1251803754.219,12.695,23.057,1.0,Low_Frequency_Burst
7580,1251804302.547,7.776,83.827,0.992,Low_Frequency_Burst
7581,1251806958.344,8.994,29.554,0.998,Scattered_Light
7582,1251808477.156,12.189,3006.243,0.961,Low_Frequency_Lines
7583,1251808903.063,8.703,1931.417,0.941,Scattered_Light
7584,1251813185.09,22.058,73.85,0.994,Tomte
7585,1251813333.23,26.869,853.378,0.976,Tomte
7586,1251822618.672,7.842,18.295,0.999,Low_Frequency_Burst
7587,1251823944.938,7.679,24.032,0.997,Scattered_Light
7588,1251827300.719,9.29,23.057,1.0,Low_Frequency_Burst
7589,1251828098.344,8.136,3399.748,1.0,Scattered_Light
7590,1251831969.605,30.147,3409.167,0.996,Tomte
7591,1251833226.719,7.709,23.125,0.991,Low_Frequency_Burst
7592,1251835535.438,7.916,26.14,1.0,Scattered_Light
7593,1251835624.84,16.975,61.335,0.992,Tomte
7594,1251836372.898,13.625,20.195,0.993,Low_Frequency_Burst
7595,1251839482.438,8.098,163.658,0.998,Scattered_Light
7596,1251840077.359,8.249,1263.121,1.0,Low_Frequency_Burst
7597,1251840608.828,13.199,241.258,0.968,Low_Frequency_Burst
7598,1251840671.156,7.816,3949.26,0.976,Scattered_Light
7599,1251840940.688,7.951,23.057,1.0,Low_Frequency_Lines
7600,1251841608.719,8.233,20.838,0.993,Low_Frequency_Lines
7601,1251844372.469,8.895,2002.241,0.991,Low_Frequency_Lines
7602,1251844466.719,8.587,3908.818,0.99,Low_Frequency_Lines
7603,1251847022.936,115.6,3998.194,0.996,Blip
7604,1251849417.031,9.804,23.057,0.945,Low_Frequency_Burst
7605,1251850087.49,35.959,196.925,0.999,Koi_Fish
7606,1251850560.313,8.599,3249.652,0.976,Low_Frequency_Lines
7607,1251853499.233,157.38,3983.241,0.969,Koi_Fish
7608,1251857846.781,10.986,3746.261,1.0,Scattered_Light
7609,1251860318.793,13.401,61.335,0.952,Tomte
7610,1251860766.949,13.386,51.198,0.993,Tomte
7611,1251862913.55,14.427,201.12,0.993,Blip
7612,1251864631.56,66.388,2869.548,1.0,Koi_Fish
7613,1251865732.813,9.489,29.101,0.999,Scattered_Light
7614,1251871693.426,12.722,1605.98,0.909,Koi_Fish
7615,1251873158.535,19.873,61.335,0.987,Tomte
7616,1251875544.777,25.477,73.85,0.952,Tomte
7617,1251875825.796,111.391,1028.149,0.997,Koi_Fish
7618,1251881633.688,713.378,3983.241,1.0,Extremely_Loud
7619,1251882141.484,8.978,159.278,1.0,Scattered_Light
7620,1251882223.281,7.784,32.829,0.97,Scattered_Light
7621,1251884876.869,189.776,3983.241,0.919,Low_Frequency_Burst
7622,1251885661.719,7.51,2198.397,0.977,Scattered_Light
7623,1251885666.777,13.488,133.813,0.966,Tomte
7624,1251888343.938,7.835,23.057,0.988,Low_Frequency_Lines
7625,1251889100.625,8.728,1028.149,0.98,Low_Frequency_Lines
7626,1251890665.348,17.768,3457.886,0.934,Tomte
7627,1251892373.563,7.622,3032.363,0.967,Scattered_Light
7628,1251892820.938,11.682,30.552,1.0,Scattered_Light
7629,1251893941.16,3229.189,3881.874,0.998,Extremely_Loud
7630,1251895409.781,8.568,22.449,0.999,Scattered_Light
7631,1251897184.188,7.745,20.481,1.0,Low_Frequency_Lines
7632,1251905408.078,7.915,1596.977,0.995,Scratchy
7633,1251905412.906,11.128,1884.027,0.939,Scratchy
7634,1251911205.563,8.048,1029.153,0.996,Low_Frequency_Lines
7635,1251914880.379,20.518,3945.854,0.999,Tomte
7636,1251929814.949,106.579,3703.979,0.956,Koi_Fish
7637,1251932990.786,135.044,3986.648,0.968,Whistle
7638,1251936565.768,52.358,196.925,0.995,Koi_Fish
7639,1251945626.031,10.938,94.91,0.991,Scratchy
7640,1251946430.745,49.854,551.908,0.997,Koi_Fish
7641,1251947966.906,7.551,18.134,0.998,Low_Frequency_Burst
7642,1251948618.844,11.141,3490.641,0.981,Low_Frequency_Burst
7643,1251949066.969,10.605,1299.963,0.992,Low_Frequency_Lines
7644,1251950791.266,9.008,25.298,1.0,Low_Frequency_Burst
7645,1251952845.344,10.163,295.994,0.919,Low_Frequency_Lines
7646,1251952993.656,8.391,23.057,0.993,Low_Frequency_Burst
7647,1251953098.672,15.914,3764.125,0.981,Low_Frequency_Burst
7648,1251953411.219,9.281,32.829,0.998,Low_Frequency_Burst
7649,1251954689.063,8.122,325.741,0.985,Scattered_Light
7650,1251954729.594,9.799,23.057,0.985,Low_Frequency_Burst
7651,1251955752.531,7.558,24.263,1.0,Low_Frequency_Burst
7652,1251956908.461,13.333,813.082,0.93,Low_Frequency_Burst
7653,1251957363.354,8.254,123.333,1.0,Blip
7654,1251957733.429,12.567,310.946,0.999,Blip
7655,1251962044.828,84.588,4018.439,0.995,Whistle
7656,1251972191.688,11.865,23.057,0.999,Low_Frequency_Lines
7657,1251972214.594,10.967,26.59,0.97,Low_Frequency_Burst
7658,1251972221.781,19.109,1461.986,0.993,Low_Frequency_Burst
7659,1251972498.125,8.394,3425.439,0.986,Low_Frequency_Lines
7660,1251972686.219,11.457,26.497,0.984,Low_Frequency_Burst
7661,1251972704.219,7.964,255.065,0.998,Scattered_Light
7662,1251972837.531,9.569,2742.269,0.971,Scattered_Light
7663,1251973178.188,9.203,32.414,1.0,Scattered_Light
7664,1251973232.094,9.371,30.952,0.999,Scattered_Light
7665,1251973485.781,10.041,20.195,0.909,Low_Frequency_Lines
7666,1251973586.594,8.842,1465.535,0.943,Scattered_Light
7667,1251973866.584,382.83,3728.798,0.919,Extremely_Loud
7668,1251974326.594,11.687,3490.641,0.955,Scattered_Light
7669,1251974442.063,21.748,30.952,0.96,Scattered_Light
7670,1251974459.828,8.453,3489.112,0.966,Low_Frequency_Burst
7671,1251974468.531,8.053,26.14,0.947,Scattered_Light
7672,1251974597.359,2060.914,3881.874,0.998,Extremely_Loud
7673,1251976046.578,8.74,18.134,1.0,Low_Frequency_Burst
7674,1251976075.584,34.171,295.994,0.995,Koi_Fish
7675,1251976114.484,13.162,3006.243,0.971,Low_Frequency_Burst
7676,1251982112.281,10.274,834.26,0.991,Low_Frequency_Lines
7677,1251982378.719,10.042,25.298,0.989,Low_Frequency_Burst
7678,1251982440.531,16.597,182.86,0.981,Low_Frequency_Burst
7679,1251982740.949,7.95,363.467,0.948,Whistle
7680,1251982783.563,8.74,2378.556,0.939,Low_Frequency_Lines
7681,1251982841.344,15.663,207.297,0.996,Low_Frequency_Burst
7682,1251982852.313,8.973,321.907,0.998,Scattered_Light
7683,1251982859.594,13.66,260.848,1.0,Low_Frequency_Burst
7684,1251983090.566,8.705,364.908,0.951,Whistle
7685,1251997143.031,13.544,3799.787,1.0,Scattered_Light
7686,1251997366.594,12.236,220.259,0.958,Low_Frequency_Burst
7687,1251998041.531,9.092,284.732,0.999,Low_Frequency_Burst
7688,1251998096.094,9.352,159.15,0.953,Low_Frequency_Burst
7689,1251998239.781,10.149,42.988,1.0,Scattered_Light
7690,1251998247.594,16.602,2479.719,0.948,Scattered_Light
7691,1251998448.219,8.329,18.134,0.998,Low_Frequency_Burst
7692,1251998708.156,9.977,23.057,0.999,Low_Frequency_Burst
7693,1251998740.281,8.614,3592.659,1.0,Scattered_Light
7694,1251998780.625,12.539,26.59,0.957,Scattered_Light
7695,1251998912.063,9.417,3427.638,0.99,Scattered_Light
7696,1251998971.406,9.85,20.195,0.997,Low_Frequency_Burst
7697,1251999290.531,11.61,26.59,0.983,Low_Frequency_Burst
7698,1252000541.563,13.532,1564.972,1.0,Scattered_Light
7699,1252000850.344,7.686,447.013,0.949,Scattered_Light
7700,1252000989.359,8.212,18.134,1.0,Low_Frequency_Burst
7701,1252001027.984,7.822,25.888,1.0,Low_Frequency_Burst
7702,1252001531.969,26.638,3983.241,0.947,Low_Frequency_Burst
7703,1252001684.156,24.794,3746.261,0.982,Low_Frequency_Burst
7704,1252001780.797,17.119,3176.615,1.0,Scattered_Light
7705,1252002003.148,13.808,3881.874,0.992,Whistle
7706,1252002020.531,8.39,19.406,0.997,Low_Frequency_Lines
7707,1252003449.688,10.139,30.952,0.916,Low_Frequency_Lines
7708,1252003587.594,9.345,23.057,1.0,Low_Frequency_Burst
7709,1252003698.508,9.508,372.28,0.968,Whistle
7710,1252003814.281,8.463,20.838,0.997,Scattered_Light
7711,1252003828.453,9.31,3881.874,0.996,Low_Frequency_Burst
7712,1252004336.563,8.354,20.195,0.999,Low_Frequency_Lines
7713,1252004401.656,17.253,2195.579,1.0,Scattered_Light
7714,1252005024.281,7.772,3813.464,0.926,Scattered_Light
7715,1252005183.406,21.22,3351.316,1.0,Scattered_Light
7716,1252005213.188,8.603,20.838,0.994,Low_Frequency_Lines
7717,1252005247.539,7.547,394.121,0.956,Whistle
7718,1252005285.797,8.378,26.59,0.918,Scattered_Light
7719,1252005742.594,11.46,28.467,0.993,Scattered_Light
7720,1252005772.938,14.954,3983.241,0.95,Low_Frequency_Lines
7721,1252005966.547,12.826,32.829,0.974,Scattered_Light
7722,1252005972.156,10.518,2534.013,1.0,Scattered_Light
7723,1252006144.266,8.208,3329.919,0.991,Low_Frequency_Burst
7724,1252006556.201,10.854,207.515,1.0,Blip
7725,1252006687.563,7.586,20.711,0.993,Low_Frequency_Lines
7726,1252006870.969,14.36,32.829,1.0,Scattered_Light
7727,1252006943.719,8.172,19.406,1.0,Low_Frequency_Lines
7728,1252007124.969,8.319,25.298,0.941,Low_Frequency_Burst
7729,1252007804.508,8.704,26.59,0.999,Low_Frequency_Burst
7730,1252008335.688,34.91,3813.464,0.962,Scattered_Light
7731,1252008411.969,12.578,3872.13,0.98,Scattered_Light
7732,1252008741.406,14.504,32.829,1.0,Scattered_Light
7733,1252010505.313,21.243,3983.241,0.95,Extremely_Loud
7734,1252010765.531,8.837,2634.428,0.957,Low_Frequency_Burst
7735,1252016452.594,11.808,3409.167,0.983,Scattered_Light
7736,1252016613.594,12.885,62.473,1.0,Scattered_Light
7737,1252016648.594,9.58,28.467,0.997,Scattered_Light
7738,1252016913.906,11.16,3883.751,0.997,Scattered_Light
7739,1252017001.078,9.424,27.594,0.957,Scattered_Light
7740,1252017028.531,24.541,3987.436,1.0,Scattered_Light
7741,1252017264.469,16.151,32.829,1.0,Scattered_Light
7742,1252017462.406,7.609,23.382,0.926,Scattered_Light
7743,1252017501.469,8.874,26.59,0.999,Low_Frequency_Burst
7744,1252017780.906,8.628,23.057,0.953,Low_Frequency_Burst
7745,1252017925.813,8.578,3201.357,0.959,Low_Frequency_Lines
7746,1252018227.656,7.764,27.412,0.97,Scattered_Light
7747,1252018339.984,9.982,26.59,0.909,Low_Frequency_Burst
7748,1252018866.906,12.9,2319.412,1.0,Scattered_Light
7749,1252018916.781,7.633,27.67,0.964,Low_Frequency_Burst
7750,1252019062.906,10.663,2439.979,0.945,Low_Frequency_Burst
7751,1252019433.11,8.371,181.356,1.0,Blip
7752,1252019509.219,8.639,30.785,1.0,Scattered_Light
7753,1252019642.594,7.948,1277.172,0.986,Scattered_Light
7754,1252019781.234,7.849,44.865,0.978,Scattered_Light
7755,1252019834.297,9.862,28.467,0.996,Scattered_Light
7756,1252019946.594,10.41,32.829,0.973,Scattered_Light
7757,1252019953.406,9.087,23.454,0.997,Scattered_Light
7758,1252020050.928,31.56,1907.455,0.991,Tomte
7759,1252020289.469,9.122,20.838,0.945,Low_Frequency_Lines
7760,1252020476.156,17.269,2634.428,0.976,Scattered_Light
7761,1252020983.969,10.078,220.397,0.984,Scattered_Light
7762,1252021222.031,7.75,28.597,0.988,Low_Frequency_Lines
7763,1252021287.688,9.858,24.115,0.999,Scattered_Light
7764,1252021400.281,8.67,23.057,0.979,Low_Frequency_Lines
7765,1252021654.346,4097.285,2964.093,1.0,Extremely_Loud
7766,1252022595.969,7.507,23.127,0.953,Low_Frequency_Burst
7767,1252022729.799,59.931,2964.093,0.998,Koi_Fish
7768,1252022800.43,8.975,392.345,0.995,Whistle
7769,1252022836.797,8.403,36.338,0.916,Low_Frequency_Burst
7770,1252023081.031,8.626,3703.979,0.992,Scattered_Light
7771,1252023210.219,12.867,1269.412,1.0,Scattered_Light
7772,1252023704.344,14.796,3464.271,1.0,Scattered_Light
7773,1252024069.219,9.233,2378.556,1.0,Low_Frequency_Burst
7774,1252024777.766,7.918,3409.167,0.998,Low_Frequency_Burst
7775,1252026686.758,8.139,374.157,0.994,Whistle
7776,1252026754.906,8.512,20.195,0.941,Low_Frequency_Burst
7777,1252027818.938,8.467,19.406,0.999,Low_Frequency_Lines
7778,1252028067.063,9.461,3983.241,0.998,Low_Frequency_Lines
7779,1252029677.063,8.283,31.188,1.0,Scattered_Light
7780,1252030062.719,8.212,3205.552,1.0,Scattered_Light
7781,1252033188.727,8.162,290.307,0.98,Whistle
7782,1252037684.344,7.967,20.195,1.0,Low_Frequency_Lines
7783,1252041733.844,7.653,3121.488,1.0,Scattered_Light
7784,1252044903.594,8.265,3246.219,1.0,Scattered_Light
7785,1252075237.141,8.051,23.057,0.915,Low_Frequency_Burst
7786,1252081792.094,10.933,3371.444,1.0,Scattered_Light
7787,1252083677.941,42.228,3799.787,0.997,Low_Frequency_Burst
7788,1252087317.656,8.837,38.609,0.924,Koi_Fish
7789,1252088531.482,20.195,108.381,0.964,Tomte
7790,1252099320.563,8.185,30.22,1.0,Scattered_Light
7791,1252102021.703,9.41,3813.464,0.941,Low_Frequency_Burst
7792,1252103260.781,14.841,2651.052,0.95,Low_Frequency_Burst
7793,1252104456.859,8.098,17.877,0.966,Low_Frequency_Burst
7794,1252105106.594,7.72,20.195,0.95,Low_Frequency_Burst
7795,1252106756.344,12.891,1139.208,1.0,Low_Frequency_Burst
7796,1252107272.156,8.601,3133.541,0.959,Low_Frequency_Lines
7797,1252111878.74,40.655,3746.261,1.0,Koi_Fish
7798,1252117950.313,7.546,19.406,0.999,Low_Frequency_Lines
7799,1252118236.559,20.947,73.85,0.974,Tomte
7800,1252118834.688,9.538,1193.938,0.932,Low_Frequency_Lines
7801,1252119043.734,12.912,28.455,0.987,Low_Frequency_Burst
7802,1252119207.838,35.894,2741.265,0.997,Koi_Fish
7803,1252120085.563,11.105,1941.601,0.994,Low_Frequency_Lines
7804,1252120305.281,8.058,19.406,0.996,Low_Frequency_Lines
7805,1252149538.281,8.78,1511.843,0.948,Low_Frequency_Burst
7806,1252150158.031,7.624,3372.087,0.944,Low_Frequency_Burst
7807,1252150598.486,39.225,241.258,0.958,Koi_Fish
7808,1252153591.34,7.538,374.157,0.987,Whistle
7809,1252158677.266,8.989,26.59,0.982,Low_Frequency_Burst
7810,1252163606.438,525.81,3030.486,1.0,Extremely_Loud
7811,1252165587.695,7.568,362.704,0.949,Whistle
7812,1252166557.73,14.669,73.85,0.999,Tomte
7813,1252170350.656,8.375,23.057,0.986,Low_Frequency_Lines
7814,1252177351.344,13.066,31.719,0.999,Scattered_Light
7815,1252180679.01,7.658,93.497,0.991,Blip
7816,1252181797.208,60.658,196.925,0.971,Koi_Fish
7817,1252183344.031,8.124,32.414,0.992,Scattered_Light
7818,1252183896.344,10.015,38.245,0.985,Scattered_Light
7819,1252186908.688,7.529,18.965,1.0,Low_Frequency_Lines
7820,1252189248.781,8.06,38.754,0.981,Scattered_Light
7821,1252191135.281,11.209,38.215,0.951,Scattered_Light
7822,1252192134.906,7.568,207.647,0.999,Scattered_Light
7823,1252198449.768,11.32,3883.751,0.999,Blip
7824,1252200229.969,7.598,2066.757,0.999,Scattered_Light
7825,1252200284.781,9.484,30.5,0.977,Low_Frequency_Burst
7826,1252204521.719,1557.296,3393.298,1.0,Extremely_Loud
7827,1252206721.402,19.903,131.936,0.954,Low_Frequency_Burst
7828,1252207453.441,23.389,89.302,0.93,Tomte
7829,1252208254.793,18.658,3201.357,0.995,Tomte
7830,1252210569.313,7.968,1270.353,0.999,Scattered_Light
7831,1252211192.719,8.122,22.972,0.945,Scattered_Light
7832,1252218329.285,12.526,61.335,0.997,Tomte
7833,1252220844.703,7.932,42.988,0.958,Scattered_Light
7834,1252222018.719,11.4,44.865,0.997,Scattered_Light
7835,1252228423.031,7.826,23.057,0.986,Scattered_Light
7836,1252230599.542,8.114,152.274,1.0,Blip
7837,1252231585.406,8.422,23.057,0.959,Low_Frequency_Lines
7838,1252231893.525,530.453,2378.556,0.995,Extremely_Loud
7839,1252235311.323,8.767,152.274,1.0,Blip
7840,1252235538.057,35.345,3813.464,0.947,Koi_Fish
7841,1252238096.798,23.486,370.631,1.0,Blip
7842,1252241652.797,12.337,2040.289,0.925,Low_Frequency_Burst
7843,1252264347.219,9.279,2892.782,0.995,Scattered_Light
7844,1252265714.594,7.55,24.212,0.951,Scattered_Light
7845,1252270189.773,170.269,3984.907,0.98,Repeating_Blips
7846,1252288417.364,13.459,245.453,1.0,Blip
7847,1252290713.206,12.558,168.075,1.0,Blip
7848,1252299238.08,7.706,50.045,0.979,Blip
7849,1252300000.141,14.23,36.338,0.992,Low_Frequency_Burst
7850,1252300473.508,7.648,23.057,1.0,Low_Frequency_Burst
7851,1252300890.609,7.548,28.467,0.935,Low_Frequency_Burst
7852,1252324246.502,118.71,3993.831,0.992,Whistle
7853,1252325817.614,21.141,300.189,0.996,Blip
7854,1252327194.063,8.816,3237.069,0.976,Low_Frequency_Lines
7855,1252327536.313,8.422,3881.874,0.979,Low_Frequency_Lines
7856,1252328179.344,8.17,28.467,0.982,Low_Frequency_Burst
7857,1252328606.448,10.994,207.515,1.0,Blip
7858,1252337908.918,288.327,2930.829,1.0,Extremely_Loud
7859,1252345655.063,7.784,2564.999,0.994,Low_Frequency_Lines
7860,1252349493.031,7.677,412.308,0.994,Low_Frequency_Lines
7861,1252355362.847,102.222,3983.241,0.996,Koi_Fish
7862,1252355514.746,87.589,1850.077,0.988,Koi_Fish
7863,1252359500.625,239.705,3881.874,1.0,Extremely_Loud
7864,1252363816.348,51.955,1775.626,0.992,Low_Frequency_Burst
7865,1252364809.033,122.5,196.925,1.0,Koi_Fish
7866,1252366934.324,13.969,2973.802,0.936,Tomte
7867,1252373445.994,18.474,241.258,0.924,Blip
7868,1252377968.275,58.887,447.013,1.0,Koi_Fish
7869,1252380446.582,17.185,1453.523,0.984,Tomte
7870,1252380735.254,10.082,61.335,0.926,Tomte
7871,1252387203.355,13.326,73.85,0.977,Tomte
7872,1252396856.863,26.93,89.302,1.0,Tomte
7873,1252397727.415,127.622,3409.167,0.989,Koi_Fish
7874,1252398533.938,7.686,26.59,0.901,Scattered_Light
7875,1252400442.011,23.95,2493.756,0.999,Blip
7876,1252405489.125,8.712,257.411,0.988,Scattered_Light
7877,1252405976.969,7.57,23.454,0.988,Scattered_Light
7878,1252409473.563,310.792,3409.167,0.999,Extremely_Loud
7879,1252411469.547,9.184,3240.109,0.976,Low_Frequency_Burst
7880,1252411854.793,75.334,3993.831,0.91,Repeating_Blips
7881,1252412333.953,11.979,32.829,0.979,Low_Frequency_Burst
7882,1252416477.656,8.641,23.057,0.955,Low_Frequency_Burst
7883,1252422632.063,8.483,247.708,0.999,Scattered_Light
7884,1252425560.751,15.314,168.075,1.0,Blip
7885,1252426863.902,11.438,61.335,0.995,Tomte
7886,1252432134.031,7.994,1644.648,0.992,Low_Frequency_Lines
7887,1252432712.547,8.854,35.147,0.951,Scattered_Light
7888,1252435191.938,7.547,1267.535,0.901,Low_Frequency_Lines
7889,1252435356.691,10.782,53.075,0.973,Tomte
7890,1252443297.065,25.959,2382.752,1.0,Blip
7891,1252449973.941,18.682,61.335,0.998,Tomte
7892,1252454304.459,327.229,3088.05,0.993,Koi_Fish
7893,1252463663.127,22.748,245.453,0.999,Blip
7894,1252465498.642,168.457,3985.119,0.992,Whistle
7895,1252469951.017,136.996,4003.579,0.951,Blip
7896,1252474817.578,44.862,1850.077,0.987,Koi_Fish
7897,1252476995.547,121.836,4003.579,0.928,Blip
7898,1252481138.37,21.485,3913.013,0.994,Blip
7899,1252481783.639,15.509,203.375,1.0,Blip
7900,1252482473.938,8.105,1067.5,1.0,Scattered_Light
7901,1252482944.018,30.259,3409.167,0.914,Koi_Fish
7902,1252490742.844,8.61,2706.379,0.96,Low_Frequency_Lines
7903,1252491972.035,14.437,89.302,0.982,Tomte
7904,1252494854.438,9.147,3551.692,0.963,Scattered_Light
7905,1252507946.469,8.295,153.543,0.984,Low_Frequency_Lines
7906,1252508267.063,7.686,39.583,0.971,Scattered_Light
7907,1252509990.027,124.537,3998.194,0.927,Blip
7908,1252516547.199,522.781,914.134,0.997,Extremely_Loud
7909,1252518783.684,119.511,3557.086,0.998,Koi_Fish
7910,1252524582.331,164.22,3990.298,0.999,Repeating_Blips
7911,1252533671.426,543.102,971.864,1.0,Extremely_Loud
7912,1252535716.358,8.251,128.719,1.0,Blip
7913,1252535790.185,50.725,3983.241,1.0,Koi_Fish
7914,1252543421.938,385.94,3945.854,1.0,Extremely_Loud
7915,1252544736.457,20.679,161.018,0.923,Tomte
7916,1252547027.563,7.741,19.811,0.999,Low_Frequency_Lines
7917,1252547926.135,79.019,4003.579,0.967,Blip
7918,1252549669.875,7.595,2835.533,0.959,Low_Frequency_Lines
7919,1252550622.188,7.576,24.132,0.989,Low_Frequency_Lines
7920,1252554328.135,8.379,146.888,1.0,Blip
7921,1252554345.965,154.83,3987.436,0.995,Repeating_Blips
7922,1252555175.929,125.212,4003.579,0.981,Repeating_Blips
7923,1252557572.052,135.313,3984.997,0.909,Repeating_Blips
7924,1252560700.224,34.514,3987.436,0.944,Koi_Fish
7925,1252571173.344,2645.763,3983.241,1.0,Extremely_Loud
7926,1252577394.938,8.495,444.563,0.997,Low_Frequency_Lines
7927,1252577480.175,13.193,165.213,1.0,Blip
7928,1252577931.121,1655.261,1563.095,0.971,Extremely_Loud
7929,1252578351.265,141.269,4003.579,0.999,Blip
7930,1252585859.154,201.855,3987.436,0.967,Repeating_Blips
7931,1252590130.112,11.359,207.515,1.0,Blip
7932,1252592418.647,7.539,4010.229,1.0,Blip
7933,1252593398.229,107.787,4010.229,0.999,Whistle
7934,1252597403.798,10.09,175.97,1.0,Blip
7935,1252598430.331,19.608,1513.637,1.0,Blip
7936,1252601740.779,122.822,2378.556,1.0,Koi_Fish
7937,1252602872.906,131.255,3489.667,0.987,Scratchy
7938,1252603260.823,8.878,146.888,1.0,Blip
7939,1252611740.438,7.711,452.873,0.962,Scattered_Light
7940,1252613363.619,12.458,136.131,0.981,Blip
7941,1252621114.566,13.207,73.85,0.931,Tomte
7942,1252621732.781,8.516,509.683,1.0,Scattered_Light
7943,1252622385.313,554.13,2489.561,0.999,Extremely_Loud
7944,1252629726.188,8.132,20.195,0.998,Low_Frequency_Lines
7945,1252630870.375,10.78,2810.325,0.958,Low_Frequency_Lines
7946,1252632635.119,137.983,3989.351,0.974,Whistle
7947,1252632758.265,9.822,171.608,1.0,Blip
7948,1252637107.813,8.417,916.219,0.955,Scattered_Light
7949,1252638242.321,17.385,370.631,1.0,Blip
7950,1252641110.16,14.026,4041.092,0.945,Blip
7951,1252642796.938,10.14,40.533,1.0,Scattered_Light
7952,1252642842.938,9.013,30.785,1.0,Scattered_Light
7953,1252646454.141,263.812,3989.691,0.998,Repeating_Blips
7954,1252649938.454,31.879,365.451,0.974,Koi_Fish
7955,1252653956.674,158.42,3998.194,0.993,Repeating_Blips
7956,1252654004.646,161.748,3993.831,0.928,Blip
7957,1252657266.774,162.573,3998.194,0.924,Whistle
7958,1252658775.219,8.147,100.605,0.996,Scattered_Light
7959,1252660005.563,7.667,1607.486,0.994,Low_Frequency_Lines
7960,1252660153.713,186.269,3986.648,0.982,Repeating_Blips
7961,1252664632.953,9.739,33.242,0.979,Scattered_Light
7962,1252665997.58,53.688,161.018,0.996,Koi_Fish
7963,1252667482.195,8.544,23.057,1.0,Low_Frequency_Burst
7964,1252671160.888,206.388,3993.831,0.97,Blip
7965,1252672466.563,8.0,668.286,0.993,Low_Frequency_Lines
7966,1252674033.52,16.358,73.85,0.996,Tomte
7967,1252674054.543,14.465,834.26,0.995,Tomte
7968,1252675217.938,8.155,20.195,1.0,Low_Frequency_Lines
7969,1252678866.865,12.607,131.936,0.94,Tomte
7970,1252678882.443,187.064,3987.436,0.971,Repeating_Blips
7971,1252679043.469,7.833,20.838,0.951,Low_Frequency_Burst
7972,1252680513.313,8.588,1249.337,0.998,Low_Frequency_Lines
7973,1252683066.953,13.182,3350.311,1.0,Low_Frequency_Burst
7974,1252683831.613,153.858,4003.579,0.962,Whistle
7975,1252684752.396,45.429,976.584,0.995,Koi_Fish
7976,1252689331.875,8.407,29.996,0.979,Low_Frequency_Burst
7977,1252691846.813,43.775,2652.929,0.989,Scattered_Light
7978,1252695824.512,11.66,61.335,0.948,Tomte
7979,1252696544.701,172.068,3987.436,0.932,Whistle
7980,1252697888.313,8.216,1746.563,0.974,Low_Frequency_Lines
7981,1252707014.188,7.669,883.207,0.996,Low_Frequency_Lines
7982,1252707155.818,32.412,1151.139,0.922,Koi_Fish
7983,1252712230.369,517.129,3983.241,0.999,Extremely_Loud
7984,1252716699.818,17.165,161.018,0.958,Tomte
7985,1252720785.125,1138.758,3983.241,0.991,Extremely_Loud
7986,1252722027.938,9.446,3703.979,0.983,Low_Frequency_Lines
7987,1252722550.345,279.24,3983.241,0.962,Koi_Fish
7988,1252723886.957,658.03,196.925,1.0,Extremely_Loud
7989,1252725767.688,11.995,32.829,1.0,Scattered_Light
7990,1252726160.277,10.218,51.198,0.98,Tomte
7991,1252730570.844,8.73,2480.565,0.902,Low_Frequency_Burst
7992,1252731890.563,7.801,19.969,0.995,Low_Frequency_Lines
7993,1252734735.438,8.341,3136.171,0.98,Low_Frequency_Lines
7994,1252753812.313,9.018,20.411,0.998,Low_Frequency_Lines
7995,1252753897.672,7.957,23.057,0.992,Low_Frequency_Burst
7996,1252754895.563,8.142,1489.129,1.0,Low_Frequency_Lines
7997,1252755821.234,8.465,20.195,0.993,Low_Frequency_Burst
7998,1252760037.951,12.661,201.12,1.0,Blip
7999,1252762488.395,15.435,131.936,0.996,Tomte
8000,1252764189.705,9.501,99.892,1.0,Blip
8001,1252767922.125,48.224,51.89,0.965,Extremely_Loud
8002,1252779285.313,8.482,3133.541,0.996,Low_Frequency_Lines
8003,1252781616.188,7.594,20.838,0.989,Low_Frequency_Lines
8004,1252782555.813,7.764,3006.243,1.0,Scattered_Light
8005,1252783094.938,9.051,19.406,0.998,Low_Frequency_Lines
8006,1252784736.631,7.779,88.802,1.0,Blip
8007,1252785527.875,8.074,3241.184,1.0,Low_Frequency_Lines
8008,1252786697.906,7.653,2819.014,0.971,Low_Frequency_Burst
8009,1252788915.063,7.556,2834.458,0.905,Low_Frequency_Lines
8010,1252791258.26,12.478,203.982,1.0,Blip
8011,1252791587.438,12.487,3146.814,0.999,Low_Frequency_Lines
8012,1252793539.188,8.784,32.885,0.995,Low_Frequency_Lines
8013,1252793813.828,10.463,2819.014,1.0,Low_Frequency_Burst
8014,1252793848.813,7.803,1819.602,1.0,Low_Frequency_Lines
8015,1252795349.813,8.088,19.969,1.0,Low_Frequency_Lines
8016,1252796186.938,9.224,1461.986,1.0,Low_Frequency_Lines
8017,1252801862.313,8.005,19.406,0.99,Low_Frequency_Lines
8018,1252802941.688,305.019,2378.556,0.998,Extremely_Loud
8019,1252804946.875,7.872,3241.114,0.912,Low_Frequency_Lines
8020,1252814330.063,10.099,3703.979,0.998,Low_Frequency_Lines
8021,1252817532.125,69.543,3582.116,0.968,Extremely_Loud
8022,1252817603.875,290.713,3945.854,1.0,Extremely_Loud
8023,1252818649.313,7.555,2720.609,1.0,Low_Frequency_Lines
8024,1252824454.813,8.049,20.838,0.931,Low_Frequency_Burst
8025,1252827984.924,25.349,2870.508,0.995,Blip
8026,1252828987.678,106.078,3993.831,0.982,Blip
8027,1252829068.563,7.986,29.459,0.996,Scattered_Light
8028,1252829757.684,1264.957,3908.818,1.0,Extremely_Loud
8029,1252830977.185,19.894,1067.257,0.987,Blip
8030,1252831427.031,8.893,3703.979,0.904,Low_Frequency_Burst
8031,1252840342.142,8.632,152.274,1.0,Blip
8032,1252840347.9,33.882,550.03,0.953,Koi_Fish
8033,1252844020.965,149.625,1461.986,0.949,Koi_Fish
8034,1252870410.188,7.952,20.411,1.0,Low_Frequency_Lines
8035,1252872798.125,8.7,3983.796,0.938,Scattered_Light
8036,1252878825.688,8.832,2635.432,0.999,Scattered_Light
8037,1252878889.313,9.459,2741.265,1.0,Low_Frequency_Lines
8038,1252889404.313,14.007,40.533,1.0,Scattered_Light
8039,1252889478.125,8.456,3409.167,0.947,Low_Frequency_Lines
8040,1252890921.652,225.103,3983.241,0.965,Koi_Fish
8041,1252894603.063,32.666,3987.436,0.999,Scattered_Light
8042,1252895803.252,9.728,142.526,1.0,Blip
8043,1252897192.641,1731.491,2930.829,0.997,Extremely_Loud
8044,1252902112.656,7.989,407.742,0.946,Scattered_Light
8045,1252905025.028,13.146,203.982,1.0,Blip
8046,1252905050.469,7.597,3615.917,0.997,Low_Frequency_Lines
8047,1252905361.81,8.464,240.735,1.0,Blip
8048,1252911602.813,7.61,3984.246,0.988,Low_Frequency_Lines
8049,1252912194.688,10.111,3881.874,1.0,Low_Frequency_Lines
8050,1252914037.563,433.771,3582.116,1.0,Extremely_Loud
8051,1252916592.531,8.683,3006.243,0.985,Low_Frequency_Burst
8052,1252917177.813,9.352,3030.486,0.978,Low_Frequency_Lines
8053,1252919631.563,13.721,3983.241,0.968,Scattered_Light
8054,1252940307.969,7.878,3582.116,0.947,Low_Frequency_Burst
8055,1252941343.594,13.774,3523.706,0.929,Low_Frequency_Burst
8056,1252941505.188,7.531,20.195,0.998,Low_Frequency_Lines
8057,1252942454.625,7.887,3910.036,0.989,Scattered_Light
8058,1252942675.75,10.11,398.977,0.936,Scattered_Light
8059,1252943806.313,9.008,3881.874,0.999,Scattered_Light
8060,1252945329.46,306.015,3983.241,0.993,Extremely_Loud
8061,1252945708.533,19.87,370.631,0.994,Blip
8062,1252946210.031,32.43,3984.907,0.997,Extremely_Loud
8063,1252948855.893,767.002,3201.357,1.0,Extremely_Loud
8064,1252950163.174,102.519,3201.357,0.996,Koi_Fish
8065,1252950623.313,11.623,30.952,0.973,Low_Frequency_Burst
8066,1252950935.188,7.578,29.123,0.992,Scattered_Light
8067,1252952892.219,10.202,3557.086,0.967,Scattered_Light
8068,1252953209.594,11.853,3983.241,1.0,Scattered_Light
8069,1252955623.563,8.308,28.314,0.999,Scattered_Light
8070,1252955841.125,10.028,3813.464,0.993,Scattered_Light
8071,1252955902.938,35.387,834.26,0.999,Extremely_Loud
8072,1252956292.393,676.327,3945.854,1.0,Extremely_Loud
8073,1252956691.947,194.916,3983.241,0.994,Koi_Fish
8074,1252959542.512,186.329,3983.241,1.0,Extremely_Loud
8075,1252959974.107,655.476,3983.241,0.996,Extremely_Loud
8076,1252960752.625,15.302,40.533,0.956,Scattered_Light
8077,1252961259.665,126.499,3983.241,0.913,Koi_Fish
8078,1252961856.762,78.36,3987.436,0.996,Blip
8079,1252961983.913,1644.429,3983.241,1.0,Extremely_Loud
8080,1252978416.531,13.653,26.59,0.959,Low_Frequency_Burst
8081,1252978461.561,868.311,3983.241,0.933,Extremely_Loud
8082,1253016303.437,154.516,3998.194,0.924,Repeating_Blips
8083,1253017434.149,124.631,3998.194,0.931,Blip
8084,1253018288.432,714.953,3983.241,0.965,Extremely_Loud
8085,1253018530.328,8.975,3799.787,0.923,Low_Frequency_Burst
8086,1253022223.563,8.047,3241.114,0.971,Low_Frequency_Lines
8087,1253025011.063,94.858,3985.119,0.91,Repeating_Blips
8088,1253025438.459,18.155,133.813,0.994,Koi_Fish
8089,1253026867.175,148.067,3985.119,0.956,Koi_Fish
8090,1253027120.984,9.268,28.467,0.972,Low_Frequency_Burst
8091,1253027457.526,339.488,3983.241,0.966,Extremely_Loud
8092,1253027529.719,272.595,3983.241,0.976,Extremely_Loud
8093,1253027864.673,222.511,3990.298,0.979,Repeating_Blips
8094,1253029018.678,1369.803,1850.077,1.0,Extremely_Loud
8095,1253029492.454,138.583,3983.241,0.963,Koi_Fish
8096,1253031118.568,278.583,3983.241,0.955,Extremely_Loud
8097,1253031973.406,7.67,26.14,0.961,Low_Frequency_Burst
8098,1253036213.26,91.124,3983.241,1.0,Koi_Fish
8099,1253038304.061,130.724,3985.536,0.967,Blip
8100,1253040349.663,362.128,3983.241,0.993,Extremely_Loud
8101,1253041725.547,29.483,2436.407,0.996,Blip
8102,1253042710.201,1032.308,3557.086,1.0,Extremely_Loud
8103,1253043055.343,385.137,3983.241,0.969,Extremely_Loud
8104,1253043768.85,23.517,3367.249,0.961,Tomte
8105,1253044354.147,18.119,248.315,1.0,Blip
8106,1253044549.625,7.903,3813.464,0.916,Low_Frequency_Burst
8107,1253045014.813,9.243,3523.706,0.999,Low_Frequency_Lines
8108,1253046024.297,7.89,2581.851,0.984,Low_Frequency_Burst
8109,1253047135.943,39.516,3983.241,1.0,Koi_Fish
8110,1253047341.328,2625.264,3464.271,1.0,Extremely_Loud
8111,1253049986.969,17.785,971.864,0.979,Low_Frequency_Burst
8112,1253050125.626,200.969,3983.241,0.949,Koi_Fish
8113,1253050128.313,8.275,19.299,1.0,Low_Frequency_Lines
8114,1253051907.484,123.453,3987.436,0.998,Whistle
8115,1253052331.719,9.313,3585.522,1.0,Scattered_Light
8116,1253054042.868,743.687,3983.241,0.987,Extremely_Loud
8117,1253055965.34,884.166,3983.241,0.999,Extremely_Loud
8118,1253056420.109,8.85,3489.112,1.0,Low_Frequency_Burst
8119,1253056539.682,193.653,3983.241,0.943,Blip
8120,1253057646.746,13.57,3551.692,0.965,Tomte
8121,1253057702.625,8.122,2424.749,1.0,Scattered_Light
8122,1253058117.375,8.823,3700.86,1.0,Scattered_Light
8123,1253058214.561,551.654,3983.241,0.99,Extremely_Loud
8124,1253058444.094,18.47,44.77,1.0,Scattered_Light
8125,1253058476.702,782.137,3983.241,0.919,Extremely_Loud
8126,1253058914.904,390.463,3983.241,0.989,Extremely_Loud
8127,1253059197.123,142.631,3985.119,0.957,Repeating_Blips
8128,1253059410.406,8.639,2226.8,0.981,Scattered_Light
8129,1253059462.969,10.619,23.057,0.983,Scattered_Light
8130,1253060114.4,23.46,295.994,0.994,Koi_Fish
8131,1253060323.438,7.699,18.461,0.983,Low_Frequency_Lines
8132,1253060725.531,7.843,27.466,0.944,Scattered_Light
8133,1253061049.375,8.04,30.785,1.0,Scattered_Light
8134,1253061065.992,206.065,3986.648,0.966,Repeating_Blips
8135,1253061103.625,7.784,32.326,1.0,Scattered_Light
8136,1253062552.875,9.262,2968.288,1.0,Scattered_Light
8137,1253062610.375,9.044,33.799,1.0,Scattered_Light
8138,1253062908.204,475.323,3983.241,0.99,Extremely_Loud
8139,1253063024.531,8.519,2841.37,0.982,Scattered_Light
8140,1253063180.469,8.718,20.195,0.988,Low_Frequency_Lines
8141,1253063959.017,448.877,3983.241,0.921,Extremely_Loud
8142,1253064926.173,140.811,3990.298,0.988,Blip
8143,1253065061.262,288.067,3983.241,0.935,Extremely_Loud
8144,1253066087.643,544.502,3983.241,0.997,Extremely_Loud
8145,1253067087.458,603.499,3983.241,1.0,Extremely_Loud
8146,1253067195.219,8.598,2319.412,0.998,Low_Frequency_Burst
8147,1253068001.573,384.717,3983.241,0.984,Koi_Fish
8148,1253068309.25,9.027,3728.798,0.995,Low_Frequency_Burst
8149,1253068395.375,10.509,37.062,1.0,Scattered_Light
8150,1253068655.163,167.006,3983.241,0.946,Koi_Fish
8151,1253068692.683,368.41,3983.241,0.985,Extremely_Loud
8152,1253069096.785,13.333,1776.794,0.993,Tomte
8153,1253069282.785,153.306,4003.579,0.934,Whistle
8154,1253069445.789,287.445,3983.241,0.975,Extremely_Loud
8155,1253069923.398,617.476,3983.241,0.982,Extremely_Loud
8156,1253070082.127,10.124,91.18,0.987,Tomte
8157,1253070263.928,14.102,251.563,1.0,Blip
8158,1253070363.313,8.846,1564.099,1.0,Scattered_Light
8159,1253070383.875,272.851,489.737,0.995,Extremely_Loud
8160,1253070385.799,2080.168,1928.011,0.991,Extremely_Loud
8161,1253076661.406,8.296,35.147,1.0,Scattered_Light
8162,1253076806.688,142.79,3983.241,0.904,Koi_Fish
8163,1253078077.563,11.119,3133.541,1.0,Low_Frequency_Lines
8164,1253078598.188,8.093,3409.688,1.0,Low_Frequency_Lines
8165,1253078613.525,15.772,367.769,0.998,Blip
8166,1253079280.176,24.657,73.85,0.971,Tomte
8167,1253079410.875,8.15,553.494,0.931,Scattered_Light
8168,1253079554.668,13.795,447.013,0.999,Tomte
8169,1253079676.938,305.121,3983.241,0.973,Koi_Fish
8170,1253080087.47,131.743,3993.831,0.999,Repeating_Blips
8171,1253080221.684,300.152,3983.241,0.978,Koi_Fish
8172,1253081328.305,306.094,3983.241,0.901,Koi_Fish
8173,1253081535.273,427.439,3983.241,0.908,Extremely_Loud
8174,1253081553.375,7.768,32.935,1.0,Scattered_Light
8175,1253083021.25,67.299,4018.439,0.994,Whistle
8176,1253083101.746,71.857,3993.831,0.99,Blip
8177,1253084537.938,9.453,23.057,0.955,Low_Frequency_Lines
8178,1253094184.563,9.419,3409.167,0.999,Low_Frequency_Lines
8179,1253095664.168,18.966,3088.05,0.992,Tomte
8180,1253096460.031,7.85,30.952,0.992,Low_Frequency_Burst
8181,1253108143.344,10.281,2823.051,0.998,Low_Frequency_Burst
8182,1253109276.813,8.768,327.732,1.0,Low_Frequency_Lines
8183,1253110056.438,19.011,3746.261,0.998,Low_Frequency_Burst
8184,1253110080.594,11.386,94.01,0.999,Scattered_Light
8185,1253110097.203,19.77,112.576,1.0,Scratchy
8186,1253110117.516,29.285,3983.241,0.941,Scratchy
8187,1253110135.688,60.724,3799.787,0.942,Extremely_Loud
8188,1253110152.883,362.117,3088.05,0.997,Extremely_Loud
8189,1253117289.543,10.173,2674.583,0.969,Tomte
8190,1253129243.969,9.39,23.057,0.958,Scattered_Light
8191,1253132103.005,24.058,245.453,0.999,Blip
8192,1253139303.125,7.894,2177.529,1.0,Scattered_Light
8193,1253141851.371,90.837,161.018,0.956,Extremely_Loud
8194,1253143216.875,9.19,30.785,0.961,Scattered_Light
8195,1253143300.625,9.429,30.5,1.0,Scattered_Light
8196,1253143463.656,8.192,2065.325,0.999,Scattered_Light
8197,1253143510.771,7.678,136.131,0.946,Blip
8198,1253143653.603,11.561,171.608,0.997,Blip
8199,1253144307.625,7.941,3371.687,1.0,Scattered_Light
8200,1253146802.875,11.005,2492.828,1.0,Scattered_Light
8201,1253147110.219,7.931,3011.081,1.0,Scattered_Light
8202,1253148674.109,8.724,20.195,0.999,Low_Frequency_Burst
8203,1253148679.375,8.677,1160.078,0.995,Scattered_Light
8204,1253148966.375,10.678,2179.265,1.0,Scattered_Light
8205,1253149741.938,8.738,32.414,1.0,Scattered_Light
8206,1253150993.313,8.225,3010.438,0.999,Scattered_Light
8207,1253151274.625,8.349,3806.236,0.998,Scattered_Light
8208,1253151541.375,8.713,324.817,1.0,Scattered_Light
8209,1253152525.531,9.694,3489.112,0.985,Low_Frequency_Burst
8210,1253152883.438,8.134,18.965,0.995,Low_Frequency_Lines
8211,1253153153.781,8.175,26.805,1.0,Scattered_Light
8212,1253154276.125,7.641,3752.711,0.998,Scattered_Light
8213,1253155049.438,7.97,19.406,1.0,Low_Frequency_Lines
8214,1253155406.344,8.076,3409.167,0.988,Scattered_Light
8215,1253156315.27,18.783,73.85,0.915,Tomte
8216,1253156901.219,13.519,27.338,1.0,Low_Frequency_Burst
8217,1253157627.656,9.344,2195.579,1.0,Scattered_Light
8218,1253158362.094,9.07,20.838,0.949,Low_Frequency_Lines
8219,1253158942.938,8.351,19.406,0.989,Low_Frequency_Burst
8220,1253159281.844,9.197,115.851,0.997,Low_Frequency_Burst
8221,1253159641.219,8.567,31.473,1.0,Scattered_Light
8222,1253159801.938,10.966,3409.167,0.997,Low_Frequency_Lines
8223,1253160150.469,12.169,3881.874,0.959,Low_Frequency_Burst
8224,1253160512.531,15.915,3703.979,1.0,Scattered_Light
8225,1253161707.656,8.328,23.057,0.913,Low_Frequency_Burst
8226,1253162538.805,10.324,20.195,0.999,Low_Frequency_Burst
8227,1253162544.123,41.812,241.258,1.0,Koi_Fish
8228,1253163241.844,17.056,2534.013,1.0,Scattered_Light
8229,1253163412.219,7.705,20.195,0.974,Low_Frequency_Lines
8230,1253163472.313,9.286,3205.552,1.0,Scattered_Light
8231,1253163732.641,9.64,626.216,1.0,Scattered_Light
8232,1253163796.031,8.297,2321.289,0.941,Scattered_Light
8233,1253163807.469,7.886,1224.693,0.919,Low_Frequency_Burst
8234,1253164030.581,21.054,370.631,0.999,Blip
8235,1253164229.219,7.584,19.406,0.999,Low_Frequency_Lines
8236,1253165300.031,10.63,26.59,0.919,Scattered_Light
8237,1253165470.641,7.926,24.934,0.992,Low_Frequency_Burst
8238,1253165533.32,8.418,2378.556,0.985,Low_Frequency_Burst
8239,1253166441.219,7.717,21.248,0.904,Low_Frequency_Lines
8240,1253166483.031,10.205,3490.99,1.0,Scattered_Light
8241,1253166558.156,13.594,3881.874,1.0,Scattered_Light
8242,1253166744.281,10.871,3133.541,0.914,Low_Frequency_Burst
8243,1253166763.188,9.368,20.195,0.999,Low_Frequency_Lines
8244,1253167240.094,7.616,3615.396,0.999,Low_Frequency_Lines
8245,1253167318.313,8.112,1661.988,0.972,Low_Frequency_Lines
8246,1253167462.781,7.712,2651.052,0.985,Low_Frequency_Burst
8247,1253168299.281,14.597,26.59,1.0,Scattered_Light
8248,1253168450.969,8.091,24.061,0.995,Scattered_Light
8249,1253168567.656,13.219,3240.109,0.998,Scattered_Light
8250,1253170402.656,9.511,1964.905,0.94,Low_Frequency_Burst
8251,1253171629.688,13.454,1563.095,0.988,Low_Frequency_Burst
8252,1253172106.891,12.158,3703.979,0.992,Low_Frequency_Burst
8253,1253172141.977,8.621,32.829,1.0,Low_Frequency_Burst
8254,1253172644.594,12.806,3237.069,0.991,Low_Frequency_Burst
8255,1253173196.313,10.838,3427.638,1.0,Low_Frequency_Burst
8256,1253173460.203,9.247,27.338,1.0,Low_Frequency_Burst
8257,1253173884.453,8.033,23.057,0.983,Low_Frequency_Burst
8258,1253174122.344,10.668,2672.706,0.929,Low_Frequency_Lines
8259,1253176595.938,12.502,3006.243,1.0,Scattered_Light
8260,1253176692.656,8.775,20.195,0.996,Low_Frequency_Lines
8261,1253176861.074,9.494,3746.261,0.969,Scattered_Light
8262,1253176912.031,9.15,20.838,0.96,Low_Frequency_Lines
8263,1253177409.594,10.176,1928.011,0.961,Scattered_Light
8264,1253178407.772,8.141,152.274,1.0,Blip
8265,1253179170.719,7.516,20.195,0.936,Low_Frequency_Burst
8266,1253180055.078,8.166,26.59,1.0,Low_Frequency_Burst
8267,1253181053.969,10.915,3883.751,0.998,Scattered_Light
8268,1253181178.813,9.417,38.215,1.0,Scattered_Light
8269,1253181600.438,8.8,3703.979,1.0,Low_Frequency_Lines
8270,1253181974.281,13.549,31.365,0.997,Scattered_Light
8271,1253182386.072,16.16,3464.271,0.984,Blip
8272,1253182592.688,7.827,3764.125,0.903,Scattered_Light
8273,1253183285.693,53.443,3945.854,0.985,Koi_Fish
8274,1253183659.094,11.876,1910.208,0.957,Scattered_Light
8275,1253183664.188,13.615,668.286,0.936,Scattered_Light
8276,1253183941.031,12.701,3464.271,1.0,Scattered_Light
8277,1253184312.469,7.53,23.057,0.973,Low_Frequency_Lines
8278,1253184574.313,7.73,18.295,1.0,Low_Frequency_Lines
8279,1253188140.594,7.535,103.828,0.999,Low_Frequency_Burst
8280,1253188493.781,13.735,1644.648,1.0,Low_Frequency_Burst
8281,1253188559.344,8.584,20.195,0.948,Low_Frequency_Lines
8282,1253189087.369,140.715,2964.093,0.999,Extremely_Loud
8283,1253189103.531,11.974,1509.966,0.949,Low_Frequency_Burst
8284,1253189313.469,10.222,1140.999,0.999,Low_Frequency_Lines
8285,1253189327.313,13.712,3367.249,0.977,Low_Frequency_Burst
8286,1253190050.281,8.954,20.838,0.944,Low_Frequency_Lines
8287,1253190488.938,10.831,3703.979,0.917,Low_Frequency_Lines
8288,1253190759.031,15.093,3983.241,0.995,Scattered_Light
8289,1253190858.678,86.853,2169.502,0.981,Koi_Fish
8290,1253190965.344,8.197,20.195,0.998,Low_Frequency_Lines
8291,1253191396.463,8.459,1274.592,1.0,Blip
8292,1253191911.406,9.248,2378.556,1.0,Scattered_Light
8293,1253192051.781,15.253,26.59,1.0,Scattered_Light
8294,1253192438.344,9.301,3367.249,0.998,Low_Frequency_Burst
8295,1253192513.188,8.813,24.934,1.0,Scattered_Light
8296,1253193079.969,15.005,3249.652,1.0,Scattered_Light
8297,1253193216.156,7.674,23.057,0.996,Low_Frequency_Burst
8298,1253194025.344,8.392,2890.905,1.0,Low_Frequency_Lines
8299,1253194138.281,10.171,26.59,0.996,Scattered_Light
8300,1253194724.303,10.415,134.07,0.975,Blip
8301,1253195100.406,9.105,23.057,0.962,Low_Frequency_Burst
8302,1253195968.38,16.696,3582.116,0.902,Blip
8303,1253196023.656,8.645,3582.116,0.968,Low_Frequency_Lines
8304,1253196220.313,11.216,3201.357,0.998,Scattered_Light
8305,1253196306.563,11.844,36.338,0.999,Scattered_Light
8306,1253196560.406,10.451,3615.396,0.985,Low_Frequency_Burst
8307,1253196562.906,8.247,3006.243,0.965,Low_Frequency_Lines
8308,1253197007.875,7.532,3712.007,0.988,Low_Frequency_Burst
8309,1253197682.428,23.336,1929.888,0.9,Koi_Fish
8310,1253198430.658,252.962,3176.615,0.96,Extremely_Loud
8311,1253198745.344,9.12,2863.791,0.947,Low_Frequency_Burst
8312,1253200425.125,8.987,1109.038,1.0,Scattered_Light
8313,1253201108.094,11.809,3117.293,0.974,Low_Frequency_Burst
8314,1253201254.375,8.197,18.295,0.985,Low_Frequency_Lines
8315,1253201978.57,8.451,289.44,0.997,Whistle
8316,1253202189.781,10.904,3872.13,1.0,Low_Frequency_Burst
8317,1253202246.188,8.828,52.044,1.0,Scattered_Light
8318,1253203206.875,8.049,1643.292,1.0,Scattered_Light
8319,1253203483.219,12.557,1840.961,0.955,Low_Frequency_Burst
8320,1253206330.094,8.498,18.134,0.928,Low_Frequency_Lines
8321,1253207404.188,10.146,20.195,0.995,Low_Frequency_Lines
8322,1253207708.188,7.762,2834.458,0.994,Low_Frequency_Lines
8323,1253208615.313,8.718,20.195,0.998,Low_Frequency_Lines
8324,1253208787.344,8.04,1387.51,0.911,Low_Frequency_Lines
8325,1253209250.031,14.279,853.378,0.902,Low_Frequency_Burst
8326,1253210148.406,13.355,2651.052,0.993,Low_Frequency_Burst
8327,1253212625.643,1032.418,2964.093,1.0,Extremely_Loud
8328,1253212856.188,7.883,20.195,1.0,Low_Frequency_Lines
8329,1253213091.031,7.735,189.309,0.999,Scattered_Light
8330,1253213378.912,83.702,108.381,0.903,Koi_Fish
8331,1253213944.125,8.012,32.754,1.0,Scattered_Light
8332,1253214467.313,7.837,29.511,1.0,Scattered_Light
8333,1253215098.234,9.472,3872.13,0.998,Low_Frequency_Burst
8334,1253215319.156,8.122,20.195,1.0,Low_Frequency_Burst
8335,1253215592.281,7.748,2651.052,0.993,Scattered_Light
8336,1253216551.406,8.5,18.134,0.991,Low_Frequency_Burst
8337,1253216554.063,8.253,29.885,1.0,Scattered_Light
8338,1253217377.719,10.66,23.057,1.0,Scattered_Light
8339,1253217497.063,9.621,3249.652,0.936,Low_Frequency_Lines
8340,1253219487.918,48.616,2823.051,0.999,Koi_Fish
8341,1253219615.125,7.739,32.935,1.0,Scattered_Light
8342,1253219741.094,14.764,3746.261,0.998,Low_Frequency_Burst
8343,1253219810.063,8.669,3464.271,0.999,Low_Frequency_Lines
8344,1253220507.828,8.075,2930.829,1.0,Low_Frequency_Burst
8345,1253220728.031,7.566,30.5,0.995,Scattered_Light
8346,1253220867.094,32.185,3983.241,0.928,Low_Frequency_Burst
8347,1253221652.844,7.977,711.255,0.987,Low_Frequency_Lines
8348,1253222799.969,8.203,17.877,0.975,Low_Frequency_Lines
8349,1253222882.313,10.316,3983.241,1.0,Scattered_Light
8350,1253223367.969,7.642,20.838,0.993,Low_Frequency_Lines
8351,1253224095.682,105.476,363.574,0.916,Koi_Fish
8352,1253225143.781,8.491,2672.706,0.997,Low_Frequency_Lines
8353,1253226114.156,8.262,30.952,0.937,Low_Frequency_Burst
8354,1253227123.469,9.455,3582.116,1.0,Low_Frequency_Burst
8355,1253227693.625,8.271,1224.207,0.996,Scattered_Light
8356,1253228258.906,8.984,2002.241,0.974,Scattered_Light
8357,1253228486.875,9.812,27.436,1.0,Scattered_Light
8358,1253230105.125,9.469,2496.011,1.0,Scattered_Light
8359,1253231019.179,8.298,223.913,1.0,Blip
8360,1253232546.938,7.713,28.256,0.998,Scattered_Light
8361,1253232633.688,8.409,3837.665,1.0,Scattered_Light
8362,1253233064.625,9.295,3367.569,1.0,Scattered_Light
8363,1253233321.938,2045.659,3703.979,1.0,Extremely_Loud
8364,1253235053.484,27.506,3409.167,0.997,Low_Frequency_Burst
8365,1253235395.125,7.921,3708.174,0.931,Scattered_Light
8366,1253236083.531,10.372,3409.167,0.995,Scattered_Light
8367,1253237470.145,364.231,2378.556,1.0,Extremely_Loud
8368,1253239069.633,443.646,2930.829,0.952,Extremely_Loud
8369,1253239256.994,7.524,84.155,0.999,Blip
8370,1253240660.688,13.691,3208.576,1.0,Scattered_Light
8371,1253242000.156,9.12,2652.929,0.987,Scattered_Light
8372,1253242211.719,8.796,2563.995,0.96,Low_Frequency_Lines
8373,1253244740.766,8.344,2061.918,0.948,Low_Frequency_Burst
8374,1253245134.395,1096.469,3615.396,1.0,Extremely_Loud
8375,1253245625.063,8.096,3883.751,0.99,Scattered_Light
8376,1253247780.57,7.619,20.195,0.999,Low_Frequency_Burst
8377,1253248510.938,7.895,3728.798,0.916,Scattered_Light
8378,1253250008.125,8.558,35.052,1.0,Scattered_Light
8379,1253252149.563,7.511,1937.499,1.0,Scattered_Light
8380,1253252336.125,11.211,32.754,1.0,Scattered_Light
8381,1253252987.813,8.743,2378.556,1.0,Low_Frequency_Lines
8382,1253253140.125,9.255,2347.977,1.0,Scattered_Light
8383,1253253405.297,7.845,3659.138,0.992,Low_Frequency_Burst
8384,1253258313.691,119.003,3983.241,1.0,Koi_Fish
8385,1253284188.224,17.478,248.315,1.0,Blip
8386,1253287142.813,8.001,1707.97,0.998,Low_Frequency_Lines
8387,1253290283.125,9.059,33.799,1.0,Scattered_Light
8388,1253295097.656,7.939,19.406,0.928,Low_Frequency_Burst
8389,1253295993.047,8.718,23.057,0.998,Low_Frequency_Burst
8390,1253299637.063,8.587,32.7,1.0,Scattered_Light
8391,1253301374.688,10.841,30.5,1.0,Scattered_Light
8392,1253304565.613,151.792,1928.011,0.907,Koi_Fish
8393,1253305410.656,9.263,28.467,1.0,Scattered_Light
8394,1253305542.438,8.843,30.785,1.0,Scattered_Light
8395,1253306056.156,12.879,3983.241,0.996,Scattered_Light
8396,1253308690.053,47.758,586.315,0.999,Koi_Fish
8397,1253309312.375,10.051,3429.635,1.0,Scattered_Light
8398,1253310341.448,103.511,3983.241,0.996,Koi_Fish
8399,1253310607.439,72.459,550.03,0.999,Koi_Fish
8400,1253313600.188,122.147,3872.13,0.992,Extremely_Loud
8401,1253315552.875,13.027,3413.363,1.0,Scattered_Light
8402,1253316672.906,7.619,35.344,1.0,Scattered_Light
8403,1253320455.406,13.425,3551.692,0.998,Low_Frequency_Burst
8404,1253321181.406,8.831,20.195,0.916,Low_Frequency_Lines
8405,1253322086.375,7.837,32.935,0.995,Scattered_Light
8406,1253323311.156,7.901,130.778,0.995,Low_Frequency_Burst
8407,1253325635.063,8.336,3201.357,0.994,Low_Frequency_Lines
8408,1253325849.469,12.481,2489.561,0.978,Low_Frequency_Burst
8409,1253330570.904,8.811,80.907,1.0,Blip
8410,1253331169.344,11.908,3409.167,0.989,Low_Frequency_Burst
8411,1253332194.969,13.735,3983.241,1.0,Scattered_Light
8412,1253334431.094,8.269,3945.854,1.0,Low_Frequency_Burst
8413,1253359100.672,11.219,23.057,0.997,Low_Frequency_Burst
8414,1253362527.08,9.748,123.333,1.0,Blip
8415,1253363257.703,8.105,3582.116,0.988,Low_Frequency_Burst
8416,1253363498.438,10.077,3881.874,1.0,Low_Frequency_Lines
8417,1253365193.406,7.818,3983.241,0.914,Low_Frequency_Burst
8418,1253365728.906,8.781,1034.589,0.999,Low_Frequency_Lines
8419,1253368359.563,9.088,3983.241,1.0,Low_Frequency_Lines
8420,1253372741.406,11.756,30.952,0.946,Low_Frequency_Burst
8421,1253376162.281,10.199,3983.241,0.983,Scattered_Light
8422,1253380486.246,6309.706,3945.854,0.999,Extremely_Loud
8423,1253380769.848,13.219,3307.927,0.998,Tomte
8424,1253381332.313,14.309,168.075,1.0,Blip
8425,1253387370.946,79.946,4010.229,1.0,Blip
8426,1253389994.625,9.776,30.785,1.0,Low_Frequency_Burst
8427,1253392911.049,8.172,211.877,1.0,Blip
8428,1253394421.031,8.66,2638.623,0.968,Low_Frequency_Burst
8429,1253395380.018,22.39,3950.049,0.999,Blip
8430,1253397394.938,19.058,3998.194,0.995,Scratchy
8431,1253400233.336,13.44,20.195,0.947,Low_Frequency_Lines
8432,1253402341.781,8.057,2783.969,0.951,Low_Frequency_Lines
8433,1253408472.625,7.965,25.298,0.986,Low_Frequency_Burst
8434,1253411671.375,7.845,29.493,1.0,Scattered_Light
8435,1253412679.094,18.339,3983.241,0.998,Scattered_Light
8436,1253415626.813,8.24,35.147,1.0,Scattered_Light
8437,1253418424.586,7.649,20.592,0.999,Low_Frequency_Burst
8438,1253418483.375,12.697,3986.648,1.0,Scattered_Light
8439,1253419637.125,8.049,30.785,1.0,Scattered_Light
8440,1253422592.188,8.598,28.467,1.0,Scattered_Light
8441,1253423626.719,17.641,23.057,0.979,Low_Frequency_Burst
8442,1253425262.841,11.402,142.526,1.0,Blip
8443,1253425673.469,7.871,20.195,0.976,Low_Frequency_Burst
8444,1253427127.594,11.818,3945.854,0.999,Low_Frequency_Burst
8445,1253427774.188,7.63,28.602,0.907,Scattered_Light
8446,1253428607.406,9.364,3728.798,0.974,Low_Frequency_Burst
8447,1253431096.188,7.972,834.26,0.989,Low_Frequency_Lines
8448,1253431120.719,7.942,2378.556,0.998,Low_Frequency_Burst
8449,1253431421.063,9.128,1415.018,1.0,Scattered_Light
8450,1253431471.455,12.209,3253.847,0.918,Repeating_Blips
8451,1253432827.422,14.465,834.26,0.991,Low_Frequency_Burst
8452,1253433502.656,8.657,2769.374,0.979,Low_Frequency_Burst
8453,1253434659.188,7.606,27.67,1.0,Scattered_Light
8454,1253435531.453,8.688,23.057,0.96,Low_Frequency_Burst
8455,1253435722.75,10.799,3983.241,0.946,Low_Frequency_Lines
8456,1253435841.531,10.036,30.952,1.0,Low_Frequency_Burst
8457,1253438170.656,9.543,1776.794,0.932,Low_Frequency_Burst
8458,1253438404.531,7.594,20.195,0.984,Low_Frequency_Burst
8459,1253439288.313,8.815,2930.829,0.986,Low_Frequency_Lines
8460,1253439466.313,7.883,2142.81,1.0,Scattered_Light
8461,1253439786.844,10.817,3983.241,0.991,Low_Frequency_Burst
8462,1253440272.172,8.583,2964.093,0.999,Low_Frequency_Burst
8463,1253440511.813,7.717,23.542,0.981,Scattered_Light
8464,1253441211.172,13.343,28.938,0.97,Low_Frequency_Burst
8465,1253441841.438,8.963,3409.167,0.969,Low_Frequency_Lines
8466,1253441993.938,9.054,20.195,0.992,Low_Frequency_Lines
8467,1253442184.656,8.304,1027.529,0.916,Low_Frequency_Burst
8468,1253442948.531,10.198,3551.692,0.988,Low_Frequency_Burst
8469,1253443069.922,7.976,31.365,0.918,Scattered_Light
8470,1253443099.813,8.246,3881.874,0.998,Low_Frequency_Burst
8471,1253443117.469,8.155,3813.464,1.0,Low_Frequency_Lines
8472,1253443500.031,7.808,3703.979,0.996,Low_Frequency_Lines
8473,1253444812.844,7.9,3983.241,0.987,Low_Frequency_Burst
8474,1253444829.031,18.364,32.829,1.0,Scattered_Light
8475,1253444964.031,31.233,3983.241,0.999,Low_Frequency_Burst
8476,1253445417.766,11.605,914.134,0.96,Scattered_Light
8477,1253446343.134,8.264,152.274,1.0,Blip
8478,1253446696.969,7.919,23.057,0.972,Low_Frequency_Burst
8479,1253447026.713,135.841,3945.854,0.997,Koi_Fish
8480,1253447535.844,10.761,26.59,0.991,Low_Frequency_Burst
8481,1253447888.281,12.463,3983.241,0.987,Scattered_Light
8482,1253448230.406,7.846,1462.128,0.987,Low_Frequency_Burst
8483,1253448651.68,8.133,295.91,0.96,Whistle
8484,1253448790.969,7.563,3409.167,0.953,Low_Frequency_Burst
8485,1253449073.578,10.729,26.59,1.0,Low_Frequency_Burst
8486,1253449457.406,9.272,3557.086,0.972,Low_Frequency_Burst
8487,1253450633.781,10.694,20.195,0.998,Low_Frequency_Lines
8488,1253450766.344,9.764,3240.109,0.983,Low_Frequency_Lines
8489,1253450861.68,8.267,420.411,0.964,Whistle
8490,1253451076.828,16.745,3908.818,0.977,Low_Frequency_Burst
8491,1253451199.969,8.536,23.057,0.988,Low_Frequency_Burst
8492,1253451518.422,13.917,36.338,0.978,Low_Frequency_Burst
8493,1253451541.758,8.542,163.878,0.917,Whistle
8494,1253452080.063,8.854,19.406,0.986,Low_Frequency_Lines
8495,1253452179.219,9.974,798.55,0.995,Low_Frequency_Burst
8496,1253452601.531,102.022,3582.116,0.97,Extremely_Loud
8497,1253475374.688,8.249,3590.782,0.994,Low_Frequency_Lines
8498,1253475484.438,14.317,67.872,0.987,Scattered_Light
8499,1253475655.844,8.946,30.952,0.955,Low_Frequency_Burst
8500,1253475991.266,8.146,20.195,1.0,Low_Frequency_Burst
8501,1253476191.094,9.782,3133.541,1.0,Low_Frequency_Burst
8502,1253476193.344,14.188,3582.116,0.986,Low_Frequency_Burst
8503,1253477273.156,10.297,2378.556,1.0,Low_Frequency_Burst
8504,1253477785.375,12.323,32.829,1.0,Scattered_Light
8505,1253478474.406,10.925,20.195,0.999,Low_Frequency_Burst
8506,1253478918.594,8.34,19.406,0.998,Low_Frequency_Lines
8507,1253478999.094,9.353,370.246,0.938,Low_Frequency_Lines
8508,1253480740.594,7.727,23.057,0.989,Low_Frequency_Lines
8509,1253480741.625,10.133,33.799,0.917,Low_Frequency_Burst
8510,1253482691.094,8.637,3489.112,0.996,Low_Frequency_Lines
8511,1253482757.812,17.866,245.453,1.0,Blip
8512,1253483094.375,13.573,3409.167,0.989,Low_Frequency_Burst
8513,1253483564.469,9.947,3409.167,0.985,Low_Frequency_Lines
8514,1253484016.188,7.559,27.78,0.919,Low_Frequency_Lines
8515,1253484840.672,7.919,18.134,1.0,Low_Frequency_Burst
8516,1253486011.781,11.911,3813.464,0.94,Low_Frequency_Burst
8517,1253486061.625,8.728,33.332,1.0,Scattered_Light
8518,1253486198.344,7.777,3886.312,0.997,Scattered_Light
8519,1253486894.906,7.842,3908.818,0.999,Scattered_Light
8520,1253487477.938,8.299,1604.103,0.997,Scattered_Light
8521,1253487500.779,23.004,367.769,0.999,Blip
8522,1253488037.969,7.537,19.927,1.0,Low_Frequency_Lines
8523,1253488133.008,9.717,30.952,0.964,Scattered_Light
8524,1253488229.594,7.716,2651.052,0.946,Low_Frequency_Burst
8525,1253489242.125,336.751,3908.818,0.926,Low_Frequency_Lines
8526,1253489727.672,8.628,3582.116,1.0,Low_Frequency_Burst
8527,1253490117.438,9.985,23.057,0.979,Low_Frequency_Lines
8528,1253491100.82,8.922,2834.458,1.0,Low_Frequency_Burst
8529,1253491293.594,8.843,28.455,0.982,Low_Frequency_Lines
8530,1253491402.523,7.918,2061.918,0.992,Low_Frequency_Burst
8531,1253491684.697,51.833,3206.699,1.0,Koi_Fish
8532,1253497126.094,13.764,30.952,0.991,Low_Frequency_Burst
8533,1253497216.031,9.078,26.157,1.0,Low_Frequency_Burst
8534,1253497228.219,11.943,26.483,0.931,Low_Frequency_Lines
8535,1253497378.813,11.484,2930.829,1.0,Scattered_Light
8536,1253497599.688,7.527,2819.014,0.999,Low_Frequency_Lines
8537,1253497726.188,7.57,2660.099,0.999,Scattered_Light
8538,1253497746.531,8.2,1205.198,0.992,Low_Frequency_Lines
8539,1253498052.344,9.593,3945.854,1.0,Low_Frequency_Burst
8540,1253498303.438,9.09,1835.895,1.0,Low_Frequency_Lines
8541,1253498557.938,7.777,18.134,1.0,Low_Frequency_Lines
8542,1253498642.781,7.953,22.449,0.941,Low_Frequency_Burst
8543,1253498780.984,378.165,1267.535,0.999,Extremely_Loud
8544,1253498781.539,604.091,1563.095,1.0,Extremely_Loud
8545,1253500047.656,8.66,19.406,0.968,Low_Frequency_Lines
8546,1253500166.328,10.443,2337.938,1.0,Scattered_Light
8547,1253500525.031,9.494,24.934,0.999,Scattered_Light
8548,1253500787.156,11.821,3393.298,0.992,Low_Frequency_Burst
8549,1253500804.594,8.203,20.195,0.985,Low_Frequency_Burst
8550,1253500844.031,7.83,18.134,0.997,Low_Frequency_Burst
8551,1253500998.594,15.179,1808.592,0.918,Low_Frequency_Burst
8552,1253502174.531,7.514,1267.535,1.0,Low_Frequency_Lines
8553,1253502802.625,10.054,1674.492,1.0,Scattered_Light
8554,1253503096.803,112.96,131.936,0.972,Koi_Fish
8555,1253503563.074,20.576,73.85,0.998,Tomte
8556,1253503929.234,9.375,26.59,0.973,Low_Frequency_Burst
8557,1253504245.563,10.167,2964.093,0.995,Scattered_Light
8558,1253505976.938,8.523,23.057,0.984,Low_Frequency_Lines
8559,1253506086.203,9.003,3703.979,0.995,Low_Frequency_Burst
8560,1253506657.734,8.851,32.829,0.92,Scattered_Light
8561,1253509087.047,10.932,26.59,0.998,Low_Frequency_Burst
8562,1253509116.656,11.774,3764.125,0.963,Low_Frequency_Lines
8563,1253509291.219,11.43,26.59,0.993,Low_Frequency_Burst
8564,1253511247.188,7.793,18.965,0.975,Low_Frequency_Lines
8565,1253513520.563,8.01,54.051,0.989,Low_Frequency_Lines
8566,1253513568.672,8.211,20.195,1.0,Low_Frequency_Burst
8567,1253514180.344,7.901,20.838,0.953,Low_Frequency_Burst
8568,1253514585.18,7.715,23.057,1.0,Low_Frequency_Burst
8569,1253514696.656,8.443,20.838,0.995,Low_Frequency_Burst
8570,1253514722.672,8.007,75.21,1.0,Low_Frequency_Burst
8571,1253515343.43,8.075,26.59,1.0,Low_Frequency_Burst
8572,1253515761.328,14.79,971.864,0.999,Low_Frequency_Burst
8573,1253546460.395,173.819,1155.883,1.0,Extremely_Loud
8574,1253548299.893,24.109,3945.854,0.934,Koi_Fish
8575,1253550392.156,7.621,303.368,0.996,Scattered_Light
8576,1253550608.166,48.823,196.925,0.997,Koi_Fish
8577,1253551720.619,9.637,91.18,0.954,Tomte
8578,1253552092.625,7.784,3434.087,1.0,Scattered_Light
8579,1253562193.285,104.055,3983.241,0.996,Koi_Fish
8580,1253563585.875,9.45,2385.006,1.0,Scattered_Light
8581,1253565146.316,24.206,1462.128,0.961,Tomte
8582,1253566324.9,29.512,2337.938,0.992,Koi_Fish
8583,1253569629.75,15.62,2964.093,0.995,Low_Frequency_Lines
8584,1253569746.844,9.004,31.428,1.0,Scattered_Light
8585,1253571352.447,29.246,3983.241,0.961,Koi_Fish
8586,1253578443.033,8.526,50.045,0.959,Blip
8587,1253579985.438,9.35,2634.428,0.964,Low_Frequency_Lines
8588,1253581602.156,7.509,19.406,0.999,Low_Frequency_Lines
8589,1253581870.319,10.459,114.83,1.0,Blip
8590,1253582261.027,568.225,2398.222,1.0,Extremely_Loud
8591,1253584181.922,7.524,24.115,0.995,Scattered_Light
8592,1253584536.818,13.685,1835.895,0.994,Tomte
8593,1253585267.272,107.531,3945.854,1.0,Koi_Fish
8594,1253595087.559,100.888,1171.735,1.0,Extremely_Loud
8595,1253595295.625,7.568,33.474,0.995,Scattered_Light
8596,1253599949.922,7.756,1415.018,0.995,Low_Frequency_Burst
8597,1253601800.797,1149.671,1267.535,1.0,Extremely_Loud
8598,1253604720.057,27.094,3983.241,0.998,Koi_Fish
8599,1253608004.18,10.457,1645.169,0.918,Scattered_Light
8600,1253609084.502,7.716,1278.073,1.0,Blip
8601,1253609118.57,11.243,307.445,1.0,Whistle
8602,1253609215.375,12.618,1466.323,1.0,Scattered_Light
8603,1253609267.125,10.431,3945.854,1.0,Scattered_Light
8604,1253610043.219,8.045,3466.148,0.995,Scattered_Light
8605,1253610511.24,15.484,133.813,0.98,Tomte
8606,1253612205.875,7.669,32.94,0.999,Scattered_Light
8607,1253612560.91,10.317,3813.464,0.956,Low_Frequency_Burst
8608,1253612616.375,9.193,33.185,0.998,Scattered_Light
8609,1253615928.896,58.05,295.994,1.0,Koi_Fish
8610,1253615981.945,7.624,295.91,0.942,Whistle
8611,1253616042.852,10.617,26.59,0.998,Low_Frequency_Burst
8612,1253618463.625,8.968,30.785,1.0,Scattered_Light
8613,1253620609.875,10.668,3621.846,1.0,Scattered_Light
8614,1253620889.701,28.54,1120.991,0.986,Koi_Fish
8615,1253622685.906,9.031,20.195,0.999,Low_Frequency_Burst
8616,1253624980.002,61.793,1239.623,1.0,Koi_Fish
8617,1253626738.313,8.437,3813.464,0.998,Low_Frequency_Burst
8618,1253627837.625,9.153,2873.743,1.0,Scattered_Light
8619,1253628160.375,13.485,32.797,1.0,Scattered_Light
8620,1253633124.506,18.036,245.453,1.0,Blip
8621,1253634277.938,2704.474,2378.556,1.0,Extremely_Loud
8622,1253640293.171,10.1,2922.867,0.968,Blip
8623,1253641384.425,8.873,142.526,1.0,Blip
8624,1253649699.156,8.098,24.061,0.998,Low_Frequency_Lines
8625,1253650560.438,7.527,24.061,0.966,Low_Frequency_Lines
8626,1253656642.656,7.992,3201.357,0.905,Low_Frequency_Lines
8627,1253661528.125,8.685,30.785,1.0,Scattered_Light
8628,1253672634.371,413.902,1655.122,1.0,Extremely_Loud
8629,1253672917.663,11.222,2616.878,1.0,Blip
8630,1253674432.186,64.085,3983.241,1.0,Koi_Fish
8631,1253676085.125,8.52,1928.011,0.976,Scattered_Light
8632,1253682843.969,7.846,23.125,0.913,Low_Frequency_Lines
8633,1253683568.516,9.041,26.59,0.994,Low_Frequency_Burst
8634,1253683967.188,11.312,35.147,0.969,Scattered_Light
8635,1253684304.348,11.158,51.198,0.932,Tomte
8636,1253688236.684,77.211,1976.361,0.998,Koi_Fish
8637,1253688246.68,7.914,17.877,0.997,Low_Frequency_Burst
8638,1253688248.164,7.512,1190.115,0.955,Low_Frequency_Burst
8639,1253688473.156,8.547,3457.886,0.933,Low_Frequency_Lines
8640,1253691152.896,784.311,3030.386,0.999,Extremely_Loud
8641,1253697820.375,9.858,2496.011,1.0,Scattered_Light
8642,1253698203.875,9.82,3837.57,1.0,Scattered_Light
8643,1253698261.375,7.682,30.785,1.0,Scattered_Light
8644,1253699652.125,8.684,30.545,0.999,Scattered_Light
8645,1253700922.375,9.77,32.326,1.0,Scattered_Light
8646,1253703943.125,9.77,33.799,1.0,Scattered_Light
8647,1253704906.125,9.206,30.5,1.0,Scattered_Light
8648,1253705923.375,11.588,28.182,1.0,Scattered_Light
8649,1253710716.438,9.471,3087.379,0.999,Scattered_Light
8650,1253719388.531,8.69,28.701,1.0,Scattered_Light
8651,1253723602.469,8.819,3201.357,0.999,Scattered_Light
8652,1253726272.313,7.978,20.195,1.0,Low_Frequency_Lines
8653,1253726873.438,7.575,2824.055,1.0,Low_Frequency_Lines
8654,1253727006.938,8.425,162.684,1.0,Scattered_Light
8655,1253727761.133,8.441,2651.144,0.966,Low_Frequency_Burst
8656,1253730847.832,133.68,2863.791,0.995,Koi_Fish
8657,1253730994.383,7.83,26.59,1.0,Low_Frequency_Burst
8658,1253732155.281,8.373,3746.261,1.0,Low_Frequency_Burst
8659,1253732365.688,8.242,2378.556,1.0,Scattered_Light
8660,1253732461.279,11.782,2205.501,1.0,Blip
8661,1253732658.418,24.368,668.286,0.903,Tomte
8662,1253736467.625,9.717,325.098,1.0,Scattered_Light
8663,1253736514.063,8.648,2817.353,1.0,Scattered_Light
8664,1253737379.375,11.768,32.754,1.0,Scattered_Light
8665,1253737609.875,16.671,1932.206,1.0,Scattered_Light
8666,1253739783.157,7.967,146.888,1.0,Blip
8667,1253739959.469,8.56,1299.963,0.995,Low_Frequency_Burst
8668,1253743163.375,11.496,1304.158,1.0,Scattered_Light
8669,1253744547.875,7.731,29.677,1.0,Scattered_Light
8670,1253744830.166,51.561,161.018,0.999,Koi_Fish
8671,1253744883.787,16.069,3945.854,0.982,Tomte
8672,1253746232.031,7.622,2378.556,0.997,Low_Frequency_Lines
8673,1253746938.625,9.78,3208.999,1.0,Scattered_Light
8674,1253749272.875,8.041,2662.31,1.0,Scattered_Light
8675,1253750259.085,12.514,300.189,1.0,Blip
8676,1253752190.625,9.089,32.326,1.0,Scattered_Light
8677,1253756468.707,9.119,75.727,0.924,Tomte
8678,1253758940.156,8.368,20.195,0.968,Low_Frequency_Burst
8679,1253760664.125,7.686,32.935,1.0,Scattered_Light
8680,1253761085.875,8.857,226.042,1.0,Scattered_Light
8681,1253762449.002,936.219,3240.109,1.0,Extremely_Loud
8682,1253762971.875,10.242,29.493,0.999,Scattered_Light
8683,1253763372.313,8.902,20.195,0.984,Low_Frequency_Lines
8684,1253763472.277,8.584,75.727,0.906,Tomte
8685,1253763573.004,11.746,73.85,1.0,Tomte
8686,1253766027.125,10.537,2033.509,1.0,Scattered_Light
8687,1253767111.125,8.218,3274.755,1.0,Scattered_Light
8688,1253768954.875,8.274,2541.669,1.0,Low_Frequency_Burst
8689,1253769772.875,7.607,33.325,1.0,Scattered_Light
8690,1253771916.375,8.974,867.995,1.0,Scattered_Light
8691,1253772585.813,666.403,3799.787,1.0,Extremely_Loud
8692,1253773111.875,9.172,2489.405,1.0,Scattered_Light
8693,1253774742.049,80.343,196.925,1.0,Koi_Fish
8694,1253775039.625,7.917,3415.953,1.0,Scattered_Light
8695,1253775264.697,54.016,3006.243,1.0,Koi_Fish
8696,1253775724.875,12.777,32.754,1.0,Scattered_Light
8697,1253776092.469,9.987,28.467,0.976,Scattered_Light
8698,1253776491.313,8.043,19.406,0.948,Low_Frequency_Lines
8699,1253777189.125,9.815,2090.885,1.0,Scattered_Light
8700,1253780954.906,11.294,2360.253,0.913,Low_Frequency_Burst
8701,1253780969.594,7.794,20.195,0.995,Low_Frequency_Burst
8702,1253782832.881,34.219,551.908,0.994,Koi_Fish
8703,1253784868.352,7.565,20.195,1.0,Low_Frequency_Burst
8704,1253784969.875,7.754,1738.688,1.0,Low_Frequency_Burst
8705,1253785870.375,7.656,33.353,0.993,Scattered_Light
8706,1253785990.375,7.957,3123.403,1.0,Scattered_Light
8707,1253786553.219,9.333,20.195,0.983,Low_Frequency_Lines
8708,1253786767.375,9.851,32.915,1.0,Scattered_Light
8709,1253788204.625,9.077,3945.854,1.0,Scattered_Light
8710,1253788843.031,7.963,20.195,0.949,Low_Frequency_Burst
8711,1253789021.668,78.446,3030.486,1.0,Extremely_Loud
8712,1253790198.094,12.273,1405.862,0.969,Low_Frequency_Lines
8713,1253791525.638,9.262,146.888,1.0,Blip
8714,1253791728.625,7.599,33.549,0.997,Scattered_Light
8715,1253793256.375,11.735,272.665,1.0,Scattered_Light
8716,1253794533.625,8.074,1356.979,1.0,Scattered_Light
8717,1253794873.563,10.783,32.797,1.0,Scattered_Light
8718,1253794875.875,10.869,3415.617,1.0,Scattered_Light
8719,1253794934.076,110.134,2823.051,1.0,Koi_Fish
8720,1253797937.875,9.716,432.768,1.0,Scattered_Light
8721,1253801094.625,8.442,3471.299,1.0,Scattered_Light
8722,1253803958.125,9.197,33.053,1.0,Scattered_Light
8723,1253806346.639,447.876,3813.464,0.915,Extremely_Loud
8724,1253807737.188,7.972,2659.057,1.0,Scattered_Light
8725,1253808957.969,7.567,28.182,0.906,Low_Frequency_Burst
8726,1253809172.375,10.217,3881.874,1.0,Scattered_Light
8727,1253818580.656,8.254,3986.206,0.976,Scattered_Light
8728,1253819104.156,8.237,3746.261,0.976,Low_Frequency_Lines
8729,1253823117.879,236.908,1563.095,1.0,Extremely_Loud
8730,1253824315.063,8.692,32.414,1.0,Scattered_Light
8731,1253826605.438,8.54,38.977,0.901,Low_Frequency_Lines
8732,1253833632.531,8.814,2378.556,0.944,Low_Frequency_Lines
8733,1253836182.574,296.445,491.27,0.982,Extremely_Loud
8734,1253836239.186,15.811,367.769,0.999,Blip
8735,1253837302.625,11.084,783.15,0.998,Scattered_Light
8736,1253838740.156,8.089,23.057,0.965,Low_Frequency_Lines
8737,1253839284.125,15.497,32.797,1.0,Scattered_Light
8738,1253839429.959,137.206,3983.241,1.0,Koi_Fish
8739,1253844146.625,10.493,3006.155,1.0,Scattered_Light
8740,1253844833.125,7.98,528.137,1.0,Scattered_Light
8741,1253847044.875,8.383,2748.907,0.998,Scattered_Light
8742,1253847738.094,10.762,521.109,0.902,Low_Frequency_Lines
8743,1253849136.547,23.537,1535.431,0.929,Whistle
8744,1253849751.625,8.443,38.595,1.0,Scattered_Light
8745,1253850505.281,7.55,723.299,0.994,Low_Frequency_Lines
8746,1253850741.947,17.081,751.473,1.0,Blip
8747,1253852135.625,7.557,2841.486,1.0,Scattered_Light
8748,1253852293.906,7.519,20.195,0.965,Low_Frequency_Burst
8749,1253853436.125,8.22,32.935,1.0,Scattered_Light
8750,1253853759.375,8.821,2386.584,1.0,Scattered_Light
8751,1253854653.188,8.106,3001.96,0.975,Low_Frequency_Lines
8752,1253856411.203,7.984,1039.086,0.927,Low_Frequency_Burst
8753,1253856556.438,7.91,2083.169,0.913,Scattered_Light
8754,1253856718.375,9.642,27.594,1.0,Scattered_Light
8755,1253856835.594,8.425,3201.357,0.9,Low_Frequency_Burst
8756,1253857557.313,12.624,2378.556,0.976,Low_Frequency_Lines
8757,1253857600.469,8.879,20.195,1.0,Low_Frequency_Lines
8758,1253858001.859,7.976,20.838,0.969,Low_Frequency_Burst
8759,1253858778.281,10.54,42.788,1.0,Scattered_Light
8760,1253859530.156,11.595,2630.957,1.0,Scattered_Light
8761,1253859770.438,8.768,20.195,0.985,Low_Frequency_Lines
8762,1253861481.859,12.991,2634.428,0.976,Low_Frequency_Burst
8763,1253862249.656,8.531,1329.049,0.985,Low_Frequency_Burst
8764,1253866090.469,13.772,3766.002,1.0,Scattered_Light
8765,1253866767.094,14.138,1564.972,1.0,Scattered_Light
8766,1253867225.031,18.558,36.338,1.0,Scattered_Light
8767,1253868857.469,11.201,28.467,1.0,Scattered_Light
8768,1253868972.689,62.797,3582.116,1.0,Koi_Fish
8769,1253869192.438,22.318,2243.2,1.0,Scattered_Light
8770,1253869402.031,13.623,3983.241,0.948,Scattered_Light
8771,1253869688.969,13.666,2378.556,0.998,Scattered_Light
8772,1253869863.344,19.264,2834.458,1.0,Scattered_Light
8773,1253869891.516,16.199,363.574,0.996,Scattered_Light
8774,1253869910.969,9.676,3986.648,0.999,Scattered_Light
8775,1253870526.094,7.849,3409.167,0.991,Low_Frequency_Lines
8776,1253870676.469,14.956,32.829,0.997,Scattered_Light
8777,1253870691.969,13.035,3882.777,1.0,Scattered_Light
8778,1253871049.719,9.64,35.147,1.0,Scattered_Light
8779,1253871155.344,8.937,20.838,0.955,Low_Frequency_Burst
8780,1253871238.328,9.043,26.59,0.985,Low_Frequency_Burst
8781,1253871413.766,7.704,23.057,0.992,Low_Frequency_Burst
8782,1253871547.609,8.927,3351.158,0.99,Scattered_Light
8783,1253871659.094,9.074,3489.112,0.999,Scattered_Light
8784,1253872219.219,7.644,28.182,0.974,Scattered_Light
8785,1253872575.297,10.311,26.59,0.998,Low_Frequency_Burst
8786,1253909451.969,8.09,24.263,1.0,Scattered_Light
8787,1253910441.844,7.761,2930.829,0.937,Low_Frequency_Burst
8788,1253910743.254,9.336,63.212,0.979,Tomte
8789,1253910961.688,7.566,32.754,1.0,Scattered_Light
8790,1253911186.969,8.987,2084.436,1.0,Low_Frequency_Lines
8791,1253911442.375,9.142,2838.157,1.0,Scattered_Light
8792,1253911923.219,9.091,23.057,0.949,Low_Frequency_Lines
8793,1253913352.534,92.556,3983.241,0.984,Koi_Fish
8794,1253913751.657,7.905,99.19,1.0,Blip
8795,1253913761.904,7.536,80.907,1.0,Blip
8796,1253914315.573,9.043,3993.831,1.0,Blip
8797,1253914846.688,7.998,20.716,0.998,Low_Frequency_Lines
8798,1253915047.188,7.681,23.057,0.947,Low_Frequency_Lines
8799,1253915491.906,7.691,3464.271,0.939,Low_Frequency_Lines
8800,1253916104.352,8.169,294.502,0.998,Whistle
8801,1253916570.938,10.289,24.908,1.0,Low_Frequency_Lines
8802,1253917560.094,11.608,2262.906,0.985,Scattered_Light
8803,1253918892.219,8.199,20.195,0.995,Low_Frequency_Lines
8804,1253919201.844,7.944,20.682,0.979,Low_Frequency_Lines
8805,1253920797.156,9.182,3813.464,0.97,Low_Frequency_Lines
8806,1253921289.625,8.583,34.163,0.999,Scattered_Light
8807,1253921532.313,10.916,25.298,1.0,Low_Frequency_Lines
8808,1253921577.508,8.378,2337.938,1.0,Low_Frequency_Burst
8809,1253921580.781,8.918,3350.311,0.98,Low_Frequency_Lines
8810,1253921722.875,7.643,33.304,1.0,Scattered_Light
8811,1253921740.09,1759.627,3409.167,0.984,Extremely_Loud
8812,1253922157.438,7.736,30.5,1.0,Scattered_Light
8813,1253922282.688,8.315,30.119,1.0,Scattered_Light
8814,1253923834.938,7.513,3237.069,1.0,Low_Frequency_Lines
8815,1253923903.563,11.165,1390.504,1.0,Scattered_Light
8816,1253928319.375,11.962,3274.177,1.0,Scattered_Light
8817,1253930197.758,7.516,380.108,0.97,Whistle
8818,1253932047.242,7.763,369.05,0.997,Whistle
8819,1253932511.973,26.764,1267.535,0.912,Koi_Fish
8820,1253933164.65,40.198,365.451,0.999,Koi_Fish
8821,1253935397.004,23.086,1928.011,0.953,Tomte
8822,1253937719.875,8.905,32.94,1.0,Scattered_Light
8823,1253940148.158,931.897,3945.854,0.923,Extremely_Loud
8824,1253946889.625,7.865,3331.797,1.0,Scattered_Light
8825,1253950395.012,1558.462,3746.261,0.988,Koi_Fish
8826,1253951110.125,8.634,32.326,1.0,Scattered_Light
8827,1253952811.688,21.512,447.013,1.0,Scattered_Light
8828,1253957158.125,7.847,3799.787,1.0,Low_Frequency_Lines
8829,1253958030.844,7.726,453.735,0.943,Low_Frequency_Lines
8830,1253958204.195,8.618,86.261,0.997,Low_Frequency_Burst
8831,1253963976.676,7.503,50.045,0.966,Repeating_Blips
8832,1253966985.313,8.355,30.352,1.0,Scattered_Light
8833,1253970725.094,7.899,20.195,0.998,Low_Frequency_Lines
8834,1253973185.859,7.946,26.14,0.96,Low_Frequency_Burst
8835,1253973697.875,12.798,592.631,1.0,Scattered_Light
8836,1253974642.688,7.619,3909.822,0.991,Low_Frequency_Lines
