1396460297 1396484456 24159
1396484504 1396488353 3849
1396495499 1396510114 14615
1396515352 1396532971 17619
1396537963 1396551089 13126
1396555207 1396573484 18277
1396575886 1396578024 2138
1396580533 1396597474 16941
1396645439 1396677561 32122
1396731998 1396779822 47824
1396779942 1396788077 8135
1396789326 1396792222 2896
1396792403 1396792807 404
1396875473 1396875647 174
1396875648 1396878821 3173
1396878823 1396893219 14396
1396893223 1396895426 2203
1396897351 1396900770 3419
1396907478 1396908108 630
1396913891 1396921529 7638
1396931496 1396946541 15045
1396946760 1396987980 41220
1396998286 1397005762 7476
1397008416 1397009612 1196
1397009616 1397014444 4828
1397014452 1397014524 72
1397014536 1397014548 12
1397014560 1397014596 36
1397014600 1397014604 4
1397014608 1397014616 8
1397014624 1397014848 224
1397014852 1397014912 60
1397014913 1397038887 23974
1397038890 1397053664 14774
1397053668 1397054801 1133
1397054803 1397057227 2424
1397057228 1397068222 10994
1397068811 1397072140 3329
1397075275 1397094331 19056
1397094339 1397099553 5214
1397103662 1397114324 10662
1397114872 1397117882 3010
1397117883 1397125272 7389
1397128408 1397132890 4482
1397132894 1397154662 21768
1397154670 1397154726 56
1397155305 1397165107 9802
1397178610 1397181593 2983
1397192916 1397195441 2525
1397195442 1397196413 971
1397196425 1397201022 4597
1397205967 1397210009 4042
1397210013 1397217673 7660
1397217677 1397217805 128
1397217809 1397218629 820
1397218632 1397219121 489
1397219122 1397219385 263
1397219389 1397219564 175
1397219566 1397221081 1515
1397221093 1397221141 48
1397221145 1397221149 4
1397221153 1397221253 100
1397221255 1397221493 238
1397221497 1397221544 47
1397221546 1397225185 3639
1397225189 1397229494 4305
1397229495 1397231221 1726
1397231439 1397232069 630
1397232073 1397232569 496
1397232573 1397241051 8478
1397241651 1397249169 7518
1397249177 1397256157 6980
1397256161 1397258915 2754
1397258916 1397258937 21
1397263174 1397268893 5719
1397268894 1397269853 959
1397269854 1397270613 759
1397270618 1397271050 432
1397271051 1397271887 836
1397271888 1397272013 125
1397272014 1397273324 1310
1397273325 1397273577 252
1397273581 1397273608 27
1397273609 1397273714 105
1397273715 1397273717 2
1397273718 1397274380 662
1397274382 1397274768 386
1397274769 1397274864 95
1397274865 1397275076 211
1397275077 1397275193 116
1397275194 1397275213 19
1397275214 1397275215 1
1397275217 1397275220 3
1397275221 1397275237 16
1397275241 1397275530 289
1397275531 1397275564 33
1397275565 1397275821 256
1397275823 1397275858 35
1397275859 1397275976 117
1397275977 1397275992 15
1397275993 1397276117 124
1397276118 1397276177 59
1397361783 1397362203 420
1397362204 1397364109 1905
1397364110 1397379355 15245
1397379450 1397380050 600
1397380203 1397380892 689
1397380986 1397381321 335
1397382314 1397401316 19002
1397401320 1397401331 11
1397401334 1397401335 1
1397401336 1397401341 5
1397401342 1397401346 4
1397401349 1397401356 7
1397401368 1397401407 39
1397416432 1397416517 85
1397416519 1397416540 21
1397416541 1397416632 91
1397416633 1397416714 81
1397416715 1397416780 65
1397416781 1397416807 26
1397416808 1397416866 58
1397416869 1397416886 17
1397416887 1397416889 2
1397416890 1397416907 17
1397416909 1397416934 25
1397416935 1397416964 29
1397416965 1397417030 65
1397417034 1397417035 1
1397417038 1397417044 6
1397417045 1397417049 4
1397417050 1397417057 7
1397417059 1397417060 1
1397445750 1397449381 3631
1397449383 1397454711 5328
1397454712 1397460995 6283
1397460996 1397471343 10347
1397471344 1397475119 3775
1397483555 1397484431 876
1397484433 1397488038 3605
1397499135 1397499416 281
1397499460 1397504048 4588
1397509367 1397514163 4796
1397514167 1397515207 1040
1397515211 1397525567 10356
1397525571 1397529304 3733
1397529379 1397530391 1012
1397530427 1397535507 5080
1397535515 1397553296 17781
1397553298 1397560139 6841
1397560141 1397564413 4272
1397564415 1397568570 4155
1397568767 1397568808 41
1397568851 1397569120 269
1397569566 1397571814 2248
1397574084 1397574086 2
1397575333 1397588404 13071
1397595332 1397601910 6578
1397601912 1397616614 14702
1397616616 1397617487 871
1397617488 1397617677 189
1397617678 1397618620 942
1397618621 1397618663 42
1397618664 1397619200 536
1397619201 1397619556 355
1397619558 1397620402 844
1397620403 1397621383 980
1397621384 1397621972 588
1397621973 1397621980 7
1397621982 1397623512 1530
1397623513 1397623515 2
1397623516 1397623517 1
1397623518 1397623522 4
1397623523 1397623977 454
1397623979 1397623999 20
1397624000 1397624003 3
1397624005 1397625209 1204
1397625210 1397626467 1257
1397626468 1397627871 1403
1397627872 1397628003 131
1397628011 1397628042 31
1397628043 1397628259 216
1397628261 1397628396 135
1397644372 1397653542 9170
1397653547 1397668175 14628
1397672451 1397672987 536
1397674943 1397683862 8919
1397683863 1397683952 89
1397683953 1397684614 661
1397684615 1397684646 31
1397684647 1397684833 186
1397684834 1397685322 488
1397685323 1397685558 235
1397685560 1397685988 428
1397685990 1397686102 112
1397686103 1397686308 205
1397686498 1397686528 30
1397686530 1397687063 533
1397687064 1397690399 3335
1397690400 1397690742 342
1397690743 1397690779 36
1397690780 1397690832 52
1397690833 1397691094 261
1397691095 1397691520 425
1397691522 1397691591 69
1397691593 1397691612 19
1397691613 1397691673 60
1397691674 1397691684 10
1397691685 1397692002 317
1397692003 1397692789 786
1397692791 1397700477 7686
1397700557 1397700561 4
1397700589 1397700593 4
1397700605 1397701300 695
1397701301 1397759430 58129
1397760223 1397763917 3694
1397763919 1397764085 166
1397764087 1397764108 21
1397764109 1397764428 319
1397764429 1397764499 70
1397764500 1397764598 98
1397764599 1397764602 3
1397764603 1397764680 77
1397764681 1397764758 77
1397764759 1397764765 6
1397764766 1397764769 3
1397764771 1397764989 218
1397764991 1397765282 291
1397765283 1397765313 30
1397765314 1397765341 27
1397765345 1397765424 79
1397765425 1397765427 2
1397765429 1397765502 73
1397765504 1397765514 10
1397780615 1397780735 120
1397780736 1397780923 187
1397854168 1397857555 3387
1397857591 1397859587 1996
1397859589 1397862963 3374
1397862964 1397863155 191
1397865879 1397866287 408
1397866288 1397868041 1753
1397868042 1397868863 821
1397868864 1397869113 249
1397869114 1397869459 345
1397869460 1397869562 102
1397869563 1397869581 18
1397869582 1397869777 195
1397869779 1397870168 389
1397870169 1397871109 940
1397871111 1397871165 54
1397878579 1397879090 511
1397879091 1397879383 292
1397879386 1397887220 7834
1397908446 1397916131 7685
1397932797 1397936061 3264
1397936065 1397939463 3398
1397942565 1398005967 63402
1398005968 1398007821 1853
1398021808 1398096058 74250
1398105948 1398133362 27414
1398139112 1398164501 25389
1398164505 1398177935 13430
1398178130 1398182516 4386
1398193342 1398206416 13074
1398210316 1398211011 695
1398214169 1398214407 238
1398217385 1398244359 26974
1398248190 1398254350 6160
1398254504 1398257855 3351
1398258032 1398258453 421
1398258518 1398313666 55148
1398313667 1398364230 50563
1398367026 1398395493 28467
1398395501 1398400777 5276
1398400781 1398407971 7190
1398407974 1398427185 19211
1398427187 1398485613 58426
1398485614 1398489201 3587
1398489203 1398492131 2928
1398512159 1398512328 169
1398513012 1398513336 324
1398513362 1398514078 716
1398514289 1398514291 2
1398514759 1398517747 2988
1398520471 1398521093 622
1398541353 1398542196 843
1398542200 1398542791 591
1398543660 1398570062 26402
1398570063 1398570080 17
1398570087 1398570089 2
1398576950 1398612751 35801
1398619823 1398633780 13957
1398637061 1398668281 31220
1398668282 1398672949 4667
1398672950 1398673461 511
1398673462 1398673600 138
1398673602 1398673673 71
1398673674 1398676655 2981
1398676841 1398678370 1529
1398678371 1398681743 3372
1398681744 1398690916 9172
1398690918 1398696372 5454
1398696373 1398697029 656
1398697030 1398697163 133
1398697164 1398697390 226
1398697391 1398699127 1736
1398699128 1398700914 1786
1398712828 1398722879 10051
1398722880 1398735283 12403
1398735284 1398739456 4172
1398739457 1398739947 490
1398739955 1398740045 90
1398743051 1398748432 5381
1398748652 1398760111 11459
1398760113 1398773902 13789
1398773904 1398798867 24963
1398798942 1398799757 815
1398799758 1398801750 1992
1398801796 1398821482 19686
1398821483 1398834215 12732
1398834499 1398837224 2725
1398837225 1398851162 13937
1398851163 1398851165 2
1398851166 1398887718 36552
1398887720 1398888868 1148
1398888869 1398890022 1153
1398891986 1398928921 36935
1398928923 1398934972 6049
1398934973 1399026435 91462
1399026436 1399026892 456
1399026894 1399044925 18031
1399055432 1399062271 6839
1399062273 1399064262 1989
1399064263 1399067125 2862
1399067127 1399067287 160
1399067289 1399070153 2864
1399070157 1399086160 16003
1399086162 1399092656 6494
1399092657 1399096518 3861
1399122654 1399123505 851
1399123506 1399125676 2170
1399141929 1399186384 44455
1399186392 1399217437 31045
1399231081 1399239680 8599
1399239684 1399244040 4356
1399244044 1399265452 21408
1399265453 1399268857 3404
1399269067 1399273149 4082
1399273150 1399285068 11918
1399285072 1399296218 11146
1399296219 1399305576 9357
1399319947 1399328735 8788
1399328739 1399341940 13201
1399344440 1399354213 9773
1399354214 1399354879 665
1399354883 1399356716 1833
1399356718 1399357395 677
1399360523 1399365401 4878
1399365403 1399365405 2
1399365406 1399365711 305
1399365713 1399365806 93
1399365808 1399365824 16
1399365826 1399365884 58
1399365885 1399365962 77
1399365964 1399366010 46
1399366012 1399366147 135
1399366148 1399366286 138
1399366288 1399366335 47
1399366337 1399366494 157
1399366495 1399366750 255
1399366752 1399366786 34
1399366787 1399375062 8275
1399375064 1399375382 318
1399375384 1399380919 5535
1399380921 1399385093 4172
1399385094 1399385627 533
1399385629 1399390389 4760
1399390394 1399391505 1111
1399391509 1399392303 794
1399392304 1399397627 5323
1399400911 1399408290 7379
1399408292 1399409928 1636
1399409932 1399422742 12810
1399422743 1399450552 27809
1399450560 1399453040 2480
1399453044 1399453247 203
1399453252 1399453380 128
1399453389 1399453411 22
1399453418 1399453592 174
1399456360 1399474637 18277
1399474645 1399484371 9726
1399484373 1399484651 278
1399484653 1399491136 6483
1399493759 1399502925 9166
1399502929 1399502945 16
1399502957 1399502969 12
1399502977 1399502999 22
1399503065 1399522295 19230
1399522296 1399522594 298
1399522595 1399529488 6893
1399529489 1399543870 14381
1399543891 1399551812 7921
1399555054 1399557360 2306
1399560510 1399614752 54242
1399614753 1399620924 6171
1399620925 1399648983 28058
1399648987 1399650767 1780
1399650771 1399657943 7172
1399657951 1399701659 43708
1399718732 1399725664 6932
1399725665 1399725671 6
1399725672 1399729987 4315
1399729991 1399730660 669
1399748515 1399748602 87
1399748603 1399755036 6433
1399755038 1399783161 28123
1399783163 1399812043 28880
1399812047 1399817372 5325
1399817373 1399817531 158
1399817532 1399822223 4691
1399835553 1399835724 171
1399835725 1399853594 17869
1399858651 1399868619 9968
1399868621 1399870394 1773
1399870396 1399870645 249
1399870646 1399870782 136
1399870783 1399870789 6
1399870791 1399870792 1
1399870793 1399870856 63
1399870858 1399870937 79
1399870965 1399870990 25
1399870991 1399871011 20
1399871013 1399871029 16
1399871033 1399871121 88
1399871125 1399871273 148
1399871277 1399871324 47
1399871325 1399871389 64
1399871391 1399871425 34
1399871429 1399871510 81
1399871511 1399871521 10
1399871523 1399871525 2
1399871529 1399871532 3
1399871533 1399871544 11
1399871546 1399871604 58
1399871605 1399871700 95
1399871702 1399871825 123
1399871837 1399871873 36
1399871877 1399871879 2
1399871881 1399872082 201
1399872085 1399872265 180
1399872273 1399872325 52
1399872329 1399872521 192
1399872525 1399872562 37
1399872563 1399872573 10
1399872578 1399873077 499
1399873081 1399873604 523
1399873605 1399874292 687
1399874384 1399874413 29
1399874421 1399875997 1576
1399875999 1399876304 305
1399876305 1399876908 603
1399876909 1399876977 68
1399876985 1399876989 4
1399876997 1399877004 7
1399877009 1399877325 316
1399877329 1399877441 112
1399877449 1399877481 32
1399877483 1399877489 6
1399877501 1399877509 8
1399877513 1399877562 49
1399877564 1399877569 5
1399877570 1399877628 58
1399877630 1399879468 1838
1399879469 1399880069 600
1399880073 1399880088 15
1399880091 1399880109 18
1399880118 1399880121 3
1399880123 1399880125 2
1399880129 1399880132 3
1399880133 1399880141 8
1399880145 1399880165 20
1399880172 1399880236 64
1399880237 1399880397 160
1399880401 1399880543 142
1399880545 1399880580 35
1399880583 1399880605 22
1399880609 1399880621 12
1399880623 1399880633 10
1399880634 1399880681 47
1399880689 1399880733 44
1399880741 1399880893 152
1399880897 1399880943 46
1399880944 1399880953 9
1399880957 1399880970 13
1399880972 1399881596 624
1399881599 1399881603 4
1399881604 1399881638 34
1399881640 1399881877 237
1399881881 1399881977 96
1399881985 1399882121 136
1399882125 1399882149 24
1399882157 1399882163 6
1399882165 1399882177 12
1399882179 1399882366 187
1399882367 1399883385 1018
1399883393 1399883401 8
1399883406 1399883717 311
1399883729 1399883845 116
1399883850 1399883857 7
1399883861 1399883921 60
1399883929 1399884010 81
1399884116 1399884131 15
1399884133 1399884146 13
1399884148 1399884150 2
1399884151 1399884254 103
1399884256 1399884445 189
1399884453 1399884665 212
1399884677 1399884689 12
1399884705 1399886076 1371
1399887015 1399897193 10178
1399897194 1399897883 689
1399897886 1399897926 40
1399897928 1399897957 29
1399897958 1399898369 411
1399898377 1399898397 20
1399898405 1399898453 48
1399898459 1399898501 42
1399898509 1399898577 68
1399898581 1399898585 4
1399898589 1399898895 306
1399898896 1399899220 324
1399899222 1399899430 208
1399899431 1399899640 209
1399899641 1399899801 160
1399899809 1399900453 644
1399900465 1399900525 60
1399900526 1399901101 575
1399901109 1399901245 136
1399901246 1399901304 58
1399901305 1399901325 20
1399901329 1399901513 184
1399901514 1399901605 91
1399901613 1399901616 3
1399901626 1399901709 83
1399901713 1399901885 172
1399901890 1399902065 175
1399902066 1399904701 2635
1399904702 1399904732 30
1399904733 1399904820 87
1399904821 1399904840 19
1399904842 1399904873 31
1399904874 1399904875 1
1399904878 1399904909 31
1399904914 1399904920 6
1399904922 1399905001 79
1399905009 1399905033 24
1399905037 1399905051 14
1399905053 1399905061 8
1399905069 1399905129 60
1399905133 1399905134 1
1399905137 1399905189 52
1399905190 1399905218 28
1399905220 1399905245 25
1399905260 1399905261 1
1399905293 1399905341 48
1399905345 1399905347 2
1399905349 1399905413 64
1399905414 1399905461 47
1399905467 1399905633 166
1399905641 1399905724 83
1399905728 1399905793 65
1399927579 1399944474 16895
1399944475 1399944643 168
1399944644 1399944653 9
1399944654 1399944823 169
1399944824 1399945072 248
1399945073 1399946171 1098
1399946173 1399947892 1719
1399947893 1399948541 648
1399960156 1399961392 1236
1399961396 1399962208 812
1399965655 1399966010 355
1399966119 1399966939 820
1399966940 1399969120 2180
1399969121 1399969856 735
1399969857 1399973971 4114
1399973972 1399974551 579
1399974553 1399976481 1928
1399976485 1399980885 4400
1399980887 1399981518 631
1399981520 1399984319 2799
1399984320 1399984599 279
1399984601 1399990196 5595
1399990197 1399996859 6662
1400003685 1400043032 39347
1400043033 1400043831 798
1400043832 1400045486 1654
1400045488 1400045773 285
1400045774 1400050696 4922
1400050698 1400055011 4313
1400055012 1400060183 5171
1400060184 1400060309 125
1400060313 1400060325 12
1400060326 1400060334 8
1400060335 1400060337 2
1400060339 1400060373 34
1400060375 1400060401 26
1400060405 1400060490 85
1400060492 1400060654 162
1400060655 1400060715 60
1400060716 1400060740 24
1400060742 1400060769 27
1400060777 1400060781 4
1400060785 1400060802 17
1400060804 1400060805 1
1400060807 1400060816 9
1400060817 1400060819 2
1400060821 1400060840 19
1400060842 1400060874 32
1400060875 1400060876 1
1400060877 1400060916 39
1400060918 1400061041 123
1400061045 1400061160 115
1400061161 1400061233 72
1400061237 1400061276 39
1400061278 1400061437 159
1400061438 1400061461 23
1400061467 1400061493 26
1400061497 1400061575 78
1400061576 1400061657 81
1400065477 1400078354 12877
1400078355 1400092228 13873
1400094236 1400121080 26844
1400121081 1400122916 1835
1400122917 1400136243 13326
1400136244 1400225481 89237
1400225553 1400228614 3061
1400228616 1400235343 6727
1400235347 1400235351 4
1400235359 1400242243 6884
1400242247 1400242997 750
1400242999 1400248273 5274
1400248274 1400256059 7785
1400273707 1400288573 14866
1400288574 1400306437 17863
1400353363 1400364059 10696
1400364061 1400390020 25959
1400390024 1400400668 10644
1400400684 1400400690 6
1400400692 1400400701 9
1400400703 1400400704 1
1400400720 1400405705 4985
1400405706 1400405716 10
1400405756 1400405765 9
1400405766 1400405780 14
1400405796 1400405800 4
1400405804 1400405808 4
1400405952 1400446808 40856
1400447014 1400461241 14227
1400461243 1400468203 6960
1400468205 1400475296 7091
1400475297 1400478366 3069
1400478367 1400480668 2301
1400480672 1400480673 1
1400480674 1400480703 29
1400480704 1400480835 131
1400480837 1400484555 3718
1400488512 1400488834 322
1400488838 1400489317 479
1400489319 1400489365 46
1400489366 1400491346 1980
1400491348 1400491437 89
1400491438 1400494060 2622
1400494061 1400496674 2613
1400496678 1400496686 8
1400496694 1400496987 293
1400496988 1400501032 4044
1400501034 1400513450 12416
1400526948 1400548426 21478
1400548427 1400596746 48319
1400596748 1400671096 74348
1400671421 1400680396 8975
1400680397 1400687650 7253
1400690469 1400691001 532
1400693724 1400694060 336
1400694064 1400694120 56
1400694124 1400694143 19
1400699849 1400701154 1305
1400701155 1400752946 51791
1400753082 1400753097 15
1400753171 1400759357 6186
1400759593 1400759696 103
1400759739 1400818736 58997
1400818737 1400859583 40846
1400859588 1400859964 376
1400859972 1400860040 68
1400860042 1400860088 46
1400860096 1400860140 44
1400860142 1400860160 18
1400860172 1400860659 487
1400860660 1400868671 8011
1400868672 1400882075 13403
1400882287 1400907439 25152
1400907595 1400907701 106
1400907759 1400910587 2828
1400910807 1400911275 468
1400939321 1400940381 1060
1400940385 1400943231 2846
1400943822 1400944113 291
1400960550 1401001991 41441
1401002066 1401002526 460
1401002528 1401002828 300
1401002830 1401025376 22546
1401025380 1401026548 1168
1401026552 1401027901 1349
1401027903 1401028084 181
1401028088 1401028504 416
1401028508 1401029687 1179
1401029688 1401029944 256
1401029948 1401030337 389
1401030338 1401032631 2293
1401032633 1401033674 1041
1401051290 1401079996 28706
1401080000 1401080675 675
1401080676 1401081957 1281
1401081958 1401083688 1730
1401083696 1401086428 2732
1401086430 1401087056 626
1401087064 1401091825 4761
1401091826 1401094380 2554
1401094385 1401096093 1708
1401096094 1401098752 2658
1401098756 1401103364 4608
1401103368 1401104761 1393
1401104764 1401104767 3
1401104768 1401104964 196
1401104968 1401105051 83
1401105052 1401105180 128
1401105185 1401105578 393
1401105579 1401105821 242
1401105822 1401106500 678
1401106504 1401106536 32
1401109238 1401116662 7424
1401116668 1401117734 1066
1401117739 1401117819 80
1401117821 1401118118 297
1401118122 1401118238 116
1401130955 1401134068 3113
1401134128 1401181085 46957
1401181086 1401189174 8088
1401189178 1401189866 688
1401189870 1401195940 6070
1401195941 1401201326 5385
1401201327 1401201338 11
1401201346 1401201382 36
1401201386 1401202272 886
1401202273 1401202958 685
1401202966 1401203066 100
1401203074 1401203086 12
1401203102 1401203199 97
1401210078 1401222551 12473
1401222555 1401240075 17520
1401240079 1401240096 17
1401240098 1401246105 6007
1401246107 1401264770 18663
1401264848 1401264991 143
1401265016 1401301847 36831
1401303855 1401324603 20748
1401324607 1401342975 18368
1401342983 1401343007 24
1401343011 1401354540 11529
1401357303 1401358637 1334
1401358889 1401364965 6076
1401364966 1401436833 71867
1401436834 1401450794 13960
1401450798 1401463822 13024
1401475541 1401496603 21062
1401496627 1401496631 4
1401496655 1401510639 13984
1401513539 1401516026 2487
1401565090 1401565190 100
1401565232 1401574843 9611
1401578801 1401603641 24840
1401603717 1401616947 13230
1401617349 1401625874 8525
1401630719 1401631879 1160
1401631880 1401649321 17441
1401659478 1401670913 11435
1401670915 1401693428 22513
1401696659 1401700132 3473
1401707163 1401712849 5686
1401712855 1401715396 2541
1401715398 1401719974 4576
1401736912 1401742375 5463
1401742542 1401744818 2276
1401744826 1401744850 24
1401744854 1401761090 16236
1401761094 1401806046 44952
1401806047 1401859777 53730
1401859779 1401897073 37294
1401897267 1401906687 9420
1401908617 1401917658 9041
1401917662 1402000598 82936
1402000602 1402037690 37088
1402037694 1402042302 4608
1402042481 1402043142 661
1402043146 1402055465 12319
1402055467 1402065121 9654
1402065122 1402068711 3589
1402079436 1402094507 15071
1402094509 1402094528 19
1402094789 1402120842 26053
1402140846 1402149827 8981
1402174643 1402202426 27783
1402202427 1402214973 12546
1402215049 1402215051 2
1402215254 1402221596 6342
1402226633 1402261482 34849
1402261486 1402292405 30919
1402292406 1402293492 1086
1402293494 1402293495 1
1402293496 1402294042 546
1402294203 1402296082 1879
1402296084 1402296519 435
1402296520 1402296525 5
1402296526 1402296534 8
1402296538 1402296566 28
1402296570 1402296575 5
1402296576 1402296606 30
1402296608 1402296690 82
1402296698 1402296702 4
1402296706 1402298363 1657
1402298365 1402298978 613
1402298990 1402299006 16
1402299018 1402300910 1892
1402300914 1402305276 4362
1402305278 1402307654 2376
1402307658 1402315704 8046
1402322060 1402322097 37
1402322101 1402328069 5968
1402339719 1402341192 1473
1402341193 1402351447 10254
1402351455 1402369111 17656
1402369119 1402395403 26284
1402395411 1402418186 22775
1402418298 1402418380 82
1402418396 1402444936 26540
1402444940 1402496840 51900
1402496848 1402511874 15026
1402514525 1402646562 132037
1402646791 1402654863 8072
1402655347 1402658365 3018
1402658367 1402665788 7421
1402665827 1402673495 7668
1402686019 1402725643 39624
1402746607 1402754531 7924
1402778411 1402827936 49525
1402827937 1402829606 1669
1402832089 1402837414 5325
1402837415 1402843852 6437
1402843974 1402864824 20850
1402864828 1402909912 45084
1402909920 1402911088 1168
1402911092 1402926688 15596
1402926693 1402929258 2565
1402930229 1402930823 594
1402945125 1402969855 24730
1402969859 1402986112 16253
1402986125 1402986151 26
1402986160 1402998403 12243
1402998405 1403010633 12228
1403010672 1403013934 3262
1403013949 1403014991 1042
1403014996 1403019323 4327
1403019341 1403023178 3837
1403023192 1403037031 13839
1403037035 1403083707 46672
1403083711 1403116228 32517
1403120485 1403142789 22304
1403142793 1403142825 32
1403142833 1403157313 14480
1403157314 1403186076 28762
1403186516 1403237781 51265
1403237786 1403252593 14807
1403256271 1403269744 13473
1403269755 1403278286 8531
1403290471 1403298248 7777
1403298288 1403330545 32257
1403351472 1403356508 5036
1403356569 1403359249 2680
1403382220 1403431369 49149
1403431373 1403435409 4036
1403435414 1403526258 90844
1403526326 1403531454 5128
1403531506 1403536952 5446
1403536954 1403537599 645
1403549764 1403588659 38895
1403588667 1403589699 1032
1403589703 1403589715 12
1403589719 1403589727 8
1403603969 1403616263 12294
1403616286 1403617342 1056
1403617343 1403628472 11129
1403628476 1403628516 40
1403628524 1403674680 46156
1403674684 1403708576 33892
1403713320 1403721450 8130
1403723434 1403764133 40699
1403764137 1403806554 42417
1403809472 1403846521 37049
1403846522 1403848872 2350
1403848873 1403849080 207
1403849092 1403849108 16
1403849116 1403858425 9309
1403858438 1403872150 13712
1403872152 1403875648 3496
1403875652 1403876004 352
1403876008 1403877608 1600
1403877613 1403879364 1751
1403879368 1403880296 928
1403880304 1403882352 2048
1403882353 1403882364 11
1403882369 1403883452 1083
1403897849 1403912351 14502
1403915068 1403933307 18239
1403933309 1403935238 1929
1403957504 1403957741 237
1403961281 1403962047 766
1403962048 1403962426 378
1403962430 1403964033 1603
1403986500 1404016653 30153
1404016654 1404016884 230
1404016885 1404018152 1267
1404018168 1404018698 530
1404018743 1404020434 1691
1404020436 1404020985 549
1404020989 1404021556 567
1404021557 1404022704 1147
1404022705 1404023054 349
1404023056 1404023113 57
1404023115 1404023434 319
1404023436 1404023565 129
1404023566 1404023846 280
1404023847 1404024805 958
1404024808 1404024854 46
1404024856 1404025094 238
1404025096 1404025105 9
1404025107 1404025195 88
1404025197 1404025225 28
1404025229 1404025372 143
1404025374 1404025401 27
1404025406 1404025445 39
1404025447 1404025466 19
1404025467 1404025493 26
1404025495 1404025513 18
1404025521 1404025532 11
1404025533 1404025544 11
1404025549 1404025644 95
1404025646 1404025656 10
1404025658 1404025735 77
1404025737 1404025744 7
1404025746 1404025894 148
1404025895 1404025974 79
1404025976 1404025989 13
1404025994 1404026204 210
1404026206 1404026303 97
1404026305 1404026375 70
1404026377 1404026575 198
1404026576 1404026726 150
1404026727 1404026775 48
1404026777 1404026836 59
1404026837 1404026866 29
1404026868 1404026935 67
1404026938 1404026967 29
1404026968 1404026995 27
1404026997 1404027093 96
1404027101 1404027104 3
1404027105 1404027116 11
1404027117 1404027193 76
1404027195 1404027226 31
1404027227 1404027264 37
1404027267 1404027334 67
1404027337 1404027464 127
1404027467 1404027515 48
1404027517 1404027576 59
1404027577 1404027585 8
1404027586 1404027605 19
1404027607 1404027624 17
1404027627 1404027653 26
1404027655 1404027664 9
1404027668 1404027673 5
1404027675 1404027676 1
1404027678 1404027701 23
1404027708 1404027713 5
1404027719 1404027733 14
1404027739 1404027741 2
1404027749 1404027765 16
1404027767 1404027795 28
1404027797 1404027805 8
1404027807 1404027814 7
1404027817 1404027822 5
1404027829 1404027844 15
1404027848 1404027865 17
1404027868 1404027876 8
1404027877 1404027886 9
1404027889 1404027893 4
1404027897 1404027934 37
1404027936 1404027946 10
1404027947 1404027964 17
1404027967 1404028004 37
1404028006 1404028017 11
1404028018 1404028025 7
1404028027 1404028036 9
1404028040 1404028042 2
1404028044 1404028054 10
1404028057 1404028073 16
1404028080 1404028095 15
1404028096 1404028136 40
1404028137 1404028264 127
1404028267 1404028292 25
1404028298 1404028305 7
1404028306 1404028333 27
1404028337 1404028344 7
1404028346 1404028352 6
1404028356 1404028383 27
1404028387 1404028403 16
1404028404 1404028425 21
1404028426 1404028433 7
1404028439 1404028465 26
1404028467 1404028477 10
1404028478 1404028485 7
1404028489 1404028493 4
1404028498 1404028504 6
1404028507 1404028512 5
1404028514 1404028525 11
1404028526 1404028535 9
1404028537 1404028545 8
1404028547 1404028556 9
1404028557 1404028575 18
1404028577 1404028584 7
1404028586 1404028593 7
1404028598 1404028626 28
1404028627 1404028633 6
1404028636 1404028644 8
1404028646 1404028694 48
1404028696 1404028713 17
1404028717 1404028734 17
1404028736 1404028765 29
1404028768 1404028773 5
1404028777 1404028793 16
1404028797 1404028804 7
1404028807 1404028824 17
1404028829 1404028833 4
1404028837 1404028845 8
1404028847 1404028866 19
1404028869 1404028874 5
1404028877 1404028884 7
1404028947 1404028961 14
1404029041 1404029053 12
1404029055 1404029064 9
1404029066 1404029086 20
1404029087 1404029093 6
1404029095 1404029104 9
1404029115 1404029133 18
1404029135 1404029145 10
1404029147 1404029173 26
1404029175 1404029183 8
1404029187 1404029244 57
1404029246 1404029284 38
1404029287 1404029301 14
1404029309 1404029312 3
1404029314 1404029334 20
1404029336 1404029345 9
1404029348 1404029354 6
1404029356 1404029361 5
1404029369 1404029376 7
1404029377 1404029384 7
1404029388 1404029395 7
1404029397 1404029435 38
1404029437 1404029466 29
1404029468 1404029485 17
1404029487 1404029495 8
1404029496 1404029512 16
1404029517 1404029535 18
1404029538 1404029547 9
1404029548 1404029573 25
1404029574 1404029606 32
1404029607 1404029633 26
1404029641 1404029644 3
1404029646 1404029654 8
1404029657 1404029666 9
1404029668 1404029672 4
1404029677 1404029694 17
1404029696 1404029701 5
1404029706 1404029713 7
1404029756 1404029765 9
1404029767 1404029874 107
1404029876 1404029974 98
1404029977 1404030013 36
1404030017 1404030034 17
1404030036 1404030093 57
1404030097 1404030144 47
1404030145 1404030164 19
1404030167 1404030185 18
1404030187 1404030205 18
1404030208 1404030224 16
1404030226 1404030245 19
1404030247 1404030254 7
1404030258 1404030316 58
1404030318 1404030333 15
1404030336 1404030345 9
1404030349 1404030354 5
1404030356 1404030373 17
1404030379 1404030404 25
1404030406 1404030415 9
1404030417 1404030422 5
1404030498 1404030505 7
1404030507 1404030513 6
1404030745 1404030794 49
1404030795 1404030797 2
1404030798 1404030816 18
1404030818 1404030841 23
1404030846 1404030855 9
1404030857 1404030893 36
1404030898 1404030915 17
1404030918 1404030923 5
1404030925 1404030947 22
1404030948 1404030964 16
1404030967 1404030989 22
1404031298 1404031312 14
1404031317 1404031346 29
1404031347 1404031356 9
1404031357 1404031374 17
1404031376 1404031393 17
1404031398 1404031441 43
1404031445 1404031473 28
1404031474 1404031475 1
1404031477 1404031481 4
1404031489 1404031494 5
1404031496 1404031503 7
1404031505 1404031521 16
1404031533 1404031563 30
1404031565 1404031573 8
1404031578 1404031605 27
1404031609 1404031632 23
1404031638 1404031641 3
1404031647 1404031664 17
1404031667 1404031673 6
1404032059 1404032103 44
1404032108 1404032116 8
1404032118 1404032124 6
1404032125 1404032126 1
1404032128 1404032134 6
1404032136 1404032165 29
1404032169 1404032184 15
1404032186 1404032206 20
1404032207 1404032226 19
1404032228 1404032233 5
1404032238 1404032256 18
1404036049 1404036461 412
1404036469 1404045097 8628
1404045101 1404049296 4195
1404049298 1404052161 2863
1404052165 1404053518 1353
1404053520 1404054404 884
1404054405 1404055230 825
1404055232 1404057623 2391
1404067863 1404107485 39622
1404107486 1404111240 3754
1404111244 1404112748 1504
1404112809 1404119911 7102
1404120052 1404120844 792
1404120901 1404129360 8459
1404129362 1404130988 1626
1404130996 1404134784 3788
1404143286 1404198827 55541
1404198828 1404202959 4131
1404203099 1404204003 904
1404204045 1404207169 3124
1404207208 1404215540 8332
1404215549 1404218292 2743
1404218304 1404263728 45424
1404263732 1404263736 4
1404263748 1404325822 62074
1404328019 1404342902 14883
1404342994 1404343002 8
1404343046 1404343076 30
1404343092 1404345196 2104
1404345204 1404407177 61973
1404415379 1404445187 29808
1404445191 1404459339 14148
1404459343 1404469411 10068
1404469413 1404487579 18166
1404487584 1404487776 192
1404499350 1404529178 29828
1404529186 1404539342 10156
1404539346 1404540035 689
1404564175 1404568846 4671
1404587451 1404595266 7815
1404595344 1404595434 90
1404595698 1404624160 28462
1404630116 1404651725 21609
1404651769 1404658693 6924
1404658697 1404658857 160
1404658861 1404701158 42297
1404701259 1404701333 74
1404712207 1404724904 12697
1404724976 1404746487 21511
1404762373 1404803685 41312
1404803701 1404814977 11276
1404814978 1404823679 8701
1404823681 1404827669 3988
1404827673 1404838961 11288
1404838982 1404854113 15131
1404854117 1404863569 9452
1404863573 1404898923 35350
1404901565 1404930639 29074
1404932659 1404990459 57800
1404990463 1405048273 57810
1405051389 1405092954 41565
1405104195 1405129280 25085
1405129284 1405143736 14452
1405143740 1405144827 1087
1405163935 1405173626 9691
1405193975 1405194261 286
1405194293 1405195282 989
1405195290 1405230986 35696
1405230991 1405257057 26066
1405257173 1405328774 71601
1405328778 1405337814 9036
1405337818 1405350526 12708
1405350531 1405350542 11
1405350550 1405352021 1471
1405361471 1405362290 819
1405362294 1405362298 4
1405362310 1405364579 2269
1405364624 1405372693 8069
1405376036 1405390344 14308
1405399276 1405415473 16197
1405419887 1405432166 12279
1405432170 1405438579 6409
1405441342 1405468501 27159
1405471170 1405493675 22505
1405528453 1405534934 6481
1405536877 1405545861 8984
1405545863 1405565404 19541
1405565405 1405598798 33393
1405598911 1405608130 9219
1405611865 1405649280 37415
1405650094 1405671199 21105
1406624486 1406624495 9
1406663596 1406674909 11313
1406721098 1406745018 23920
1406746199 1406746201 2
1406747761 1406749080 1319
1406749776 1406761506 11730
1406761510 1406788779 27269
1406797165 1406824668 27503
1406824672 1406824704 32
1406824748 1406826532 1784
1406826540 1406845908 19368
1406845909 1406864524 18615
1406869218 1406880523 11305
1406880700 1406881450 750
1406881481 1406883882 2401
1406883918 1406891261 7343
1406891266 1406895655 4389
1406895855 1406907787 11932
1406914263 1406919640 5377
1406935496 1406953575 18079
1406953583 1406956495 2912
1406956499 1406959257 2758
1406981006 1406984485 3479
1407006454 1407041806 35352
1407041810 1407041838 28
1407041850 1407041854 4
1407041858 1407046205 4347
1407046303 1407048847 2544
1407048848 1407048861 13
1407048862 1407049777 915
1407049778 1407051633 1855
1407051634 1407051701 67
1407051702 1407057486 5784
1407057490 1407064090 6600
1407067328 1407073610 6282
1407090643 1407138290 47647
1407138294 1407138994 700
1407138998 1407139184 186
1407155718 1407155759 41
1407155817 1407157769 1952
1407157840 1407159160 1320
1407178736 1407225488 46752
1407225492 1407238943 13451
1407238945 1407264304 25359
1407265169 1407298848 33679
1407302329 1407350517 48188
1407354087 1407354354 267
1407354357 1407354358 1
1407354360 1407354362 2
1407354363 1407354366 3
1407354367 1407360715 6348
1407360719 1407394131 33412
1407394175 1407402875 8700
1407402879 1407403015 136
1407403019 1407403027 8
1407412147 1407412156 9
1407412160 1407412292 132
1407412300 1407412312 12
1407412316 1407412340 24
1407412344 1407412356 12
1407412368 1407412432 64
1407412440 1407412444 4
1407412448 1407412454 6
1407448171 1407511825 63654
1407522945 1407556402 33457
1407556406 1407564007 7601
1407596707 1407610900 14193
1407610979 1407639702 28723
1407639706 1407671950 32244
1407671955 1407728566 56611
1407728570 1407752798 24228
1407752799 1407752818 19
1407752822 1407752856 34
1407752857 1407752869 12
1407752871 1407752882 11
1407752885 1407752911 26
1407752913 1407752925 12
1407752926 1407752938 12
1407752941 1407752942 1
1407752946 1407752950 4
1407752954 1407752980 26
1407752983 1407753008 25
1407753010 1407753038 28
1407753041 1407753142 101
1407753143 1407753163 20
1407753165 1407753247 82
1407753250 1407753254 4
1407753255 1407753289 34
1407753290 1407753297 7
1407753301 1407753317 16
1407753319 1407753339 20
1407753342 1407753421 79
1407753423 1407753433 10
1407753434 1407753495 61
1407753497 1407753502 5
1407753506 1407753511 5
1407753512 1407753743 231
1407753744 1407753799 55
1407753800 1407753850 50
1407753852 1407754218 366
1407754219 1407761013 6794
1407764418 1407770171 5753
1407779153 1407783452 4299
1407795019 1407860911 65892
1407869828 1407890673 20845
1407890675 1407922068 31393
1407930164 1407951506 21342
1407972960 1407983790 10830
1408002066 1408012857 10791
1408026468 1408047633 21165
1408047638 1408059115 11477
1408059118 1408062893 3775
1408075993 1408090415 14422
1408090725 1408119814 29089
1408119818 1408129204 9386
1408139284 1408163144 23860
1408220760 1408275480 54720
1408279372 1408388451 109079
1408398891 1408419237 20346
1408419322 1408419394 72
1408419410 1408424118 4708
1408424122 1408432086 7964
1408438374 1408451866 13492
1408451882 1408469559 17677
1408478271 1408509396 31125
1408509398 1408509399 1
1408509400 1408509402 2
1408509403 1408517060 7657
1408517061 1408525032 7971
1408525034 1408534540 9506
1408534553 1408534561 8
1408534565 1408559424 24859
1408562997 1408601604 38607
1408601608 1408640746 39138
1408640842 1408640899 57
1408640911 1408647639 6728
1408647643 1408664782 17139
1408671147 1408688131 16984
1408688274 1408708852 20578
1408714732 1408719777 5045
1408749670 1408773686 24016
1408795550 1408803103 7553
1408821193 1408828068 6875
1408830745 1408859710 28965
1408859711 1408871202 11491
1408872067 1408876360 4293
1408876361 1408896099 19738
1408909015 1408909963 948
1408909997 1408943807 33810
1408943811 1408946726 2915
1408946918 1408959943 13025
1408959951 1408959967 16
1408959975 1408960007 32
1408960019 1408960680 661
1408960682 1408961195 513
1408961203 1408971361 10158
1408974057 1408981253 7196
1408993222 1409067804 74582
1409068353 1409105088 36735
1409105090 1409155197 50107
1409155201 1409155253 52
1409155277 1409163572 8295
1409165488 1409203673 38185
1409203677 1409213849 10172
1409213857 1409295933 82076
1409295937 1409319280 23343
1409319389 1409320789 1400
1409320793 1409334176 13383
1409339043 1409378423 39380
1409395433 1409401529 6096
1409401531 1409403999 2468
1409404003 1409405442 1439
1409405546 1409406772 1226
1409406774 1409407454 680
1409432073 1409447158 15085
1409447162 1409465150 17988
1409465154 1409476349 11195
1409476390 1409480282 3892
1409480486 1409499560 19074
1409513300 1409513486 186
1409513575 1409516302 2727
1409516306 1409553022 36716
1409557661 1409559400 1739
1409559448 1409568724 9276
1409568728 1409585426 16698
1409593784 1409594218 434
1409598136 1409613868 15732
1409613872 1409618662 4790
1409618814 1409619361 547
1409622325 1409697376 75051
1409700104 1409702909 2805
1409702910 1409710264 7354
1409710454 1409715868 5414
1409715870 1409717464 1594
1409717616 1409720417 2801
1409720734 1409721271 537
1409721391 1409721496 105
1409721595 1409729682 8087
1409729690 1409729710 20
1409729730 1409729734 4
1409729754 1409741848 12094
1409741887 1409770757 28870
1409777251 1409831563 54312
1409831565 1409831627 62
1409831628 1409831737 109
1409831739 1409831886 147
1409831894 1409831962 68
1409831964 1409832030 66
1409832033 1409832169 136
1409832170 1409832184 14
1409832186 1409832192 6
1409832193 1409832237 44
1409832238 1409832302 64
1409832303 1409832392 89
1409832393 1409832467 74
1409832468 1409832718 250
1409832720 1409833019 299
1409833021 1409833069 48
1409833071 1409833334 263
1409833335 1409833343 8
1409833344 1409834184 840
1409834185 1409834212 27
1409834213 1409867055 32842
1409867142 1409867187 45
1409867218 1409873178 5960
1409873182 1409897269 24087
1409897396 1409899307 1911
1409906859 1409907403 544
1409907405 1409907410 5
1409907411 1409907522 111
1409907526 1409907559 33
1409907560 1409908260 700
1409908261 1409908363 102
1409908364 1409908746 382
1409908748 1409908930 182
1409908931 1409911980 3049
1409911981 1409912501 520
1409912503 1409920678 8175
1409920682 1409920820 138
1409920823 1409926056 5233
1409926059 1409928994 2935
1409928999 1409931023 2024
1409940575 1409980425 39850
1409980427 1409981970 1543
1409981974 1409983244 1270
1410002817 1410010939 8122
1410010943 1410011529 586
1410011530 1410012110 580
1410029149 1410034758 5609
1410034762 1410073135 38373
1410073452 1410075167 1715
1410075168 1410081902 6734
1410081904 1410091312 9408
1410091882 1410095328 3446
1410095330 1410097525 2195
1410097527 1410102144 4617
1410115420 1410129182 13762
1410129186 1410138024 8838
1410138025 1410138471 446
1410138472 1410138570 98
1410138571 1410140663 2092
1410140664 1410142047 1383
1410142048 1410145222 3174
1410145226 1410145584 358
1410145585 1410145954 369
1410145958 1410146375 417
1410146376 1410146406 30
1410146408 1410146415 7
1410146416 1410147487 1071
1410147488 1410149166 1678
1410149167 1410149381 214
1410149382 1410149776 394
1410149778 1410149798 20
1410149799 1410150831 1032
1410150832 1410151103 271
1410151104 1410151267 163
1410151268 1410151275 7
1410151277 1410151390 113
1410151392 1410151586 194
1410151588 1410151623 35
1410151624 1410151649 25
1410151651 1410152091 440
1410152092 1410152300 208
1410152301 1410152463 162
1410152465 1410153083 618
1410153085 1410153136 51
1410153137 1410153139 2
1410153141 1410153168 27
1410153171 1410153174 3
1410153178 1410153741 563
1410153742 1410153826 84
1410153834 1410153836 2
1410153837 1410153855 18
1410153857 1410153975 118
1410153976 1410154030 54
1410154032 1410154181 149
1410154182 1410154226 44
1410154227 1410154254 27
1410154255 1410154257 2
1410154258 1410154530 272
1410154531 1410154698 167
1410154699 1410154714 15
1410154718 1410154720 2
1410154721 1410154766 45
1410154768 1410154785 17
1410154787 1410154826 39
1410154827 1410154828 1
1410154830 1410154851 21
1410154852 1410154901 49
1410154903 1410154933 30
1410154934 1410154965 31
1410154967 1410154980 13
1410154981 1410155002 21
1410155004 1410155039 35
1410155041 1410155046 5
1410155048 1410155070 22
1410155078 1410155125 47
1410155130 1410155131 1
1410155132 1410155156 24
1410155158 1410155172 14
1410155175 1410155312 137
1410155314 1410155358 44
1410155359 1410155365 6
1410155366 1410155374 8
1410155375 1410155385 10
1410155387 1410155439 52
1410155442 1410155491 49
1410194354 1410194389 35
1410194390 1410194449 59
1410194450 1410194460 10
1410194462 1410194464 2
1410194465 1410194518 53
1410194519 1410194553 34
1410194554 1410194579 25
1410194581 1410194643 62
1410194646 1410194656 10
1410194657 1410194664 7
1410194665 1410194704 39
1410194708 1410194717 9
1410194718 1410194723 5
1410194725 1410194726 1
1410194727 1410194883 156
1410194884 1410195050 166
1410200310 1410200495 185
1410200507 1410200510 3
1410200516 1410200518 2
1410200520 1410200521 1
1410203330 1410204580 1250
1410204581 1410206741 2160
1410206742 1410207919 1177
1410207920 1410211399 3479
1410211400 1410211667 267
1410211668 1410212920 1252
1410212921 1410213664 743
1410213672 1410213771 99
1410213772 1410214130 358
1410214131 1410214452 321
1410214454 1410214673 219
1410214675 1410214800 125
1410214801 1410214806 5
1410214807 1410214931 124
1410214932 1410215009 77
1410215011 1410215051 40
1410215054 1410215315 261
1410215317 1410215479 162
1410215480 1410215637 157
1410215638 1410215745 107
1410215747 1410215780 33
1410215781 1410215822 41
1410215823 1410215851 28
1410215853 1410215943 90
1410215946 1410215992 46
1410215994 1410216051 57
1410216052 1410216070 18
1410216071 1410216075 4
1410216076 1410216082 6
1410216083 1410216528 445
1410216531 1410216539 8
1410216542 1410216593 51
1410216594 1410216662 68
1410216664 1410216714 50
1410216715 1410216830 115
1410216831 1410216834 3
1410216835 1410216896 61
1410216897 1410216942 45
1410216943 1410217178 235
1410217180 1410217181 1
1410217184 1410217371 187
1410217373 1410217840 467
1410217841 1410217968 127
1410217970 1410218123 153
1410218125 1410218147 22
1410218149 1410218168 19
1410218169 1410218396 227
1410218397 1410218410 13
1410218412 1410218954 542
1410218956 1410219554 598
1410219555 1410220194 639
1410220195 1410221035 840
1410221036 1410222859 1823
1410222861 1410222864 3
1410222865 1410224041 1176
1410224042 1410224120 78
1410229187 1410229499 312
1410232288 1410234985 2697
1410234986 1410236807 1821
1410236812 1410240772 3960
1410240773 1410240986 213
1410240987 1410241368 381
1410241369 1410241641 272
1410241642 1410242189 547
1410242191 1410242194 3
1410242196 1410242269 73
1410242271 1410242560 289
1410242561 1410242759 198
1410242763 1410242764 1
1410242765 1410242796 31
1410242797 1410242961 164
1410242962 1410243243 281
1410243244 1410243633 389
1410243635 1410243743 108
1410243744 1410243975 231
1410243977 1410243980 3
1410243982 1410244198 216
1410244200 1410244245 45
1410244246 1410244433 187
1410244434 1410244950 516
1410244951 1410245041 90
1410245045 1410245290 245
1410245291 1410245404 113
1410245406 1410245645 239
1410245648 1410245720 72
1410245721 1410245789 68
1410245791 1410245800 9
1410245802 1410245842 40
1410245844 1410246090 246
1410246091 1410246092 1
1410246094 1410246298 204
1410246299 1410246696 397
1410246697 1410246855 158
1410246860 1410247325 465
1410247326 1410247642 316
1410247643 1410247693 50
1410247694 1410247695 1
1410247697 1410247698 1
1410247700 1410247706 6
1410247707 1410247976 269
1410247978 1410249030 1052
1410249032 1410249045 13
1410249047 1410249580 533
1410249581 1410252108 2527
1410253055 1410264724 11669
1410264892 1410285759 20867
1410289334 1410324452 35118
1410324454 1410331316 6862
1410331340 1410331348 8
1410331368 1410331372 4
1410331392 1410331400 8
1410331416 1410331428 12
1410331436 1410332300 864
1410332304 1410349548 17244
1410349556 1410374140 24584
1410379392 1410387468 8076
1410391252 1410434913 43661
1410434917 1410452471 17554
1410452472 1410462633 10161
1410462635 1410467957 5322
1410467969 1410476485 8516
1410476493 1410476552 59
1410483122 1410483863 741
1410487163 1410487588 425
1410487590 1410487833 243
1410487957 1410499585 11628
1410499589 1410500861 1272
1410500866 1410501677 811
1410501681 1410502086 405
1410502160 1410502193 33
1410517675 1410522263 4588
1410524876 1410524884 8
1410524885 1410525333 448
1410525337 1410525954 617
1410525957 1410525985 28
1410525989 1410528353 2364
1410528354 1410529839 1485
1410529840 1410535839 5999
1410545430 1410587482 42052
1410587487 1410588050 563
1410613168 1410613259 91
1410613261 1410613284 23
1410613287 1410613323 36
1410613331 1410613336 5
1410613340 1410613342 2
1410613343 1410613375 32
1410613387 1410613390 3
1410613395 1410613411 16
1410624496 1410624739 243
1410624741 1410624780 39
1410628752 1410628889 137
1410628894 1410629333 439
1410629538 1410629597 59
1410629601 1410629729 128
1410629735 1410629737 2
1410632866 1410662459 29593
1410666982 1410667744 762
1410667748 1410694128 26380
1410694130 1410694176 46
1410694180 1410696390 2210
1410696392 1410698567 2175
1410698568 1410700665 2097
1410700666 1410701692 1026
1410701700 1410702682 982
1410702683 1410704023 1340
1410704024 1410704530 506
1410704532 1410708796 4264
1410708800 1410718175 9375
1410721021 1410721483 462
1410721495 1410723347 1852
1410723348 1410723356 8
1410723357 1410755273 31916
1410755274 1410761555 6281
1410761556 1410763615 2059
1410763623 1410764514 891
1410764516 1410765334 818
1410765335 1410766711 1376
1410766715 1410768784 2069
1410768787 1410768791 4
1410768807 1410768851 44
1410768867 1410769035 168
1410769058 1410769059 1
1410769060 1410769123 63
1410769146 1410769563 417
1410769565 1410773779 4214
1410773781 1410773783 2
1410773791 1410780459 6668
1410780463 1410780750 287
1410780752 1410780851 99
1410780855 1410781069 214
1410781070 1410781511 441
1410781523 1410781790 267
1410781792 1410782543 751
1410782548 1410782601 53
1410782603 1410787134 4531
1410787136 1410787507 371
1410787511 1410787970 459
1410787971 1410789030 1059
1410789032 1410789464 432
1410789466 1410789847 381
1410789851 1410789945 94
1410789946 1410791410 1464
1410791411 1410795149 3738
1410805554 1410809022 3468
1410809024 1410836715 27691
1410836723 1410837289 566
1410837290 1410841407 4117
1410841411 1410841789 378
1410841792 1410842538 746
1410842540 1410842699 159
1410842701 1410842715 14
1410842719 1410848529 5810
1410848531 1410849022 491
1410849024 1410849523 499
1410849527 1410849579 52
1410849587 1410849882 295
1410849883 1410850075 192
1410850078 1410850791 713
1410850795 1410850805 10
1410850806 1410850815 9
1410850817 1410850946 129
1410850947 1410851527 580
1410851531 1410851667 136
1410851671 1410851711 40
1410851715 1410851754 39
1410851757 1410851761 4
1410851762 1410851811 49
1410851815 1410851825 10
1410851827 1410853338 1511
1410853343 1410853347 4
1410853467 1410854443 976
1410854445 1410854725 280
1410854727 1410854774 47
1410854775 1410855031 256
1410855035 1410855570 535
1410855575 1410856064 489
1410856065 1410857518 1453
1410878027 1410878554 527
1410878557 1410878785 228
1410878786 1410878908 122
1410878914 1410878915 1
1410878917 1410878918 1
1410878922 1410878965 43
1410878970 1410878972 2
1410878974 1410879014 40
1410879030 1410879031 1
1410879039 1410879169 130
1410884408 1410884751 343
1410884753 1410884788 35
1410884798 1410884799 1
1410884802 1410884828 26
1410884836 1410884844 8
1410884876 1410884884 8
1410884892 1410887756 2864
1410887905 1410901828 13923
1410901830 1410902680 850
1410905902 1410906510 608
1410910221 1410910306 85
1410910510 1410910631 121
1410913441 1410918784 5343
1410918788 1410978621 59833
1410980669 1411007408 26739
1411007420 1411050320 42900
1411055668 1411096051 40383
1411096053 1411107900 11847
1411107902 1411108023 121
1411108025 1411108243 218
1411108247 1411108294 47
1411108295 1411108343 48
1411108504 1411108787 283
1411108791 1411108911 120
1411108913 1411111086 2173
1411111088 1411111375 287
1411111379 1411111832 453
1411111833 1411111889 56
1411111890 1411112205 315
1411112211 1411112814 603
1411112816 1411112839 23
1411112843 1411113171 328
1411113174 1411113691 517
1411113699 1411113996 297
1411113998 1411114011 13
1411114019 1411114162 143
1411114164 1411115158 994
1411115163 1411115164 1
1411120001 1411120252 251
1411120254 1411120255 1
1411120259 1411120558 299
1411125233 1411125373 140
1411125374 1411125551 177
1411125579 1411125639 60
1411135896 1411136943 1047
1411136944 1411137431 487
1411137487 1411138234 747
1411138242 1411140627 2385
1411151803 1411184770 32967
1411184771 1411186122 1351
1411186123 1411186748 625
1411186752 1411188876 2124
1411188877 1411191268 2391
1411191270 1411191778 508
1411191780 1411192465 685
1411192467 1411192863 396
1411192865 1411192926 61
1411217142 1411217148 6
1411217152 1411217292 140
1411217296 1411218270 974
1411218271 1411219476 1205
1411219477 1411219544 67
1411219545 1411219814 269
1411219815 1411221304 1489
1411221305 1411221336 31
1411221337 1411221396 59
1411221397 1411221748 351
1411237448 1411288937 51489
1411288938 1411293789 4851
1411293790 1411293891 101
1411293895 1411294127 232
1411294129 1411304908 10779
1411304909 1411315537 10628
1411317421 1411318343 922
1411318348 1411366755 48407
1411366757 1411375109 8352
1411375110 1411398914 23804
1411398916 1411399903 987
1411501376 1411502136 760
1411502144 1411508538 6394
1411520449 1411524352 3903
1411524353 1411524443 90
1411524444 1411525327 883
1411525328 1411525398 70
1411525399 1411526061 662
1411526063 1411526090 27
1411526092 1411526998 906
1411526999 1411527442 443
1411527444 1411527643 199
1411527644 1411529935 2291
1411529936 1411530023 87
1411530027 1411532876 2849
1411532878 1411533558 680
1411533559 1411533562 3
1411533563 1411533566 3
1411533567 1411534749 1182
1411534750 1411534965 215
1411534966 1411535869 903
1411535870 1411537641 1771
1411537642 1411538011 369
1411538019 1411538863 844
1411538864 1411539983 1119
1411539988 1411540111 123
1411540112 1411540479 367
1411540481 1411540581 100
1411540582 1411542142 1560
1411542143 1411542235 92
1411542236 1411542687 451
1411542689 1411543354 665
1411543355 1411543662 307
1411543664 1411543670 6
1411543671 1411543729 58
1411543730 1411543886 156
1411550303 1411550467 164
1411556964 1411557027 63
1411565592 1411575087 9495
1411579704 1411580314 610
1411580322 1411583437 3115
1411586740 1411592581 5841
1411592586 1411595711 3125
1411600997 1411615732 14735
1411618339 1411629795 11456
1411629803 1411648767 18964
1411648845 1411676247 27402
1411676251 1411679522 3271
1411683527 1411686993 3466
1411686997 1411687029 32
1411687037 1411699644 12607
1411702343 1411707627 5284
1411710358 1411717279 6921
1411717283 1411723528 6245
1411732737 1411736702 3965
1411736706 1411737966 1260
1411737970 1411744238 6268
1411744246 1411745501 1255
1411758523 1411759037 514
1411759041 1411793438 34397
1411793440 1411795838 2398
1411795840 1411797664 1824
1411816116 1411818331 2215
1411818335 1411826599 8264
1411838456 1411853793 15337
1411853805 1411853813 8
1411853821 1411853921 100
1411853925 1411853931 6
1411858101 1411859766 1665
1411859770 1411892995 33225
1411892996 1411910716 17720
1411910717 1411911801 1084
1411911802 1411912191 389
1411912192 1411914141 1949
1411914143 1411914740 597
1411914741 1411915058 317
1411915059 1411915674 615
1411915675 1411916649 974
1411916651 1411917188 537
1411917189 1411919027 1838
1411919028 1411922165 3137
1411922166 1411923174 1008
1411923175 1411959348 36173
1411959460 1411962000 2540
1411970256 1411990802 20546
1411990803 1412004723 13920
1412020695 1412032531 11836
1412042450 1412058438 15988
1412058450 1412080168 21718
1412080598 1412083985 3387
1412084022 1412090458 6436
1412102990 1412105084 2094
1412105086 1412188229 83143
1412190207 1412217314 27107
1412217662 1412217946 284
1412217978 1412231445 13467
1412231550 1412298175 66625
1412302230 1412339019 36789
1412339020 1412340721 1701
1412340722 1412350231 9509
1412361599 1412367845 6246
1412370954 1412380709 9755
1412380713 1412402450 21737
1412445082 1412472063 26981
1412472067 1412486348 14281
1412486349 1412487129 780
1412496897 1412496920 23
1412496985 1412497025 40
1412497027 1412516697 19670
1412516699 1412561485 44786
1412561716 1412591101 29385
1412591102 1412594173 3071
1412594174 1412594565 391
1412594566 1412594704 138
1412594705 1412595905 1200
1412595906 1412596255 349
1412596256 1412596259 3
1412596262 1412596301 39
1412596302 1412596411 109
1412596413 1412596620 207
1412596622 1412596631 9
1412596633 1412596638 5
1412596639 1412596696 57
1412596697 1412596753 56
1412596755 1412596903 148
1412596904 1412596990 86
1412596992 1412597009 17
1412597011 1412597164 153
1412597166 1412597232 66
1412597235 1412597240 5
1412597242 1412597306 64
1412597307 1412597308 1
1412597309 1412597328 19
1412597329 1412597336 7
1412597337 1412597343 6
1412597345 1412597350 5
1412597352 1412597396 44
1412597397 1412597398 1
1412597399 1412597410 11
1412597412 1412597423 11
1412597424 1412597426 2
1412597427 1412597436 9
1412597437 1412597443 6
1412597444 1412597456 12
1412597457 1412597458 1
1412597459 1412597519 60
1412597520 1412597521 1
1412597522 1412597541 19
1412597542 1412597572 30
1412597575 1412597634 59
1412597635 1412597750 115
1412597751 1412597754 3
1412597757 1412597758 1
1412597761 1412597767 6
1412597770 1412597773 3
1412597775 1412597799 24
1412597801 1412597833 32
1412597834 1412597837 3
1412597857 1412597863 6
1412597866 1412597904 38
1412597905 1412597913 8
1412597915 1412597917 2
1412597921 1412597928 7
1412597929 1412597945 16
1412597949 1412597951 2
1412598015 1412598017 2
1412598019 1412598062 43
1412598065 1412598070 5
1412598072 1412598319 247
1412598321 1412598323 2
1412598325 1412598327 2
1412598331 1412598332 1
1412598333 1412598433 100
1412598434 1412598459 25
1412598460 1412598574 114
1412598575 1412598694 119
1412598696 1412598713 17
1412598714 1412598833 119
1412598835 1412598873 38
1412598874 1412598913 39
1412598914 1412598927 13
1412598929 1412599480 551
1412599481 1412599501 20
1412599502 1412600108 606
1412600109 1412600130 21
1412600131 1412600180 49
1412600182 1412600640 458
1412600641 1412600983 342
1412600984 1412600986 2
1412600987 1412601631 644
1412601632 1412601876 244
1412601877 1412601903 26
1412601904 1412602169 265
1412602170 1412602545 375
1412625628 1412628869 3241
1412628870 1412628871 1
1412628872 1412629487 615
1412629488 1412629491 3
1412629492 1412632564 3072
1412632565 1412637259 4694
1412637261 1412644634 7373
1412644635 1412647467 2832
1412654047 1412656313 2266
1412656314 1412667633 11319
1412676038 1412676081 43
1412676083 1412676091 8
1412676092 1412676352 260
1412676354 1412676660 306
1412676671 1412676674 3
1412676686 1412676688 2
1412681130 1412730001 48871
1412730102 1412765899 35797
1412770276 1412776567 6291
1412779236 1412793011 13775
1412795085 1412802638 7553
1412805427 1412863210 57783
1412863212 1412923598 60386
1412923742 1412924258 516
1413026251 1413027335 1084
1413059746 1413064405 4659
1413064409 1413071920 7511
1413076089 1413089952 13863
1413092997 1413100316 7319
1413100320 1413100344 24
1413100346 1413100349 3
1413100351 1413100366 15
1413100368 1413100375 7
1413100376 1413100552 176
1413105413 1413106235 822
1413111304 1413115269 3965
1413133076 1413135590 2514
1413139068 1413175222 36154
1413179916 1413187795 7879
1413187799 1413188611 812
1413237263 1413246511 9248
1413246515 1413269590 23075
1413281662 1413287321 5659
1413288079 1413306091 18012
1413309812 1413397832 88020
1413399787 1413437391 37604
1413449613 1413453386 3773
1413454243 1413469951 15708
1413469956 1413473675 3719
1413473679 1413475287 1608
1413475289 1413482044 6755
1413484616 1413527958 43342
1413579003 1413586168 7165
1413586172 1413592184 6012
1413592189 1413601404 9215
1413601408 1413612407 10999
1413647439 1413648403 964
1413648407 1413648463 56
1413648471 1413648705 234
1413648745 1413649099 354
1413649191 1413657705 8514
1413657745 1413685039 27294
1413685040 1413702329 17289
1413739231 1413743468 4237
1413753386 1413753676 290
1413756655 1413758189 1534
1413762666 1413765756 3090
1413773006 1413773121 115
1413782908 1413783135 227
1413834897 1413840654 5757
1413848202 1413878378 30176
1413926919 1413927067 148
1413927072 1413927073 1
1413927075 1413927076 1
1413927078 1413927125 47
1413927127 1413927131 4
1413927133 1413927138 5
1413929948 1413989120 59172
1413989128 1414011017 21889
1414019318 1414026236 6918
1414026244 1414048052 21808
1414048056 1414072707 24651
1414075446 1414137447 62001
1414185696 1414211591 25895
1414211599 1414220542 8943
1414238157 1414243249 5092
1414262749 1414282960 20211
1414282964 1414308885 25921
1414309550 1414312129 2579
1414312131 1414320320 8189
1414320324 1414320537 213
1414324487 1414334377 9890
1414338981 1414375493 36512
1414375497 1414398209 22712
1414433857 1414607454 173597
1414608727 1414689089 80362
1414693786 1414746755 52969
1414748109 1414774500 26391
1414785913 1414795249 9336
1414795265 1414795277 12
1414795285 1414795289 4
1414795325 1414803529 8204
1414803537 1414818609 15072
1414821454 1414825225 3771
1414876935 1414881656 4721
1414886584 1414891835 5251
1414898609 1414906024 7415
1414908955 1414931648 22693
1414931650 1414938008 6358
1414938012 1414944218 6206
1414944219 1414947340 3121
1414948322 1414949310 988
1414951864 1414977680 25816
1414982379 1414992131 9752
1414992136 1414993370 1234
1414997557 1415002530 4973
1415002534 1415002681 147
1415002683 1415006145 3462
1415006146 1415009244 3098
1415009284 1415019946 10662
1415019950 1415032270 12320
1415050179 1415077160 26981
1415090705 1415091025 320
1415091033 1415091065 32
1415091166 1415093279 2113
1415097134 1415097149 15
1415097157 1415100919 3762
1415100921 1415107757 6836
1415108289 1415114942 6653
1415114943 1415118234 3291
1415118235 1415119733 1498
1415119738 1415120241 503
1415120245 1415130497 10252
1415130498 1415165193 34695
1415165197 1415166618 1421
1415173399 1415174936 1537
1415177691 1415180715 3024
1415180720 1415180736 16
1415180740 1415180750 10
1415180752 1415197378 16626
1415197384 1415197385 1
1415197386 1415197408 22
1415197410 1415197555 145
1415197557 1415197558 1
1415197559 1415204268 6709
1415206985 1415215808 8823
1415217871 1415236472 18601
1415242990 1415251190 8200
1415251193 1415265488 14295
1415265490 1415265492 2
1415265493 1415281500 16007
1415281504 1415283468 1964
1415283469 1415293907 10438
1415302857 1415320108 17251
1415320462 1415338777 18315
1415338781 1415340647 1866
1415340648 1415346196 5548
1415346198 1415347270 1072
1415347272 1415350441 3169
1415350449 1415350501 52
1415350509 1415350545 36
1415350547 1415351082 535
1415351084 1415351201 117
1415351202 1415351325 123
1415351329 1415352023 694
1415352025 1415352369 344
1415352373 1415352374 1
1415352376 1415352449 73
1415352454 1415352487 33
1415364484 1415365069 585
1415365070 1415366031 961
1415366355 1415366554 199
1415366558 1415368052 1494
1415368054 1415373280 5226
1415373282 1415373719 437
1415392536 1415393798 1262
1415396609 1415397405 796
1415400061 1415403983 3922
1415412838 1415424943 12105
1415465435 1415470583 5148
1415470611 1415472562 1951
1415473011 1415478992 5981
1415511301 1415511609 308
1415511611 1415511817 206
1415514829 1415514830 1
1415524784 1415528507 3723
1415532833 1415537828 4995
1415537879 1415542551 4672
1415542556 1415542980 424
1415542982 1415544590 1608
1415544592 1415546227 1635
1415546232 1415546243 11
1415546251 1415546263 12
1415546279 1415546423 144
1415546427 1415546471 44
1415546475 1415546576 101
1415546577 1415546783 206
1415546787 1415546828 41
1415546829 1415546859 30
1415546863 1415547303 440
1415547307 1415547407 100
1415547411 1415547687 276
1415547691 1415548667 976
1415548669 1415549014 345
1415549023 1415549055 32
1415549059 1415549478 419
1415549480 1415549908 428
1415549909 1415549999 90
1415550007 1415550176 169
1415550178 1415550642 464
1415550644 1415552175 1531
1415560960 1415562042 1082
1415562087 1415601562 39475
1415601563 1415603030 1467
1415603034 1415603514 480
1415603516 1415603872 356
1415603874 1415604846 972
1415604848 1415605042 194
1415605044 1415605155 111
1415605157 1415605411 254
1415605414 1415606515 1101
1415606516 1415606542 26
1415606547 1415606867 320
1415606869 1415607154 285
1415607155 1415607250 95
1415607254 1415607342 88
1415607344 1415608587 1243
1415608588 1415608863 275
1415608864 1415609026 162
1415609030 1415609037 7
1415609038 1415609144 106
1415618341 1415621301 2960
1415621302 1415621815 513
1415621817 1415621882 65
1415621886 1415625019 3133
1415625020 1415625121 101
1415625122 1415625918 796
1415625919 1415627366 1447
1415627370 1415627372 2
1415627374 1415627559 185
1415627561 1415627622 61
1415627624 1415627678 54
1415627690 1415627846 156
1415627850 1415629856 2006
1415629858 1415631251 1393
1415631252 1415632570 1318
1415632571 1415633174 603
1415633178 1415633182 4
1415633186 1415633459 273
1415633509 1415634446 937
1415634450 1415635409 959
1415635411 1415636282 871
1415636283 1415636717 434
1415636719 1415637408 689
1415643363 1415651852 8489
1415656185 1415666895 10710
1415666903 1415666907 4
1415666911 1415666915 4
1415666927 1415666951 24
1415666963 1415667091 128
1415683645 1415685374 1729
1415685383 1415685475 92
1415685504 1415685507 3
1415694205 1415695368 1163
1415703843 1415705177 1334
1415705179 1415705208 29
1415726945 1415727772 827
1415737646 1415747575 9929
1415747682 1415751282 3600
1415751374 1415752156 782
1415755345 1415756803 1458
1415761936 1415798893 36957
1415798963 1415800972 2009
1415800976 1415807924 6948
1415807925 1415820656 12731
1415822809 1415860018 37209
1415860028 1415860036 8
1415860052 1415860055 3
1415860056 1415860073 17
1415860165 1415870220 10055
1415893016 1415901340 8324
1415901342 1415901344 2
1415901346 1415907652 6306
1415907653 1415915855 8202
1415915987 1415942597 26610
1415942598 1415942856 258
1415942858 1415944479 1621
1415944481 1415944631 150
1415944633 1415945118 485
1415945119 1415945287 168
1415945288 1415945502 214
1415945506 1415945650 144
1415945654 1415945954 300
1415945962 1415945966 4
1415945967 1415945969 2
1415945970 1415946289 319
1415949073 1415949085 12
1415949093 1415949438 345
1415949440 1415949668 228
1415949670 1415949692 22
1415949693 1415949901 208
1415949902 1415951336 1434
1415951337 1415951510 173
1415951511 1415951965 454
1415951969 1415952005 36
1415952013 1415952117 104
1415952121 1415952124 3
1415952126 1415952133 7
1415952137 1415952176 39
1415952178 1415952214 36
1415952216 1415952217 1
1415952221 1415952233 12
1415952237 1415952297 60
1415952301 1415952493 192
1415952501 1415952545 44
1415952549 1415952645 96
1415952650 1415952823 173
1415952825 1415953104 279
1416378571 1416384139 5568
1416384143 1416388847 4704
1416388859 1416395680 6821
1416413882 1416423244 9362
1416423248 1416423252 4
1416423264 1416431020 7756
1416431959 1416440528 8569
1416440532 1416442336 1804
1416442344 1416466028 23684
1416466036 1416476088 10052
1416479901 1416486359 6458
1416486367 1416512491 26124
1416512495 1416515259 2764
1416515263 1416518523 3260
1416518531 1416557611 39080
1416557613 1416559427 1814
1416559431 1416566726 7295
1416566728 1416572875 6147
1416572879 1416578795 5916
1416578807 1416580303 1496
1416580311 1416581671 1360
1416581675 1416585067 3392
1416585071 1416587488 2417
1416605806 1416614235 8429
1416614243 1416626383 12140
1416626387 1416627159 772
1416627163 1416627168 5
1416627187 1416628407 1220
1416628411 1416637539 9128
1416637540 1416638687 1147
1416638691 1416639626 935
1416664252 1416666811 2559
1416666815 1416666899 84
1416666907 1416666910 3
1416673234 1416673373 139
1416673377 1416685881 12504
1416685885 1416698454 12569
1416713635 1416717920 4285
1416717922 1416720728 2806
1416720732 1416720796 64
1416720804 1416729072 8268
1416729076 1416730584 1508
1416730588 1416730799 211
1416734108 1416735928 1820
1416735932 1416736596 664
1416736600 1416737136 536
1416737140 1416745898 8758
1416745899 1416746171 272
1416746174 1416746176 2
1416746177 1416749168 2991
1416756342 1416760259 3917
1416772035 1416778875 6840
1416778883 1416783411 4528
1416783415 1416786783 3368
1416786791 1416787375 584
1416787383 1416788047 664
1416788051 1416788087 36
1416788095 1416788931 836
1416788939 1416791215 2276
1416797876 1416799308 1432
1416799316 1416799620 304
1416799628 1416810456 10828
1416810460 1416810872 412
1416810876 1416810908 32
1416810924 1416810966 42
1416811064 1416817736 6672
1416817744 1416818308 564
1416818312 1416819972 1660
1416819976 1416820317 341
1416820319 1416822932 2613
1416822936 1416829350 6414
1416829351 1416829832 481
1416829840 1416830288 448
1416830296 1416831636 1340
1416831640 1416831988 348
1416831992 1416833762 1770
1416833764 1416833779 15
1416833781 1416834026 245
1416834027 1416836980 2953
1416836985 1416837786 801
1416837787 1416839196 1409
1416839447 1416840203 756
1416840204 1416841764 1560
1416841768 1416842844 1076
1416842848 1416844528 1680
1416844532 1416845008 476
1416845012 1416853601 8589
1416853925 1416858969 5044
1416859944 1416867120 7176
1416867128 1416867518 390
1416867546 1416867561 15
1416867743 1416867828 85
1416867832 1416867896 64
1416867908 1416870496 2588
1416870500 1416870548 48
1416870564 1416873300 2736
1416873304 1416882512 9208
1416882516 1416883592 1076
1416883596 1416884716 1120
1416884724 1416891232 6508
1416891236 1416895180 3944
1416895184 1416895308 124
1416895312 1416896561 1249
1416896562 1416896565 3
1416896566 1416897799 1233
1416897801 1416898293 492
1416898295 1416899132 837
1416899136 1416900931 1795
1416900932 1416903632 2700
1416903636 1416904750 1114
1416904751 1416906000 1249
1416906004 1416906204 200
1416906208 1416908352 2144
1416908356 1416908908 552
1416908913 1416909162 249
1416909163 1416909668 505
1416909672 1416909692 20
1416909700 1416909732 32
1416909740 1416909798 58
1416911290 1416911446 156
1416911453 1416911948 495
1416911952 1416913958 2006
1416936352 1416936405 53
1416936666 1416936902 236
1416937104 1416938714 1610
1416938720 1416939077 357
1416939806 1416947831 8025
1416947835 1416948711 876
1416948715 1416954452 5737
1416954573 1416962423 7850
1416972357 1416972974 617
1416972978 1416976362 3384
1416976370 1416983186 6816
1416983194 1416992878 9684
1416992886 1417011747 18861
1417015980 1417017125 1145
1417017129 1417020397 3268
1417020405 1417021105 700
1417021109 1417021129 20
1417021145 1417021696 551
1417025403 1417025513 110
1417025517 1417030206 4689
1417031994 1417033973 1979
1417033977 1417035545 1568
1417035553 1417037877 2324
1417037881 1417053009 15128
1417063931 1417067459 3528
1417067463 1417070439 2976
1417070443 1417070479 36
1417070487 1417071755 1268
1417071759 1417072227 468
1417072235 1417075285 3050
1417079872 1417085321 5449
1417085329 1417087033 1704
1417087037 1417088933 1896
1417088937 1417089005 68
1417089009 1417109837 20828
1417109841 1417116917 7076
1417116925 1417117559 634
1417120724 1417122984 2260
1417127993 1417129778 1785
1417129782 1417131746 1964
1417131750 1417131918 168
1417131926 1417131966 40
1417131970 1417131974 4
1417131982 1417132522 540
1417132526 1417137499 4973
1417142776 1417146873 4097
1417146881 1417146929 48
1417146949 1417147433 484
1417147437 1417149333 1896
1417149337 1417161301 11964
1417161305 1417162057 752
1417162061 1417162069 8
1417162077 1417165341 3264
1417165345 1417167363 2018
1417185652 1417187427 1775
1417187429 1417187453 24
1417187455 1417187633 178
1417187637 1417188805 1168
1417188813 1417189125 312
1417189126 1417189237 111
1417189245 1417192255 3010
1417202764 1417202937 173
1417202941 1417211513 8572
1417211525 1417211533 8
1417211541 1417211585 44
1417211593 1417212025 432
1417212029 1417213561 1532
1417213565 1417214545 980
1417214553 1417214557 4
1417214561 1417214609 48
1417214613 1417217285 2672
1417217293 1417223345 6052
1417223349 1417223401 52
1417223409 1417234125 10716
1417234129 1417237153 3024
1417237157 1417240497 3340
1417240505 1417244201 3696
1417244205 1417244489 284
1417271907 1417273910 2003
1417283334 1417290895 7561
1417291005 1417302070 11065
1417302074 1417333001 30927
1417381362 1417394942 13580
1417415804 1417417309 1505
1417417510 1417419020 1510
1417419197 1417422320 3123
1417422458 1417427150 4692
1417430900 1417431641 741
1417435649 1417446636 10987
1417457168 1417460891 3723
1417471978 1417499930 27952
1417509564 1417512068 2504
1417516478 1417518328 1850
1417521172 1417529745 8573
1417535842 1417544011 8169
1417549580 1417555482 5902
1417558673 1417580797 22124
1417585792 1417586737 945
1417591040 1417618698 27658
1417625228 1417633889 8661
1417633890 1417635054 1164
1417637030 1417637263 233
1417637264 1417644442 7178
1417644466 1417647102 2636
1417647106 1417654791 7685
1417656662 1417659638 2976
1417659639 1417660204 565
1417660205 1417660209 4
1417660210 1417661821 1611
1417661822 1417662061 239
1417662062 1417662496 434
1417662498 1417663653 1155
1417663654 1417663921 267
1417663923 1417666549 2626
1417666550 1417666745 195
1417666746 1417667981 1235
1417667982 1417668870 888
1417668871 1417671867 2996
1417671868 1417673028 1160
1417681539 1417699877 18338
1417700071 1417725990 25919
1417737555 1417741519 3964
1417749920 1417761180 11260
1417765226 1417765695 469
1417765889 1417767991 2102
1417771231 1417771494 263
1417774256 1417775657 1401
1417775686 1417776176 490
1417792061 1417795232 3171
1417804104 1417811373 7269
1417811377 1417827502 16125
1417834394 1417845407 11013
1417845408 1417849221 3813
1417874142 1417878850 4708
1417895323 1417962009 66686
1417962013 1417963153 1140
1417963155 1417965934 2779
1417970093 1417997607 27514
1418001012 1418023281 22269
1418023285 1418031896 8611
1418031898 1418056373 24475
1418064376 1418064395 19
1418064520 1418064544 24
1418072798 1418075408 2610
1418081216 1418100226 19010
1418100230 1418100266 36
1418100282 1418109794 9512
1418109799 1418128666 18867
1418128674 1418128686 12
1418128690 1418128698 8
1418128706 1418129010 304
1418129018 1418130305 1287
1418130307 1418132244 1937
1418132246 1418132421 175
1418135849 1418140359 4510
1418140364 1418193335 52971
1418196369 1418232682 36313
1418237399 1418239905 2506
1418242074 1418242362 288
1418242559 1418367155 124596
1418367160 1418367423 263
1418367427 1418367475 48
1418367479 1418367721 242
1418367723 1418367791 68
1418367799 1418367836 37
1418367838 1418367847 9
1418367863 1418367978 115
1418370758 1418371084 326
1418374009 1418374023 14
1418379688 1418380226 538
1418380235 1418380758 523
1418383669 1418401978 18309
1418402329 1418402348 19
1418411883 1418436448 24565
1418447350 1418454096 6746
1418476603 1418482930 6327
1418499765 1418507935 8170
1418511731 1418512346 615
1418515244 1418515804 560
1418516023 1418525502 9479
1418525506 1418529336 3830
1418532297 1418537374 5077
1418537376 1418540016 2640
1418540019 1418540055 36
1418540062 1418540064 2
1418545754 1418546343 589
1418546351 1418546410 59
1418549050 1418550612 1562
1418550613 1418555549 4936
1418555557 1418561886 6329
1418562134 1418564940 2806
1418564941 1418567482 2541
1418567483 1418568393 910
1418568399 1418568541 142
1418568545 1418568549 4
1418568554 1418568690 136
1418568692 1418569553 861
1418569561 1418570015 454
1418570017 1418571189 1172
1418574034 1418582737 8703
1418582739 1418593930 11191
1418593934 1418599490 5556
1418599491 1418599715 224
1418599717 1418600262 545
1418600266 1418600657 391
1418600658 1418612920 12262
1418612922 1418628742 15820
1418628744 1418641841 13097
1418641842 1418641973 131
1418641975 1418642883 908
1418642884 1418657709 14825
1418657711 1418658413 702
1418658415 1418658941 526
1418658943 1418660283 1340
1418667575 1418668278 703
1418668282 1418669942 1660
1418669947 1418670495 548
1418670497 1418670513 16
1418670515 1418670758 243
1418670762 1418670766 4
1418670767 1418670885 118
1418670887 1418670942 55
1418670944 1418671742 798
1418671746 1418672234 488
1418672236 1418672238 2
1418672239 1418672266 27
1418672271 1418672286 15
1418672302 1418672322 20
1418672362 1418672425 63
1418672426 1418672434 8
1418672442 1418672550 108
1418672555 1418673082 527
1418673094 1418673309 215
1418673310 1418673454 144
1418673458 1418674485 1027
1418674486 1418674642 156
1418674645 1418674991 346
1418674993 1418675018 25
1418675023 1418675047 24
1418675049 1418675626 577
1418675630 1418679234 3604
1418679238 1418679538 300
1418679546 1418679594 48
1418679598 1418679602 4
1418679608 1418679670 62
1418679678 1418679728 50
1418679730 1418680059 329
1418680060 1418680116 56
1418680118 1418680130 12
1418680138 1418680146 8
1418680150 1418680152 2
1418680158 1418680159 1
1418738306 1418738504 198
1418738516 1418738563 47
1418738564 1418738780 216
1418738784 1418739152 368
1418739156 1418739286 130
1418739288 1418739412 124
1418739420 1418739424 4
1418739428 1418739437 9
1418739440 1418739794 354
1418739795 1418739796 1
1418739828 1418739836 8
1418739844 1418740080 236
1418740093 1418740125 32
1418740127 1418740700 573
1418740704 1418740785 81
1418740786 1418740847 61
1418741581 1418742077 496
1418742079 1418742081 2
1418742082 1418742596 514
1418742600 1418743068 468
1418743072 1418743596 524
1418743604 1418743605 1
1418743607 1418743920 313
1418743924 1418744872 948
1418744888 1418747220 2332
1418747224 1418747743 519
1418747744 1418748492 748
1418748496 1418750444 1948
1418750451 1418760155 9704
1418760157 1418760352 195
1418760356 1418760456 100
1418760458 1418762669 2211
1418762671 1418772033 9362
1418772034 1418773267 1233
1418773269 1418773857 588
1418773858 1418773862 4
1418773864 1418774477 613
1418774478 1418774491 13
1418774493 1418774712 219
1418774713 1418785624 10911
1418785628 1418787662 2034
1418787664 1418787934 270
1418787935 1418788144 209
1418788148 1418791856 3708
1418791860 1418792120 260
1418792124 1418794340 2216
1418794344 1418798076 3732
1418798080 1418803538 5458
1418803540 1418804588 1048
1418804608 1418804811 203
1418804813 1418804869 56
1418804870 1418806214 1344
1418806216 1418806223 7
1418806226 1418816116 9890
1418816117 1418826449 10332
1418826450 1418829216 2766
1418829224 1418833072 3848
1418833076 1418841340 8264
1418841344 1418841368 24
1418841372 1418842192 820
1418842194 1418843404 1210
1418843408 1418843436 28
1418843440 1418843849 409
1418843850 1418843862 12
1418843865 1418843902 37
1418843903 1418844035 132
1418844037 1418844690 653
1418847174 1418855538 8364
1418855539 1418855544 5
1418855548 1418855980 432
1418855984 1418857016 1032
1418857020 1418857588 568
1418857593 1418860909 3316
1418860911 1418861734 823
1418861735 1418862163 428
1418862165 1418862274 109
1418862276 1418862439 163
1418862441 1418866004 3563
1418866012 1418874763 8751
1418874766 1418878685 3919
1418878687 1418881100 2413
1418881105 1418881115 10
1418881117 1418883140 2023
1418883148 1418891920 8772
1418891922 1418892152 230
1418892188 1418892632 444
1418892634 1418893894 1260
1418893896 1418894148 252
1418894152 1418894156 4
1418894160 1418894168 8
1418894172 1418897092 2920
1418897097 1418901971 4874
1418901973 1418905422 3449
1418905424 1418906134 710
1418906135 1418906758 623
1418906759 1418906920 161
1418906921 1418907187 266
1418907188 1418907321 133
1418907323 1418907336 13
1418907337 1418907521 184
1418907522 1418907536 14
1418907537 1418907803 266
1418907804 1418908019 215
1418908020 1418908405 385
1418908407 1418908545 138
1418908546 1418908640 94
1418908641 1418908716 75
1418908720 1418909076 356
1418909077 1418909099 22
1418909101 1418909347 246
1418909348 1418909408 60
1418909409 1418909510 101
1418909512 1418910097 585
1418910099 1418910188 89
1418910189 1418910349 160
1418910351 1418910444 93
1418910445 1418910527 82
1418910529 1418910666 137
1418910667 1418910877 210
1418910878 1418911284 406
1418911285 1418911286 1
1418911287 1418912092 805
1418912093 1418912269 176
1418912271 1418912274 3
1418912275 1418913353 1078
1418913355 1418913410 55
1418913411 1418913835 424
1418913837 1418914024 187
1418914025 1418914942 917
1418914943 1418916400 1457
1418916448 1418916452 4
1418916488 1418923386 6898
1418923387 1418924144 757
1418924148 1418924184 36
1418924208 1418926369 2161
1418926371 1418929851 3480
1418929853 1418929905 52
1418929906 1418929942 36
1418929944 1418930637 693
1418930638 1418931472 834
1418931480 1418931512 32
1418931514 1418931608 94
1418931616 1418931640 24
1418931642 1418932560 918
1418932562 1418932697 135
1418932698 1418932707 9
1418932712 1418932720 8
1418932724 1418932808 84
1418932809 1418933056 247
1418933057 1418933272 215
1418933276 1418933688 412
1418933692 1418933764 72
1418933768 1418934073 305
1418934075 1418934852 777
1418934853 1418935237 384
1418935239 1418935264 25
1418935268 1418935448 180
1418935456 1418935709 253
1418935710 1418935910 200
1418935911 1418936762 851
1418936764 1418937027 263
1418937032 1418937038 6
1418937039 1418938113 1074
1418938114 1418939108 994
1418939112 1418939328 216
1418939332 1418939384 52
1418939388 1418939626 238
1418939628 1418939643 15
1418939644 1418939652 8
1418939704 1418939708 4
1418943033 1418943133 100
1418943137 1418943268 131
1418943269 1418943453 184
1418943455 1418943533 78
1418943537 1418943829 292
1418943834 1418943900 66
1418947252 1418947438 186
1418947443 1418947770 327
1418947774 1418948034 260
1418948036 1418948164 128
1418948166 1418948714 548
1418948722 1418948738 16
1418948742 1418948778 36
1418948782 1418948786 4
1418948790 1418948794 4
1418948798 1418949078 280
1418949086 1418949256 170
1418949258 1418949455 197
1418949457 1418949614 157
1418949622 1418951453 1831
1418951455 1418951522 67
1418951527 1418951594 67
1418951602 1418951622 20
1418951626 1418951638 12
1418951646 1418951714 68
1418951719 1418952602 883
1418952610 1418952634 24
1418952638 1418952654 16
1418952662 1418952674 12
1418952678 1418953016 338
1418953018 1418953221 203
1418953223 1418953254 31
1418953258 1418953386 128
1418953391 1418953461 70
1418953463 1418954023 560
1418954024 1418954258 234
1418954266 1418954269 3
1418954275 1418954282 7
1418954283 1418954286 3
1418954290 1418954500 210
1418954506 1418954518 12
1418954520 1418954530 10
1418954538 1418954562 24
1418954570 1418954905 335
1418954907 1418956795 1888
1418956797 1418957036 239
1418957038 1418957079 41
1418957080 1418957294 214
1418957295 1418957314 19
1418957318 1418957337 19
1418957338 1418957534 196
1418957538 1418957712 174
1418957714 1418958012 298
1418958014 1418958365 351
1418958366 1418958377 11
1418958379 1418958706 327
1418958708 1418959166 458
1418959171 1418959178 7
1418959184 1418959814 630
1418959822 1418960228 406
1418960238 1418960626 388
1418960631 1418960648 17
1418960650 1418961319 669
1418961321 1418961422 101
1418961434 1418961438 4
1418961446 1418961622 176
1418961626 1418961636 10
1418961638 1418961642 4
1418961647 1418961822 175
1418961826 1418961829 3
1418961830 1418961841 11
1418961846 1418961854 8
1418961858 1418962130 272
1418962132 1418962802 670
1418962810 1418963082 272
1418963086 1418963328 242
1418963329 1418963478 149
1418963486 1418963953 467
1418963955 1418964128 173
1418964129 1418964130 1
1418964134 1418964174 40
1418967052 1418967415 363
1418967416 1418968194 778
1418968198 1418968318 120
1418968320 1418968581 261
1418968583 1418968650 67
1418968658 1418968878 220
1418968884 1418969066 182
1418972663 1418972706 43
1418978667 1418978710 43
1418984599 1418984760 161
1418999395 1418999681 286
1418999682 1418999683 1
1418999684 1418999793 109
1418999797 1418999839 42
1418999841 1418999919 78
1418999921 1418999940 19
1419004298 1419004938 640
1419004946 1419005070 124
1419005078 1419005434 356
1419005442 1419006306 864
1419006313 1419006363 50
1419006365 1419006385 20
1419006390 1419006411 21
1419006412 1419006678 266
1419006686 1419006786 100
1419006795 1419006932 137
1419006934 1419007017 83
1419007022 1419007070 48
1419007074 1419007190 116
1419007195 1419007398 203
1419007400 1419007403 3
1419007405 1419007666 261
1419007668 1419007724 56
1419007725 1419008447 722
1419008448 1419008641 193
1419008643 1419008964 321
1419008970 1419009074 104
1419009079 1419009998 919
1419010000 1419010002 2
1419010003 1419010302 299
1419010318 1419010842 524
1419010850 1419011135 285
1419011137 1419011442 305
1419011451 1419011828 377
1419011829 1419011952 123
1419011954 1419012014 60
1419012022 1419012113 91
1419012115 1419012206 91
1419012214 1419012215 1
1419012217 1419012422 205
1419012427 1419012446 19
1419012448 1419012547 99
1419012549 1419012914 365
1419012919 1419012962 43
1419012978 1419013030 52
1419013042 1419014077 1035
1419014090 1419014094 4
1419014116 1419014164 48
1419014166 1419015508 1342
1419015510 1419015521 11
1419015523 1419015538 15
1419015542 1419015914 372
1419015915 1419016886 971
1419016892 1419018834 1942
1419018846 1419018850 4
1419018858 1419019041 183
1419019042 1419019304 262
1419019305 1419019852 547
1419019862 1419019965 103
1419019967 1419020526 559
1419020531 1419022110 1579
1419022112 1419022484 372
1419022485 1419022491 6
1419022492 1419023758 1266
1419023760 1419023805 45
1419023806 1419023810 4
1419023814 1419023851 37
1419023853 1419024138 285
1419024146 1419024890 744
1419024895 1419025110 215
1419025114 1419025478 364
1419025482 1419025837 355
1419025838 1419026122 284
1419026126 1419026373 247
1419026375 1419026498 123
1419026507 1419026857 350
1419026859 1419027054 195
1419027058 1419027172 114
1419027178 1419027674 496
1419027688 1419027746 58
1419027750 1419030246 2496
1419030250 1419030274 24
1419030279 1419030698 419
1419030702 1419031370 668
1419031374 1419031610 236
1419031617 1419031618 1
1419031622 1419032918 1296
1419032922 1419033645 723
1419033646 1419034002 356
1419034018 1419034438 420
1419034443 1419034793 350
1419034795 1419035174 379
1419035182 1419035675 493
1419035676 1419036660 984
1419036663 1419037702 1039
1419037706 1419037859 153
1419037861 1419037862 1
1419037863 1419038557 694
1419038559 1419038561 2
1419038562 1419038838 276
1419038842 1419038862 20
1419038866 1419038890 24
1419038894 1419039782 888
1419039787 1419040079 292
1419040080 1419040222 142
1419040230 1419040415 185
1419040417 1419041050 633
1419041051 1419041686 635
1419041691 1419042846 1155
1419042854 1419044214 1360
1419044222 1419045562 1340
1419045566 1419045569 3
1419045571 1419046680 1109
1419046681 1419047310 629
1419047314 1419050291 2977
1419050293 1419050304 11
1419050306 1419051298 992
1419051306 1419051318 12
1419051326 1419052238 912
1419052242 1419052664 422
1419052666 1419052692 26
1419052694 1419052909 215
1419052911 1419052930 19
1419052935 1419058838 5903
1419076254 1419078382 2128
1419078386 1419080720 2334
1419080722 1419084682 3960
1419084687 1419097814 13127
1419097822 1419099709 1887
1419099710 1419099728 18
1419099730 1419105979 6249
1419105981 1419109488 3507
1419109489 1419109966 477
1419109970 1419115337 5367
1419122658 1419122741 83
1419122745 1419124569 1824
1419124574 1419124785 211
1419124789 1419126923 2134
1419126924 1419128139 1215
1419131136 1419132587 1451
1419132591 1419136471 3880
1419139545 1419141157 1612
1419141159 1419143246 2087
1419143248 1419143741 493
1419143743 1419145548 1805
1419145552 1419145992 440
1419145996 1419146111 115
1419146112 1419147622 1510
1419147624 1419147764 140
1419147768 1419148587 819
1419151605 1419153383 1778
1419153384 1419157533 4149
1419157535 1419157813 278
1419157818 1419157834 16
1419157835 1419159553 1718
1419159557 1419159962 405
1419159964 1419159967 3
1419159968 1419160660 692
1419160661 1419172525 11864
1419172526 1419173305 779
1419173309 1419177091 3782
1419177093 1419179613 2520
1419179617 1419186740 7123
1419189623 1419191648 2025
1419191650 1419193977 2327
1419193978 1419200049 6071
1419200054 1419210097 10043
1419210101 1419210518 417
1419210520 1419212570 2050
1419212572 1419218758 6186
1419218760 1419224689 5929
1419224690 1419224697 7
1419224701 1419234113 9412
1419234118 1419235297 1179
1419235301 1419235305 4
1419235313 1419236923 1610
1419236925 1419237292 367
1419237293 1419238341 1048
1419238345 1419239077 732
1419239082 1419239383 301
1419239384 1419240651 1267
1419240652 1419243484 2832
1419243485 1419244073 588
1419244081 1419244085 4
1419244091 1419245097 1006
1419245137 1419245214 77
1419245242 1419245245 3
1419245249 1419245314 65
1419245315 1419245437 122
1419245439 1419245721 282
1419245729 1419245853 124
1419245857 1419245896 39
1419245897 1419245969 72
1419245970 1419246119 149
1419246121 1419246573 452
1419246577 1419246581 4
1419246594 1419246661 67
1419246714 1419247326 612
1419247327 1419247329 2
1419247333 1419247502 169
1419247504 1419247509 5
1419247513 1419248443 930
1419248445 1419248644 199
1419248646 1419248857 211
1419248897 1419248906 9
1419248993 1419249168 175
1419249173 1419249209 36
1419249217 1419249229 12
1419249233 1419249432 199
1419252456 1419252521 65
1419252525 1419254553 2028
1419254561 1419255125 564
1419255126 1419255218 92
1419255219 1419255221 2
1419255223 1419255234 11
1419259335 1419266659 7324
1419266661 1419270266 3605
1419270268 1419270990 722
1419270995 1419272309 1314
1419272310 1419272523 213
1419272524 1419278966 6442
1419278970 1419281227 2257
1419281229 1419282977 1748
1419282979 1419289401 6422
1419289403 1419293450 4047
1419293454 1419294407 953
1419294409 1419295589 1180
1419295590 1419297574 1984
1419297575 1419301590 4015
1419301594 1419301771 177
1419301774 1419303834 2060
1419303836 1419303850 14
1419303852 1419306050 2198
1419306055 1419306270 215
1419306278 1419310094 3816
1419310099 1419312046 1947
1419312050 1419312289 239
1419312290 1419312292 2
1419312294 1419314051 1757
1419314052 1419314480 428
1419314482 1419315909 1427
1419315911 1419316209 298
1419316211 1419316632 421
1419316634 1419317791 1157
1419317793 1419317801 8
1419317803 1419323973 6170
1419323975 1419327374 3399
1419329139 1419332814 3675
1419332822 1419334871 2049
1419334872 1419339626 4754
1419346043 1419347455 1412
1419347456 1419365895 18439
1419365897 1419372001 6104
1419372006 1419373929 1923
1419373933 1419378077 4144
1419378082 1419378083 1
1419378085 1419380553 2468
1419380558 1419382128 1570
1419382130 1419392789 10659
1419392793 1419392799 6
1419392801 1419393015 214
1419393017 1419396781 3764
1419396785 1419396985 200
1419396989 1419397005 16
1419397009 1419397772 763
1419397773 1419398752 979
1419398754 1419405434 6680
1419405436 1419407062 1626
1419407064 1419432267 25203
1419432268 1419433209 941
1419433213 1419449693 16480
1419449695 1419449909 214
1419449911 1419449937 26
1419449941 1419450029 88
1419450031 1419450067 36
1419450068 1419453297 3229
1419453302 1419456274 2972
1419456276 1419472721 16445
1419472725 1419481580 8855
1419481581 1419483701 2120
1419483709 1419483711 2
1419483713 1419483716 3
1419483718 1419484297 579
1419484302 1419488046 3744
1419488048 1419536446 48398
1419536448 1419536729 281
1419536733 1419550661 13928
1419550665 1419554936 4271
1419554941 1419554949 8
1419554951 1419569897 14946
1419569905 1419580909 11004
1419580913 1419580917 4
1419580921 1419580929 8
1419580953 1419586122 5169
1419586123 1419603331 17208
1419603332 1419620301 16969
1419620303 1419621989 1686
1419621993 1419632326 10333
1419635269 1419638604 3335
1419638606 1419639652 1046
1419639654 1419655045 15391
1419655049 1419655479 430
1419655481 1419657801 2320
1419657805 1419663648 5843
1419682152 1419690589 8437
1419690590 1419692608 2018
1419699331 1419708263 8932
1419708264 1419767003 58739
1419767004 1419783517 16513
1419783518 1419784740 1222
1419784741 1419788577 3836
1419813698 1419813701 3
1419813714 1419813722 8
1419813742 1419813759 17
1419814100 1419814470 370
1419814474 1419814478 4
1419814486 1419814606 120
1419814610 1419814825 215
1419817565 1419817586 21
1419817590 1419817646 56
1419817650 1419817654 4
1419817671 1419817673 2
1419817675 1419817678 3
1419817690 1419817814 124
1419817826 1419817898 72
1419817902 1419818154 252
1419818158 1419818298 140
1419818306 1419818426 120
1419818434 1419818614 180
1419818618 1419818650 32
1419818654 1419819226 572
1419819234 1419819354 120
1419819358 1419819446 88
1419819454 1419819930 476
1419819934 1419820094 160
1419820102 1419820122 20
1419820126 1419820174 48
1419820182 1419820194 12
1419820202 1419820230 28
1419820234 1419820550 316
1419820554 1419820602 48
1419820606 1419820686 80
1419820690 1419820774 84
1419820778 1419820846 68
1419820850 1419821242 392
1419821246 1419821350 104
1419821354 1419821478 124
1419821482 1419821546 64
1419821550 1419821694 144
1419821698 1419821730 32
1419821734 1419822002 268
1419822006 1419822178 172
1419822182 1419822714 532
1419822718 1419823074 356
1419823078 1419823166 88
1419823178 1419823230 52
1419823246 1419823634 388
1419823642 1419823810 168
1419823818 1419823858 40
1419823862 1419824270 408
1419824278 1419824710 432
1419824714 1419824914 200
1419824918 1419824978 60
1419824986 1419825210 224
1419825218 1419825906 688
1419825910 1419826078 168
1419826082 1419826234 152
1419826246 1419827962 1716
1419827966 1419828810 844
1419828814 1419829274 460
1419829278 1419829514 236
1419829518 1419829634 116
1419829642 1419829646 4
1419829654 1419829822 168
1419829830 1419829978 148
1419829990 1419830158 168
1419830162 1419830166 4
1419830171 1419830354 183
1419830358 1419830802 444
1419830810 1419830874 64
1419830882 1419831110 228
1419831114 1419831122 8
1419831138 1419831218 80
1419831230 1419831370 140
1419831378 1419831778 400
1419831782 1419831785 3
1419831787 1419832166 379
1419832174 1419832226 52
1419832238 1419832266 28
1419832286 1419832410 124
1419832422 1419832926 504
1419832930 1419832934 4
1419832936 1419833030 94
1419833038 1419834102 1064
1419834106 1419834114 8
1419834118 1419834302 184
1419834310 1419835302 992
1419835306 1419835326 20
1419835334 1419835738 404
1419835742 1419835902 160
1419835910 1419835911 1
1419835912 1419836246 334
1419836250 1419837122 872
1419837126 1419837554 428
1419837562 1419837610 48
1419837614 1419837850 236
1419837858 1419837898 40
1419837902 1419837918 16
1419837926 1419837966 40
1419837970 1419838194 224
1419838198 1419838222 24
1419838234 1419838338 104
1419838342 1419838502 160
1419838506 1419838550 44
1419838554 1419839042 488
1419839050 1419839474 424
1419839478 1419839702 224
1419839710 1419839738 28
1419839754 1419839834 80
1419839838 1419839886 48
1419839890 1419839962 72
1419839974 1419839982 8
1419839983 1419839990 7
1419840010 1419840042 32
1419840050 1419840158 108
1419840166 1419841018 852
1419841026 1419841028 2
1419841029 1419841030 1
1419841042 1419841050 8
1419841054 1419841058 4
1419841070 1419841154 84
1419841162 1419842126 964
1419842130 1419842142 12
1419842146 1419842278 132
1419842282 1419842283 1
1419842284 1419843246 962
1419843254 1419843258 4
1419843262 1419843318 56
1419843334 1419843790 456
1419843794 1419843814 20
1419843818 1419843821 3
1419843823 1419843902 79
1419843906 1419843954 48
1419843962 1419844118 156
1419844146 1419844158 12
1419844186 1419844262 76
1419844274 1419844294 20
1419844298 1419844618 320
1419844626 1419845090 464
1419845098 1419845330 232
1419845338 1419845926 588
1419845930 1419847146 1216
1419847150 1419847290 140
1419847294 1419847441 147
1419847443 1419847466 23
1419847476 1419847570 94
1419847574 1419847594 20
1419847606 1419847613 7
1419853895 1419854082 187
1419854086 1419854246 160
1419854250 1419854256 6
1419854257 1419854346 89
1419854350 1419854352 2
1419854354 1419854358 4
1419854362 1419854938 576
1419854948 1419854990 42
1419854998 1419855230 232
1419855238 1419855354 116
1419855358 1419855566 208
1419855578 1419856406 828
1419856414 1419857310 896
1419857314 1419857534 220
1419857542 1419857794 252
1419857802 1419857806 4
1419857810 1419857974 164
1419857983 1419858294 311
1419858298 1419859274 976
1419859278 1419859282 4
1419859284 1419862542 3258
1419862546 1419863266 720
1419863274 1419863275 1
1419863277 1419864566 1289
1419864570 1419865178 608
1419865180 1419866214 1034
1419866218 1419866462 244
1419866490 1419866502 12
1419866506 1419866842 336
1419866850 1419867146 296
1419867150 1419867174 24
1419867178 1419867638 460
1419867642 1419868174 532
1419868178 1419868262 84
1419868272 1419868274 2
1419868282 1419868297 15
1419868303 1419869290 987
1419869298 1419869374 76
1419869378 1419869458 80
1419869466 1419870262 796
1419870274 1419870310 36
1419870314 1419871282 968
1419871294 1419871299 5
1419871301 1419871550 249
1419871554 1419871722 168
1419871730 1419872378 648
1419872392 1419872534 142
1419872538 1419873062 524
1419873066 1419873070 4
1419873074 1419873562 488
1419873566 1419873570 4
1419873575 1419873722 147
1419873727 1419874622 895
1419874624 1419874730 106
1419874734 1419875021 287
1419875023 1419875094 71
1419875098 1419875127 29
1419875129 1419875130 1
1419875138 1419875167 29
1419875169 1419875206 37
1419875207 1419875298 91
1419875299 1419875370 71
1419875375 1419875470 95
1419875474 1419875502 28
1419875506 1419875523 17
1419875525 1419875534 9
1419875538 1419875574 36
1419875582 1419875622 40
1419875627 1419875716 89
1419875717 1419875814 97
1419875818 1419876045 227
1419876046 1419876066 20
1419876068 1419876102 34
1419876106 1419876126 20
1419876130 1419876214 84
1419876218 1419876313 95
1419876314 1419876318 4
1419876323 1419876390 67
1419882792 1419882969 177
1419882974 1419883113 139
1419883122 1419883153 31
1419883157 1419883373 216
1419883385 1419883454 69
1419883456 1419883557 101
1419886428 1419886558 130
1419886566 1419886590 24
1419886595 1419886645 50
1419886647 1419886710 63
1419886714 1419886742 28
1419886746 1419886789 43
1419945046 1419945085 39
1419945087 1419945146 59
1419945147 1419945149 2
1419945150 1419945260 110
1419945265 1419945384 119
1419976630 1419976953 323
1419977147 1419994370 17223
1419994371 1419995446 1075
1419995450 1420009351 13901
1420009352 1420009649 297
1420015885 1420018676 2791
1420018688 1420018716 28
1420018728 1420023183 4455
1420023184 1420029820 6636
1420032622 1420050715 18093
1420053533 1420053780 247
1420053785 1420054282 497
1420056322 1420081531 25209
1420081533 1420081545 12
1420081546 1420112547 31001
1420112548 1420125665 13117
1420125666 1420135384 9718
1420135392 1420135485 93
1420135487 1420135524 37
1420138911 1420140426 1515
1420140428 1420148474 8046
1420151361 1420157130 5769
1420157131 1420157237 106
1420157239 1420157440 201
1420157441 1420159233 1792
1420159235 1420169768 10533
1420169769 1420174271 4502
1420174273 1420174283 10
1420174285 1420206765 32480
1420206767 1420208828 2061
1420208829 1420214516 5687
1420227601 1420237904 10303
1420237908 1420247772 9864
1420257363 1420258532 1169
1420261392 1420268582 7190
1420288240 1420292075 3835
1420292079 1420292955 876
1420292956 1420293025 69
1420293027 1420294062 1035
1420294063 1420294755 692
1420294763 1420295971 1208
1420296007 1420297686 1679
1420315558 1420320552 4994
1420320560 1420323040 2480
1420329185 1420329228 43
1420329232 1420329371 139
1420329372 1420329692 320
1420329693 1420329800 107
1420329804 1420330215 411
1420330217 1420330224 7
1420330236 1420330244 8
1420330252 1420330264 12
1420330272 1420330373 101
1420330375 1420330504 129
1420330512 1420330809 297
1420330810 1420330812 2
1420330814 1420330984 170
1420330985 1420331032 47
1420331036 1420331088 52
1420331100 1420331177 77
1420331178 1420331181 3
1420331182 1420331298 116
1420331300 1420331304 4
1420331308 1420331440 132
1420331442 1420331520 78
1420331528 1420331636 108
1420337892 1420338193 301
1420338195 1420338275 80
1420338283 1420339179 896
1420339180 1420339203 23
1420339211 1420339511 300
1420339519 1420339663 144
1420339667 1420339954 287
1420339955 1420340086 131
1420340088 1420340819 731
1420340824 1420340950 126
1420340951 1420340958 7
1420347509 1420347904 395
1420350797 1420353028 2231
1420353033 1420353072 39
1420353080 1420354130 1050
1420354131 1420357098 2967
1420357099 1420358047 948
1420358048 1420360810 2762
1420360811 1420363853 3042
1420363912 1420372980 9068
1420372985 1420373964 979
1420373966 1420374349 383
1420374350 1420374364 14
1420374368 1420391604 17236
1420391606 1420395190 3584
1420395258 1420395600 342
1420395608 1420396954 1346
1420396955 1420398497 1542
1420398499 1420399936 1437
1420399938 1420411558 11620
1420411560 1420413031 1471
1420413033 1420413860 827
1420416834 1420431332 14498
1420431336 1420434371 3035
1420434372 1420434373 1
1420434374 1420435120 746
1420435144 1420435200 56
1420435212 1420435456 244
1420435464 1420436048 584
1420436052 1420436192 140
1420436197 1420436213 16
1420436215 1420436220 5
1420436225 1420436344 119
1420436349 1420436400 51
1420436404 1420436424 20
1420436428 1420436748 320
1420436752 1420436788 36
1420436789 1420442836 6047
1420443073 1420446236 3163
1420446241 1420446977 736
1420446978 1420448072 1094
1420448076 1420448132 56
1420448140 1420448176 36
1420448177 1420448309 132
1420448310 1420448429 119
1420448430 1420448728 298
1420448733 1420448990 257
1420448991 1420451108 2117
1420451110 1420451250 140
1420451252 1420452808 1556
1420452816 1420456892 4076
1420456893 1420463908 7015
1420463913 1420465736 1823
1420465744 1420466093 349
1420466128 1420467867 1739
1420467868 1420469444 1576
1420469449 1420470480 1031
1420470484 1420473884 3400
1420473888 1420478914 5026
1420478946 1420485047 6101
1420485049 1420486236 1187
1420486240 1420486468 228
1420486470 1420486835 365
1420486836 1420487299 463
1420487301 1420487952 651
1420487956 1420488472 516
1420488476 1420488948 472
1420488956 1420489356 400
1420489364 1420489497 133
1420489499 1420489706 207
1420489707 1420489805 98
1420489807 1420489840 33
1420489845 1420489895 50
1420489896 1420489964 68
1420489968 1420490423 455
1420490425 1420490596 171
1420490600 1420490964 364
1420490972 1420491117 145
1420491119 1420491500 381
1420491508 1420491668 160
1420491672 1420491708 36
1420491716 1420491728 12
1420491736 1420491740 4
1420491748 1420491877 129
1420491878 1420492812 934
1420492820 1420492858 38
1420492860 1420492872 12
1420492876 1420493039 163
1420493041 1420493275 234
1420493277 1420493480 203
1420493488 1420493553 65
1420493554 1420493752 198
1420496647 1420496730 83
1420496734 1420496746 12
1420496750 1420496794 44
1420496798 1420496878 80
1420496886 1420496930 44
1420496931 1420497210 279
1420497211 1420497227 16
1420497229 1420497232 3
1420497238 1420497406 168
1420497418 1420497442 24
1420501322 1420501781 459
1420501789 1420502169 380
1420502177 1420502282 105
1420502284 1420502419 135
1420502420 1420502457 37
1420502467 1420502481 14
1420502495 1420502500 5
1420502502 1420502717 215
1420502726 1420502759 33
1420502760 1420502781 21
1420502801 1420502877 76
1420502889 1420502893 4
1420502897 1420503701 804
1420503703 1420503909 206
1420503914 1420503941 27
1420503945 1420503950 5
1420503952 1420503953 1
1420503955 1420504025 70
1420504029 1420504133 104
1420504137 1420504153 16
1420504154 1420504161 7
1420504165 1420504321 156
1420504329 1420504332 3
1420504334 1420504345 11
1420504349 1420504379 30
1420504380 1420504415 35
1420504416 1420504453 37
1420504457 1420504465 8
1420504466 1420504601 135
1420504606 1420504628 22
1420504633 1420504669 36
1420504673 1420504675 2
1420504676 1420504705 29
1420504709 1420504723 14
1420504724 1420504731 7
1420504733 1420504797 64
1420504805 1420505057 252
1420507958 1420508348 390
1420508349 1420508399 50
1420508400 1420508505 105
1420508509 1420508539 30
1420508541 1420508673 132
1420508681 1420508818 137
1420508819 1420509057 238
1420509062 1420509081 19
1420509082 1420509273 191
1420509277 1420509471 194
1420512348 1420513024 676
1420513026 1420513409 383
1420513411 1420513499 88
1420513503 1420513563 60
1420513567 1420513891 324
1420513895 1420513910 15
1420513912 1420513915 3
1420513919 1420513927 8
1420513931 1420514099 168
1420514103 1420514115 12
1420514119 1420514123 4
1420514124 1420514134 10
1420514136 1420514139 3
1420514141 1420514213 72
1420514215 1420514446 231
1420517812 1420519493 1681
1420519545 1420520487 942
1420520495 1420520982 487
1420520983 1420522735 1752
1420522743 1420524159 1416
1420524161 1420524179 18
1420524180 1420525405 1225
1420525406 1420530560 5154
1420530562 1420531181 619
1420531183 1420532262 1079
1420532500 1420533291 791
1420533295 1420534335 1040
1420534337 1420536599 2262
1420536603 1420538627 2024
1420538629 1420539799 1170
1420539803 1420545339 5536
1420545343 1420545491 148
1420545495 1420545695 200
1420545697 1420546027 330
1420546031 1420546389 358
1420546391 1420546711 320
1420546717 1420548295 1578
1420548296 1420549255 959
1420549256 1420550483 1227
1420550487 1420553343 2856
1420553367 1420553379 12
1420553387 1420553393 6
1420553411 1420553651 240
1420553667 1420553731 64
1420553735 1420553879 144
1420553887 1420553969 82
1420553971 1420554051 80
1420554059 1420554063 4
1420554079 1420554099 20
1420554111 1420554131 20
1420554136 1420554155 19
1420554159 1420554229 70
1420554230 1420554290 60
1420554291 1420554327 36
1420554331 1420554343 12
1420554347 1420554351 4
1420554356 1420554455 99
1420554459 1420554506 47
1420554507 1420554531 24
1420554535 1420554559 24
1420554567 1420554590 23
1420554592 1420554615 23
1420554623 1420554671 48
1420554675 1420554677 2
1420559666 1420566741 7075
1420566746 1420568492 1746
1420568493 1420568744 251
1420568745 1420568772 27
1420568774 1420568813 39
1420568821 1420568865 44
1420568867 1420569266 399
1420569268 1420569297 29
1420569299 1420569317 18
1420569321 1420569412 91
1420569413 1420569417 4
1420569421 1420569497 76
1420569501 1420569507 6
1420569508 1420569709 201
1420569714 1420569974 260
1420569975 1420570174 199
1420570175 1420570483 308
1420570484 1420570790 306
1420570791 1420570853 62
1420570861 1420570872 11
1420570877 1420570953 76
1420570958 1420571141 183
1420571145 1420571146 1
1420571147 1420571513 366
1420571515 1420571754 239
1420571756 1420572194 438
1420572195 1420572197 2
1420572199 1420572249 50
1420572253 1420572304 51
1420575115 1420577399 2284
1420577401 1420580283 2882
1420583497 1420586407 2910
1420586411 1420589999 3588
1420590007 1420590268 261
1420590270 1420603147 12877
1420603151 1420610307 7156
1420610315 1420612367 2052
1420612369 1420612436 67
1420612437 1420613540 1103
1420613541 1420615611 2070
1420615615 1420659040 43425
1420661069 1420661907 838
1420661911 1420662821 910
1420665698 1420666504 806
1420666508 1420666722 214
1420666723 1420666928 205
1420666933 1420669364 2431
1420669376 1420669380 4
1420669384 1420673196 3812
1420673200 1420673376 176
1420673380 1420673416 36
1420673424 1420673652 228
1420673656 1420673868 212
1420673876 1420673980 104
1420673984 1420675612 1628
1420675617 1420675948 331
1420675952 1420675976 24
1420675988 1420677711 1723
1420677714 1420677724 10
1420677729 1420677876 147
1420677878 1420678017 139
1420678019 1420678042 23
1420678044 1420678368 324
1420678372 1420678652 280
1420678657 1420679612 955
1420679620 1420679816 196
1420679820 1420679831 11
1420679836 1420679852 16
1420679853 1420680084 231
1420680092 1420682013 1921
1420682015 1420682467 452
1420682468 1420684176 1708
1420684181 1420684572 391
1420684576 1420684668 92
1420684669 1420685156 487
1420685160 1420685164 4
1420685169 1420685304 135
1420685305 1420686081 776
1420686083 1420686272 189
1420686274 1420686612 338
1420686614 1420686861 247
1420686863 1420687096 233
1420687100 1420688702 1602
1420688704 1420688912 208
1420688916 1420689121 205
1420689122 1420689132 10
1420689136 1420689868 732
1420689876 1420689892 16
1420689896 1420689988 92
1420689989 1420690112 123
1420690113 1420690312 199
1420690313 1420690324 11
1420695693 1420695901 208
1420695903 1420695916 13
1420695920 1420696084 164
1420696088 1420696094 6
1420696096 1420696296 200
1420696304 1420696324 20
1420696328 1420696512 184
1420696513 1420697938 1425
1420697943 1420697948 5
1420697960 1420698332 372
1420698336 1420698535 199
1420698540 1420698744 204
1420698748 1420698760 12
1420698776 1420698784 8
1420698788 1420698808 20
1420698816 1420700880 2064
1420700883 1420702875 1992
1420702877 1420703079 202
1420703081 1420703088 7
1420703092 1420703096 4
1420703100 1420704999 1899
1420705001 1420705240 239
1420705244 1420705312 68
1420705316 1420705536 220
1420705540 1420705568 28
1420705576 1420705584 8
1420705588 1420705591 3
1420705593 1420705600 7
1420705602 1420705664 62
1420705672 1420705768 96
1420705772 1420706160 388
1420728016 1420728690 674
1420728694 1420730805 2111
1420730808 1420730809 1
1420730811 1420731017 206
1420731018 1420732787 1769
1420732789 1420733278 489
1420733280 1420735461 2181
1420735462 1420735694 232
1420735698 1420739998 4300
1420740002 1420745506 5504
1420745514 1420746918 1404
1420746919 1420747002 83
1420747010 1420747288 278
1420747289 1420747310 21
1420747315 1420747358 43
1420757168 1420757308 140
1420757310 1420757314 4
1420757315 1420757392 77
1420757398 1420757424 26
1420757432 1420757440 8
1420757452 1420757460 8
1420757464 1420757476 12
1420757484 1420757568 84
1420757577 1420757616 39
1420757620 1420757700 80
1420757704 1420757705 1
1420757707 1420757708 1
1420757712 1420757718 6
1420757719 1420757724 5
1420757728 1420757732 4
1420762418 1420762454 36
1420762458 1420762474 16
1420762476 1420762582 106
1420770880 1420775002 4122
1420775010 1420775123 113
1420775124 1420777296 2172
1420777298 1420781642 4344
1420781650 1420781682 32
1420781690 1420781722 32
1420781726 1420781926 200
1420781946 1420781952 6
1420781954 1420781966 12
1420781974 1420782150 176
1420782162 1420782376 214
1420782378 1420782430 52
1420782435 1420784070 1635
1420784075 1420784114 39
1420784118 1420784122 4
1420784126 1420784289 163
1420784290 1420784292 2
1420784294 1420784578 284
1420784586 1420784606 20
1420784630 1420784826 196
1420784830 1420785116 286
1420785117 1420785346 229
1420785347 1420785674 327
1420785682 1420785722 40
1420785726 1420785746 20
1420785750 1420785806 56
1420785814 1420785898 84
1420785914 1420785938 24
1420785974 1420786028 54
1420786030 1420786238 208
1420786243 1420786434 191
1420786439 1420786483 44
1420786485 1420786570 85
1420786578 1420786626 48
1420786647 1420786786 139
1420786802 1420786822 20
1420786826 1420786842 16
1420786850 1420786889 39
1420786890 1420786924 34
1420786926 1420787004 78
1420787005 1420787022 17
1420787030 1420787050 20
1420787058 1420787210 152
1420787214 1420787350 136
1420787354 1420787362 8
1420787370 1420787373 3
1420787378 1420787398 20
1420787402 1420787414 12
1420787426 1420787634 208
1420787638 1420787698 60
1420787706 1420788066 360
1420788070 1420788181 111
1420788183 1420788186 3
1420788188 1420788237 49
1420788239 1420788242 3
1420788250 1420788264 14
1420788265 1420788318 53
1420788319 1420788596 277
1420830166 1420830351 185
1420830359 1420830407 48
1420830411 1420830413 2
1420830414 1420830499 85
1420830503 1420830567 64
1420830572 1420830615 43
1420830623 1420830627 4
1420830631 1420831897 1266
1420831899 1420832075 176
1420832079 1420832131 52
1420832133 1420832136 3
1420832138 1420832143 5
1420832159 1420832197 38
1420835189 1420836434 1245
1420836436 1420838064 1628
1420838068 1420838072 4
1420838089 1420839179 1090
1420839180 1420839220 40
1420839222 1420839488 266
1420839492 1420839494 2
1420839503 1420839521 18
1420839523 1420839688 165
1420839692 1420839697 5
1420839698 1420839821 123
1420843420 1420843954 534
1420843962 1420844293 331
1420844294 1420844341 47
1420844342 1420844688 346
1420848323 1420848696 373
1420848701 1420848735 34
1420848737 1420848920 183
1420848924 1420848949 25
1420848951 1420852153 3202
1420852155 1420854060 1905
1420854065 1420854816 751
1420854824 1420855292 468
1420855296 1420855440 144
1420855444 1420859120 3676
1420859128 1420859395 267
1420859396 1420860092 696
1420860094 1420860328 234
1420860332 1420860335 3
1420860341 1420860544 203
1420860552 1420860558 6
1420860560 1420860576 16
1420860580 1420860583 3
1420860585 1420860924 339
1420860926 1420860956 30
1420860958 1420861066 108
1420861068 1420861952 884
1420861960 1420862260 300
1420862264 1420862331 67
1420862333 1420862471 138
1420862473 1420862497 24
1420862499 1420864200 1701
1420864205 1420865363 1158
1420865364 1420865542 178
1420865544 1420867072 1528
1420867077 1420867660 583
1420867664 1420868757 1093
1420868759 1420873236 4477
1420923895 1420927092 3197
1420927096 1420927114 18
1420927115 1420928827 1712
1420928829 1420928956 127
1420928957 1420930106 1149
1420930107 1420930350 243
1420930351 1420934256 3905
1420934260 1420935835 1575
1420935837 1420937096 1259
1420937101 1420937102 1
1420937103 1420940100 2997
1420940104 1420948188 8084
1420948192 1420949730 1538
1420949831 1420949943 112
1420949963 1420951467 1504
1420951475 1420951480 5
1420951484 1420952845 1361
1420952847 1420953173 326
1420953175 1420953375 200
1420953379 1420954377 998
1420954380 1420954515 135
1420954524 1420955867 1343
1420955871 1420956051 180
1420956055 1420956082 27
1420956084 1420956223 139
1420956231 1420959084 2853
1420959086 1420959591 505
1420959596 1420962107 2511
1420962111 1420965069 2958
1420965187 1420967481 2294
1420967483 1420968245 762
1420968314 1420969775 1461
1420969783 1420969792 9
1420969793 1420969799 6
1420969819 1420969823 4
1420969839 1420969847 8
1420969851 1420969936 85
1420969938 1420971059 1121
1420971068 1420971071 3
1420971083 1420971327 244
1420971331 1420973346 2015
1420973348 1420973846 498
1420973848 1420974262 414
1420974264 1420976230 1966
1420976438 1420976543 105
1420976548 1420976618 70
1420976619 1420977855 1236
1420977857 1420980057 2200
1420980059 1420981913 1854
1420981952 1420983731 1779
1420983733 1420984843 1110
1420984847 1420985243 396
1420985247 1420986768 1521
1420986769 1420986799 30
1420986803 1420986894 91
1420986896 1420986929 33
1420986931 1420987423 492
1420987782 1420988318 536
1420988319 1420988331 12
1420988335 1420988523 188
1420988528 1420990548 2020
1421004069 1421011425 7356
1421011435 1421012704 1269
1421012706 1421012710 4
1421012712 1421012713 1
1421012714 1421013018 304
1421013019 1421014175 1156
1421014177 1421014193 16
1421014197 1421014529 332
1421014530 1421014657 127
1421014661 1421014665 4
1421014673 1421014696 23
1421014697 1421014702 5
1421014703 1421015161 458
1421015166 1421018265 3099
1421018267 1421019966 1699
1421019967 1421021870 1903
1421021871 1421021889 18
1421021894 1421026941 5047
1421026945 1421027533 588
1421027537 1421027735 198
1421027737 1421027869 132
1421027871 1421029726 1855
1421029728 1421030035 307
1421030037 1421030509 472
1421030514 1421030774 260
1421030776 1421030816 40
1421030818 1421031359 541
1421031360 1421031361 1
1421031369 1421031409 40
1421031410 1421031411 1
1421031413 1421031417 4
1421031419 1421031585 166
1421031593 1421031633 40
1421031637 1421031669 32
1421031671 1421031733 62
1421031741 1421031792 51
1421031795 1421031813 18
1421031815 1421031971 156
1421031972 1421032020 48
1421032021 1421032101 80
1421032105 1421032209 104
1421032213 1421032228 15
1421032229 1421032233 4
1421032241 1421032249 8
1421032254 1421032273 19
1421032277 1421032288 11
1421032289 1421032321 32
1421052824 1421052910 86
1421052912 1421052914 2
1421052916 1421053351 435
1421053355 1421053395 40
1421053400 1421053999 599
1421054003 1421054007 4
1421054055 1421054063 8
1421054067 1421054083 16
1421054099 1421054116 17
1421089847 1421091304 1457
1421094319 1421098378 4059
1421098386 1421098406 20
1421098410 1421098928 518
1421098929 1421099664 735
1421102707 1421104313 1606
1421104317 1421104333 16
1421104337 1421115041 10704
1421115043 1421115044 1
1421115046 1421115057 11
1421115061 1421116937 1876
1421116941 1421118805 1864
1421118821 1421122362 3541
1421122364 1421122529 165
1421122537 1421122710 173
1421122712 1421124245 1533
1421124249 1421124467 218
1421124469 1421124474 5
1421124475 1421124639 164
1421124640 1421127794 3154
1421127795 1421128705 910
1421128706 1421129234 528
1421129236 1421129472 236
1421129473 1421129693 220
1421129698 1421130357 659
1421130359 1421130677 318
1421130685 1421130695 10
1421130696 1421130859 163
1421130861 1421130958 97
1421130960 1421130985 25
1421130987 1421131096 109
1421131098 1421132391 1293
1421132394 1421132548 154
1421132550 1421132749 199
1421132753 1421134244 1491
1421134246 1421134262 16
1421134263 1421136088 1825
1421136090 1421136685 595
1421136689 1421136709 20
1421136718 1421140580 3862
1421140581 1421140589 8
1421140591 1421140596 5
1421140598 1421140977 379
1421140985 1421141006 21
1421141008 1421141400 392
1421141402 1421141573 171
1421141578 1421141597 19
1421141605 1421141869 264
1421141874 1421141956 82
1421141958 1421141981 23
1421141985 1421142029 44
1421142035 1421142216 181
1421142217 1421142437 220
1421142441 1421142465 24
1421142473 1421142613 140
1421142622 1421142629 7
1421142633 1421142723 90
1421152615 1421152737 122
1421152741 1421152825 84
1421158781 1421159703 922
1421159712 1421160208 496
1421160212 1421160336 124
1421160338 1421160440 102
1421160444 1421160460 16
1421160468 1421160536 68
1421163560 1421164305 745
1421164307 1421164310 3
1421164319 1421164686 367
1421164690 1421164925 235
1421164926 1421170459 5533
1421170533 1421171896 1363
1421171898 1421171919 21
1421171921 1421179885 7964
1421179887 1421182130 2243
1421182138 1421182389 251
1421182391 1421182414 23
1421182419 1421183414 995
1421183418 1421183487 69
1421183489 1421184582 1093
1421184587 1421184678 91
1421184686 1421185150 464
1421185158 1421185438 280
1421185442 1421185455 13
1421185457 1421185530 73
1421185538 1421185558 20
1421185570 1421185688 118
1421185690 1421185834 144
1421185838 1421185902 64
1421185906 1421186083 177
1421186084 1421186246 162
1421186250 1421186434 184
1421186438 1421186442 4
1421186450 1421186526 76
1421186528 1421186642 114
1421186646 1421186678 32
1421186683 1421186738 55
1421186742 1421186790 48
1421186794 1421186802 8
1421186806 1421187296 490
1421190430 1421192637 2207
1421192641 1421196477 3836
1421196485 1421201433 4948
1421201437 1421201880 443
1421201882 1421202065 183
1421202073 1421207505 5432
1421207506 1421207755 249
1421207756 1421210840 3084
1421210842 1421212740 1898
1421212742 1421213417 675
1421213421 1421213638 217
1421213640 1421216177 2537
1421216181 1421217716 1535
1421217718 1421218534 816
1421218535 1421218549 14
1421218553 1421219797 1244
1421219798 1421220004 206
1421220006 1421222143 2137
1421222145 1421227648 5503
1421257826 1421258167 341
1421258171 1421260676 2505
1421263764 1421268579 4815
1421268583 1421269461 878
1421271555 1421271918 363
1421271923 1421275570 3647
1421278405 1421279255 850
1421279259 1421288079 8820
1421288081 1421294023 5942
1421294024 1421302372 8348
1421302374 1421302613 239
1421302615 1421304303 1688
1421304305 1421306427 2122
1421306447 1421306702 255
1421306704 1421316011 9307
1421316020 1421317928 1908
1421317930 1421319791 1861
1421319799 1421325507 5708
1421325512 1421326283 771
1421326291 1421326545 254
1421326546 1421326555 9
1421326556 1421327203 647
1421327207 1421327208 1
1421327209 1421327211 2
1421327215 1421328171 956
1421328175 1421329063 888
1421329067 1421332287 3220
1421332291 1421333855 1564
1421333859 1421333863 4
1421333867 1421333895 28
1421333899 1421336147 2248
1421336151 1421338298 2147
1421338299 1421339227 928
1421339231 1421347587 8356
1421347599 1421347639 40
1421347643 1421351311 3668
1421351315 1421351319 4
1421351323 1421359191 7868
1421359199 1421362695 3496
1421362703 1421362871 168
1421362883 1421364703 1820
1421364707 1421367283 2576
1421367287 1421367291 4
1421367295 1421367303 8
1421367323 1421371087 3764
1421371091 1421373207 2116
1421373211 1421380199 6988
1421380207 1421385772 5565
1421385773 1421389143 3370
1421389147 1421391415 2268
1421391419 1421399567 8148
1421399575 1421403455 3880
1421403459 1421403467 8
1421403471 1421403472 1
1421403474 1421411107 7633
1421411115 1421412079 964
1421412087 1421412091 4
1421412095 1421413922 1827
1421413923 1421415726 1803
1421415727 1421416967 1240
1421416972 1421419873 2901
1421419875 1421420315 440
1421420319 1421424403 4084
1421424407 1421426131 1724
1421426139 1421427095 956
1421427107 1421427143 36
1421427147 1421427151 4
1421427155 1421428397 1242
1421428398 1421428551 153
1421428555 1421428639 84
1421428643 1421428759 116
1421428763 1421428765 2
1421428767 1421428787 20
1421428791 1421429035 244
1421429037 1421429823 786
1421429827 1421430095 268
1421430097 1421430103 6
1421430107 1421432821 2714
1421432823 1421433115 292
1421433119 1421433991 872
1421433996 1421436143 2147
1421436147 1421436243 96
1421436251 1421437215 964
1421437231 1421437865 634
1421437867 1421439923 2056
1421439931 1421443368 3437
1421443369 1421445819 2450
1421445823 1421446495 672
1421446507 1421446535 28
1421446551 1421447271 720
1421447273 1421447763 490
1421447764 1421448607 843
1421448611 1421448915 304
1421448919 1421452147 3228
1421452151 1421458407 6256
1421458415 1421458895 480
1421458899 1421462395 3496
1421462399 1421465435 3036
1421465439 1421465447 8
1421465451 1421466101 650
1421466102 1421466587 485
1421466591 1421466910 319
1421466911 1421467159 248
1421467168 1421467235 67
1421467239 1421467367 128
1421467371 1421469771 2400
1421469775 1421469935 160
1421469943 1421471627 1684
1421471631 1421472091 460
1421472095 1421472827 732
1421472831 1421473115 284
1421473123 1421474511 1388
1421474515 1421478029 3514
1421525198 1421530708 5510
1421534260 1421540668 6408
1421540669 1421541007 338
1421541011 1421568962 27951
1421572345 1421579699 7354
1421579701 1421580140 439
1421580141 1421580303 162
1421580305 1421585177 4872
1421585179 1421586904 1725
1421586905 1421587950 1045
1421587952 1421590623 2671
1421590625 1421591812 1187
1421591814 1421593614 1800
1421593616 1421598621 5005
1421615244 1421635469 20225
1421635470 1421637942 2472
1421637947 1421646219 8272
1421646221 1421651577 5356
1421651579 1421653835 2256
1421653837 1421656522 2685
1421656538 1421656540 2
1421656937 1421664967 8030
1421664969 1421665012 43
1421665080 1421669038 3958
1421669042 1421669515 473
1421669516 1421669671 155
1421669673 1421670679 1006
1421670681 1421670786 105
1421670789 1421670806 17
1421670814 1421673010 2196
1421673014 1421685120 12106
1421705196 1421707744 2548
1421707745 1421709336 1591
1421709337 1421714371 5034
1421714375 1421716347 1972
1421716352 1421717847 1495
1421717851 1421719019 1168
1421719021 1421719787 766
1421719791 1421719957 166
1421719959 1421720088 129
1421722830 1421730068 7238
1421730070 1421731870 1800
1421731874 1421737022 5148
1421737030 1421737050 20
1421737054 1421737062 8
1421737066 1421738630 1564
1421738631 1421742154 3523
1421742158 1421742640 482
1421745710 1421746991 1281
1421746993 1421747858 865
1421747862 1421747906 44
1421747914 1421753587 5673
1421753588 1421754954 1366
1421754956 1421755290 334
1421755294 1421755470 176
1421755474 1421760273 4799
1421760275 1421760412 137
1421760413 1421763249 2836
1421763250 1421763646 396
1421767204 1421767849 645
1421770899 1421771250 351
1421771254 1421776378 5124
1421776382 1421786034 9652
1421786038 1421791022 4984
1421791026 1421795350 4324
1421795362 1421796351 989
1421796352 1421799074 2722
1421799076 1421801734 2658
1421801738 1421801745 7
1421801747 1421803910 2163
1421803914 1421804366 452
1421804370 1421806077 1707
1421806078 1421810484 4406
1421818865 1421820474 1609
1421820476 1421820772 296
1421820792 1421821388 596
1421821390 1421821550 160
1421824521 1421826128 1607
1421826133 1421829124 2991
1421829133 1421831320 2187
1421831328 1421831332 4
1421831336 1421832196 860
1421832208 1421833728 1520
1421833732 1421833746 14
1421833748 1421835436 1688
1421835444 1421835449 5
1421835451 1421836020 569
1421836024 1421840948 4924
1421840953 1421841724 771
1421841732 1421841792 60
1421841798 1421842316 518
1421842318 1421843168 850
1421843172 1421843196 24
1421843208 1421843243 35
1421843248 1421846979 3731
1421846980 1421847268 288
1421847269 1421849848 2579
1421849872 1421850366 494
1421850368 1421851060 692
1421851068 1421851070 2
1421851071 1421851106 35
1421851108 1421853363 2255
1421853365 1421858300 4935
1421858317 1421858320 3
1421858332 1421860524 2192
1421860529 1421860538 9
1421860540 1421860680 140
1421860684 1421860696 12
1421860708 1421861621 913
1421861622 1421861836 214
1421861840 1421863260 1420
1421863264 1421864144 880
1421864152 1421864156 4
1421867121 1421867532 411
1421867536 1421867951 415
1421867953 1421867957 4
1421867958 1421868244 286
1421868248 1421868257 9
1421868259 1421868520 261
1421868540 1421869100 560
1421869104 1421869504 400
1421869509 1421869720 211
1421869724 1421869730 6
1421869732 1421869772 40
1421869788 1421872195 2407
1421885683 1421889205 3522
1421889207 1421889238 31
1421889243 1421889591 348
1421889592 1421890834 1242
1421890842 1421892462 1620
1421892466 1421892546 80
1421892551 1421892554 3
1421892562 1421892590 28
1421892598 1421892822 224
1421892834 1421894954 2120
1421894956 1421895678 722
1421895680 1421895770 90
1421895774 1421895778 4
1421895779 1421896024 245
1421896025 1421896974 949
1421896982 1421896984 2
1421896986 1421897588 602
1421897590 1421898204 614
1421898205 1421898290 85
1421898295 1421898316 21
1421898317 1421900342 2025
1421900346 1421901334 988
1421901342 1421901343 1
1421901345 1421901798 453
1421901804 1421902202 398
1421902206 1421902772 566
1421902775 1421903270 495
1421903274 1421904516 1242
1421904518 1421904556 38
1421904557 1421904658 101
1421904660 1421904662 2
1421904666 1421904722 56
1421904730 1421904750 20
1421904754 1421904756 2
1421904759 1421904810 51
1421904819 1421905194 375
1421905196 1421905607 411
1421905609 1421905976 367
1421905977 1421906134 157
1421906142 1421906221 79
1421906222 1421906244 22
1421906246 1421906372 126
1421906374 1421906840 466
1421906841 1421906857 16
1421906859 1421906910 51
1421906914 1421907314 400
1421907318 1421907539 221
1421907541 1421907872 331
1421907874 1421908014 140
1421908018 1421908049 31
1421908051 1421908289 238
1421908290 1421909742 1452
1421909745 1421910578 833
1421910579 1421910835 256
1421914993 1421915040 47
1421915048 1421915172 124
1421915176 1421915225 49
1421915227 1421915232 5
1421915236 1421915244 8
1421915256 1421915258 2
1421963042 1421963703 661
1421963707 1421963797 90
1421963799 1421964395 596
1421964399 1421965799 1400
1421965801 1421966454 653
1421966456 1421968615 2159
1421968620 1421968683 63
1421968687 1421968739 52
1421968743 1421968843 100
1421968851 1421969111 260
1421969115 1421969931 816
1421969939 1421971951 2012
1421971956 1421973171 1215
1421973175 1421975518 2343
1421975519 1421976467 948
1421976471 1421976920 449
1421976921 1421977567 646
1421977571 1421978263 692
1421978267 1421978527 260
1421978535 1421978621 86
1421978623 1421979247 624
1421979255 1421979447 192
1421979452 1421979490 38
1421979491 1421979748 257
1421979749 1421980275 526
1421980279 1421981875 1596
1421981879 1421982159 280
1421982163 1421982179 16
1421982183 1421982235 52
1421982239 1421983135 896
1421983139 1421983143 4
1421983148 1421984619 1471
1421987514 1421987626 112
1421987631 1421987632 1
1421987634 1421988022 388
1421988028 1421988030 2
1421988038 1421988938 900
1421988942 1421989242 300
1421989250 1421989539 289
1421989541 1421989926 385
1421989930 1421989949 19
1421989950 1421990035 85
1421990037 1421990253 216
1421990255 1421990510 255
1421990514 1421990752 238
1421990753 1421991061 308
1421991063 1421991445 382
1421991447 1421991462 15
1421991470 1421991475 5
1421991476 1421992234 758
1421992235 1421992414 179
1421992418 1421992570 152
1421992578 1421993166 588
1421993178 1421993201 23
1421993203 1421993234 31
1421993250 1421993410 160
1421993419 1421993422 3
1421993426 1421993438 12
1421993442 1421993586 144
1421993591 1421994326 735
1421994334 1421994354 20
1421994358 1421994386 28
1421994459 1421994542 83
1421994558 1421994719 161
1421994721 1421994738 17
1421994742 1421994746 4
1421994748 1421994794 46
1421994798 1421994861 63
1421997759 1421997845 86
1421997857 1421997933 76
1421997942 1421998349 407
1421998350 1421998385 35
1421998389 1421998733 344
1421998737 1421998741 4
1421998746 1421998866 120
1421998868 1421999201 333
1421999209 1421999613 404
1421999622 1421999941 319
1421999942 1421999945 3
1421999949 1422000189 240
1422000198 1422000241 43
1422000246 1422000794 548
1422000796 1422001109 313
1422001117 1422001196 79
1422004283 1422004287 4
1422004289 1422004493 204
1422004497 1422004799 302
1422004801 1422005041 240
1422005045 1422005077 32
1422005083 1422005265 182
1422005269 1422005349 80
1422005354 1422005357 3
1422005361 1422005525 164
1422005533 1422005621 88
1422005625 1422006486 861
1422006487 1422006661 174
1422006665 1422006904 239
1422006905 1422007429 524
1422007433 1422007513 80
1422007517 1422007629 112
1422007631 1422007653 22
1422007661 1422007673 12
1422007677 1422007689 12
1422007697 1422007889 192
1422007890 1422007918 28
1422007919 1422008061 142
1422008067 1422008077 10
1422008081 1422008163 82
1422008165 1422008557 392
1422008561 1422008799 238
1422008800 1422008961 161
1422008965 1422009234 269
1422009235 1422009281 46
1422009289 1422009294 5
1422009296 1422009313 17
1422009321 1422009325 4
1422009329 1422009409 80
1422009413 1422009425 12
1422009433 1422009606 173
1422009608 1422010737 1129
1422010745 1422011133 388
1422011137 1422011373 236
1422011381 1422011845 464
1422011849 1422011868 19
1422011870 1422011916 46
1422011917 1422011925 8
1422011933 1422011945 12
1422011965 1422012995 1030
1422012997 1422013193 196
1422013217 1422013355 138
1422013356 1422013357 1
1422013358 1422013361 3
1422046216 1422046247 31
1422046249 1422046276 27
1422046277 1422046279 2
1422046281 1422046300 19
1422046312 1422046332 20
1422046336 1422046368 32
1422046380 1422046448 68
1422046452 1422046478 26
1422046480 1422046496 16
1422046500 1422046540 40
1422046548 1422046555 7
1422046557 1422046560 3
1422046568 1422046572 4
1422046580 1422046604 24
1422046608 1422046657 49
1422046658 1422046700 42
1422046704 1422046740 36
1422056301 1422056314 13
1422056315 1422056404 89
1422056406 1422056443 37
1422056445 1422056447 2
1422056451 1422056459 8
1422056467 1422056485 18
1422056486 1422056515 29
1422056523 1422056530 7
1422056532 1422056555 23
1422056559 1422056571 12
1422056579 1422056583 4
1422056587 1422056707 120
1422056711 1422056754 43
1422056755 1422056759 4
1422056763 1422056787 24
1422056791 1422056816 25
1422056817 1422056900 83
1422056903 1422056909 6
1422062875 1422062920 45
1422062924 1422062935 11
1422062937 1422062940 3
1422062948 1422062952 4
1422062968 1422062988 20
1422063028 1422063036 8
1422063040 1422063048 8
1422063060 1422063072 12
1422063076 1422063124 48
1422063128 1422063168 40
1422063172 1422063175 3
1422063177 1422063236 59
1422063238 1422063240 2
1422063248 1422063272 24
1422063273 1422063362 89
1422063364 1422063392 28
1422063400 1422063410 10
1422063412 1422063416 4
1422063428 1422063508 80
1422063513 1422063548 35
1422063550 1422063552 2
1422063556 1422063576 20
1422063581 1422063592 11
1422063596 1422063604 8
1422063622 1422063632 10
1422063637 1422063649 12
1422063650 1422063652 2
1422063657 1422063668 11
1422063672 1422063751 79
1422066333 1422066336 3
1422066338 1422066389 51
1422066393 1422066433 40
1422066439 1422066449 10
1422066453 1422066493 40
1422066497 1422066517 20
1422066522 1422066552 30
1422066558 1422066565 7
1422066574 1422066581 7
1422066584 1422066585 1
1422066589 1422066597 8
1422066601 1422066603 2
1422066606 1422066625 19
1422066629 1422066633 4
1422066635 1422066641 6
1422066649 1422066653 4
1422066657 1422066709 52
1422066716 1422066717 1
1422066722 1422066726 4
1422066727 1422066766 39
1422066768 1422066793 25
1422066795 1422066858 63
1422066859 1422066873 14
1422066877 1422066965 88
1422066981 1422067018 37
1422067019 1422067025 6
1422067030 1422067110 80
1422067112 1422067117 5
1422067121 1422067150 29
1422067151 1422067153 2
1422067157 1422067173 16
1422067177 1422067189 12
1422067197 1422067217 20
1422067225 1422067265 40
1422067269 1422067336 67
1422067338 1422067369 31
1422067373 1422067377 4
1422067378 1422067429 51
1422067430 1422067549 119
1422067554 1422067581 27
1422067589 1422067641 52
1422067645 1422067744 99
1422067746 1422067765 19
1422067769 1422067811 42
1422067812 1422067953 141
1422067956 1422068154 198
1422068156 1422068216 60
1422071076 1422071140 64
1422071144 1422071192 48
1422071200 1422071277 77
1422071279 1422071312 33
1422071314 1422071412 98
1422071424 1422071448 24
1422080845 1422080873 28
1422080875 1422080980 105
1422080982 1422081019 37
1422081020 1422081151 131
1422081152 1422081350 198
1422081352 1422081394 42
1422081399 1422081486 87
1422081495 1422081670 175
1422081674 1422081675 1
1422081676 1422081678 2
1422081682 1422081772 90
1422081774 1422081777 3
1422081779 1422081818 39
1422081823 1422081958 135